p2_20260723_013118_52070,0x10102,0x1E200,0x30D301,robotol.ext,3,3,THUMB,plat_10102_register,ACCEPTED
p2_20260723_013118_52070,0x10140,0x5,0x30630D,robotol.ext,3,3,THUMB,plat_10140_register,ACCEPTED
p2_20260723_013118_52070,0x10162,0xE200,0x30D249,robotol.ext,3,3,THUMB,plat_10162_alloc,ACCEPTED
p2_20260723_013118_52070,0x10165,0xE200,0x30D2F9,robotol.ext,3,3,THUMB,plat_10165_alloc,ACCEPTED
p2_20260723_013118_52070,0x10102,0x1E200,0x30D301,robotol.ext,3,3,THUMB,plat_10102_register,ACCEPTED
p2_20260723_013118_52070,0x10140,0x5,0x30630D,robotol.ext,3,3,THUMB,plat_10140_register,ACCEPTED
p2_20260723_013118_52070,0x10162,0xE200,0x30D249,robotol.ext,3,3,THUMB,plat_10162_alloc,ACCEPTED
p2_20260723_013118_52070,0x10165,0xE200,0x30D2F9,robotol.ext,3,3,THUMB,plat_10165_alloc,ACCEPTED
unknown,0x10140,0x5,0x30630D,robotol.ext,3,1,THUMB,sendAppEvent,ACCEPTED
unknown,0x10140,0x5,0x306311,mrc_loader.ext,2,1,ARM,sendAppEvent,REJECTED_OWNER
p3_fault_provenance_20260723_015305_27455,0x10102,0x1E200,0x30D301,robotol.ext,3,3,THUMB,plat_10102_register,ACCEPTED
p3_fault_provenance_20260723_015305_27455,0x10140,0x5,0x30630D,robotol.ext,3,3,THUMB,plat_10140_register,ACCEPTED
p3_fault_provenance_20260723_015305_27455,0x10162,0xE200,0x30D249,robotol.ext,3,3,THUMB,plat_10162_alloc,ACCEPTED
p3_fault_provenance_20260723_015305_27455,0x10165,0xE200,0x30D2F9,robotol.ext,3,3,THUMB,plat_10165_alloc,ACCEPTED
p3_fault_provenance_20260723_015305_27455,0x10102,0x1E200,0x30D301,robotol.ext,3,3,THUMB,plat_10102_register,ACCEPTED
p3_fault_provenance_20260723_015305_27455,0x10140,0x5,0x30630D,robotol.ext,3,3,THUMB,plat_10140_register,ACCEPTED
p3_fault_provenance_20260723_015305_27455,0x10162,0xE200,0x30D249,robotol.ext,3,3,THUMB,plat_10162_alloc,ACCEPTED
p3_fault_provenance_20260723_015305_27455,0x10165,0xE200,0x30D2F9,robotol.ext,3,3,THUMB,plat_10165_alloc,ACCEPTED
p3_validate_20260723_015358_26433,0x10102,0x1E200,0x30D301,robotol.ext,3,3,THUMB,plat_10102_register,ACCEPTED
p3_validate_20260723_015358_26433,0x10140,0x5,0x30630D,robotol.ext,3,3,THUMB,plat_10140_register,ACCEPTED
p3_validate_20260723_015358_26433,0x10162,0xE200,0x30D249,robotol.ext,3,3,THUMB,plat_10162_alloc,ACCEPTED
p3_validate_20260723_015358_26433,0x10165,0xE200,0x30D2F9,robotol.ext,3,3,THUMB,plat_10165_alloc,ACCEPTED
p3_validate_20260723_015358_26433,0x10102,0x1E200,0x30D301,robotol.ext,3,3,THUMB,plat_10102_register,ACCEPTED
p3_validate_20260723_015358_26433,0x10140,0x5,0x30630D,robotol.ext,3,3,THUMB,plat_10140_register,ACCEPTED
p3_validate_20260723_015358_26433,0x10162,0xE200,0x30D249,robotol.ext,3,3,THUMB,plat_10162_alloc,ACCEPTED
p3_validate_20260723_015358_26433,0x10165,0xE200,0x30D2F9,robotol.ext,3,3,THUMB,plat_10165_alloc,ACCEPTED
p3_timer_audit_20260723_015459_72176,0x10102,0x1E200,0x30D301,robotol.ext,3,3,THUMB,plat_10102_register,ACCEPTED
p3_timer_audit_20260723_015459_72176,0x10140,0x5,0x30630D,robotol.ext,3,3,THUMB,plat_10140_register,ACCEPTED
p3_timer_audit_20260723_015459_72176,0x10162,0xE200,0x30D249,robotol.ext,3,3,THUMB,plat_10162_alloc,ACCEPTED
p3_timer_audit_20260723_015459_72176,0x10165,0xE200,0x30D2F9,robotol.ext,3,3,THUMB,plat_10165_alloc,ACCEPTED
p3_validate_20260723_015539_39363,0x10102,0x1E200,0x30D301,robotol.ext,3,3,THUMB,plat_10102_register,ACCEPTED
p3_validate_20260723_015539_39363,0x10140,0x5,0x30630D,robotol.ext,3,3,THUMB,plat_10140_register,ACCEPTED
p3_validate_20260723_015539_39363,0x10162,0xE200,0x30D249,robotol.ext,3,3,THUMB,plat_10162_alloc,ACCEPTED
p3_validate_20260723_015539_39363,0x10165,0xE200,0x30D2F9,robotol.ext,3,3,THUMB,plat_10165_alloc,ACCEPTED
p3_validate_20260723_015539_39363,0x10102,0x1E200,0x30D301,robotol.ext,3,3,THUMB,plat_10102_register,ACCEPTED
p3_validate_20260723_015539_39363,0x10140,0x5,0x30630D,robotol.ext,3,3,THUMB,plat_10140_register,ACCEPTED
p3_validate_20260723_015539_39363,0x10162,0xE200,0x30D249,robotol.ext,3,3,THUMB,plat_10162_alloc,ACCEPTED
p3_validate_20260723_015539_39363,0x10165,0xE200,0x30D2F9,robotol.ext,3,3,THUMB,plat_10165_alloc,ACCEPTED
unknown,0x10140,0x5,0x30630D,robotol.ext,3,1,THUMB,sendAppEvent,ACCEPTED
unknown,0x10140,0x5,0x306311,mrc_loader.ext,2,1,ARM,sendAppEvent,REJECTED_OWNER
unknown,0x10140,0x5,0x30630D,robotol.ext,3,1,THUMB,sendAppEvent,ACCEPTED
unknown,0x10140,0x5,0x306311,mrc_loader.ext,2,1,ARM,sendAppEvent,REJECTED_OWNER
p4_progress_map_20260723_022018_93276,0x10102,0x1E200,0x30D301,robotol.ext,3,3,THUMB,plat_10102_register,ACCEPTED
p4_progress_map_20260723_022018_93276,0x10140,0x5,0x30630D,robotol.ext,3,3,THUMB,plat_10140_register,ACCEPTED
p4_progress_map_20260723_022018_93276,0x10162,0xE200,0x30D249,robotol.ext,3,3,THUMB,plat_10162_alloc,ACCEPTED
p4_progress_map_20260723_022018_93276,0x10165,0xE200,0x30D2F9,robotol.ext,3,3,THUMB,plat_10165_alloc,ACCEPTED
p4_progress_map_20260723_022018_93276,0x10102,0x1E200,0x30D301,robotol.ext,3,3,THUMB,plat_10102_register,ACCEPTED
p4_progress_map_20260723_022018_93276,0x10140,0x5,0x30630D,robotol.ext,3,3,THUMB,plat_10140_register,ACCEPTED
p4_progress_map_20260723_022018_93276,0x10162,0xE200,0x30D249,robotol.ext,3,3,THUMB,plat_10162_alloc,ACCEPTED
p4_progress_map_20260723_022018_93276,0x10165,0xE200,0x30D2F9,robotol.ext,3,3,THUMB,plat_10165_alloc,ACCEPTED
p4_progress_map_20260723_022412_1489,0x10102,0x1E200,0x30D301,robotol.ext,3,3,THUMB,plat_10102_register,ACCEPTED
p4_progress_map_20260723_022412_1489,0x10140,0x5,0x30630D,robotol.ext,3,3,THUMB,plat_10140_register,ACCEPTED
p4_progress_map_20260723_022412_1489,0x10162,0xE200,0x30D249,robotol.ext,3,3,THUMB,plat_10162_alloc,ACCEPTED
p4_progress_map_20260723_022412_1489,0x10165,0xE200,0x30D2F9,robotol.ext,3,3,THUMB,plat_10165_alloc,ACCEPTED
p4_progress_map_20260723_022412_1489,0x10102,0x1E200,0x30D301,robotol.ext,3,3,THUMB,plat_10102_register,ACCEPTED
p4_progress_map_20260723_022412_1489,0x10140,0x5,0x30630D,robotol.ext,3,3,THUMB,plat_10140_register,ACCEPTED
p4_progress_map_20260723_022412_1489,0x10162,0xE200,0x30D249,robotol.ext,3,3,THUMB,plat_10162_alloc,ACCEPTED
p4_progress_map_20260723_022412_1489,0x10165,0xE200,0x30D2F9,robotol.ext,3,3,THUMB,plat_10165_alloc,ACCEPTED
unknown,0x10102,0x1E200,0x30D301,robotol.ext,3,3,THUMB,plat_10102_register,ACCEPTED
unknown,0x10165,0xE200,0x30D2F9,robotol.ext,3,3,THUMB,plat_10165_alloc,ACCEPTED
p4_validate_20260723_022813_22133,0x10102,0x1E200,0x30D301,robotol.ext,3,3,THUMB,plat_10102_register,ACCEPTED
p4_validate_20260723_022813_22133,0x10140,0x5,0x30630D,robotol.ext,3,3,THUMB,plat_10140_register,ACCEPTED
p4_validate_20260723_022813_22133,0x10162,0xE200,0x30D249,robotol.ext,3,3,THUMB,plat_10162_alloc,ACCEPTED
p4_validate_20260723_022813_22133,0x10165,0xE200,0x30D2F9,robotol.ext,3,3,THUMB,plat_10165_alloc,ACCEPTED
p4_validate_20260723_022813_22133,0x10102,0x1E200,0x30D301,robotol.ext,3,3,THUMB,plat_10102_register,ACCEPTED
p4_validate_20260723_022813_22133,0x10140,0x5,0x30630D,robotol.ext,3,3,THUMB,plat_10140_register,ACCEPTED
p4_validate_20260723_022813_22133,0x10162,0xE200,0x30D249,robotol.ext,3,3,THUMB,plat_10162_alloc,ACCEPTED
p4_validate_20260723_022813_22133,0x10165,0xE200,0x30D2F9,robotol.ext,3,3,THUMB,plat_10165_alloc,ACCEPTED
p4_validate_20260723_022942_12599,0x10102,0x1E200,0x30D301,robotol.ext,3,3,THUMB,plat_10102_register,ACCEPTED
p4_validate_20260723_022942_12599,0x10140,0x5,0x30630D,robotol.ext,3,3,THUMB,plat_10140_register,ACCEPTED
p4_validate_20260723_022942_12599,0x10162,0xE200,0x30D249,robotol.ext,3,3,THUMB,plat_10162_alloc,ACCEPTED
p4_validate_20260723_022942_12599,0x10165,0xE200,0x30D2F9,robotol.ext,3,3,THUMB,plat_10165_alloc,ACCEPTED
p4_validate_20260723_022942_12599,0x10102,0x1E200,0x30D301,robotol.ext,3,3,THUMB,plat_10102_register,ACCEPTED
p4_validate_20260723_022942_12599,0x10140,0x5,0x30630D,robotol.ext,3,3,THUMB,plat_10140_register,ACCEPTED
p4_validate_20260723_022942_12599,0x10162,0xE200,0x30D249,robotol.ext,3,3,THUMB,plat_10162_alloc,ACCEPTED
p4_validate_20260723_022942_12599,0x10165,0xE200,0x30D2F9,robotol.ext,3,3,THUMB,plat_10165_alloc,ACCEPTED
p4_validate_20260723_023127_72008,0x10102,0x1E200,0x30D301,robotol.ext,3,3,THUMB,plat_10102_register,ACCEPTED
p4_validate_20260723_023127_72008,0x10140,0x5,0x30630D,robotol.ext,3,3,THUMB,plat_10140_register,ACCEPTED
p4_validate_20260723_023127_72008,0x10162,0xE200,0x30D249,robotol.ext,3,3,THUMB,plat_10162_alloc,ACCEPTED
p4_validate_20260723_023127_72008,0x10165,0xE200,0x30D2F9,robotol.ext,3,3,THUMB,plat_10165_alloc,ACCEPTED
p4_validate_20260723_023127_72008,0x10102,0x1E200,0x30D301,robotol.ext,3,3,THUMB,plat_10102_register,ACCEPTED
p4_validate_20260723_023127_72008,0x10140,0x5,0x30630D,robotol.ext,3,3,THUMB,plat_10140_register,ACCEPTED
p4_validate_20260723_023127_72008,0x10162,0xE200,0x30D249,robotol.ext,3,3,THUMB,plat_10162_alloc,ACCEPTED
p4_validate_20260723_023127_72008,0x10165,0xE200,0x30D2F9,robotol.ext,3,3,THUMB,plat_10165_alloc,ACCEPTED
p4_validate_20260723_023320_78643,0x10102,0x1E200,0x30D301,robotol.ext,3,3,THUMB,plat_10102_register,ACCEPTED
p4_validate_20260723_023320_78643,0x10140,0x5,0x30630D,robotol.ext,3,3,THUMB,plat_10140_register,ACCEPTED
p4_validate_20260723_023320_78643,0x10162,0xE200,0x30D249,robotol.ext,3,3,THUMB,plat_10162_alloc,ACCEPTED
p4_validate_20260723_023320_78643,0x10165,0xE200,0x30D2F9,robotol.ext,3,3,THUMB,plat_10165_alloc,ACCEPTED
p4_validate_20260723_023320_78643,0x10102,0x1E200,0x30D301,robotol.ext,3,3,THUMB,plat_10102_register,ACCEPTED
p4_validate_20260723_023320_78643,0x10140,0x5,0x30630D,robotol.ext,3,3,THUMB,plat_10140_register,ACCEPTED
p4_validate_20260723_023320_78643,0x10162,0xE200,0x30D249,robotol.ext,3,3,THUMB,plat_10162_alloc,ACCEPTED
p4_validate_20260723_023320_78643,0x10165,0xE200,0x30D2F9,robotol.ext,3,3,THUMB,plat_10165_alloc,ACCEPTED
p4_validate_20260723_023558_96760,0x10102,0x1E200,0x30D301,robotol.ext,3,3,THUMB,plat_10102_register,ACCEPTED
p4_validate_20260723_023558_96760,0x10140,0x5,0x30630D,robotol.ext,3,3,THUMB,plat_10140_register,ACCEPTED
p4_validate_20260723_023558_96760,0x10162,0xE200,0x30D249,robotol.ext,3,3,THUMB,plat_10162_alloc,ACCEPTED
p4_validate_20260723_023558_96760,0x10165,0xE200,0x30D2F9,robotol.ext,3,3,THUMB,plat_10165_alloc,ACCEPTED
p4_validate_20260723_023558_96760,0x10102,0x1E200,0x30D301,robotol.ext,3,3,THUMB,plat_10102_register,ACCEPTED
p4_validate_20260723_023558_96760,0x10140,0x5,0x30630D,robotol.ext,3,3,THUMB,plat_10140_register,ACCEPTED
p4_validate_20260723_023558_96760,0x10162,0xE200,0x30D249,robotol.ext,3,3,THUMB,plat_10162_alloc,ACCEPTED
p4_validate_20260723_023558_96760,0x10165,0xE200,0x30D2F9,robotol.ext,3,3,THUMB,plat_10165_alloc,ACCEPTED
unknown,0x10102,0x1E200,0x30D301,robotol.ext,3,3,THUMB,plat_10102_register,ACCEPTED
unknown,0x10165,0xE200,0x30D2F9,robotol.ext,3,3,THUMB,plat_10165_alloc,ACCEPTED
unknown,0x10140,0x5,0x30630D,robotol.ext,3,1,THUMB,sendAppEvent,ACCEPTED
unknown,0x10140,0x5,0x306311,mrc_loader.ext,2,1,ARM,sendAppEvent,REJECTED_OWNER
p5_transaction_20260723_033052_37039,0x10102,0x1E200,0x30D301,robotol.ext,3,3,THUMB,plat_10102_register,ACCEPTED
p5_transaction_20260723_033052_37039,0x10140,0x5,0x30630D,robotol.ext,3,3,THUMB,plat_10140_register,ACCEPTED
p5_transaction_20260723_033052_37039,0x10162,0xE200,0x30D249,robotol.ext,3,3,THUMB,plat_10162_alloc,ACCEPTED
p5_transaction_20260723_033052_37039,0x10165,0xE200,0x30D2F9,robotol.ext,3,3,THUMB,plat_10165_alloc,ACCEPTED
p5_transaction_20260723_033052_37039,0x10102,0x1E200,0x30D301,robotol.ext,3,3,THUMB,plat_10102_register,ACCEPTED
p5_transaction_20260723_033052_37039,0x10140,0x5,0x30630D,robotol.ext,3,3,THUMB,plat_10140_register,ACCEPTED
p5_transaction_20260723_033052_37039,0x10162,0xE200,0x30D249,robotol.ext,3,3,THUMB,plat_10162_alloc,ACCEPTED
p5_transaction_20260723_033052_37039,0x10165,0xE200,0x30D2F9,robotol.ext,3,3,THUMB,plat_10165_alloc,ACCEPTED
p5_validate_20260723_033710_58895,0x10102,0x1E200,0x30D301,robotol.ext,3,3,THUMB,plat_10102_register,ACCEPTED
p5_validate_20260723_033710_58895,0x10140,0x5,0x30630D,robotol.ext,3,3,THUMB,plat_10140_register,ACCEPTED
p5_validate_20260723_033710_58895,0x10162,0xE200,0x30D249,robotol.ext,3,3,THUMB,plat_10162_alloc,ACCEPTED
p5_validate_20260723_033710_58895,0x10165,0xE200,0x30D2F9,robotol.ext,3,3,THUMB,plat_10165_alloc,ACCEPTED
p5_validate_20260723_033710_58895,0x10102,0x1E200,0x30D301,robotol.ext,3,3,THUMB,plat_10102_register,ACCEPTED
p5_validate_20260723_033710_58895,0x10140,0x5,0x30630D,robotol.ext,3,3,THUMB,plat_10140_register,ACCEPTED
p5_validate_20260723_033710_58895,0x10162,0xE200,0x30D249,robotol.ext,3,3,THUMB,plat_10162_alloc,ACCEPTED
p5_validate_20260723_033710_58895,0x10165,0xE200,0x30D2F9,robotol.ext,3,3,THUMB,plat_10165_alloc,ACCEPTED
ffp_event_20260724_010009_88618,0x10102,0x1E200,0x30D301,robotol.ext,3,3,THUMB,plat_10102_register,ACCEPTED
ffp_event_20260724_010009_88618,0x10140,0x5,0x30630D,robotol.ext,3,3,THUMB,plat_10140_register,ACCEPTED
ffp_event_20260724_010009_88618,0x10162,0xE200,0x30D249,robotol.ext,3,3,THUMB,plat_10162_alloc,ACCEPTED
ffp_event_20260724_010009_88618,0x10165,0xE200,0x30D2F9,robotol.ext,3,3,THUMB,plat_10165_alloc,ACCEPTED
ffp_event_20260724_010009_88618,0x10102,0x1E200,0x30D301,robotol.ext,3,3,THUMB,plat_10102_register,ACCEPTED
ffp_event_20260724_010009_88618,0x10140,0x5,0x30630D,robotol.ext,3,3,THUMB,plat_10140_register,ACCEPTED
ffp_event_20260724_010009_88618,0x10162,0xE200,0x30D249,robotol.ext,3,3,THUMB,plat_10162_alloc,ACCEPTED
ffp_event_20260724_010009_88618,0x10165,0xE200,0x30D2F9,robotol.ext,3,3,THUMB,plat_10165_alloc,ACCEPTED
ffp_event_20260724_010420_70488,0x10102,0x1E200,0x30D301,robotol.ext,3,3,THUMB,plat_10102_register,ACCEPTED
ffp_event_20260724_010420_70488,0x10140,0x5,0x30630D,robotol.ext,3,3,THUMB,plat_10140_register,ACCEPTED
ffp_event_20260724_010420_70488,0x10162,0xE200,0x30D249,robotol.ext,3,3,THUMB,plat_10162_alloc,ACCEPTED
ffp_event_20260724_010420_70488,0x10165,0xE200,0x30D2F9,robotol.ext,3,3,THUMB,plat_10165_alloc,ACCEPTED
ffp_event_20260724_010420_70488,0x10102,0x1E200,0x30D301,robotol.ext,3,3,THUMB,plat_10102_register,ACCEPTED
ffp_event_20260724_010420_70488,0x10140,0x5,0x30630D,robotol.ext,3,3,THUMB,plat_10140_register,ACCEPTED
ffp_event_20260724_010420_70488,0x10162,0xE200,0x30D249,robotol.ext,3,3,THUMB,plat_10162_alloc,ACCEPTED
ffp_event_20260724_010420_70488,0x10165,0xE200,0x30D2F9,robotol.ext,3,3,THUMB,plat_10165_alloc,ACCEPTED
ffp_event_20260724_010631_8498,0x10102,0x1E200,0x30D301,robotol.ext,3,3,THUMB,plat_10102_register,ACCEPTED
ffp_event_20260724_010631_8498,0x10140,0x5,0x30630D,robotol.ext,3,3,THUMB,plat_10140_register,ACCEPTED
ffp_event_20260724_010631_8498,0x10162,0xE200,0x30D249,robotol.ext,3,3,THUMB,plat_10162_alloc,ACCEPTED
ffp_event_20260724_010631_8498,0x10165,0xE200,0x30D2F9,robotol.ext,3,3,THUMB,plat_10165_alloc,ACCEPTED
ffp_event_20260724_010631_8498,0x10102,0x1E200,0x30D301,robotol.ext,3,3,THUMB,plat_10102_register,ACCEPTED
ffp_event_20260724_010631_8498,0x10140,0x5,0x30630D,robotol.ext,3,3,THUMB,plat_10140_register,ACCEPTED
ffp_event_20260724_010631_8498,0x10162,0xE200,0x30D249,robotol.ext,3,3,THUMB,plat_10162_alloc,ACCEPTED
ffp_event_20260724_010631_8498,0x10165,0xE200,0x30D2F9,robotol.ext,3,3,THUMB,plat_10165_alloc,ACCEPTED
ffp_event_20260724_010820_81327,0x10102,0x1E200,0x30D301,robotol.ext,3,3,THUMB,plat_10102_register,ACCEPTED
ffp_event_20260724_010820_81327,0x10140,0x5,0x30630D,robotol.ext,3,3,THUMB,plat_10140_register,ACCEPTED
ffp_event_20260724_010820_81327,0x10162,0xE200,0x30D249,robotol.ext,3,3,THUMB,plat_10162_alloc,ACCEPTED
ffp_event_20260724_010820_81327,0x10165,0xE200,0x30D2F9,robotol.ext,3,3,THUMB,plat_10165_alloc,ACCEPTED
ffp_event_20260724_010820_81327,0x10102,0x1E200,0x30D301,robotol.ext,3,3,THUMB,plat_10102_register,ACCEPTED
ffp_event_20260724_010820_81327,0x10140,0x5,0x30630D,robotol.ext,3,3,THUMB,plat_10140_register,ACCEPTED
ffp_event_20260724_010820_81327,0x10162,0xE200,0x30D249,robotol.ext,3,3,THUMB,plat_10162_alloc,ACCEPTED
ffp_event_20260724_010820_81327,0x10165,0xE200,0x30D2F9,robotol.ext,3,3,THUMB,plat_10165_alloc,ACCEPTED
unknown,0x10102,0x1E200,0x30D301,robotol.ext,3,3,THUMB,plat_10102_register,ACCEPTED
unknown,0x10165,0xE200,0x30D2F9,robotol.ext,3,3,THUMB,plat_10165_alloc,ACCEPTED
unknown,0x10140,0x5,0x30630D,robotol.ext,3,1,THUMB,sendAppEvent,ACCEPTED
unknown,0x10140,0x5,0x306311,mrc_loader.ext,2,1,ARM,sendAppEvent,REJECTED_OWNER
ffp_event_20260724_013931_45777,0x10102,0x1E200,0x30D301,robotol.ext,3,3,THUMB,plat_10102_register,ACCEPTED
ffp_event_20260724_013931_45777,0x10140,0x5,0x30630D,robotol.ext,3,3,THUMB,plat_10140_register,ACCEPTED
ffp_event_20260724_013931_45777,0x10162,0xE200,0x30D249,robotol.ext,3,3,THUMB,plat_10162_alloc,ACCEPTED
ffp_event_20260724_013931_45777,0x10165,0xE200,0x30D2F9,robotol.ext,3,3,THUMB,plat_10165_alloc,ACCEPTED
ffp_event_20260724_013931_45777,0x10102,0x1E200,0x30D301,robotol.ext,3,3,THUMB,plat_10102_register,ACCEPTED
ffp_event_20260724_013931_45777,0x10140,0x5,0x30630D,robotol.ext,3,3,THUMB,plat_10140_register,ACCEPTED
ffp_event_20260724_013931_45777,0x10162,0xE200,0x30D249,robotol.ext,3,3,THUMB,plat_10162_alloc,ACCEPTED
ffp_event_20260724_013931_45777,0x10165,0xE200,0x30D2F9,robotol.ext,3,3,THUMB,plat_10165_alloc,ACCEPTED
ffp_event_20260724_014334_31387,0x10102,0x1E200,0x30D301,robotol.ext,3,3,THUMB,plat_10102_register,ACCEPTED
ffp_event_20260724_014334_31387,0x10140,0x5,0x30630D,robotol.ext,3,3,THUMB,plat_10140_register,ACCEPTED
ffp_event_20260724_014334_31387,0x10162,0xE200,0x30D249,robotol.ext,3,3,THUMB,plat_10162_alloc,ACCEPTED
ffp_event_20260724_014334_31387,0x10165,0xE200,0x30D2F9,robotol.ext,3,3,THUMB,plat_10165_alloc,ACCEPTED
ffp_event_20260724_014334_31387,0x10102,0x1E200,0x30D301,robotol.ext,3,3,THUMB,plat_10102_register,ACCEPTED
ffp_event_20260724_014334_31387,0x10140,0x5,0x30630D,robotol.ext,3,3,THUMB,plat_10140_register,ACCEPTED
ffp_event_20260724_014334_31387,0x10162,0xE200,0x30D249,robotol.ext,3,3,THUMB,plat_10162_alloc,ACCEPTED
ffp_event_20260724_014334_31387,0x10165,0xE200,0x30D2F9,robotol.ext,3,3,THUMB,plat_10165_alloc,ACCEPTED
ffp_event_20260724_014705_31801,0x10102,0x1E200,0x30D301,robotol.ext,3,3,THUMB,plat_10102_register,ACCEPTED
ffp_event_20260724_014705_31801,0x10140,0x5,0x30630D,robotol.ext,3,3,THUMB,plat_10140_register,ACCEPTED
ffp_event_20260724_014705_31801,0x10162,0xE200,0x30D249,robotol.ext,3,3,THUMB,plat_10162_alloc,ACCEPTED
ffp_event_20260724_014705_31801,0x10165,0xE200,0x30D2F9,robotol.ext,3,3,THUMB,plat_10165_alloc,ACCEPTED
ffp_event_20260724_014705_31801,0x10102,0x1E200,0x30D301,robotol.ext,3,3,THUMB,plat_10102_register,ACCEPTED
ffp_event_20260724_014705_31801,0x10140,0x5,0x30630D,robotol.ext,3,3,THUMB,plat_10140_register,ACCEPTED
ffp_event_20260724_014705_31801,0x10162,0xE200,0x30D249,robotol.ext,3,3,THUMB,plat_10162_alloc,ACCEPTED
ffp_event_20260724_014705_31801,0x10165,0xE200,0x30D2F9,robotol.ext,3,3,THUMB,plat_10165_alloc,ACCEPTED
ffp_event_20260724_023751_93193,0x10102,0x1E200,0x30D301,robotol.ext,3,3,THUMB,plat_10102_register,ACCEPTED
ffp_event_20260724_023751_93193,0x10140,0x5,0x30630D,robotol.ext,3,3,THUMB,plat_10140_register,ACCEPTED
ffp_event_20260724_023751_93193,0x10162,0xE200,0x30D249,robotol.ext,3,3,THUMB,plat_10162_alloc,ACCEPTED
ffp_event_20260724_023751_93193,0x10165,0xE200,0x30D2F9,robotol.ext,3,3,THUMB,plat_10165_alloc,ACCEPTED
ffp_event_20260724_023751_93193,0x10102,0x1E200,0x30D301,robotol.ext,3,3,THUMB,plat_10102_register,ACCEPTED
ffp_event_20260724_023751_93193,0x10140,0x5,0x30630D,robotol.ext,3,3,THUMB,plat_10140_register,ACCEPTED
ffp_event_20260724_023751_93193,0x10162,0xE200,0x30D249,robotol.ext,3,3,THUMB,plat_10162_alloc,ACCEPTED
ffp_event_20260724_023751_93193,0x10165,0xE200,0x30D2F9,robotol.ext,3,3,THUMB,plat_10165_alloc,ACCEPTED
ffp_event_20260724_023956_17141,0x10102,0x1E200,0x30D301,robotol.ext,3,3,THUMB,plat_10102_register,ACCEPTED
ffp_event_20260724_023956_17141,0x10140,0x5,0x30630D,robotol.ext,3,3,THUMB,plat_10140_register,ACCEPTED
ffp_event_20260724_023956_17141,0x10162,0xE200,0x30D249,robotol.ext,3,3,THUMB,plat_10162_alloc,ACCEPTED
ffp_event_20260724_023956_17141,0x10165,0xE200,0x30D2F9,robotol.ext,3,3,THUMB,plat_10165_alloc,ACCEPTED
ffp_event_20260724_023956_17141,0x10102,0x1E200,0x30D301,robotol.ext,3,3,THUMB,plat_10102_register,ACCEPTED
ffp_event_20260724_023956_17141,0x10140,0x5,0x30630D,robotol.ext,3,3,THUMB,plat_10140_register,ACCEPTED
ffp_event_20260724_023956_17141,0x10162,0xE200,0x30D249,robotol.ext,3,3,THUMB,plat_10162_alloc,ACCEPTED
ffp_event_20260724_023956_17141,0x10165,0xE200,0x30D2F9,robotol.ext,3,3,THUMB,plat_10165_alloc,ACCEPTED
ffp_validate_20260724_024141_66224,0x10102,0x1E200,0x30D301,robotol.ext,3,3,THUMB,plat_10102_register,ACCEPTED
ffp_validate_20260724_024141_66224,0x10140,0x5,0x30630D,robotol.ext,3,3,THUMB,plat_10140_register,ACCEPTED
ffp_validate_20260724_024141_66224,0x10162,0xE200,0x30D249,robotol.ext,3,3,THUMB,plat_10162_alloc,ACCEPTED
ffp_validate_20260724_024141_66224,0x10165,0xE200,0x30D2F9,robotol.ext,3,3,THUMB,plat_10165_alloc,ACCEPTED
ffp_validate_20260724_024141_66224,0x10102,0x1E200,0x30D301,robotol.ext,3,3,THUMB,plat_10102_register,ACCEPTED
ffp_validate_20260724_024141_66224,0x10140,0x5,0x30630D,robotol.ext,3,3,THUMB,plat_10140_register,ACCEPTED
ffp_validate_20260724_024141_66224,0x10162,0xE200,0x30D249,robotol.ext,3,3,THUMB,plat_10162_alloc,ACCEPTED
ffp_validate_20260724_024141_66224,0x10165,0xE200,0x30D2F9,robotol.ext,3,3,THUMB,plat_10165_alloc,ACCEPTED
ffp_event_20260724_031234_16254,0x10102,0x1E200,0x30D301,robotol.ext,3,3,THUMB,plat_10102_register,ACCEPTED
ffp_event_20260724_031234_16254,0x10140,0x5,0x30630D,robotol.ext,3,3,THUMB,plat_10140_register,ACCEPTED
ffp_event_20260724_031234_16254,0x10162,0xE200,0x30D249,robotol.ext,3,3,THUMB,plat_10162_alloc,ACCEPTED
ffp_event_20260724_031234_16254,0x10165,0xE200,0x30D2F9,robotol.ext,3,3,THUMB,plat_10165_alloc,ACCEPTED
ffp_event_20260724_031234_16254,0x10102,0x1E200,0x30D301,robotol.ext,3,3,THUMB,plat_10102_register,ACCEPTED
ffp_event_20260724_031234_16254,0x10140,0x5,0x30630D,robotol.ext,3,3,THUMB,plat_10140_register,ACCEPTED
ffp_event_20260724_031234_16254,0x10162,0xE200,0x30D249,robotol.ext,3,3,THUMB,plat_10162_alloc,ACCEPTED
ffp_event_20260724_031234_16254,0x10165,0xE200,0x30D2F9,robotol.ext,3,3,THUMB,plat_10165_alloc,ACCEPTED
ffp_validate_20260724_032130_65314,0x10102,0x1E200,0x30D301,robotol.ext,3,3,THUMB,plat_10102_register,ACCEPTED
ffp_validate_20260724_032130_65314,0x10140,0x5,0x30630D,robotol.ext,3,3,THUMB,plat_10140_register,ACCEPTED
ffp_validate_20260724_032130_65314,0x10162,0xE200,0x30D249,robotol.ext,3,3,THUMB,plat_10162_alloc,ACCEPTED
ffp_validate_20260724_032130_65314,0x10165,0xE200,0x30D2F9,robotol.ext,3,3,THUMB,plat_10165_alloc,ACCEPTED
ffp_validate_20260724_032130_65314,0x10102,0x1E200,0x30D301,robotol.ext,3,3,THUMB,plat_10102_register,ACCEPTED
ffp_validate_20260724_032130_65314,0x10140,0x5,0x30630D,robotol.ext,3,3,THUMB,plat_10140_register,ACCEPTED
ffp_validate_20260724_032130_65314,0x10162,0xE200,0x30D249,robotol.ext,3,3,THUMB,plat_10162_alloc,ACCEPTED
ffp_validate_20260724_032130_65314,0x10165,0xE200,0x30D2F9,robotol.ext,3,3,THUMB,plat_10165_alloc,ACCEPTED
ffp_validate_20260724_033038_62546,0x10102,0x1E200,0x30D301,robotol.ext,3,3,THUMB,plat_10102_register,ACCEPTED
ffp_validate_20260724_033038_62546,0x10140,0x5,0x30630D,robotol.ext,3,3,THUMB,plat_10140_register,ACCEPTED
ffp_validate_20260724_033038_62546,0x10162,0xE200,0x30D249,robotol.ext,3,3,THUMB,plat_10162_alloc,ACCEPTED
ffp_validate_20260724_033038_62546,0x10165,0xE200,0x30D2F9,robotol.ext,3,3,THUMB,plat_10165_alloc,ACCEPTED
ffp_validate_20260724_033038_62546,0x10102,0x1E200,0x30D301,robotol.ext,3,3,THUMB,plat_10102_register,ACCEPTED
ffp_validate_20260724_033038_62546,0x10140,0x5,0x30630D,robotol.ext,3,3,THUMB,plat_10140_register,ACCEPTED
ffp_validate_20260724_033038_62546,0x10162,0xE200,0x30D249,robotol.ext,3,3,THUMB,plat_10162_alloc,ACCEPTED
ffp_validate_20260724_033038_62546,0x10165,0xE200,0x30D2F9,robotol.ext,3,3,THUMB,plat_10165_alloc,ACCEPTED
ffp_validate_20260724_033521_83268,0x10102,0x1E200,0x30D301,robotol.ext,3,3,THUMB,plat_10102_register,ACCEPTED
ffp_validate_20260724_033521_83268,0x10140,0x5,0x30630D,robotol.ext,3,3,THUMB,plat_10140_register,ACCEPTED
ffp_validate_20260724_033521_83268,0x10162,0xE200,0x30D249,robotol.ext,3,3,THUMB,plat_10162_alloc,ACCEPTED
ffp_validate_20260724_033521_83268,0x10165,0xE200,0x30D2F9,robotol.ext,3,3,THUMB,plat_10165_alloc,ACCEPTED
ffp_validate_20260724_033521_83268,0x10102,0x1E200,0x30D301,robotol.ext,3,3,THUMB,plat_10102_register,ACCEPTED
ffp_validate_20260724_033521_83268,0x10140,0x5,0x30630D,robotol.ext,3,3,THUMB,plat_10140_register,ACCEPTED
ffp_validate_20260724_033521_83268,0x10162,0xE200,0x30D249,robotol.ext,3,3,THUMB,plat_10162_alloc,ACCEPTED
ffp_validate_20260724_033521_83268,0x10165,0xE200,0x30D2F9,robotol.ext,3,3,THUMB,plat_10165_alloc,ACCEPTED
ffp_validate_20260724_033705_36171,0x10102,0x1E200,0x30D301,robotol.ext,3,3,THUMB,plat_10102_register,ACCEPTED
ffp_validate_20260724_033705_36171,0x10140,0x5,0x30630D,robotol.ext,3,3,THUMB,plat_10140_register,ACCEPTED
ffp_validate_20260724_033705_36171,0x10162,0xE200,0x30D249,robotol.ext,3,3,THUMB,plat_10162_alloc,ACCEPTED
ffp_validate_20260724_033705_36171,0x10165,0xE200,0x30D2F9,robotol.ext,3,3,THUMB,plat_10165_alloc,ACCEPTED
ffp_validate_20260724_033705_36171,0x10102,0x1E200,0x30D301,robotol.ext,3,3,THUMB,plat_10102_register,ACCEPTED
ffp_validate_20260724_033705_36171,0x10140,0x5,0x30630D,robotol.ext,3,3,THUMB,plat_10140_register,ACCEPTED
ffp_validate_20260724_033705_36171,0x10162,0xE200,0x30D249,robotol.ext,3,3,THUMB,plat_10162_alloc,ACCEPTED
ffp_validate_20260724_033705_36171,0x10165,0xE200,0x30D2F9,robotol.ext,3,3,THUMB,plat_10165_alloc,ACCEPTED
ffp_event_20260724_035819_17108,0x10102,0x1E200,0x30D301,robotol.ext,3,3,THUMB,plat_10102_register,ACCEPTED
ffp_event_20260724_035819_17108,0x10140,0x5,0x30630D,robotol.ext,3,3,THUMB,plat_10140_register,ACCEPTED
ffp_event_20260724_035819_17108,0x10162,0xE200,0x30D249,robotol.ext,3,3,THUMB,plat_10162_alloc,ACCEPTED
ffp_event_20260724_035819_17108,0x10165,0xE200,0x30D2F9,robotol.ext,3,3,THUMB,plat_10165_alloc,ACCEPTED
ffp_event_20260724_035819_17108,0x10102,0x1E200,0x30D301,robotol.ext,3,3,THUMB,plat_10102_register,ACCEPTED
ffp_event_20260724_035819_17108,0x10140,0x5,0x30630D,robotol.ext,3,3,THUMB,plat_10140_register,ACCEPTED
ffp_event_20260724_035819_17108,0x10162,0xE200,0x30D249,robotol.ext,3,3,THUMB,plat_10162_alloc,ACCEPTED
ffp_event_20260724_035819_17108,0x10165,0xE200,0x30D2F9,robotol.ext,3,3,THUMB,plat_10165_alloc,ACCEPTED
ffp_event_20260724_035947_56314,0x10102,0x1E200,0x30D301,robotol.ext,3,3,THUMB,plat_10102_register,ACCEPTED
ffp_event_20260724_035947_56314,0x10140,0x5,0x30630D,robotol.ext,3,3,THUMB,plat_10140_register,ACCEPTED
ffp_event_20260724_035947_56314,0x10162,0xE200,0x30D249,robotol.ext,3,3,THUMB,plat_10162_alloc,ACCEPTED
ffp_event_20260724_035947_56314,0x10165,0xE200,0x30D2F9,robotol.ext,3,3,THUMB,plat_10165_alloc,ACCEPTED
ffp_event_20260724_035947_56314,0x10102,0x1E200,0x30D301,robotol.ext,3,3,THUMB,plat_10102_register,ACCEPTED
ffp_event_20260724_035947_56314,0x10140,0x5,0x30630D,robotol.ext,3,3,THUMB,plat_10140_register,ACCEPTED
ffp_event_20260724_035947_56314,0x10162,0xE200,0x30D249,robotol.ext,3,3,THUMB,plat_10162_alloc,ACCEPTED
ffp_event_20260724_035947_56314,0x10165,0xE200,0x30D2F9,robotol.ext,3,3,THUMB,plat_10165_alloc,ACCEPTED
ffp_event_20260724_040212_43578,0x10102,0x1E200,0x30D301,robotol.ext,3,3,THUMB,plat_10102_register,ACCEPTED
ffp_event_20260724_040212_43578,0x10140,0x5,0x30630D,robotol.ext,3,3,THUMB,plat_10140_register,ACCEPTED
ffp_event_20260724_040212_43578,0x10162,0xE200,0x30D249,robotol.ext,3,3,THUMB,plat_10162_alloc,ACCEPTED
ffp_event_20260724_040212_43578,0x10165,0xE200,0x30D2F9,robotol.ext,3,3,THUMB,plat_10165_alloc,ACCEPTED
ffp_event_20260724_040212_43578,0x10102,0x1E200,0x30D301,robotol.ext,3,3,THUMB,plat_10102_register,ACCEPTED
ffp_event_20260724_040212_43578,0x10140,0x5,0x30630D,robotol.ext,3,3,THUMB,plat_10140_register,ACCEPTED
ffp_event_20260724_040212_43578,0x10162,0xE200,0x30D249,robotol.ext,3,3,THUMB,plat_10162_alloc,ACCEPTED
ffp_event_20260724_040212_43578,0x10165,0xE200,0x30D2F9,robotol.ext,3,3,THUMB,plat_10165_alloc,ACCEPTED
ffp_event_20260724_040452_4557,0x10102,0x1E200,0x30D301,robotol.ext,3,3,THUMB,plat_10102_register,ACCEPTED
ffp_event_20260724_040452_4557,0x10140,0x5,0x30630D,robotol.ext,3,3,THUMB,plat_10140_register,ACCEPTED
ffp_event_20260724_040452_4557,0x10162,0xE200,0x30D249,robotol.ext,3,3,THUMB,plat_10162_alloc,ACCEPTED
ffp_event_20260724_040452_4557,0x10165,0xE200,0x30D2F9,robotol.ext,3,3,THUMB,plat_10165_alloc,ACCEPTED
ffp_event_20260724_040452_4557,0x10102,0x1E200,0x30D301,robotol.ext,3,3,THUMB,plat_10102_register,ACCEPTED
ffp_event_20260724_040452_4557,0x10140,0x5,0x30630D,robotol.ext,3,3,THUMB,plat_10140_register,ACCEPTED
ffp_event_20260724_040452_4557,0x10162,0xE200,0x30D249,robotol.ext,3,3,THUMB,plat_10162_alloc,ACCEPTED
ffp_event_20260724_040452_4557,0x10165,0xE200,0x30D2F9,robotol.ext,3,3,THUMB,plat_10165_alloc,ACCEPTED
ffp_validate_20260724_040748_40125,0x10102,0x1E200,0x30D301,robotol.ext,3,3,THUMB,plat_10102_register,ACCEPTED
ffp_validate_20260724_040748_40125,0x10140,0x5,0x30630D,robotol.ext,3,3,THUMB,plat_10140_register,ACCEPTED
ffp_validate_20260724_040748_40125,0x10162,0xE200,0x30D249,robotol.ext,3,3,THUMB,plat_10162_alloc,ACCEPTED
ffp_validate_20260724_040748_40125,0x10165,0xE200,0x30D2F9,robotol.ext,3,3,THUMB,plat_10165_alloc,ACCEPTED
ffp_validate_20260724_040748_40125,0x10102,0x1E200,0x30D301,robotol.ext,3,3,THUMB,plat_10102_register,ACCEPTED
ffp_validate_20260724_040748_40125,0x10140,0x5,0x30630D,robotol.ext,3,3,THUMB,plat_10140_register,ACCEPTED
ffp_validate_20260724_040748_40125,0x10162,0xE200,0x30D249,robotol.ext,3,3,THUMB,plat_10162_alloc,ACCEPTED
ffp_validate_20260724_040748_40125,0x10165,0xE200,0x30D2F9,robotol.ext,3,3,THUMB,plat_10165_alloc,ACCEPTED
ffp_event_20260724_042300_25225,0x10102,0x1E200,0x30D301,robotol.ext,3,3,THUMB,plat_10102_register,ACCEPTED
ffp_event_20260724_042300_25225,0x10140,0x5,0x30630D,robotol.ext,3,3,THUMB,plat_10140_register,ACCEPTED
ffp_event_20260724_042300_25225,0x10162,0xE200,0x30D249,robotol.ext,3,3,THUMB,plat_10162_alloc,ACCEPTED
ffp_event_20260724_042300_25225,0x10165,0xE200,0x30D2F9,robotol.ext,3,3,THUMB,plat_10165_alloc,ACCEPTED
ffp_event_20260724_042300_25225,0x10102,0x1E200,0x30D301,robotol.ext,3,3,THUMB,plat_10102_register,ACCEPTED
ffp_event_20260724_042300_25225,0x10140,0x5,0x30630D,robotol.ext,3,3,THUMB,plat_10140_register,ACCEPTED
ffp_event_20260724_042300_25225,0x10162,0xE200,0x30D249,robotol.ext,3,3,THUMB,plat_10162_alloc,ACCEPTED
ffp_event_20260724_042300_25225,0x10165,0xE200,0x30D2F9,robotol.ext,3,3,THUMB,plat_10165_alloc,ACCEPTED
ffp_event_20260724_153850_23768,0x10102,0x1E200,0x30D301,robotol.ext,3,3,THUMB,plat_10102_register,ACCEPTED
ffp_event_20260724_153850_23768,0x10140,0x5,0x30630D,robotol.ext,3,3,THUMB,plat_10140_register,ACCEPTED
ffp_event_20260724_153850_23768,0x10162,0xE200,0x30D249,robotol.ext,3,3,THUMB,plat_10162_alloc,ACCEPTED
ffp_event_20260724_153850_23768,0x10165,0xE200,0x30D2F9,robotol.ext,3,3,THUMB,plat_10165_alloc,ACCEPTED
ffp_event_20260724_153850_23768,0x10102,0x1E200,0x30D301,robotol.ext,3,3,THUMB,plat_10102_register,ACCEPTED
ffp_event_20260724_153850_23768,0x10140,0x5,0x30630D,robotol.ext,3,3,THUMB,plat_10140_register,ACCEPTED
ffp_event_20260724_153850_23768,0x10162,0xE200,0x30D249,robotol.ext,3,3,THUMB,plat_10162_alloc,ACCEPTED
ffp_event_20260724_153850_23768,0x10165,0xE200,0x30D2F9,robotol.ext,3,3,THUMB,plat_10165_alloc,ACCEPTED
ffp_event_20260724_154141_30347,0x10102,0x1E200,0x30D301,robotol.ext,3,3,THUMB,plat_10102_register,ACCEPTED
ffp_event_20260724_154141_30347,0x10140,0x5,0x30630D,robotol.ext,3,3,THUMB,plat_10140_register,ACCEPTED
ffp_event_20260724_154141_30347,0x10162,0xE200,0x30D249,robotol.ext,3,3,THUMB,plat_10162_alloc,ACCEPTED
ffp_event_20260724_154141_30347,0x10165,0xE200,0x30D2F9,robotol.ext,3,3,THUMB,plat_10165_alloc,ACCEPTED
ffp_event_20260724_154141_30347,0x10102,0x1E200,0x30D301,robotol.ext,3,3,THUMB,plat_10102_register,ACCEPTED
ffp_event_20260724_154141_30347,0x10140,0x5,0x30630D,robotol.ext,3,3,THUMB,plat_10140_register,ACCEPTED
ffp_event_20260724_154141_30347,0x10162,0xE200,0x30D249,robotol.ext,3,3,THUMB,plat_10162_alloc,ACCEPTED
ffp_event_20260724_154141_30347,0x10165,0xE200,0x30D2F9,robotol.ext,3,3,THUMB,plat_10165_alloc,ACCEPTED
ffp_event_20260724_155025_4016,0x10102,0x1E200,0x30D301,robotol.ext,3,3,THUMB,plat_10102_register,ACCEPTED
ffp_event_20260724_155025_4016,0x10140,0x5,0x30630D,robotol.ext,3,3,THUMB,plat_10140_register,ACCEPTED
ffp_event_20260724_155025_4016,0x10162,0xE200,0x30D249,robotol.ext,3,3,THUMB,plat_10162_alloc,ACCEPTED
ffp_event_20260724_155025_4016,0x10165,0xE200,0x30D2F9,robotol.ext,3,3,THUMB,plat_10165_alloc,ACCEPTED
ffp_event_20260724_155025_4016,0x10102,0x1E200,0x30D301,robotol.ext,3,3,THUMB,plat_10102_register,ACCEPTED
ffp_event_20260724_155025_4016,0x10140,0x5,0x30630D,robotol.ext,3,3,THUMB,plat_10140_register,ACCEPTED
ffp_event_20260724_155025_4016,0x10162,0xE200,0x30D249,robotol.ext,3,3,THUMB,plat_10162_alloc,ACCEPTED
ffp_event_20260724_155025_4016,0x10165,0xE200,0x30D2F9,robotol.ext,3,3,THUMB,plat_10165_alloc,ACCEPTED
ffp_event_20260724_185427_35943,0x10102,0x1E200,0x30D301,robotol.ext,3,3,THUMB,plat_10102_register,ACCEPTED
ffp_event_20260724_185427_35943,0x10140,0x5,0x30630D,robotol.ext,3,3,THUMB,plat_10140_register,ACCEPTED
ffp_event_20260724_185427_35943,0x10162,0xE200,0x30D249,robotol.ext,3,3,THUMB,plat_10162_alloc,ACCEPTED
ffp_event_20260724_185427_35943,0x10165,0xE200,0x30D2F9,robotol.ext,3,3,THUMB,plat_10165_alloc,ACCEPTED
ffp_event_20260724_185427_35943,0x10102,0x1E200,0x30D301,robotol.ext,3,3,THUMB,plat_10102_register,ACCEPTED
ffp_event_20260724_185427_35943,0x10140,0x5,0x30630D,robotol.ext,3,3,THUMB,plat_10140_register,ACCEPTED
ffp_event_20260724_185427_35943,0x10162,0xE200,0x30D249,robotol.ext,3,3,THUMB,plat_10162_alloc,ACCEPTED
ffp_event_20260724_185427_35943,0x10165,0xE200,0x30D2F9,robotol.ext,3,3,THUMB,plat_10165_alloc,ACCEPTED
ffp_event_20260724_185541_29748,0x10102,0x1E200,0x30D301,robotol.ext,3,3,THUMB,plat_10102_register,ACCEPTED
ffp_event_20260724_185541_29748,0x10140,0x5,0x30630D,robotol.ext,3,3,THUMB,plat_10140_register,ACCEPTED
ffp_event_20260724_185541_29748,0x10162,0xE200,0x30D249,robotol.ext,3,3,THUMB,plat_10162_alloc,ACCEPTED
ffp_event_20260724_185541_29748,0x10165,0xE200,0x30D2F9,robotol.ext,3,3,THUMB,plat_10165_alloc,ACCEPTED
ffp_event_20260724_185541_29748,0x10102,0x1E200,0x30D301,robotol.ext,3,3,THUMB,plat_10102_register,ACCEPTED
ffp_event_20260724_185541_29748,0x10140,0x5,0x30630D,robotol.ext,3,3,THUMB,plat_10140_register,ACCEPTED
ffp_event_20260724_185541_29748,0x10162,0xE200,0x30D249,robotol.ext,3,3,THUMB,plat_10162_alloc,ACCEPTED
ffp_event_20260724_185541_29748,0x10165,0xE200,0x30D2F9,robotol.ext,3,3,THUMB,plat_10165_alloc,ACCEPTED
ffp_event_20260724_185652_43141,0x10102,0x1E200,0x30D301,robotol.ext,3,3,THUMB,plat_10102_register,ACCEPTED
ffp_event_20260724_185652_43141,0x10140,0x5,0x30630D,robotol.ext,3,3,THUMB,plat_10140_register,ACCEPTED
ffp_event_20260724_185652_43141,0x10162,0xE200,0x30D249,robotol.ext,3,3,THUMB,plat_10162_alloc,ACCEPTED
ffp_event_20260724_185652_43141,0x10165,0xE200,0x30D2F9,robotol.ext,3,3,THUMB,plat_10165_alloc,ACCEPTED
ffp_event_20260724_185652_43141,0x10102,0x1E200,0x30D301,robotol.ext,3,3,THUMB,plat_10102_register,ACCEPTED
ffp_event_20260724_185652_43141,0x10140,0x5,0x30630D,robotol.ext,3,3,THUMB,plat_10140_register,ACCEPTED
ffp_event_20260724_185652_43141,0x10162,0xE200,0x30D249,robotol.ext,3,3,THUMB,plat_10162_alloc,ACCEPTED
ffp_event_20260724_185652_43141,0x10165,0xE200,0x30D2F9,robotol.ext,3,3,THUMB,plat_10165_alloc,ACCEPTED
ffp_event_20260724_185824_5029,0x10102,0x1E200,0x30D301,robotol.ext,3,3,THUMB,plat_10102_register,ACCEPTED
ffp_event_20260724_185824_5029,0x10140,0x5,0x30630D,robotol.ext,3,3,THUMB,plat_10140_register,ACCEPTED
ffp_event_20260724_185824_5029,0x10162,0xE200,0x30D249,robotol.ext,3,3,THUMB,plat_10162_alloc,ACCEPTED
ffp_event_20260724_185824_5029,0x10165,0xE200,0x30D2F9,robotol.ext,3,3,THUMB,plat_10165_alloc,ACCEPTED
ffp_event_20260724_185824_5029,0x10102,0x1E200,0x30D301,robotol.ext,3,3,THUMB,plat_10102_register,ACCEPTED
ffp_event_20260724_185824_5029,0x10140,0x5,0x30630D,robotol.ext,3,3,THUMB,plat_10140_register,ACCEPTED
ffp_event_20260724_185824_5029,0x10162,0xE200,0x30D249,robotol.ext,3,3,THUMB,plat_10162_alloc,ACCEPTED
ffp_event_20260724_185824_5029,0x10165,0xE200,0x30D2F9,robotol.ext,3,3,THUMB,plat_10165_alloc,ACCEPTED
ffp_event_20260724_185924_17710,0x10102,0x1E200,0x30D301,robotol.ext,3,3,THUMB,plat_10102_register,ACCEPTED
ffp_event_20260724_185924_17710,0x10140,0x5,0x30630D,robotol.ext,3,3,THUMB,plat_10140_register,ACCEPTED
ffp_event_20260724_185924_17710,0x10162,0xE200,0x30D249,robotol.ext,3,3,THUMB,plat_10162_alloc,ACCEPTED
ffp_event_20260724_185924_17710,0x10165,0xE200,0x30D2F9,robotol.ext,3,3,THUMB,plat_10165_alloc,ACCEPTED
ffp_event_20260724_185924_17710,0x10102,0x1E200,0x30D301,robotol.ext,3,3,THUMB,plat_10102_register,ACCEPTED
ffp_event_20260724_185924_17710,0x10140,0x5,0x30630D,robotol.ext,3,3,THUMB,plat_10140_register,ACCEPTED
ffp_event_20260724_185924_17710,0x10162,0xE200,0x30D249,robotol.ext,3,3,THUMB,plat_10162_alloc,ACCEPTED
ffp_event_20260724_185924_17710,0x10165,0xE200,0x30D2F9,robotol.ext,3,3,THUMB,plat_10165_alloc,ACCEPTED
ffp_event_20260724_190150_76570,0x10102,0x1E200,0x30D301,robotol.ext,3,3,THUMB,plat_10102_register,ACCEPTED
ffp_event_20260724_190150_76570,0x10140,0x5,0x30630D,robotol.ext,3,3,THUMB,plat_10140_register,ACCEPTED
ffp_event_20260724_190150_76570,0x10162,0xE200,0x30D249,robotol.ext,3,3,THUMB,plat_10162_alloc,ACCEPTED
ffp_event_20260724_190150_76570,0x10165,0xE200,0x30D2F9,robotol.ext,3,3,THUMB,plat_10165_alloc,ACCEPTED
ffp_event_20260724_190150_76570,0x10102,0x1E200,0x30D301,robotol.ext,3,3,THUMB,plat_10102_register,ACCEPTED
ffp_event_20260724_190150_76570,0x10140,0x5,0x30630D,robotol.ext,3,3,THUMB,plat_10140_register,ACCEPTED
ffp_event_20260724_190150_76570,0x10162,0xE200,0x30D249,robotol.ext,3,3,THUMB,plat_10162_alloc,ACCEPTED
ffp_event_20260724_190150_76570,0x10165,0xE200,0x30D2F9,robotol.ext,3,3,THUMB,plat_10165_alloc,ACCEPTED
ffp_event_20260724_190537_23290,0x10102,0x1E200,0x30D301,robotol.ext,3,3,THUMB,plat_10102_register,ACCEPTED
ffp_event_20260724_190537_23290,0x10140,0x5,0x30630D,robotol.ext,3,3,THUMB,plat_10140_register,ACCEPTED
ffp_event_20260724_190537_23290,0x10162,0xE200,0x30D249,robotol.ext,3,3,THUMB,plat_10162_alloc,ACCEPTED
ffp_event_20260724_190537_23290,0x10165,0xE200,0x30D2F9,robotol.ext,3,3,THUMB,plat_10165_alloc,ACCEPTED
ffp_event_20260724_190537_23290,0x10102,0x1E200,0x30D301,robotol.ext,3,3,THUMB,plat_10102_register,ACCEPTED
ffp_event_20260724_190537_23290,0x10140,0x5,0x30630D,robotol.ext,3,3,THUMB,plat_10140_register,ACCEPTED
ffp_event_20260724_190537_23290,0x10162,0xE200,0x30D249,robotol.ext,3,3,THUMB,plat_10162_alloc,ACCEPTED
ffp_event_20260724_190537_23290,0x10165,0xE200,0x30D2F9,robotol.ext,3,3,THUMB,plat_10165_alloc,ACCEPTED
ffp_event_20260724_190847_98070,0x10102,0x1E200,0x30D301,robotol.ext,3,3,THUMB,plat_10102_register,ACCEPTED
ffp_event_20260724_190847_98070,0x10140,0x5,0x30630D,robotol.ext,3,3,THUMB,plat_10140_register,ACCEPTED
ffp_event_20260724_190847_98070,0x10162,0xE200,0x30D249,robotol.ext,3,3,THUMB,plat_10162_alloc,ACCEPTED
ffp_event_20260724_190847_98070,0x10165,0xE200,0x30D2F9,robotol.ext,3,3,THUMB,plat_10165_alloc,ACCEPTED
ffp_event_20260724_190847_98070,0x10102,0x1E200,0x30D301,robotol.ext,3,3,THUMB,plat_10102_register,ACCEPTED
ffp_event_20260724_190847_98070,0x10140,0x5,0x30630D,robotol.ext,3,3,THUMB,plat_10140_register,ACCEPTED
ffp_event_20260724_190847_98070,0x10162,0xE200,0x30D249,robotol.ext,3,3,THUMB,plat_10162_alloc,ACCEPTED
ffp_event_20260724_190847_98070,0x10165,0xE200,0x30D2F9,robotol.ext,3,3,THUMB,plat_10165_alloc,ACCEPTED
ffp_event_20260724_191139_38107,0x10102,0x1E200,0x30D301,robotol.ext,3,3,THUMB,plat_10102_register,ACCEPTED
ffp_event_20260724_191139_38107,0x10140,0x5,0x30630D,robotol.ext,3,3,THUMB,plat_10140_register,ACCEPTED
ffp_event_20260724_191139_38107,0x10162,0xE200,0x30D249,robotol.ext,3,3,THUMB,plat_10162_alloc,ACCEPTED
ffp_event_20260724_191139_38107,0x10165,0xE200,0x30D2F9,robotol.ext,3,3,THUMB,plat_10165_alloc,ACCEPTED
ffp_event_20260724_191139_38107,0x10102,0x1E200,0x30D301,robotol.ext,3,3,THUMB,plat_10102_register,ACCEPTED
ffp_event_20260724_191139_38107,0x10140,0x5,0x30630D,robotol.ext,3,3,THUMB,plat_10140_register,ACCEPTED
ffp_event_20260724_191139_38107,0x10162,0xE200,0x30D249,robotol.ext,3,3,THUMB,plat_10162_alloc,ACCEPTED
ffp_event_20260724_191139_38107,0x10165,0xE200,0x30D2F9,robotol.ext,3,3,THUMB,plat_10165_alloc,ACCEPTED
ffp_event_20260724_191427_80330,0x10102,0x1E200,0x30D301,robotol.ext,3,3,THUMB,plat_10102_register,ACCEPTED
ffp_event_20260724_191427_80330,0x10140,0x5,0x30630D,robotol.ext,3,3,THUMB,plat_10140_register,ACCEPTED
ffp_event_20260724_191427_80330,0x10162,0xE200,0x30D249,robotol.ext,3,3,THUMB,plat_10162_alloc,ACCEPTED
ffp_event_20260724_191427_80330,0x10165,0xE200,0x30D2F9,robotol.ext,3,3,THUMB,plat_10165_alloc,ACCEPTED
ffp_event_20260724_191427_80330,0x10102,0x1E200,0x30D301,robotol.ext,3,3,THUMB,plat_10102_register,ACCEPTED
ffp_event_20260724_191427_80330,0x10140,0x5,0x30630D,robotol.ext,3,3,THUMB,plat_10140_register,ACCEPTED
ffp_event_20260724_191427_80330,0x10162,0xE200,0x30D249,robotol.ext,3,3,THUMB,plat_10162_alloc,ACCEPTED
ffp_event_20260724_191427_80330,0x10165,0xE200,0x30D2F9,robotol.ext,3,3,THUMB,plat_10165_alloc,ACCEPTED
ffp_event_20260724_191743_9192,0x10102,0x1E200,0x30D301,robotol.ext,3,3,THUMB,plat_10102_register,ACCEPTED
ffp_event_20260724_191743_9192,0x10140,0x5,0x30630D,robotol.ext,3,3,THUMB,plat_10140_register,ACCEPTED
ffp_event_20260724_191743_9192,0x10162,0xE200,0x30D249,robotol.ext,3,3,THUMB,plat_10162_alloc,ACCEPTED
ffp_event_20260724_191743_9192,0x10165,0xE200,0x30D2F9,robotol.ext,3,3,THUMB,plat_10165_alloc,ACCEPTED
ffp_event_20260724_191743_9192,0x10102,0x1E200,0x30D301,robotol.ext,3,3,THUMB,plat_10102_register,ACCEPTED
ffp_event_20260724_191743_9192,0x10140,0x5,0x30630D,robotol.ext,3,3,THUMB,plat_10140_register,ACCEPTED
ffp_event_20260724_191743_9192,0x10162,0xE200,0x30D249,robotol.ext,3,3,THUMB,plat_10162_alloc,ACCEPTED
ffp_event_20260724_191743_9192,0x10165,0xE200,0x30D2F9,robotol.ext,3,3,THUMB,plat_10165_alloc,ACCEPTED
ffp_event_20260724_195116_62879,0x10102,0x1E200,0x30D301,robotol.ext,3,3,THUMB,plat_10102_register,ACCEPTED
ffp_event_20260724_195116_62879,0x10140,0x5,0x30630D,robotol.ext,3,3,THUMB,plat_10140_register,ACCEPTED
ffp_event_20260724_195116_62879,0x10162,0xE200,0x30D249,robotol.ext,3,3,THUMB,plat_10162_alloc,ACCEPTED
ffp_event_20260724_195116_62879,0x10165,0xE200,0x30D2F9,robotol.ext,3,3,THUMB,plat_10165_alloc,ACCEPTED
ffp_event_20260724_195116_62879,0x10102,0x1E200,0x30D301,robotol.ext,3,3,THUMB,plat_10102_register,ACCEPTED
ffp_event_20260724_195116_62879,0x10140,0x5,0x30630D,robotol.ext,3,3,THUMB,plat_10140_register,ACCEPTED
ffp_event_20260724_195116_62879,0x10162,0xE200,0x30D249,robotol.ext,3,3,THUMB,plat_10162_alloc,ACCEPTED
ffp_event_20260724_195116_62879,0x10165,0xE200,0x30D2F9,robotol.ext,3,3,THUMB,plat_10165_alloc,ACCEPTED
ffp_event_20260724_195326_83675,0x10102,0x1E200,0x30D301,robotol.ext,3,3,THUMB,plat_10102_register,ACCEPTED
ffp_event_20260724_195326_83675,0x10140,0x5,0x30630D,robotol.ext,3,3,THUMB,plat_10140_register,ACCEPTED
ffp_event_20260724_195326_83675,0x10162,0xE200,0x30D249,robotol.ext,3,3,THUMB,plat_10162_alloc,ACCEPTED
ffp_event_20260724_195326_83675,0x10165,0xE200,0x30D2F9,robotol.ext,3,3,THUMB,plat_10165_alloc,ACCEPTED
ffp_event_20260724_195326_83675,0x10102,0x1E200,0x30D301,robotol.ext,3,3,THUMB,plat_10102_register,ACCEPTED
ffp_event_20260724_195326_83675,0x10140,0x5,0x30630D,robotol.ext,3,3,THUMB,plat_10140_register,ACCEPTED
ffp_event_20260724_195326_83675,0x10162,0xE200,0x30D249,robotol.ext,3,3,THUMB,plat_10162_alloc,ACCEPTED
ffp_event_20260724_195326_83675,0x10165,0xE200,0x30D2F9,robotol.ext,3,3,THUMB,plat_10165_alloc,ACCEPTED
ffp_event_20260724_195511_932,0x10102,0x1E200,0x30D301,robotol.ext,3,3,THUMB,plat_10102_register,ACCEPTED
ffp_event_20260724_195511_932,0x10140,0x5,0x30630D,robotol.ext,3,3,THUMB,plat_10140_register,ACCEPTED
ffp_event_20260724_195511_932,0x10162,0xE200,0x30D249,robotol.ext,3,3,THUMB,plat_10162_alloc,ACCEPTED
ffp_event_20260724_195511_932,0x10165,0xE200,0x30D2F9,robotol.ext,3,3,THUMB,plat_10165_alloc,ACCEPTED
ffp_event_20260724_195511_932,0x10102,0x1E200,0x30D301,robotol.ext,3,3,THUMB,plat_10102_register,ACCEPTED
ffp_event_20260724_195511_932,0x10140,0x5,0x30630D,robotol.ext,3,3,THUMB,plat_10140_register,ACCEPTED
ffp_event_20260724_195511_932,0x10162,0xE200,0x30D249,robotol.ext,3,3,THUMB,plat_10162_alloc,ACCEPTED
ffp_event_20260724_195511_932,0x10165,0xE200,0x30D2F9,robotol.ext,3,3,THUMB,plat_10165_alloc,ACCEPTED
ffp_event_20260724_195618_43292,0x10102,0x1E200,0x30D301,robotol.ext,3,3,THUMB,plat_10102_register,ACCEPTED
ffp_event_20260724_195618_43292,0x10140,0x5,0x30630D,robotol.ext,3,3,THUMB,plat_10140_register,ACCEPTED
ffp_event_20260724_195618_43292,0x10162,0xE200,0x30D249,robotol.ext,3,3,THUMB,plat_10162_alloc,ACCEPTED
ffp_event_20260724_195618_43292,0x10165,0xE200,0x30D2F9,robotol.ext,3,3,THUMB,plat_10165_alloc,ACCEPTED
ffp_event_20260724_195618_43292,0x10102,0x1E200,0x30D301,robotol.ext,3,3,THUMB,plat_10102_register,ACCEPTED
ffp_event_20260724_195618_43292,0x10140,0x5,0x30630D,robotol.ext,3,3,THUMB,plat_10140_register,ACCEPTED
ffp_event_20260724_195618_43292,0x10162,0xE200,0x30D249,robotol.ext,3,3,THUMB,plat_10162_alloc,ACCEPTED
ffp_event_20260724_195618_43292,0x10165,0xE200,0x30D2F9,robotol.ext,3,3,THUMB,plat_10165_alloc,ACCEPTED
ffp_event_20260724_195827_54034,0x10102,0x1E200,0x30D301,robotol.ext,3,3,THUMB,plat_10102_register,ACCEPTED
ffp_event_20260724_195827_54034,0x10140,0x5,0x30630D,robotol.ext,3,3,THUMB,plat_10140_register,ACCEPTED
ffp_event_20260724_195827_54034,0x10162,0xE200,0x30D249,robotol.ext,3,3,THUMB,plat_10162_alloc,ACCEPTED
ffp_event_20260724_195827_54034,0x10165,0xE200,0x30D2F9,robotol.ext,3,3,THUMB,plat_10165_alloc,ACCEPTED
ffp_event_20260724_195827_54034,0x10102,0x1E200,0x30D301,robotol.ext,3,3,THUMB,plat_10102_register,ACCEPTED
ffp_event_20260724_195827_54034,0x10140,0x5,0x30630D,robotol.ext,3,3,THUMB,plat_10140_register,ACCEPTED
ffp_event_20260724_195827_54034,0x10162,0xE200,0x30D249,robotol.ext,3,3,THUMB,plat_10162_alloc,ACCEPTED
ffp_event_20260724_195827_54034,0x10165,0xE200,0x30D2F9,robotol.ext,3,3,THUMB,plat_10165_alloc,ACCEPTED
ffp_event_20260724_195954_35495,0x10102,0x1E200,0x30D301,robotol.ext,3,3,THUMB,plat_10102_register,ACCEPTED
ffp_event_20260724_195954_35495,0x10140,0x5,0x30630D,robotol.ext,3,3,THUMB,plat_10140_register,ACCEPTED
ffp_event_20260724_195954_35495,0x10162,0xE200,0x30D249,robotol.ext,3,3,THUMB,plat_10162_alloc,ACCEPTED
ffp_event_20260724_195954_35495,0x10165,0xE200,0x30D2F9,robotol.ext,3,3,THUMB,plat_10165_alloc,ACCEPTED
ffp_event_20260724_195954_35495,0x10102,0x1E200,0x30D301,robotol.ext,3,3,THUMB,plat_10102_register,ACCEPTED
ffp_event_20260724_195954_35495,0x10140,0x5,0x30630D,robotol.ext,3,3,THUMB,plat_10140_register,ACCEPTED
ffp_event_20260724_195954_35495,0x10162,0xE200,0x30D249,robotol.ext,3,3,THUMB,plat_10162_alloc,ACCEPTED
ffp_event_20260724_195954_35495,0x10165,0xE200,0x30D2F9,robotol.ext,3,3,THUMB,plat_10165_alloc,ACCEPTED
ffp_event_20260724_200514_39822,0x10102,0x1E200,0x30D301,robotol.ext,3,3,THUMB,plat_10102_register,ACCEPTED
ffp_event_20260724_200514_39822,0x10140,0x5,0x30630D,robotol.ext,3,3,THUMB,plat_10140_register,ACCEPTED
ffp_event_20260724_200514_39822,0x10162,0xE200,0x30D249,robotol.ext,3,3,THUMB,plat_10162_alloc,ACCEPTED
ffp_event_20260724_200514_39822,0x10165,0xE200,0x30D2F9,robotol.ext,3,3,THUMB,plat_10165_alloc,ACCEPTED
ffp_event_20260724_200514_39822,0x10102,0x1E200,0x30D301,robotol.ext,3,3,THUMB,plat_10102_register,ACCEPTED
ffp_event_20260724_200514_39822,0x10140,0x5,0x30630D,robotol.ext,3,3,THUMB,plat_10140_register,ACCEPTED
ffp_event_20260724_200514_39822,0x10162,0xE200,0x30D249,robotol.ext,3,3,THUMB,plat_10162_alloc,ACCEPTED
ffp_event_20260724_200514_39822,0x10165,0xE200,0x30D2F9,robotol.ext,3,3,THUMB,plat_10165_alloc,ACCEPTED
launcher_20260724_220841_62125,0x10102,0x1E200,0x30D301,robotol.ext,3,3,THUMB,plat_10102_register,ACCEPTED
launcher_20260724_220841_62125,0x10140,0x5,0x30630D,robotol.ext,3,3,THUMB,plat_10140_register,ACCEPTED
launcher_20260724_220841_62125,0x10162,0xE200,0x30D249,robotol.ext,3,3,THUMB,plat_10162_alloc,ACCEPTED
launcher_20260724_220841_62125,0x10165,0xE200,0x30D2F9,robotol.ext,3,3,THUMB,plat_10165_alloc,ACCEPTED
launcher_20260724_220841_62125,0x10102,0x1E200,0x30D301,robotol.ext,3,3,THUMB,plat_10102_register,ACCEPTED
launcher_20260724_220841_62125,0x10140,0x5,0x30630D,robotol.ext,3,3,THUMB,plat_10140_register,ACCEPTED
launcher_20260724_220841_62125,0x10162,0xE200,0x30D249,robotol.ext,3,3,THUMB,plat_10162_alloc,ACCEPTED
launcher_20260724_220841_62125,0x10165,0xE200,0x30D2F9,robotol.ext,3,3,THUMB,plat_10165_alloc,ACCEPTED
manual_20260724_220952,0x10102,0x1E200,0x30D301,robotol.ext,3,3,THUMB,plat_10102_register,ACCEPTED
manual_20260724_220952,0x10140,0x5,0x30630D,robotol.ext,3,3,THUMB,plat_10140_register,ACCEPTED
manual_20260724_220952,0x10162,0xE200,0x30D249,robotol.ext,3,3,THUMB,plat_10162_alloc,ACCEPTED
manual_20260724_220952,0x10165,0xE200,0x30D2F9,robotol.ext,3,3,THUMB,plat_10165_alloc,ACCEPTED
manual_20260724_220952,0x10102,0x1E200,0x30D301,robotol.ext,3,3,THUMB,plat_10102_register,ACCEPTED
manual_20260724_220952,0x10140,0x5,0x30630D,robotol.ext,3,3,THUMB,plat_10140_register,ACCEPTED
manual_20260724_220952,0x10162,0xE200,0x30D249,robotol.ext,3,3,THUMB,plat_10162_alloc,ACCEPTED
manual_20260724_220952,0x10165,0xE200,0x30D2F9,robotol.ext,3,3,THUMB,plat_10165_alloc,ACCEPTED
launcher_20260724_221234_95515,0x10102,0x1E200,0x30D301,robotol.ext,3,3,THUMB,plat_10102_register,ACCEPTED
launcher_20260724_221234_95515,0x10140,0x5,0x30630D,robotol.ext,3,3,THUMB,plat_10140_register,ACCEPTED
launcher_20260724_221234_95515,0x10162,0xE200,0x30D249,robotol.ext,3,3,THUMB,plat_10162_alloc,ACCEPTED
launcher_20260724_221234_95515,0x10165,0xE200,0x30D2F9,robotol.ext,3,3,THUMB,plat_10165_alloc,ACCEPTED
launcher_20260724_221234_95515,0x10102,0x1E200,0x30D301,robotol.ext,3,3,THUMB,plat_10102_register,ACCEPTED
launcher_20260724_221234_95515,0x10140,0x5,0x30630D,robotol.ext,3,3,THUMB,plat_10140_register,ACCEPTED
launcher_20260724_221234_95515,0x10162,0xE200,0x30D249,robotol.ext,3,3,THUMB,plat_10162_alloc,ACCEPTED
launcher_20260724_221234_95515,0x10165,0xE200,0x30D2F9,robotol.ext,3,3,THUMB,plat_10165_alloc,ACCEPTED
eot_20260724_221442,0x10102,0x1E200,0x30D301,robotol.ext,3,3,THUMB,plat_10102_register,ACCEPTED
eot_20260724_221442,0x10140,0x5,0x30630D,robotol.ext,3,3,THUMB,plat_10140_register,ACCEPTED
eot_20260724_221442,0x10162,0xE200,0x30D249,robotol.ext,3,3,THUMB,plat_10162_alloc,ACCEPTED
eot_20260724_221442,0x10165,0xE200,0x30D2F9,robotol.ext,3,3,THUMB,plat_10165_alloc,ACCEPTED
eot_20260724_221442,0x10102,0x1E200,0x30D301,robotol.ext,3,3,THUMB,plat_10102_register,ACCEPTED
eot_20260724_221442,0x10140,0x5,0x30630D,robotol.ext,3,3,THUMB,plat_10140_register,ACCEPTED
eot_20260724_221442,0x10162,0xE200,0x30D249,robotol.ext,3,3,THUMB,plat_10162_alloc,ACCEPTED
eot_20260724_221442,0x10165,0xE200,0x30D2F9,robotol.ext,3,3,THUMB,plat_10165_alloc,ACCEPTED
launcher_20260724_221626_27265,0x10102,0x1E200,0x30D301,robotol.ext,3,3,THUMB,plat_10102_register,ACCEPTED
launcher_20260724_221626_27265,0x10140,0x5,0x30630D,robotol.ext,3,3,THUMB,plat_10140_register,ACCEPTED
launcher_20260724_221626_27265,0x10162,0xE200,0x30D249,robotol.ext,3,3,THUMB,plat_10162_alloc,ACCEPTED
launcher_20260724_221626_27265,0x10165,0xE200,0x30D2F9,robotol.ext,3,3,THUMB,plat_10165_alloc,ACCEPTED
launcher_20260724_221626_27265,0x10102,0x1E200,0x30D301,robotol.ext,3,3,THUMB,plat_10102_register,ACCEPTED
launcher_20260724_221626_27265,0x10140,0x5,0x30630D,robotol.ext,3,3,THUMB,plat_10140_register,ACCEPTED
launcher_20260724_221626_27265,0x10162,0xE200,0x30D249,robotol.ext,3,3,THUMB,plat_10162_alloc,ACCEPTED
launcher_20260724_221626_27265,0x10165,0xE200,0x30D2F9,robotol.ext,3,3,THUMB,plat_10165_alloc,ACCEPTED
launcher_20260724_224424_5609,0x10102,0x1E200,0x30D301,robotol.ext,3,3,THUMB,plat_10102_register,ACCEPTED
launcher_20260724_224424_5609,0x10140,0x5,0x30630D,robotol.ext,3,3,THUMB,plat_10140_register,ACCEPTED
launcher_20260724_224424_5609,0x10162,0xE200,0x30D249,robotol.ext,3,3,THUMB,plat_10162_alloc,ACCEPTED
launcher_20260724_224424_5609,0x10165,0xE200,0x30D2F9,robotol.ext,3,3,THUMB,plat_10165_alloc,ACCEPTED
launcher_20260724_224424_5609,0x10102,0x1E200,0x30D301,robotol.ext,3,3,THUMB,plat_10102_register,ACCEPTED
launcher_20260724_224424_5609,0x10140,0x5,0x30630D,robotol.ext,3,3,THUMB,plat_10140_register,ACCEPTED
launcher_20260724_224424_5609,0x10162,0xE200,0x30D249,robotol.ext,3,3,THUMB,plat_10162_alloc,ACCEPTED
launcher_20260724_224424_5609,0x10165,0xE200,0x30D2F9,robotol.ext,3,3,THUMB,plat_10165_alloc,ACCEPTED
launcher_20260724_224522_63593,0x10102,0x1E200,0x30D301,robotol.ext,3,3,THUMB,plat_10102_register,ACCEPTED
launcher_20260724_224522_63593,0x10140,0x5,0x30630D,robotol.ext,3,3,THUMB,plat_10140_register,ACCEPTED
launcher_20260724_224522_63593,0x10162,0xE200,0x30D249,robotol.ext,3,3,THUMB,plat_10162_alloc,ACCEPTED
launcher_20260724_224522_63593,0x10165,0xE200,0x30D2F9,robotol.ext,3,3,THUMB,plat_10165_alloc,ACCEPTED
launcher_20260724_224717_78015,0x10102,0x1E200,0x30D301,robotol.ext,3,3,THUMB,plat_10102_register,ACCEPTED
launcher_20260724_224717_78015,0x10140,0x5,0x30630D,robotol.ext,3,3,THUMB,plat_10140_register,ACCEPTED
launcher_20260724_224717_78015,0x10162,0xE200,0x30D249,robotol.ext,3,3,THUMB,plat_10162_alloc,ACCEPTED
launcher_20260724_224717_78015,0x10165,0xE200,0x30D2F9,robotol.ext,3,3,THUMB,plat_10165_alloc,ACCEPTED
launcher_20260724_224801_22593,0x10102,0x1E200,0x30D301,robotol.ext,3,3,THUMB,plat_10102_register,ACCEPTED
launcher_20260724_224801_22593,0x10140,0x5,0x30630D,robotol.ext,3,3,THUMB,plat_10140_register,ACCEPTED
launcher_20260724_224801_22593,0x10162,0xE200,0x30D249,robotol.ext,3,3,THUMB,plat_10162_alloc,ACCEPTED
launcher_20260724_224801_22593,0x10165,0xE200,0x30D2F9,robotol.ext,3,3,THUMB,plat_10165_alloc,ACCEPTED
launcher_20260724_224801_22593,0x10102,0x1E200,0x30D301,robotol.ext,3,3,THUMB,plat_10102_register,ACCEPTED
launcher_20260724_224801_22593,0x10140,0x5,0x30630D,robotol.ext,3,3,THUMB,plat_10140_register,ACCEPTED
launcher_20260724_224801_22593,0x10162,0xE200,0x30D249,robotol.ext,3,3,THUMB,plat_10162_alloc,ACCEPTED
launcher_20260724_224801_22593,0x10165,0xE200,0x30D2F9,robotol.ext,3,3,THUMB,plat_10165_alloc,ACCEPTED
launcher_20260724_224902_82890,0x10102,0x1E200,0x30D301,robotol.ext,3,3,THUMB,plat_10102_register,ACCEPTED
launcher_20260724_224902_82890,0x10140,0x5,0x30630D,robotol.ext,3,3,THUMB,plat_10140_register,ACCEPTED
launcher_20260724_224902_82890,0x10162,0xE200,0x30D249,robotol.ext,3,3,THUMB,plat_10162_alloc,ACCEPTED
launcher_20260724_224902_82890,0x10165,0xE200,0x30D2F9,robotol.ext,3,3,THUMB,plat_10165_alloc,ACCEPTED
launcher_20260724_224902_82890,0x10102,0x1E200,0x30D301,robotol.ext,3,3,THUMB,plat_10102_register,ACCEPTED
launcher_20260724_224902_82890,0x10140,0x5,0x30630D,robotol.ext,3,3,THUMB,plat_10140_register,ACCEPTED
launcher_20260724_224902_82890,0x10162,0xE200,0x30D249,robotol.ext,3,3,THUMB,plat_10162_alloc,ACCEPTED
launcher_20260724_224902_82890,0x10165,0xE200,0x30D2F9,robotol.ext,3,3,THUMB,plat_10165_alloc,ACCEPTED
launcher_20260724_225038_78796,0x10102,0x1E200,0x30D301,robotol.ext,3,3,THUMB,plat_10102_register,ACCEPTED
launcher_20260724_225038_78796,0x10140,0x5,0x30630D,robotol.ext,3,3,THUMB,plat_10140_register,ACCEPTED
launcher_20260724_225038_78796,0x10162,0xE200,0x30D249,robotol.ext,3,3,THUMB,plat_10162_alloc,ACCEPTED
launcher_20260724_225038_78796,0x10165,0xE200,0x30D2F9,robotol.ext,3,3,THUMB,plat_10165_alloc,ACCEPTED
launcher_20260724_225038_78796,0x10102,0x1E200,0x30D301,robotol.ext,3,3,THUMB,plat_10102_register,ACCEPTED
launcher_20260724_225038_78796,0x10140,0x5,0x30630D,robotol.ext,3,3,THUMB,plat_10140_register,ACCEPTED
launcher_20260724_225038_78796,0x10162,0xE200,0x30D249,robotol.ext,3,3,THUMB,plat_10162_alloc,ACCEPTED
launcher_20260724_225038_78796,0x10165,0xE200,0x30D2F9,robotol.ext,3,3,THUMB,plat_10165_alloc,ACCEPTED
launcher_20260724_225144_45531,0x10102,0x1E200,0x30D301,robotol.ext,3,3,THUMB,plat_10102_register,ACCEPTED
launcher_20260724_225144_45531,0x10140,0x5,0x30630D,robotol.ext,3,3,THUMB,plat_10140_register,ACCEPTED
launcher_20260724_225144_45531,0x10162,0xE200,0x30D249,robotol.ext,3,3,THUMB,plat_10162_alloc,ACCEPTED
launcher_20260724_225144_45531,0x10165,0xE200,0x30D2F9,robotol.ext,3,3,THUMB,plat_10165_alloc,ACCEPTED
launcher_20260724_225144_45531,0x10102,0x1E200,0x30D301,robotol.ext,3,3,THUMB,plat_10102_register,ACCEPTED
launcher_20260724_225144_45531,0x10140,0x5,0x30630D,robotol.ext,3,3,THUMB,plat_10140_register,ACCEPTED
launcher_20260724_225144_45531,0x10162,0xE200,0x30D249,robotol.ext,3,3,THUMB,plat_10162_alloc,ACCEPTED
launcher_20260724_225144_45531,0x10165,0xE200,0x30D2F9,robotol.ext,3,3,THUMB,plat_10165_alloc,ACCEPTED
launcher_20260724_233837_58250,0x10102,0x1E200,0x30D301,robotol.ext,3,3,THUMB,plat_10102_register,ACCEPTED
launcher_20260724_233837_58250,0x10140,0x5,0x30630D,robotol.ext,3,3,THUMB,plat_10140_register,ACCEPTED
launcher_20260724_233837_58250,0x10162,0xE200,0x30D249,robotol.ext,3,3,THUMB,plat_10162_alloc,ACCEPTED
launcher_20260724_233837_58250,0x10165,0xE200,0x30D2F9,robotol.ext,3,3,THUMB,plat_10165_alloc,ACCEPTED
launcher_20260724_233837_58250,0x10102,0x1E200,0x30D301,robotol.ext,3,3,THUMB,plat_10102_register,ACCEPTED
launcher_20260724_233837_58250,0x10140,0x5,0x30630D,robotol.ext,3,3,THUMB,plat_10140_register,ACCEPTED
launcher_20260724_233837_58250,0x10162,0xE200,0x30D249,robotol.ext,3,3,THUMB,plat_10162_alloc,ACCEPTED
launcher_20260724_233837_58250,0x10165,0xE200,0x30D2F9,robotol.ext,3,3,THUMB,plat_10165_alloc,ACCEPTED
pah_A_20260724_234258,0x10102,0x1E200,0x30D301,robotol.ext,3,3,THUMB,plat_10102_register,ACCEPTED
pah_A_20260724_234258,0x10140,0x5,0x30630D,robotol.ext,3,3,THUMB,plat_10140_register,ACCEPTED
pah_A_20260724_234258,0x10162,0xE200,0x30D249,robotol.ext,3,3,THUMB,plat_10162_alloc,ACCEPTED
pah_A_20260724_234258,0x10165,0xE200,0x30D2F9,robotol.ext,3,3,THUMB,plat_10165_alloc,ACCEPTED
pah_A_20260724_234258,0x10102,0x1E200,0x30D301,robotol.ext,3,3,THUMB,plat_10102_register,ACCEPTED
pah_A_20260724_234258,0x10140,0x5,0x30630D,robotol.ext,3,3,THUMB,plat_10140_register,ACCEPTED
pah_A_20260724_234258,0x10162,0xE200,0x30D249,robotol.ext,3,3,THUMB,plat_10162_alloc,ACCEPTED
pah_A_20260724_234258,0x10165,0xE200,0x30D2F9,robotol.ext,3,3,THUMB,plat_10165_alloc,ACCEPTED
pah_A_20260724_234631,0x10102,0x1E200,0x30D301,robotol.ext,3,3,THUMB,plat_10102_register,ACCEPTED
pah_A_20260724_234631,0x10140,0x5,0x30630D,robotol.ext,3,3,THUMB,plat_10140_register,ACCEPTED
pah_A_20260724_234631,0x10162,0xE200,0x30D249,robotol.ext,3,3,THUMB,plat_10162_alloc,ACCEPTED
pah_A_20260724_234631,0x10165,0xE200,0x30D2F9,robotol.ext,3,3,THUMB,plat_10165_alloc,ACCEPTED
pah_A_20260724_234631,0x10102,0x1E200,0x30D301,robotol.ext,3,3,THUMB,plat_10102_register,ACCEPTED
pah_A_20260724_234631,0x10140,0x5,0x30630D,robotol.ext,3,3,THUMB,plat_10140_register,ACCEPTED
pah_A_20260724_234631,0x10162,0xE200,0x30D249,robotol.ext,3,3,THUMB,plat_10162_alloc,ACCEPTED
pah_A_20260724_234631,0x10165,0xE200,0x30D2F9,robotol.ext,3,3,THUMB,plat_10165_alloc,ACCEPTED
pah_B_20260724_234746,0x10102,0x1E200,0x30D301,robotol.ext,3,3,THUMB,plat_10102_register,ACCEPTED
pah_B_20260724_234746,0x10140,0x5,0x30630D,robotol.ext,3,3,THUMB,plat_10140_register,ACCEPTED
pah_B_20260724_234746,0x10162,0xE200,0x30D249,robotol.ext,3,3,THUMB,plat_10162_alloc,ACCEPTED
pah_B_20260724_234746,0x10165,0xE200,0x30D2F9,robotol.ext,3,3,THUMB,plat_10165_alloc,ACCEPTED
pah_B_20260724_234746,0x10102,0x1E200,0x30D301,robotol.ext,3,3,THUMB,plat_10102_register,ACCEPTED
pah_B_20260724_234746,0x10140,0x5,0x30630D,robotol.ext,3,3,THUMB,plat_10140_register,ACCEPTED
pah_B_20260724_234746,0x10162,0xE200,0x30D249,robotol.ext,3,3,THUMB,plat_10162_alloc,ACCEPTED
pah_B_20260724_234746,0x10165,0xE200,0x30D2F9,robotol.ext,3,3,THUMB,plat_10165_alloc,ACCEPTED
pah_C_20260724_234844,0x10102,0x1E200,0x30D301,robotol.ext,3,3,THUMB,plat_10102_register,ACCEPTED
pah_C_20260724_234844,0x10140,0x5,0x30630D,robotol.ext,3,3,THUMB,plat_10140_register,ACCEPTED
pah_C_20260724_234844,0x10162,0xE200,0x30D249,robotol.ext,3,3,THUMB,plat_10162_alloc,ACCEPTED
pah_C_20260724_234844,0x10165,0xE200,0x30D2F9,robotol.ext,3,3,THUMB,plat_10165_alloc,ACCEPTED
pah_C_20260724_234844,0x10102,0x1E200,0x30D301,robotol.ext,3,3,THUMB,plat_10102_register,ACCEPTED
pah_C_20260724_234844,0x10140,0x5,0x30630D,robotol.ext,3,3,THUMB,plat_10140_register,ACCEPTED
pah_C_20260724_234844,0x10162,0xE200,0x30D249,robotol.ext,3,3,THUMB,plat_10162_alloc,ACCEPTED
pah_C_20260724_234844,0x10165,0xE200,0x30D2F9,robotol.ext,3,3,THUMB,plat_10165_alloc,ACCEPTED
p10138_B_20260725_001313,0x10102,0x1E200,0x30D301,robotol.ext,3,3,THUMB,plat_10102_register,ACCEPTED
p10138_B_20260725_001313,0x10140,0x5,0x30630D,robotol.ext,3,3,THUMB,plat_10140_register,ACCEPTED
p10138_B_20260725_001313,0x10162,0xE200,0x30D249,robotol.ext,3,3,THUMB,plat_10162_alloc,ACCEPTED
p10138_B_20260725_001313,0x10165,0xE200,0x30D2F9,robotol.ext,3,3,THUMB,plat_10165_alloc,ACCEPTED
p10138_B_20260725_001313,0x10102,0x1E200,0x30D301,robotol.ext,3,3,THUMB,plat_10102_register,ACCEPTED
p10138_B_20260725_001313,0x10140,0x5,0x30630D,robotol.ext,3,3,THUMB,plat_10140_register,ACCEPTED
p10138_B_20260725_001313,0x10162,0xE200,0x30D249,robotol.ext,3,3,THUMB,plat_10162_alloc,ACCEPTED
p10138_B_20260725_001313,0x10165,0xE200,0x30D2F9,robotol.ext,3,3,THUMB,plat_10165_alloc,ACCEPTED
p10138_B_20260725_001704,0x10102,0x1E200,0x30D301,robotol.ext,3,3,THUMB,plat_10102_register,ACCEPTED
p10138_B_20260725_001704,0x10140,0x5,0x30630D,robotol.ext,3,3,THUMB,plat_10140_register,ACCEPTED
p10138_B_20260725_001704,0x10162,0xE200,0x30D249,robotol.ext,3,3,THUMB,plat_10162_alloc,ACCEPTED
p10138_B_20260725_001704,0x10165,0xE200,0x30D2F9,robotol.ext,3,3,THUMB,plat_10165_alloc,ACCEPTED
p10138_B_20260725_001704,0x10102,0x1E200,0x30D301,robotol.ext,3,3,THUMB,plat_10102_register,ACCEPTED
p10138_B_20260725_001704,0x10140,0x5,0x30630D,robotol.ext,3,3,THUMB,plat_10140_register,ACCEPTED
p10138_B_20260725_001704,0x10162,0xE200,0x30D249,robotol.ext,3,3,THUMB,plat_10162_alloc,ACCEPTED
p10138_B_20260725_001704,0x10165,0xE200,0x30D2F9,robotol.ext,3,3,THUMB,plat_10165_alloc,ACCEPTED
p10138_A_20260725_002050,0x10102,0x1E200,0x30D301,robotol.ext,3,3,THUMB,plat_10102_register,ACCEPTED
p10138_A_20260725_002050,0x10140,0x5,0x30630D,robotol.ext,3,3,THUMB,plat_10140_register,ACCEPTED
p10138_A_20260725_002050,0x10162,0xE200,0x30D249,robotol.ext,3,3,THUMB,plat_10162_alloc,ACCEPTED
p10138_A_20260725_002050,0x10165,0xE200,0x30D2F9,robotol.ext,3,3,THUMB,plat_10165_alloc,ACCEPTED
p10138_A_20260725_002050,0x10102,0x1E200,0x30D301,robotol.ext,3,3,THUMB,plat_10102_register,ACCEPTED
p10138_A_20260725_002050,0x10140,0x5,0x30630D,robotol.ext,3,3,THUMB,plat_10140_register,ACCEPTED
p10138_A_20260725_002050,0x10162,0xE200,0x30D249,robotol.ext,3,3,THUMB,plat_10162_alloc,ACCEPTED
p10138_A_20260725_002050,0x10165,0xE200,0x30D2F9,robotol.ext,3,3,THUMB,plat_10165_alloc,ACCEPTED
p10138_C_20260725_002145,0x10102,0x1E200,0x30D301,robotol.ext,3,3,THUMB,plat_10102_register,ACCEPTED
p10138_C_20260725_002145,0x10140,0x5,0x30630D,robotol.ext,3,3,THUMB,plat_10140_register,ACCEPTED
p10138_C_20260725_002145,0x10162,0xE200,0x30D249,robotol.ext,3,3,THUMB,plat_10162_alloc,ACCEPTED
p10138_C_20260725_002145,0x10165,0xE200,0x30D2F9,robotol.ext,3,3,THUMB,plat_10165_alloc,ACCEPTED
p10138_C_20260725_002145,0x10102,0x1E200,0x30D301,robotol.ext,3,3,THUMB,plat_10102_register,ACCEPTED
p10138_C_20260725_002145,0x10140,0x5,0x30630D,robotol.ext,3,3,THUMB,plat_10140_register,ACCEPTED
p10138_C_20260725_002145,0x10162,0xE200,0x30D249,robotol.ext,3,3,THUMB,plat_10162_alloc,ACCEPTED
p10138_C_20260725_002145,0x10165,0xE200,0x30D2F9,robotol.ext,3,3,THUMB,plat_10165_alloc,ACCEPTED
p10138_C_20260725_002316,0x10102,0x1E200,0x30D301,robotol.ext,3,3,THUMB,plat_10102_register,ACCEPTED
p10138_C_20260725_002316,0x10140,0x5,0x30630D,robotol.ext,3,3,THUMB,plat_10140_register,ACCEPTED
p10138_C_20260725_002316,0x10162,0xE200,0x30D249,robotol.ext,3,3,THUMB,plat_10162_alloc,ACCEPTED
p10138_C_20260725_002316,0x10165,0xE200,0x30D2F9,robotol.ext,3,3,THUMB,plat_10165_alloc,ACCEPTED
p10138_C_20260725_002316,0x10102,0x1E200,0x30D301,robotol.ext,3,3,THUMB,plat_10102_register,ACCEPTED
p10138_C_20260725_002316,0x10140,0x5,0x30630D,robotol.ext,3,3,THUMB,plat_10140_register,ACCEPTED
p10138_C_20260725_002316,0x10162,0xE200,0x30D249,robotol.ext,3,3,THUMB,plat_10162_alloc,ACCEPTED
p10138_C_20260725_002316,0x10165,0xE200,0x30D2F9,robotol.ext,3,3,THUMB,plat_10165_alloc,ACCEPTED
h2_B_20260725_011052,0x10102,0x1E200,0x30D301,robotol.ext,3,3,THUMB,plat_10102_register,ACCEPTED
h2_B_20260725_011052,0x10140,0x5,0x30630D,robotol.ext,3,3,THUMB,plat_10140_register,ACCEPTED
h2_B_20260725_011052,0x10162,0xE200,0x30D249,robotol.ext,3,3,THUMB,plat_10162_alloc,ACCEPTED
h2_B_20260725_011052,0x10165,0xE200,0x30D2F9,robotol.ext,3,3,THUMB,plat_10165_alloc,ACCEPTED
h2_B_20260725_011052,0x10102,0x1E200,0x30D301,robotol.ext,3,3,THUMB,plat_10102_register,ACCEPTED
h2_B_20260725_011052,0x10140,0x5,0x30630D,robotol.ext,3,3,THUMB,plat_10140_register,ACCEPTED
h2_B_20260725_011052,0x10162,0xE200,0x30D249,robotol.ext,3,3,THUMB,plat_10162_alloc,ACCEPTED
h2_B_20260725_011052,0x10165,0xE200,0x30D2F9,robotol.ext,3,3,THUMB,plat_10165_alloc,ACCEPTED
h2_B_20260725_011531,0x10102,0x1E200,0x30D301,robotol.ext,3,3,THUMB,plat_10102_register,ACCEPTED
h2_B_20260725_011531,0x10140,0x5,0x30630D,robotol.ext,3,3,THUMB,plat_10140_register,ACCEPTED
h2_B_20260725_011531,0x10162,0xE200,0x30D249,robotol.ext,3,3,THUMB,plat_10162_alloc,ACCEPTED
h2_B_20260725_011531,0x10165,0xE200,0x30D2F9,robotol.ext,3,3,THUMB,plat_10165_alloc,ACCEPTED
h2_B_20260725_011531,0x10102,0x1E200,0x30D301,robotol.ext,3,3,THUMB,plat_10102_register,ACCEPTED
h2_B_20260725_011531,0x10140,0x5,0x30630D,robotol.ext,3,3,THUMB,plat_10140_register,ACCEPTED
h2_B_20260725_011531,0x10162,0xE200,0x30D249,robotol.ext,3,3,THUMB,plat_10162_alloc,ACCEPTED
h2_B_20260725_011531,0x10165,0xE200,0x30D2F9,robotol.ext,3,3,THUMB,plat_10165_alloc,ACCEPTED
h2_B_20260725_011904,0x10102,0x1E200,0x30D301,robotol.ext,3,3,THUMB,plat_10102_register,ACCEPTED
h2_B_20260725_011904,0x10140,0x5,0x30630D,robotol.ext,3,3,THUMB,plat_10140_register,ACCEPTED
h2_B_20260725_011904,0x10162,0xE200,0x30D249,robotol.ext,3,3,THUMB,plat_10162_alloc,ACCEPTED
h2_B_20260725_011904,0x10165,0xE200,0x30D2F9,robotol.ext,3,3,THUMB,plat_10165_alloc,ACCEPTED
h2_B_20260725_011904,0x10102,0x1E200,0x30D301,robotol.ext,3,3,THUMB,plat_10102_register,ACCEPTED
h2_B_20260725_011904,0x10140,0x5,0x30630D,robotol.ext,3,3,THUMB,plat_10140_register,ACCEPTED
h2_B_20260725_011904,0x10162,0xE200,0x30D249,robotol.ext,3,3,THUMB,plat_10162_alloc,ACCEPTED
h2_B_20260725_011904,0x10165,0xE200,0x30D2F9,robotol.ext,3,3,THUMB,plat_10165_alloc,ACCEPTED
h2_B_20260725_012349,0x10102,0x1E200,0x30D301,robotol.ext,3,3,THUMB,plat_10102_register,ACCEPTED
h2_B_20260725_012349,0x10140,0x5,0x30630D,robotol.ext,3,3,THUMB,plat_10140_register,ACCEPTED
h2_B_20260725_012349,0x10162,0xE200,0x30D249,robotol.ext,3,3,THUMB,plat_10162_alloc,ACCEPTED
h2_B_20260725_012349,0x10165,0xE200,0x30D2F9,robotol.ext,3,3,THUMB,plat_10165_alloc,ACCEPTED
h2_B_20260725_012349,0x10102,0x1E200,0x30D301,robotol.ext,3,3,THUMB,plat_10102_register,ACCEPTED
h2_B_20260725_012349,0x10140,0x5,0x30630D,robotol.ext,3,3,THUMB,plat_10140_register,ACCEPTED
h2_B_20260725_012349,0x10162,0xE200,0x30D249,robotol.ext,3,3,THUMB,plat_10162_alloc,ACCEPTED
h2_B_20260725_012349,0x10165,0xE200,0x30D2F9,robotol.ext,3,3,THUMB,plat_10165_alloc,ACCEPTED
fp8_B_20260725_013726,0x10102,0x1E200,0x30D301,robotol.ext,3,3,THUMB,plat_10102_register,ACCEPTED
fp8_B_20260725_013726,0x10140,0x5,0x30630D,robotol.ext,3,3,THUMB,plat_10140_register,ACCEPTED
fp8_B_20260725_013726,0x10162,0xE200,0x30D249,robotol.ext,3,3,THUMB,plat_10162_alloc,ACCEPTED
fp8_B_20260725_013726,0x10165,0xE200,0x30D2F9,robotol.ext,3,3,THUMB,plat_10165_alloc,ACCEPTED
fp8_B_20260725_013726,0x10102,0x1E200,0x30D301,robotol.ext,3,3,THUMB,plat_10102_register,ACCEPTED
fp8_B_20260725_013726,0x10140,0x5,0x30630D,robotol.ext,3,3,THUMB,plat_10140_register,ACCEPTED
fp8_B_20260725_013726,0x10162,0xE200,0x30D249,robotol.ext,3,3,THUMB,plat_10162_alloc,ACCEPTED
fp8_B_20260725_013726,0x10165,0xE200,0x30D2F9,robotol.ext,3,3,THUMB,plat_10165_alloc,ACCEPTED
fs9_B_20260725_020106,0x10102,0x1E200,0x30D301,robotol.ext,3,3,THUMB,plat_10102_register,ACCEPTED
fs9_B_20260725_020106,0x10140,0x5,0x30630D,robotol.ext,3,3,THUMB,plat_10140_register,ACCEPTED
fs9_B_20260725_020106,0x10162,0xE200,0x30D249,robotol.ext,3,3,THUMB,plat_10162_alloc,ACCEPTED
fs9_B_20260725_020106,0x10165,0xE200,0x30D2F9,robotol.ext,3,3,THUMB,plat_10165_alloc,ACCEPTED
fs9_B_20260725_020106,0x10102,0x1E200,0x30D301,robotol.ext,3,3,THUMB,plat_10102_register,ACCEPTED
fs9_B_20260725_020106,0x10140,0x5,0x30630D,robotol.ext,3,3,THUMB,plat_10140_register,ACCEPTED
fs9_B_20260725_020106,0x10162,0xE200,0x30D249,robotol.ext,3,3,THUMB,plat_10162_alloc,ACCEPTED
fs9_B_20260725_020106,0x10165,0xE200,0x30D2F9,robotol.ext,3,3,THUMB,plat_10165_alloc,ACCEPTED
fs9_B_20260725_020327,0x10102,0x1E200,0x30D301,robotol.ext,3,3,THUMB,plat_10102_register,ACCEPTED
fs9_B_20260725_020327,0x10140,0x5,0x30630D,robotol.ext,3,3,THUMB,plat_10140_register,ACCEPTED
fs9_B_20260725_020327,0x10162,0xE200,0x30D249,robotol.ext,3,3,THUMB,plat_10162_alloc,ACCEPTED
fs9_B_20260725_020327,0x10165,0xE200,0x30D2F9,robotol.ext,3,3,THUMB,plat_10165_alloc,ACCEPTED
fs9_B_20260725_020327,0x10102,0x1E200,0x30D301,robotol.ext,3,3,THUMB,plat_10102_register,ACCEPTED
fs9_B_20260725_020327,0x10140,0x5,0x30630D,robotol.ext,3,3,THUMB,plat_10140_register,ACCEPTED
fs9_B_20260725_020327,0x10162,0xE200,0x30D249,robotol.ext,3,3,THUMB,plat_10162_alloc,ACCEPTED
fs9_B_20260725_020327,0x10165,0xE200,0x30D2F9,robotol.ext,3,3,THUMB,plat_10165_alloc,ACCEPTED
fs9_A_20260725_020457,0x10102,0x1E200,0x30D301,robotol.ext,3,3,THUMB,plat_10102_register,ACCEPTED
fs9_A_20260725_020457,0x10140,0x5,0x30630D,robotol.ext,3,3,THUMB,plat_10140_register,ACCEPTED
fs9_A_20260725_020457,0x10162,0xE200,0x30D249,robotol.ext,3,3,THUMB,plat_10162_alloc,ACCEPTED
fs9_A_20260725_020457,0x10165,0xE200,0x30D2F9,robotol.ext,3,3,THUMB,plat_10165_alloc,ACCEPTED
fs9_A_20260725_020457,0x10102,0x1E200,0x30D301,robotol.ext,3,3,THUMB,plat_10102_register,ACCEPTED
fs9_A_20260725_020457,0x10140,0x5,0x30630D,robotol.ext,3,3,THUMB,plat_10140_register,ACCEPTED
fs9_A_20260725_020457,0x10162,0xE200,0x30D249,robotol.ext,3,3,THUMB,plat_10162_alloc,ACCEPTED
fs9_A_20260725_020457,0x10165,0xE200,0x30D2F9,robotol.ext,3,3,THUMB,plat_10165_alloc,ACCEPTED
pm10_C_20260725_025034,0x10102,0x1E200,0x30D301,robotol.ext,3,3,THUMB,plat_10102_register,ACCEPTED
pm10_C_20260725_025034,0x10140,0x5,0x30630D,robotol.ext,3,3,THUMB,plat_10140_register,ACCEPTED
pm10_C_20260725_025034,0x10162,0xE200,0x30D249,robotol.ext,3,3,THUMB,plat_10162_alloc,ACCEPTED
pm10_C_20260725_025034,0x10165,0xE200,0x30D2F9,robotol.ext,3,3,THUMB,plat_10165_alloc,ACCEPTED
pm10_C_20260725_025034,0x10102,0x1E200,0x30D301,robotol.ext,3,3,THUMB,plat_10102_register,ACCEPTED
pm10_C_20260725_025034,0x10140,0x5,0x30630D,robotol.ext,3,3,THUMB,plat_10140_register,ACCEPTED
pm10_C_20260725_025034,0x10162,0xE200,0x30D249,robotol.ext,3,3,THUMB,plat_10162_alloc,ACCEPTED
pm10_C_20260725_025034,0x10165,0xE200,0x30D2F9,robotol.ext,3,3,THUMB,plat_10165_alloc,ACCEPTED
pm10_A_20260725_025227,0x10102,0x1E200,0x30D301,robotol.ext,3,3,THUMB,plat_10102_register,ACCEPTED
pm10_A_20260725_025227,0x10140,0x5,0x30630D,robotol.ext,3,3,THUMB,plat_10140_register,ACCEPTED
pm10_A_20260725_025227,0x10162,0xE200,0x30D249,robotol.ext,3,3,THUMB,plat_10162_alloc,ACCEPTED
pm10_A_20260725_025227,0x10165,0xE200,0x30D2F9,robotol.ext,3,3,THUMB,plat_10165_alloc,ACCEPTED
pm10_A_20260725_025227,0x10102,0x1E200,0x30D301,robotol.ext,3,3,THUMB,plat_10102_register,ACCEPTED
pm10_A_20260725_025227,0x10140,0x5,0x30630D,robotol.ext,3,3,THUMB,plat_10140_register,ACCEPTED
pm10_A_20260725_025227,0x10162,0xE200,0x30D249,robotol.ext,3,3,THUMB,plat_10162_alloc,ACCEPTED
pm10_A_20260725_025227,0x10165,0xE200,0x30D2F9,robotol.ext,3,3,THUMB,plat_10165_alloc,ACCEPTED
pm10_B_20260725_025338,0x10102,0x1E200,0x30D301,robotol.ext,3,3,THUMB,plat_10102_register,ACCEPTED
pm10_B_20260725_025338,0x10140,0x5,0x30630D,robotol.ext,3,3,THUMB,plat_10140_register,ACCEPTED
pm10_B_20260725_025338,0x10162,0xE200,0x30D249,robotol.ext,3,3,THUMB,plat_10162_alloc,ACCEPTED
pm10_B_20260725_025338,0x10165,0xE200,0x30D2F9,robotol.ext,3,3,THUMB,plat_10165_alloc,ACCEPTED
pm10_B_20260725_025338,0x10102,0x1E200,0x30D301,robotol.ext,3,3,THUMB,plat_10102_register,ACCEPTED
pm10_B_20260725_025338,0x10140,0x5,0x30630D,robotol.ext,3,3,THUMB,plat_10140_register,ACCEPTED
pm10_B_20260725_025338,0x10162,0xE200,0x30D249,robotol.ext,3,3,THUMB,plat_10162_alloc,ACCEPTED
pm10_B_20260725_025338,0x10165,0xE200,0x30D2F9,robotol.ext,3,3,THUMB,plat_10165_alloc,ACCEPTED
pm10_D_20260725_025450,0x10102,0x1E200,0x30D301,robotol.ext,3,3,THUMB,plat_10102_register,ACCEPTED
pm10_D_20260725_025450,0x10140,0x5,0x30630D,robotol.ext,3,3,THUMB,plat_10140_register,ACCEPTED
pm10_D_20260725_025450,0x10162,0xE200,0x30D249,robotol.ext,3,3,THUMB,plat_10162_alloc,ACCEPTED
pm10_D_20260725_025450,0x10165,0xE200,0x30D2F9,robotol.ext,3,3,THUMB,plat_10165_alloc,ACCEPTED
pm10_D_20260725_025450,0x10102,0x1E200,0x30D301,robotol.ext,3,3,THUMB,plat_10102_register,ACCEPTED
pm10_D_20260725_025450,0x10140,0x5,0x30630D,robotol.ext,3,3,THUMB,plat_10140_register,ACCEPTED
pm10_D_20260725_025450,0x10162,0xE200,0x30D249,robotol.ext,3,3,THUMB,plat_10162_alloc,ACCEPTED
pm10_D_20260725_025450,0x10165,0xE200,0x30D2F9,robotol.ext,3,3,THUMB,plat_10165_alloc,ACCEPTED
pa11_B_20260725_031636,0x10102,0x1E200,0x30D301,robotol.ext,3,3,THUMB,plat_10102_register,ACCEPTED
pa11_B_20260725_031636,0x10140,0x5,0x30630D,robotol.ext,3,3,THUMB,plat_10140_register,ACCEPTED
pa11_B_20260725_031636,0x10162,0xE200,0x30D249,robotol.ext,3,3,THUMB,plat_10162_alloc,ACCEPTED
pa11_B_20260725_031636,0x10165,0xE200,0x30D2F9,robotol.ext,3,3,THUMB,plat_10165_alloc,ACCEPTED
pa11_B_20260725_031636,0x10102,0x1E200,0x30D301,robotol.ext,3,3,THUMB,plat_10102_register,ACCEPTED
pa11_B_20260725_031636,0x10140,0x5,0x30630D,robotol.ext,3,3,THUMB,plat_10140_register,ACCEPTED
pa11_B_20260725_031636,0x10162,0xE200,0x30D249,robotol.ext,3,3,THUMB,plat_10162_alloc,ACCEPTED
pa11_B_20260725_031636,0x10165,0xE200,0x30D2F9,robotol.ext,3,3,THUMB,plat_10165_alloc,ACCEPTED
pa11_B_20260725_032257,0x10102,0x1E200,0x30D301,robotol.ext,3,3,THUMB,plat_10102_register,ACCEPTED
pa11_B_20260725_032257,0x10140,0x5,0x30630D,robotol.ext,3,3,THUMB,plat_10140_register,ACCEPTED
pa11_B_20260725_032257,0x10162,0xE200,0x30D249,robotol.ext,3,3,THUMB,plat_10162_alloc,ACCEPTED
pa11_B_20260725_032257,0x10165,0xE200,0x30D2F9,robotol.ext,3,3,THUMB,plat_10165_alloc,ACCEPTED
pa11_B_20260725_032257,0x10102,0x1E200,0x30D301,robotol.ext,3,3,THUMB,plat_10102_register,ACCEPTED
pa11_B_20260725_032257,0x10140,0x5,0x30630D,robotol.ext,3,3,THUMB,plat_10140_register,ACCEPTED
pa11_B_20260725_032257,0x10162,0xE200,0x30D249,robotol.ext,3,3,THUMB,plat_10162_alloc,ACCEPTED
pa11_B_20260725_032257,0x10165,0xE200,0x30D2F9,robotol.ext,3,3,THUMB,plat_10165_alloc,ACCEPTED
pa11_B_20260725_032620,0x10102,0x1E200,0x30D301,robotol.ext,3,3,THUMB,plat_10102_register,ACCEPTED
pa11_B_20260725_032620,0x10140,0x5,0x30630D,robotol.ext,3,3,THUMB,plat_10140_register,ACCEPTED
pa11_B_20260725_032620,0x10162,0xE200,0x30D249,robotol.ext,3,3,THUMB,plat_10162_alloc,ACCEPTED
pa11_B_20260725_032620,0x10165,0xE200,0x30D2F9,robotol.ext,3,3,THUMB,plat_10165_alloc,ACCEPTED
pa11_B_20260725_032620,0x10102,0x1E200,0x30D301,robotol.ext,3,3,THUMB,plat_10102_register,ACCEPTED
pa11_B_20260725_032620,0x10140,0x5,0x30630D,robotol.ext,3,3,THUMB,plat_10140_register,ACCEPTED
pa11_B_20260725_032620,0x10162,0xE200,0x30D249,robotol.ext,3,3,THUMB,plat_10162_alloc,ACCEPTED
pa11_B_20260725_032620,0x10165,0xE200,0x30D2F9,robotol.ext,3,3,THUMB,plat_10165_alloc,ACCEPTED
pa11_C_20260725_032805,0x10102,0x1E200,0x30D301,robotol.ext,3,3,THUMB,plat_10102_register,ACCEPTED
pa11_C_20260725_032805,0x10140,0x5,0x30630D,robotol.ext,3,3,THUMB,plat_10140_register,ACCEPTED
pa11_C_20260725_032805,0x10162,0xE200,0x30D249,robotol.ext,3,3,THUMB,plat_10162_alloc,ACCEPTED
pa11_C_20260725_032805,0x10165,0xE200,0x30D2F9,robotol.ext,3,3,THUMB,plat_10165_alloc,ACCEPTED
pa11_C_20260725_032805,0x10102,0x1E200,0x30D301,robotol.ext,3,3,THUMB,plat_10102_register,ACCEPTED
pa11_C_20260725_032805,0x10140,0x5,0x30630D,robotol.ext,3,3,THUMB,plat_10140_register,ACCEPTED
pa11_C_20260725_032805,0x10162,0xE200,0x30D249,robotol.ext,3,3,THUMB,plat_10162_alloc,ACCEPTED
pa11_C_20260725_032805,0x10165,0xE200,0x30D2F9,robotol.ext,3,3,THUMB,plat_10165_alloc,ACCEPTED
pa11_C_20260725_034759,0x10102,0x1E200,0x30D301,robotol.ext,3,3,THUMB,plat_10102_register,ACCEPTED
pa11_C_20260725_034759,0x10140,0x5,0x30630D,robotol.ext,3,3,THUMB,plat_10140_register,ACCEPTED
pa11_C_20260725_034759,0x10162,0xE200,0x30D249,robotol.ext,3,3,THUMB,plat_10162_alloc,ACCEPTED
pa11_C_20260725_034759,0x10165,0xE200,0x30D2F9,robotol.ext,3,3,THUMB,plat_10165_alloc,ACCEPTED
pa11_C_20260725_034759,0x10102,0x1E200,0x30D301,robotol.ext,3,3,THUMB,plat_10102_register,ACCEPTED
pa11_C_20260725_034759,0x10140,0x5,0x30630D,robotol.ext,3,3,THUMB,plat_10140_register,ACCEPTED
pa11_C_20260725_034759,0x10162,0xE200,0x30D249,robotol.ext,3,3,THUMB,plat_10162_alloc,ACCEPTED
pa11_C_20260725_034759,0x10165,0xE200,0x30D2F9,robotol.ext,3,3,THUMB,plat_10165_alloc,ACCEPTED
pa11_C_20260725_034944,0x10102,0x1E200,0x30D301,robotol.ext,3,3,THUMB,plat_10102_register,ACCEPTED
pa11_C_20260725_034944,0x10140,0x5,0x30630D,robotol.ext,3,3,THUMB,plat_10140_register,ACCEPTED
pa11_C_20260725_034944,0x10162,0xE200,0x30D249,robotol.ext,3,3,THUMB,plat_10162_alloc,ACCEPTED
pa11_C_20260725_034944,0x10165,0xE200,0x30D2F9,robotol.ext,3,3,THUMB,plat_10165_alloc,ACCEPTED
pa11_C_20260725_034944,0x10102,0x1E200,0x30D301,robotol.ext,3,3,THUMB,plat_10102_register,ACCEPTED
pa11_C_20260725_034944,0x10140,0x5,0x30630D,robotol.ext,3,3,THUMB,plat_10140_register,ACCEPTED
pa11_C_20260725_034944,0x10162,0xE200,0x30D249,robotol.ext,3,3,THUMB,plat_10162_alloc,ACCEPTED
pa11_C_20260725_034944,0x10165,0xE200,0x30D2F9,robotol.ext,3,3,THUMB,plat_10165_alloc,ACCEPTED
pa11_C_20260725_035204,0x10102,0x1E200,0x30D301,robotol.ext,3,3,THUMB,plat_10102_register,ACCEPTED
pa11_C_20260725_035204,0x10140,0x5,0x30630D,robotol.ext,3,3,THUMB,plat_10140_register,ACCEPTED
pa11_C_20260725_035204,0x10162,0xE200,0x30D249,robotol.ext,3,3,THUMB,plat_10162_alloc,ACCEPTED
pa11_C_20260725_035204,0x10165,0xE200,0x30D2F9,robotol.ext,3,3,THUMB,plat_10165_alloc,ACCEPTED
pa11_C_20260725_035204,0x10102,0x1E200,0x30D301,robotol.ext,3,3,THUMB,plat_10102_register,ACCEPTED
pa11_C_20260725_035204,0x10140,0x5,0x30630D,robotol.ext,3,3,THUMB,plat_10140_register,ACCEPTED
pa11_C_20260725_035204,0x10162,0xE200,0x30D249,robotol.ext,3,3,THUMB,plat_10162_alloc,ACCEPTED
pa11_C_20260725_035204,0x10165,0xE200,0x30D2F9,robotol.ext,3,3,THUMB,plat_10165_alloc,ACCEPTED
pa11_C_20260725_040409,0x10102,0x1E200,0x30D301,robotol.ext,3,3,THUMB,plat_10102_register,ACCEPTED
pa11_C_20260725_040409,0x10140,0x5,0x30630D,robotol.ext,3,3,THUMB,plat_10140_register,ACCEPTED
pa11_C_20260725_040409,0x10162,0xE200,0x30D249,robotol.ext,3,3,THUMB,plat_10162_alloc,ACCEPTED
pa11_C_20260725_040409,0x10165,0xE200,0x30D2F9,robotol.ext,3,3,THUMB,plat_10165_alloc,ACCEPTED
pa11_C_20260725_040409,0x10102,0x1E200,0x30D301,robotol.ext,3,3,THUMB,plat_10102_register,ACCEPTED
pa11_C_20260725_040409,0x10140,0x5,0x30630D,robotol.ext,3,3,THUMB,plat_10140_register,ACCEPTED
pa11_C_20260725_040409,0x10162,0xE200,0x30D249,robotol.ext,3,3,THUMB,plat_10162_alloc,ACCEPTED
pa11_C_20260725_040409,0x10165,0xE200,0x30D2F9,robotol.ext,3,3,THUMB,plat_10165_alloc,ACCEPTED
pa11_C_20260725_041047,0x10102,0x1E200,0x30D301,robotol.ext,3,3,THUMB,plat_10102_register,ACCEPTED
pa11_C_20260725_041047,0x10140,0x5,0x30630D,robotol.ext,3,3,THUMB,plat_10140_register,ACCEPTED
pa11_C_20260725_041047,0x10162,0xE200,0x30D249,robotol.ext,3,3,THUMB,plat_10162_alloc,ACCEPTED
pa11_C_20260725_041047,0x10165,0xE200,0x30D2F9,robotol.ext,3,3,THUMB,plat_10165_alloc,ACCEPTED
pa11_C_20260725_041047,0x10102,0x1E200,0x30D301,robotol.ext,3,3,THUMB,plat_10102_register,ACCEPTED
pa11_C_20260725_041047,0x10140,0x5,0x30630D,robotol.ext,3,3,THUMB,plat_10140_register,ACCEPTED
pa11_C_20260725_041047,0x10162,0xE200,0x30D249,robotol.ext,3,3,THUMB,plat_10162_alloc,ACCEPTED
pa11_C_20260725_041047,0x10165,0xE200,0x30D2F9,robotol.ext,3,3,THUMB,plat_10165_alloc,ACCEPTED
pa11_C_20260725_124311,0x10102,0x1E200,0x30D301,robotol.ext,3,3,THUMB,plat_10102_register,ACCEPTED
pa11_C_20260725_124311,0x10140,0x5,0x30630D,robotol.ext,3,3,THUMB,plat_10140_register,ACCEPTED
pa11_C_20260725_124311,0x10162,0xE200,0x30D249,robotol.ext,3,3,THUMB,plat_10162_alloc,ACCEPTED
pa11_C_20260725_124311,0x10165,0xE200,0x30D2F9,robotol.ext,3,3,THUMB,plat_10165_alloc,ACCEPTED
pa11_C_20260725_124311,0x10102,0x1E200,0x30D301,robotol.ext,3,3,THUMB,plat_10102_register,ACCEPTED
pa11_C_20260725_124311,0x10140,0x5,0x30630D,robotol.ext,3,3,THUMB,plat_10140_register,ACCEPTED
pa11_C_20260725_124311,0x10162,0xE200,0x30D249,robotol.ext,3,3,THUMB,plat_10162_alloc,ACCEPTED
pa11_C_20260725_124311,0x10165,0xE200,0x30D2F9,robotol.ext,3,3,THUMB,plat_10165_alloc,ACCEPTED
pa11_C_20260725_125716,0x10102,0x1E200,0x30D301,robotol.ext,3,3,THUMB,plat_10102_register,ACCEPTED
pa11_C_20260725_125716,0x10140,0x5,0x30630D,robotol.ext,3,3,THUMB,plat_10140_register,ACCEPTED
pa11_C_20260725_125716,0x10162,0xE200,0x30D249,robotol.ext,3,3,THUMB,plat_10162_alloc,ACCEPTED
pa11_C_20260725_125716,0x10165,0xE200,0x30D2F9,robotol.ext,3,3,THUMB,plat_10165_alloc,ACCEPTED
pa11_C_20260725_125716,0x10102,0x1E200,0x30D301,robotol.ext,3,3,THUMB,plat_10102_register,ACCEPTED
pa11_C_20260725_125716,0x10140,0x5,0x30630D,robotol.ext,3,3,THUMB,plat_10140_register,ACCEPTED
pa11_C_20260725_125716,0x10162,0xE200,0x30D249,robotol.ext,3,3,THUMB,plat_10162_alloc,ACCEPTED
pa11_C_20260725_125716,0x10165,0xE200,0x30D2F9,robotol.ext,3,3,THUMB,plat_10165_alloc,ACCEPTED
pa11_C_20260725_130444,0x10102,0x1E200,0x30D301,robotol.ext,3,3,THUMB,plat_10102_register,ACCEPTED
pa11_C_20260725_130444,0x10140,0x5,0x30630D,robotol.ext,3,3,THUMB,plat_10140_register,ACCEPTED
pa11_C_20260725_130444,0x10162,0xE200,0x30D249,robotol.ext,3,3,THUMB,plat_10162_alloc,ACCEPTED
pa11_C_20260725_130444,0x10165,0xE200,0x30D2F9,robotol.ext,3,3,THUMB,plat_10165_alloc,ACCEPTED
pa11_C_20260725_130444,0x10102,0x1E200,0x30D301,robotol.ext,3,3,THUMB,plat_10102_register,ACCEPTED
pa11_C_20260725_130444,0x10140,0x5,0x30630D,robotol.ext,3,3,THUMB,plat_10140_register,ACCEPTED
pa11_C_20260725_130444,0x10162,0xE200,0x30D249,robotol.ext,3,3,THUMB,plat_10162_alloc,ACCEPTED
pa11_C_20260725_130444,0x10165,0xE200,0x30D2F9,robotol.ext,3,3,THUMB,plat_10165_alloc,ACCEPTED
pa11_C_20260725_130519,0x10102,0x1E200,0x30D301,robotol.ext,3,3,THUMB,plat_10102_register,ACCEPTED
pa11_C_20260725_130519,0x10140,0x5,0x30630D,robotol.ext,3,3,THUMB,plat_10140_register,ACCEPTED
pa11_C_20260725_130519,0x10162,0xE200,0x30D249,robotol.ext,3,3,THUMB,plat_10162_alloc,ACCEPTED
pa11_C_20260725_130519,0x10165,0xE200,0x30D2F9,robotol.ext,3,3,THUMB,plat_10165_alloc,ACCEPTED
pa11_C_20260725_130519,0x10102,0x1E200,0x30D301,robotol.ext,3,3,THUMB,plat_10102_register,ACCEPTED
pa11_C_20260725_130519,0x10140,0x5,0x30630D,robotol.ext,3,3,THUMB,plat_10140_register,ACCEPTED
pa11_C_20260725_130519,0x10162,0xE200,0x30D249,robotol.ext,3,3,THUMB,plat_10162_alloc,ACCEPTED
pa11_C_20260725_130519,0x10165,0xE200,0x30D2F9,robotol.ext,3,3,THUMB,plat_10165_alloc,ACCEPTED
pa11_C_20260725_132803,0x10102,0x1E200,0x30D301,robotol.ext,3,3,THUMB,plat_10102_register,ACCEPTED
pa11_C_20260725_132803,0x10140,0x5,0x30630D,robotol.ext,3,3,THUMB,plat_10140_register,ACCEPTED
pa11_C_20260725_132803,0x10162,0xE200,0x30D249,robotol.ext,3,3,THUMB,plat_10162_alloc,ACCEPTED
pa11_C_20260725_132803,0x10165,0xE200,0x30D2F9,robotol.ext,3,3,THUMB,plat_10165_alloc,ACCEPTED
pa11_C_20260725_132803,0x10102,0x1E200,0x30D301,robotol.ext,3,3,THUMB,plat_10102_register,ACCEPTED
pa11_C_20260725_132803,0x10140,0x5,0x30630D,robotol.ext,3,3,THUMB,plat_10140_register,ACCEPTED
pa11_C_20260725_132803,0x10162,0xE200,0x30D249,robotol.ext,3,3,THUMB,plat_10162_alloc,ACCEPTED
pa11_C_20260725_132803,0x10165,0xE200,0x30D2F9,robotol.ext,3,3,THUMB,plat_10165_alloc,ACCEPTED
pa11_C_20260725_132920,0x10102,0x1E200,0x30D301,robotol.ext,3,3,THUMB,plat_10102_register,ACCEPTED
pa11_C_20260725_132920,0x10140,0x5,0x30630D,robotol.ext,3,3,THUMB,plat_10140_register,ACCEPTED
pa11_C_20260725_132920,0x10162,0xE200,0x30D249,robotol.ext,3,3,THUMB,plat_10162_alloc,ACCEPTED
pa11_C_20260725_132920,0x10165,0xE200,0x30D2F9,robotol.ext,3,3,THUMB,plat_10165_alloc,ACCEPTED
pa11_C_20260725_132920,0x10102,0x1E200,0x30D301,robotol.ext,3,3,THUMB,plat_10102_register,ACCEPTED
pa11_C_20260725_132920,0x10140,0x5,0x30630D,robotol.ext,3,3,THUMB,plat_10140_register,ACCEPTED
pa11_C_20260725_132920,0x10162,0xE200,0x30D249,robotol.ext,3,3,THUMB,plat_10162_alloc,ACCEPTED
pa11_C_20260725_132920,0x10165,0xE200,0x30D2F9,robotol.ext,3,3,THUMB,plat_10165_alloc,ACCEPTED
pa11_C_20260725_161228,0x10102,0x1E200,0x30D301,robotol.ext,3,3,THUMB,plat_10102_register,ACCEPTED
pa11_C_20260725_161228,0x10140,0x5,0x30630D,robotol.ext,3,3,THUMB,plat_10140_register,ACCEPTED
pa11_C_20260725_161228,0x10162,0xE200,0x30D249,robotol.ext,3,3,THUMB,plat_10162_alloc,ACCEPTED
pa11_C_20260725_161228,0x10165,0xE200,0x30D2F9,robotol.ext,3,3,THUMB,plat_10165_alloc,ACCEPTED
pa11_C_20260725_161228,0x10102,0x1E200,0x30D301,robotol.ext,3,3,THUMB,plat_10102_register,ACCEPTED
pa11_C_20260725_161228,0x10140,0x5,0x30630D,robotol.ext,3,3,THUMB,plat_10140_register,ACCEPTED
pa11_C_20260725_161228,0x10162,0xE200,0x30D249,robotol.ext,3,3,THUMB,plat_10162_alloc,ACCEPTED
pa11_C_20260725_161228,0x10165,0xE200,0x30D2F9,robotol.ext,3,3,THUMB,plat_10165_alloc,ACCEPTED
pa11_C_20260725_161634,0x10102,0x1E200,0x30D301,robotol.ext,3,3,THUMB,plat_10102_register,ACCEPTED
pa11_C_20260725_161634,0x10140,0x5,0x30630D,robotol.ext,3,3,THUMB,plat_10140_register,ACCEPTED
pa11_C_20260725_161634,0x10162,0xE200,0x30D249,robotol.ext,3,3,THUMB,plat_10162_alloc,ACCEPTED
pa11_C_20260725_161634,0x10165,0xE200,0x30D2F9,robotol.ext,3,3,THUMB,plat_10165_alloc,ACCEPTED
pa11_C_20260725_161634,0x10102,0x1E200,0x30D301,robotol.ext,3,3,THUMB,plat_10102_register,ACCEPTED
pa11_C_20260725_161634,0x10140,0x5,0x30630D,robotol.ext,3,3,THUMB,plat_10140_register,ACCEPTED
pa11_C_20260725_161634,0x10162,0xE200,0x30D249,robotol.ext,3,3,THUMB,plat_10162_alloc,ACCEPTED
pa11_C_20260725_161634,0x10165,0xE200,0x30D2F9,robotol.ext,3,3,THUMB,plat_10165_alloc,ACCEPTED
pa11_C_20260725_161824,0x10102,0x1E200,0x30D301,robotol.ext,3,3,THUMB,plat_10102_register,ACCEPTED
pa11_C_20260725_161824,0x10140,0x5,0x30630D,robotol.ext,3,3,THUMB,plat_10140_register,ACCEPTED
pa11_C_20260725_161824,0x10162,0xE200,0x30D249,robotol.ext,3,3,THUMB,plat_10162_alloc,ACCEPTED
pa11_C_20260725_161824,0x10165,0xE200,0x30D2F9,robotol.ext,3,3,THUMB,plat_10165_alloc,ACCEPTED
pa11_C_20260725_161824,0x10102,0x1E200,0x30D301,robotol.ext,3,3,THUMB,plat_10102_register,ACCEPTED
pa11_C_20260725_161824,0x10140,0x5,0x30630D,robotol.ext,3,3,THUMB,plat_10140_register,ACCEPTED
pa11_C_20260725_161824,0x10162,0xE200,0x30D249,robotol.ext,3,3,THUMB,plat_10162_alloc,ACCEPTED
pa11_C_20260725_161824,0x10165,0xE200,0x30D2F9,robotol.ext,3,3,THUMB,plat_10165_alloc,ACCEPTED
pa11_C_20260725_162031,0x10102,0x1E200,0x30D301,robotol.ext,3,3,THUMB,plat_10102_register,ACCEPTED
pa11_C_20260725_162031,0x10140,0x5,0x30630D,robotol.ext,3,3,THUMB,plat_10140_register,ACCEPTED
pa11_C_20260725_162031,0x10162,0xE200,0x30D249,robotol.ext,3,3,THUMB,plat_10162_alloc,ACCEPTED
pa11_C_20260725_162031,0x10165,0xE200,0x30D2F9,robotol.ext,3,3,THUMB,plat_10165_alloc,ACCEPTED
pa11_C_20260725_162031,0x10102,0x1E200,0x30D301,robotol.ext,3,3,THUMB,plat_10102_register,ACCEPTED
pa11_C_20260725_162031,0x10140,0x5,0x30630D,robotol.ext,3,3,THUMB,plat_10140_register,ACCEPTED
pa11_C_20260725_162031,0x10162,0xE200,0x30D249,robotol.ext,3,3,THUMB,plat_10162_alloc,ACCEPTED
pa11_C_20260725_162031,0x10165,0xE200,0x30D2F9,robotol.ext,3,3,THUMB,plat_10165_alloc,ACCEPTED
pa11_C_20260725_162405,0x10102,0x1E200,0x30D301,robotol.ext,3,3,THUMB,plat_10102_register,ACCEPTED
pa11_C_20260725_162405,0x10140,0x5,0x30630D,robotol.ext,3,3,THUMB,plat_10140_register,ACCEPTED
pa11_C_20260725_162405,0x10162,0xE200,0x30D249,robotol.ext,3,3,THUMB,plat_10162_alloc,ACCEPTED
pa11_C_20260725_162405,0x10165,0xE200,0x30D2F9,robotol.ext,3,3,THUMB,plat_10165_alloc,ACCEPTED
pa11_C_20260725_162405,0x10102,0x1E200,0x30D301,robotol.ext,3,3,THUMB,plat_10102_register,ACCEPTED
pa11_C_20260725_162405,0x10140,0x5,0x30630D,robotol.ext,3,3,THUMB,plat_10140_register,ACCEPTED
pa11_C_20260725_162405,0x10162,0xE200,0x30D249,robotol.ext,3,3,THUMB,plat_10162_alloc,ACCEPTED
pa11_C_20260725_162405,0x10165,0xE200,0x30D2F9,robotol.ext,3,3,THUMB,plat_10165_alloc,ACCEPTED
pa11_C_20260725_162729,0x10102,0x1E200,0x30D301,robotol.ext,3,3,THUMB,plat_10102_register,ACCEPTED
pa11_C_20260725_162729,0x10140,0x5,0x30630D,robotol.ext,3,3,THUMB,plat_10140_register,ACCEPTED
pa11_C_20260725_162729,0x10162,0xE200,0x30D249,robotol.ext,3,3,THUMB,plat_10162_alloc,ACCEPTED
pa11_C_20260725_162729,0x10165,0xE200,0x30D2F9,robotol.ext,3,3,THUMB,plat_10165_alloc,ACCEPTED
pa11_C_20260725_162729,0x10102,0x1E200,0x30D301,robotol.ext,3,3,THUMB,plat_10102_register,ACCEPTED
pa11_C_20260725_162729,0x10140,0x5,0x30630D,robotol.ext,3,3,THUMB,plat_10140_register,ACCEPTED
pa11_C_20260725_162729,0x10162,0xE200,0x30D249,robotol.ext,3,3,THUMB,plat_10162_alloc,ACCEPTED
pa11_C_20260725_162729,0x10165,0xE200,0x30D2F9,robotol.ext,3,3,THUMB,plat_10165_alloc,ACCEPTED
pa11_C_20260725_163922,0x10102,0x1E200,0x30D301,robotol.ext,3,3,THUMB,plat_10102_register,ACCEPTED
pa11_C_20260725_163922,0x10140,0x5,0x30630D,robotol.ext,3,3,THUMB,plat_10140_register,ACCEPTED
pa11_C_20260725_163922,0x10162,0xE200,0x30D249,robotol.ext,3,3,THUMB,plat_10162_alloc,ACCEPTED
pa11_C_20260725_163922,0x10165,0xE200,0x30D2F9,robotol.ext,3,3,THUMB,plat_10165_alloc,ACCEPTED
pa11_C_20260725_163922,0x10102,0x1E200,0x30D301,robotol.ext,3,3,THUMB,plat_10102_register,ACCEPTED
pa11_C_20260725_163922,0x10140,0x5,0x30630D,robotol.ext,3,3,THUMB,plat_10140_register,ACCEPTED
pa11_C_20260725_163922,0x10162,0xE200,0x30D249,robotol.ext,3,3,THUMB,plat_10162_alloc,ACCEPTED
pa11_C_20260725_163922,0x10165,0xE200,0x30D2F9,robotol.ext,3,3,THUMB,plat_10165_alloc,ACCEPTED
pa11_C_20260725_164136,0x10102,0x1E200,0x30D301,robotol.ext,3,3,THUMB,plat_10102_register,ACCEPTED
pa11_C_20260725_164136,0x10140,0x5,0x30630D,robotol.ext,3,3,THUMB,plat_10140_register,ACCEPTED
pa11_C_20260725_164136,0x10162,0xE200,0x30D249,robotol.ext,3,3,THUMB,plat_10162_alloc,ACCEPTED
pa11_C_20260725_164136,0x10165,0xE200,0x30D2F9,robotol.ext,3,3,THUMB,plat_10165_alloc,ACCEPTED
pa11_C_20260725_164136,0x10102,0x1E200,0x30D301,robotol.ext,3,3,THUMB,plat_10102_register,ACCEPTED
pa11_C_20260725_164136,0x10140,0x5,0x30630D,robotol.ext,3,3,THUMB,plat_10140_register,ACCEPTED
pa11_C_20260725_164136,0x10162,0xE200,0x30D249,robotol.ext,3,3,THUMB,plat_10162_alloc,ACCEPTED
pa11_C_20260725_164136,0x10165,0xE200,0x30D2F9,robotol.ext,3,3,THUMB,plat_10165_alloc,ACCEPTED
pa11_C_20260725_171913,0x10102,0x1E200,0x30D301,robotol.ext,3,3,THUMB,plat_10102_register,ACCEPTED
pa11_C_20260725_171913,0x10140,0x5,0x30630D,robotol.ext,3,3,THUMB,plat_10140_register,ACCEPTED
pa11_C_20260725_171913,0x10162,0xE200,0x30D249,robotol.ext,3,3,THUMB,plat_10162_alloc,ACCEPTED
pa11_C_20260725_171913,0x10165,0xE200,0x30D2F9,robotol.ext,3,3,THUMB,plat_10165_alloc,ACCEPTED
pa11_C_20260725_171913,0x10102,0x1E200,0x30D301,robotol.ext,3,3,THUMB,plat_10102_register,ACCEPTED
pa11_C_20260725_171913,0x10140,0x5,0x30630D,robotol.ext,3,3,THUMB,plat_10140_register,ACCEPTED
pa11_C_20260725_171913,0x10162,0xE200,0x30D249,robotol.ext,3,3,THUMB,plat_10162_alloc,ACCEPTED
pa11_C_20260725_171913,0x10165,0xE200,0x30D2F9,robotol.ext,3,3,THUMB,plat_10165_alloc,ACCEPTED
pa11_C_20260725_172119,0x10102,0x1E200,0x30D301,robotol.ext,3,3,THUMB,plat_10102_register,ACCEPTED
pa11_C_20260725_172119,0x10140,0x5,0x30630D,robotol.ext,3,3,THUMB,plat_10140_register,ACCEPTED
pa11_C_20260725_172119,0x10162,0xE200,0x30D249,robotol.ext,3,3,THUMB,plat_10162_alloc,ACCEPTED
pa11_C_20260725_172119,0x10165,0xE200,0x30D2F9,robotol.ext,3,3,THUMB,plat_10165_alloc,ACCEPTED
pa11_C_20260725_172119,0x10102,0x1E200,0x30D301,robotol.ext,3,3,THUMB,plat_10102_register,ACCEPTED
pa11_C_20260725_172119,0x10140,0x5,0x30630D,robotol.ext,3,3,THUMB,plat_10140_register,ACCEPTED
pa11_C_20260725_172119,0x10162,0xE200,0x30D249,robotol.ext,3,3,THUMB,plat_10162_alloc,ACCEPTED
pa11_C_20260725_172119,0x10165,0xE200,0x30D2F9,robotol.ext,3,3,THUMB,plat_10165_alloc,ACCEPTED
pa11_C_20260725_172548,0x10102,0x1E200,0x30D301,robotol.ext,3,3,THUMB,plat_10102_register,ACCEPTED
pa11_C_20260725_172548,0x10140,0x5,0x30630D,robotol.ext,3,3,THUMB,plat_10140_register,ACCEPTED
pa11_C_20260725_172548,0x10162,0xE200,0x30D249,robotol.ext,3,3,THUMB,plat_10162_alloc,ACCEPTED
pa11_C_20260725_172548,0x10165,0xE200,0x30D2F9,robotol.ext,3,3,THUMB,plat_10165_alloc,ACCEPTED
pa11_C_20260725_172548,0x10102,0x1E200,0x30D301,robotol.ext,3,3,THUMB,plat_10102_register,ACCEPTED
pa11_C_20260725_172548,0x10140,0x5,0x30630D,robotol.ext,3,3,THUMB,plat_10140_register,ACCEPTED
pa11_C_20260725_172548,0x10162,0xE200,0x30D249,robotol.ext,3,3,THUMB,plat_10162_alloc,ACCEPTED
pa11_C_20260725_172548,0x10165,0xE200,0x30D2F9,robotol.ext,3,3,THUMB,plat_10165_alloc,ACCEPTED
pa11_C_20260725_172825,0x10102,0x1E200,0x30D301,robotol.ext,3,3,THUMB,plat_10102_register,ACCEPTED
pa11_C_20260725_172825,0x10140,0x5,0x30630D,robotol.ext,3,3,THUMB,plat_10140_register,ACCEPTED
pa11_C_20260725_172825,0x10162,0xE200,0x30D249,robotol.ext,3,3,THUMB,plat_10162_alloc,ACCEPTED
pa11_C_20260725_172825,0x10165,0xE200,0x30D2F9,robotol.ext,3,3,THUMB,plat_10165_alloc,ACCEPTED
pa11_C_20260725_172825,0x10102,0x1E200,0x30D301,robotol.ext,3,3,THUMB,plat_10102_register,ACCEPTED
pa11_C_20260725_172825,0x10140,0x5,0x30630D,robotol.ext,3,3,THUMB,plat_10140_register,ACCEPTED
pa11_C_20260725_172825,0x10162,0xE200,0x30D249,robotol.ext,3,3,THUMB,plat_10162_alloc,ACCEPTED
pa11_C_20260725_172825,0x10165,0xE200,0x30D2F9,robotol.ext,3,3,THUMB,plat_10165_alloc,ACCEPTED
pa11_C_20260725_173227,0x10102,0x1E200,0x30D301,robotol.ext,3,3,THUMB,plat_10102_register,ACCEPTED
pa11_C_20260725_173227,0x10140,0x5,0x30630D,robotol.ext,3,3,THUMB,plat_10140_register,ACCEPTED
pa11_C_20260725_173227,0x10162,0xE200,0x30D249,robotol.ext,3,3,THUMB,plat_10162_alloc,ACCEPTED
pa11_C_20260725_173227,0x10165,0xE200,0x30D2F9,robotol.ext,3,3,THUMB,plat_10165_alloc,ACCEPTED
pa11_C_20260725_173227,0x10102,0x1E200,0x30D301,robotol.ext,3,3,THUMB,plat_10102_register,ACCEPTED
pa11_C_20260725_173227,0x10140,0x5,0x30630D,robotol.ext,3,3,THUMB,plat_10140_register,ACCEPTED
pa11_C_20260725_173227,0x10162,0xE200,0x30D249,robotol.ext,3,3,THUMB,plat_10162_alloc,ACCEPTED
pa11_C_20260725_173227,0x10165,0xE200,0x30D2F9,robotol.ext,3,3,THUMB,plat_10165_alloc,ACCEPTED
pa11_C_20260725_173632,0x10102,0x1E200,0x30D301,robotol.ext,3,3,THUMB,plat_10102_register,ACCEPTED
pa11_C_20260725_173632,0x10140,0x5,0x30630D,robotol.ext,3,3,THUMB,plat_10140_register,ACCEPTED
pa11_C_20260725_173632,0x10162,0xE200,0x30D249,robotol.ext,3,3,THUMB,plat_10162_alloc,ACCEPTED
pa11_C_20260725_173632,0x10165,0xE200,0x30D2F9,robotol.ext,3,3,THUMB,plat_10165_alloc,ACCEPTED
pa11_C_20260725_173632,0x10102,0x1E200,0x30D301,robotol.ext,3,3,THUMB,plat_10102_register,ACCEPTED
pa11_C_20260725_173632,0x10140,0x5,0x30630D,robotol.ext,3,3,THUMB,plat_10140_register,ACCEPTED
pa11_C_20260725_173632,0x10162,0xE200,0x30D249,robotol.ext,3,3,THUMB,plat_10162_alloc,ACCEPTED
pa11_C_20260725_173632,0x10165,0xE200,0x30D2F9,robotol.ext,3,3,THUMB,plat_10165_alloc,ACCEPTED
pa11_C_20260725_180228,0x10102,0x1E200,0x30D301,robotol.ext,3,3,THUMB,plat_10102_register,ACCEPTED
pa11_C_20260725_180228,0x10140,0x5,0x30630D,robotol.ext,3,3,THUMB,plat_10140_register,ACCEPTED
pa11_C_20260725_180228,0x10162,0xE200,0x30D249,robotol.ext,3,3,THUMB,plat_10162_alloc,ACCEPTED
pa11_C_20260725_180228,0x10165,0xE200,0x30D2F9,robotol.ext,3,3,THUMB,plat_10165_alloc,ACCEPTED
pa11_C_20260725_180228,0x10102,0x1E200,0x30D301,robotol.ext,3,3,THUMB,plat_10102_register,ACCEPTED
pa11_C_20260725_180228,0x10140,0x5,0x30630D,robotol.ext,3,3,THUMB,plat_10140_register,ACCEPTED
pa11_C_20260725_180228,0x10162,0xE200,0x30D249,robotol.ext,3,3,THUMB,plat_10162_alloc,ACCEPTED
pa11_C_20260725_180228,0x10165,0xE200,0x30D2F9,robotol.ext,3,3,THUMB,plat_10165_alloc,ACCEPTED
pa11_C_20260725_193740,0x10102,0x1E200,0x30D301,robotol.ext,3,3,THUMB,plat_10102_register,ACCEPTED
pa11_C_20260725_193740,0x10140,0x5,0x30630D,robotol.ext,3,3,THUMB,plat_10140_register,ACCEPTED
pa11_C_20260725_193740,0x10162,0xE200,0x30D249,robotol.ext,3,3,THUMB,plat_10162_alloc,ACCEPTED
pa11_C_20260725_193740,0x10165,0xE200,0x30D2F9,robotol.ext,3,3,THUMB,plat_10165_alloc,ACCEPTED
pa11_C_20260725_193740,0x10102,0x1E200,0x30D301,robotol.ext,3,3,THUMB,plat_10102_register,ACCEPTED
pa11_C_20260725_193740,0x10140,0x5,0x30630D,robotol.ext,3,3,THUMB,plat_10140_register,ACCEPTED
pa11_C_20260725_193740,0x10162,0xE200,0x30D249,robotol.ext,3,3,THUMB,plat_10162_alloc,ACCEPTED
pa11_C_20260725_193740,0x10165,0xE200,0x30D2F9,robotol.ext,3,3,THUMB,plat_10165_alloc,ACCEPTED
pa11_C_20260725_194319,0x10102,0x1E200,0x30D301,robotol.ext,3,3,THUMB,plat_10102_register,ACCEPTED
pa11_C_20260725_194319,0x10140,0x5,0x30630D,robotol.ext,3,3,THUMB,plat_10140_register,ACCEPTED
pa11_C_20260725_194319,0x10162,0xE200,0x30D249,robotol.ext,3,3,THUMB,plat_10162_alloc,ACCEPTED
pa11_C_20260725_194319,0x10165,0xE200,0x30D2F9,robotol.ext,3,3,THUMB,plat_10165_alloc,ACCEPTED
pa11_C_20260725_194319,0x10102,0x1E200,0x30D301,robotol.ext,3,3,THUMB,plat_10102_register,ACCEPTED
pa11_C_20260725_194319,0x10140,0x5,0x30630D,robotol.ext,3,3,THUMB,plat_10140_register,ACCEPTED
pa11_C_20260725_194319,0x10162,0xE200,0x30D249,robotol.ext,3,3,THUMB,plat_10162_alloc,ACCEPTED
pa11_C_20260725_194319,0x10165,0xE200,0x30D2F9,robotol.ext,3,3,THUMB,plat_10165_alloc,ACCEPTED
pa11_C_20260725_194623,0x10102,0x1E200,0x30D301,robotol.ext,3,3,THUMB,plat_10102_register,ACCEPTED
pa11_C_20260725_194623,0x10140,0x5,0x30630D,robotol.ext,3,3,THUMB,plat_10140_register,ACCEPTED
pa11_C_20260725_194623,0x10162,0xE200,0x30D249,robotol.ext,3,3,THUMB,plat_10162_alloc,ACCEPTED
pa11_C_20260725_194623,0x10165,0xE200,0x30D2F9,robotol.ext,3,3,THUMB,plat_10165_alloc,ACCEPTED
pa11_C_20260725_194623,0x10102,0x1E200,0x30D301,robotol.ext,3,3,THUMB,plat_10102_register,ACCEPTED
pa11_C_20260725_194623,0x10140,0x5,0x30630D,robotol.ext,3,3,THUMB,plat_10140_register,ACCEPTED
pa11_C_20260725_194623,0x10162,0xE200,0x30D249,robotol.ext,3,3,THUMB,plat_10162_alloc,ACCEPTED
pa11_C_20260725_194623,0x10165,0xE200,0x30D2F9,robotol.ext,3,3,THUMB,plat_10165_alloc,ACCEPTED
pa11_C_20260725_194923,0x10102,0x1E200,0x30D301,robotol.ext,3,3,THUMB,plat_10102_register,ACCEPTED
pa11_C_20260725_194923,0x10140,0x5,0x30630D,robotol.ext,3,3,THUMB,plat_10140_register,ACCEPTED
pa11_C_20260725_194923,0x10162,0xE200,0x30D249,robotol.ext,3,3,THUMB,plat_10162_alloc,ACCEPTED
pa11_C_20260725_194923,0x10165,0xE200,0x30D2F9,robotol.ext,3,3,THUMB,plat_10165_alloc,ACCEPTED
pa11_C_20260725_194923,0x10102,0x1E200,0x30D301,robotol.ext,3,3,THUMB,plat_10102_register,ACCEPTED
pa11_C_20260725_194923,0x10140,0x5,0x30630D,robotol.ext,3,3,THUMB,plat_10140_register,ACCEPTED
pa11_C_20260725_194923,0x10162,0xE200,0x30D249,robotol.ext,3,3,THUMB,plat_10162_alloc,ACCEPTED
pa11_C_20260725_194923,0x10165,0xE200,0x30D2F9,robotol.ext,3,3,THUMB,plat_10165_alloc,ACCEPTED
pa11_C_20260725_195209,0x10102,0x1E200,0x30D301,robotol.ext,3,3,THUMB,plat_10102_register,ACCEPTED
pa11_C_20260725_195209,0x10140,0x5,0x30630D,robotol.ext,3,3,THUMB,plat_10140_register,ACCEPTED
pa11_C_20260725_195209,0x10162,0xE200,0x30D249,robotol.ext,3,3,THUMB,plat_10162_alloc,ACCEPTED
pa11_C_20260725_195209,0x10165,0xE200,0x30D2F9,robotol.ext,3,3,THUMB,plat_10165_alloc,ACCEPTED
pa11_C_20260725_195209,0x10102,0x1E200,0x30D301,robotol.ext,3,3,THUMB,plat_10102_register,ACCEPTED
pa11_C_20260725_195209,0x10140,0x5,0x30630D,robotol.ext,3,3,THUMB,plat_10140_register,ACCEPTED
pa11_C_20260725_195209,0x10162,0xE200,0x30D249,robotol.ext,3,3,THUMB,plat_10162_alloc,ACCEPTED
pa11_C_20260725_195209,0x10165,0xE200,0x30D2F9,robotol.ext,3,3,THUMB,plat_10165_alloc,ACCEPTED
pa11_C_20260725_195412,0x10102,0x1E200,0x30D301,robotol.ext,3,3,THUMB,plat_10102_register,ACCEPTED
pa11_C_20260725_195412,0x10140,0x5,0x30630D,robotol.ext,3,3,THUMB,plat_10140_register,ACCEPTED
pa11_C_20260725_195412,0x10162,0xE200,0x30D249,robotol.ext,3,3,THUMB,plat_10162_alloc,ACCEPTED
pa11_C_20260725_195412,0x10165,0xE200,0x30D2F9,robotol.ext,3,3,THUMB,plat_10165_alloc,ACCEPTED
pa11_C_20260725_195412,0x10102,0x1E200,0x30D301,robotol.ext,3,3,THUMB,plat_10102_register,ACCEPTED
pa11_C_20260725_195412,0x10140,0x5,0x30630D,robotol.ext,3,3,THUMB,plat_10140_register,ACCEPTED
pa11_C_20260725_195412,0x10162,0xE200,0x30D249,robotol.ext,3,3,THUMB,plat_10162_alloc,ACCEPTED
pa11_C_20260725_195412,0x10165,0xE200,0x30D2F9,robotol.ext,3,3,THUMB,plat_10165_alloc,ACCEPTED
pa11_C_20260725_195618,0x10102,0x1E200,0x30D301,robotol.ext,3,3,THUMB,plat_10102_register,ACCEPTED
pa11_C_20260725_195618,0x10140,0x5,0x30630D,robotol.ext,3,3,THUMB,plat_10140_register,ACCEPTED
pa11_C_20260725_195618,0x10162,0xE200,0x30D249,robotol.ext,3,3,THUMB,plat_10162_alloc,ACCEPTED
pa11_C_20260725_195618,0x10165,0xE200,0x30D2F9,robotol.ext,3,3,THUMB,plat_10165_alloc,ACCEPTED
pa11_C_20260725_195618,0x10102,0x1E200,0x30D301,robotol.ext,3,3,THUMB,plat_10102_register,ACCEPTED
pa11_C_20260725_195618,0x10140,0x5,0x30630D,robotol.ext,3,3,THUMB,plat_10140_register,ACCEPTED
pa11_C_20260725_195618,0x10162,0xE200,0x30D249,robotol.ext,3,3,THUMB,plat_10162_alloc,ACCEPTED
pa11_C_20260725_195618,0x10165,0xE200,0x30D2F9,robotol.ext,3,3,THUMB,plat_10165_alloc,ACCEPTED
pa11_C_20260725_195806,0x10102,0x1E200,0x30D301,robotol.ext,3,3,THUMB,plat_10102_register,ACCEPTED
pa11_C_20260725_195806,0x10140,0x5,0x30630D,robotol.ext,3,3,THUMB,plat_10140_register,ACCEPTED
pa11_C_20260725_195806,0x10162,0xE200,0x30D249,robotol.ext,3,3,THUMB,plat_10162_alloc,ACCEPTED
pa11_C_20260725_195806,0x10165,0xE200,0x30D2F9,robotol.ext,3,3,THUMB,plat_10165_alloc,ACCEPTED
pa11_C_20260725_195806,0x10102,0x1E200,0x30D301,robotol.ext,3,3,THUMB,plat_10102_register,ACCEPTED
pa11_C_20260725_195806,0x10140,0x5,0x30630D,robotol.ext,3,3,THUMB,plat_10140_register,ACCEPTED
pa11_C_20260725_195806,0x10162,0xE200,0x30D249,robotol.ext,3,3,THUMB,plat_10162_alloc,ACCEPTED
pa11_C_20260725_195806,0x10165,0xE200,0x30D2F9,robotol.ext,3,3,THUMB,plat_10165_alloc,ACCEPTED
pa11_C_20260725_200021,0x10102,0x1E200,0x30D301,robotol.ext,3,3,THUMB,plat_10102_register,ACCEPTED
pa11_C_20260725_200021,0x10140,0x5,0x30630D,robotol.ext,3,3,THUMB,plat_10140_register,ACCEPTED
pa11_C_20260725_200021,0x10162,0xE200,0x30D249,robotol.ext,3,3,THUMB,plat_10162_alloc,ACCEPTED
pa11_C_20260725_200021,0x10165,0xE200,0x30D2F9,robotol.ext,3,3,THUMB,plat_10165_alloc,ACCEPTED
pa11_C_20260725_200021,0x10102,0x1E200,0x30D301,robotol.ext,3,3,THUMB,plat_10102_register,ACCEPTED
pa11_C_20260725_200021,0x10140,0x5,0x30630D,robotol.ext,3,3,THUMB,plat_10140_register,ACCEPTED
pa11_C_20260725_200021,0x10162,0xE200,0x30D249,robotol.ext,3,3,THUMB,plat_10162_alloc,ACCEPTED
pa11_C_20260725_200021,0x10165,0xE200,0x30D2F9,robotol.ext,3,3,THUMB,plat_10165_alloc,ACCEPTED
launcher_20260725_210643_46375,0x10102,0x1E200,0x30D301,robotol.ext,3,3,THUMB,plat_10102_register,ACCEPTED
launcher_20260725_210643_46375,0x10140,0x5,0x30630D,robotol.ext,3,3,THUMB,plat_10140_register,ACCEPTED
launcher_20260725_210643_46375,0x10162,0xE200,0x30D249,robotol.ext,3,3,THUMB,plat_10162_alloc,ACCEPTED
launcher_20260725_210643_46375,0x10165,0xE200,0x30D2F9,robotol.ext,3,3,THUMB,plat_10165_alloc,ACCEPTED
launcher_20260725_210643_46375,0x10102,0x1E200,0x30D301,robotol.ext,3,3,THUMB,plat_10102_register,ACCEPTED
launcher_20260725_210643_46375,0x10140,0x5,0x30630D,robotol.ext,3,3,THUMB,plat_10140_register,ACCEPTED
launcher_20260725_210643_46375,0x10162,0xE200,0x30D249,robotol.ext,3,3,THUMB,plat_10162_alloc,ACCEPTED
launcher_20260725_210643_46375,0x10165,0xE200,0x30D2F9,robotol.ext,3,3,THUMB,plat_10165_alloc,ACCEPTED
task13_C_210902,0x10102,0x1E200,0x30D301,robotol.ext,3,3,THUMB,plat_10102_register,ACCEPTED
task13_C_210902,0x10140,0x5,0x30630D,robotol.ext,3,3,THUMB,plat_10140_register,ACCEPTED
task13_C_210902,0x10162,0xE200,0x30D249,robotol.ext,3,3,THUMB,plat_10162_alloc,ACCEPTED
task13_C_210902,0x10165,0xE200,0x30D2F9,robotol.ext,3,3,THUMB,plat_10165_alloc,ACCEPTED
task13_C_210902,0x10102,0x1E200,0x30D301,robotol.ext,3,3,THUMB,plat_10102_register,ACCEPTED
task13_C_210902,0x10140,0x5,0x30630D,robotol.ext,3,3,THUMB,plat_10140_register,ACCEPTED
task13_C_210902,0x10162,0xE200,0x30D249,robotol.ext,3,3,THUMB,plat_10162_alloc,ACCEPTED
task13_C_210902,0x10165,0xE200,0x30D2F9,robotol.ext,3,3,THUMB,plat_10165_alloc,ACCEPTED
task13_C2_211334,0x10102,0x1E200,0x30D301,robotol.ext,3,3,THUMB,plat_10102_register,ACCEPTED
task13_C2_211334,0x10140,0x5,0x30630D,robotol.ext,3,3,THUMB,plat_10140_register,ACCEPTED
task13_C2_211334,0x10162,0xE200,0x30D249,robotol.ext,3,3,THUMB,plat_10162_alloc,ACCEPTED
task13_C2_211334,0x10165,0xE200,0x30D2F9,robotol.ext,3,3,THUMB,plat_10165_alloc,ACCEPTED
task13_C2_211334,0x10102,0x1E200,0x30D301,robotol.ext,3,3,THUMB,plat_10102_register,ACCEPTED
task13_C2_211334,0x10140,0x5,0x30630D,robotol.ext,3,3,THUMB,plat_10140_register,ACCEPTED
task13_C2_211334,0x10162,0xE200,0x30D249,robotol.ext,3,3,THUMB,plat_10162_alloc,ACCEPTED
task13_C2_211334,0x10165,0xE200,0x30D2F9,robotol.ext,3,3,THUMB,plat_10165_alloc,ACCEPTED
task13_C3_212745,0x10102,0x1E200,0x30D301,robotol.ext,3,3,THUMB,plat_10102_register,ACCEPTED
task13_C3_212745,0x10140,0x5,0x30630D,robotol.ext,3,3,THUMB,plat_10140_register,ACCEPTED
task13_C3_212745,0x10162,0xE200,0x30D249,robotol.ext,3,3,THUMB,plat_10162_alloc,ACCEPTED
task13_C3_212745,0x10165,0xE200,0x30D2F9,robotol.ext,3,3,THUMB,plat_10165_alloc,ACCEPTED
task13_C3_212745,0x10102,0x1E200,0x30D301,robotol.ext,3,3,THUMB,plat_10102_register,ACCEPTED
task13_C3_212745,0x10140,0x5,0x30630D,robotol.ext,3,3,THUMB,plat_10140_register,ACCEPTED
task13_C3_212745,0x10162,0xE200,0x30D249,robotol.ext,3,3,THUMB,plat_10162_alloc,ACCEPTED
task13_C3_212745,0x10165,0xE200,0x30D2F9,robotol.ext,3,3,THUMB,plat_10165_alloc,ACCEPTED
task14_A_215252,0x10102,0x1E200,0x30D301,robotol.ext,3,3,THUMB,plat_10102_register,ACCEPTED
task14_A_215252,0x10140,0x5,0x30630D,robotol.ext,3,3,THUMB,plat_10140_register,ACCEPTED
task14_A_215252,0x10162,0xE200,0x30D249,robotol.ext,3,3,THUMB,plat_10162_alloc,ACCEPTED
task14_A_215252,0x10165,0xE200,0x30D2F9,robotol.ext,3,3,THUMB,plat_10165_alloc,ACCEPTED
task14_A_215252,0x10102,0x1E200,0x30D301,robotol.ext,3,3,THUMB,plat_10102_register,ACCEPTED
task14_A_215252,0x10140,0x5,0x30630D,robotol.ext,3,3,THUMB,plat_10140_register,ACCEPTED
task14_A_215252,0x10162,0xE200,0x30D249,robotol.ext,3,3,THUMB,plat_10162_alloc,ACCEPTED
task14_A_215252,0x10165,0xE200,0x30D2F9,robotol.ext,3,3,THUMB,plat_10165_alloc,ACCEPTED
task14_B_215410,0x10102,0x1E200,0x30D301,robotol.ext,3,3,THUMB,plat_10102_register,ACCEPTED
task14_B_215410,0x10140,0x5,0x30630D,robotol.ext,3,3,THUMB,plat_10140_register,ACCEPTED
task14_B_215410,0x10162,0xE200,0x30D249,robotol.ext,3,3,THUMB,plat_10162_alloc,ACCEPTED
task14_B_215410,0x10165,0xE200,0x30D2F9,robotol.ext,3,3,THUMB,plat_10165_alloc,ACCEPTED
task14_B_215410,0x10102,0x1E200,0x30D301,robotol.ext,3,3,THUMB,plat_10102_register,ACCEPTED
task14_B_215410,0x10140,0x5,0x30630D,robotol.ext,3,3,THUMB,plat_10140_register,ACCEPTED
task14_B_215410,0x10162,0xE200,0x30D249,robotol.ext,3,3,THUMB,plat_10162_alloc,ACCEPTED
task14_B_215410,0x10165,0xE200,0x30D2F9,robotol.ext,3,3,THUMB,plat_10165_alloc,ACCEPTED
task14_A_215550,0x10102,0x1E200,0x30D301,robotol.ext,3,3,THUMB,plat_10102_register,ACCEPTED
task14_A_215550,0x10140,0x5,0x30630D,robotol.ext,3,3,THUMB,plat_10140_register,ACCEPTED
task14_A_215550,0x10162,0xE200,0x30D249,robotol.ext,3,3,THUMB,plat_10162_alloc,ACCEPTED
task14_A_215550,0x10165,0xE200,0x30D2F9,robotol.ext,3,3,THUMB,plat_10165_alloc,ACCEPTED
task14_A_215550,0x10102,0x1E200,0x30D301,robotol.ext,3,3,THUMB,plat_10102_register,ACCEPTED
task14_A_215550,0x10140,0x5,0x30630D,robotol.ext,3,3,THUMB,plat_10140_register,ACCEPTED
task14_A_215550,0x10162,0xE200,0x30D249,robotol.ext,3,3,THUMB,plat_10162_alloc,ACCEPTED
task14_A_215550,0x10165,0xE200,0x30D2F9,robotol.ext,3,3,THUMB,plat_10165_alloc,ACCEPTED
task14_B_215709,0x10102,0x1E200,0x30D301,robotol.ext,3,3,THUMB,plat_10102_register,ACCEPTED
task14_B_215709,0x10140,0x5,0x30630D,robotol.ext,3,3,THUMB,plat_10140_register,ACCEPTED
task14_B_215709,0x10162,0xE200,0x30D249,robotol.ext,3,3,THUMB,plat_10162_alloc,ACCEPTED
task14_B_215709,0x10165,0xE200,0x30D2F9,robotol.ext,3,3,THUMB,plat_10165_alloc,ACCEPTED
task14_B_215709,0x10102,0x1E200,0x30D301,robotol.ext,3,3,THUMB,plat_10102_register,ACCEPTED
task14_B_215709,0x10140,0x5,0x30630D,robotol.ext,3,3,THUMB,plat_10140_register,ACCEPTED
task14_B_215709,0x10162,0xE200,0x30D249,robotol.ext,3,3,THUMB,plat_10162_alloc,ACCEPTED
task14_B_215709,0x10165,0xE200,0x30D2F9,robotol.ext,3,3,THUMB,plat_10165_alloc,ACCEPTED
task14_C_215841,0x10102,0x1E200,0x30D301,robotol.ext,3,3,THUMB,plat_10102_register,ACCEPTED
task14_C_215841,0x10140,0x5,0x30630D,robotol.ext,3,3,THUMB,plat_10140_register,ACCEPTED
task14_C_215841,0x10162,0xE200,0x30D249,robotol.ext,3,3,THUMB,plat_10162_alloc,ACCEPTED
task14_C_215841,0x10165,0xE200,0x30D2F9,robotol.ext,3,3,THUMB,plat_10165_alloc,ACCEPTED
task14_C_215841,0x10102,0x1E200,0x30D301,robotol.ext,3,3,THUMB,plat_10102_register,ACCEPTED
task14_C_215841,0x10140,0x5,0x30630D,robotol.ext,3,3,THUMB,plat_10140_register,ACCEPTED
task14_C_215841,0x10162,0xE200,0x30D249,robotol.ext,3,3,THUMB,plat_10162_alloc,ACCEPTED
task14_C_215841,0x10165,0xE200,0x30D2F9,robotol.ext,3,3,THUMB,plat_10165_alloc,ACCEPTED
task14_B2_220319,0x10102,0x1E200,0x30D301,robotol.ext,3,3,THUMB,plat_10102_register,ACCEPTED
task14_B2_220319,0x10140,0x5,0x30630D,robotol.ext,3,3,THUMB,plat_10140_register,ACCEPTED
task14_B2_220319,0x10162,0xE200,0x30D249,robotol.ext,3,3,THUMB,plat_10162_alloc,ACCEPTED
task14_B2_220319,0x10165,0xE200,0x30D2F9,robotol.ext,3,3,THUMB,plat_10165_alloc,ACCEPTED
task14_B2_220319,0x10102,0x1E200,0x30D301,robotol.ext,3,3,THUMB,plat_10102_register,ACCEPTED
task14_B2_220319,0x10140,0x5,0x30630D,robotol.ext,3,3,THUMB,plat_10140_register,ACCEPTED
task14_B2_220319,0x10162,0xE200,0x30D249,robotol.ext,3,3,THUMB,plat_10162_alloc,ACCEPTED
task14_B2_220319,0x10165,0xE200,0x30D2F9,robotol.ext,3,3,THUMB,plat_10165_alloc,ACCEPTED
task14_C2_220502,0x10102,0x1E200,0x30D301,robotol.ext,3,3,THUMB,plat_10102_register,ACCEPTED
task14_C2_220502,0x10140,0x5,0x30630D,robotol.ext,3,3,THUMB,plat_10140_register,ACCEPTED
task14_C2_220502,0x10162,0xE200,0x30D249,robotol.ext,3,3,THUMB,plat_10162_alloc,ACCEPTED
task14_C2_220502,0x10165,0xE200,0x30D2F9,robotol.ext,3,3,THUMB,plat_10165_alloc,ACCEPTED
task14_C2_220502,0x10102,0x1E200,0x30D301,robotol.ext,3,3,THUMB,plat_10102_register,ACCEPTED
task14_C2_220502,0x10140,0x5,0x30630D,robotol.ext,3,3,THUMB,plat_10140_register,ACCEPTED
task14_C2_220502,0x10162,0xE200,0x30D249,robotol.ext,3,3,THUMB,plat_10162_alloc,ACCEPTED
task14_C2_220502,0x10165,0xE200,0x30D2F9,robotol.ext,3,3,THUMB,plat_10165_alloc,ACCEPTED
task14_B4_221040,0x10102,0x1E200,0x30D301,robotol.ext,3,3,THUMB,plat_10102_register,ACCEPTED
task14_B4_221040,0x10140,0x5,0x30630D,robotol.ext,3,3,THUMB,plat_10140_register,ACCEPTED
task14_B4_221040,0x10162,0xE200,0x30D249,robotol.ext,3,3,THUMB,plat_10162_alloc,ACCEPTED
task14_B4_221040,0x10165,0xE200,0x30D2F9,robotol.ext,3,3,THUMB,plat_10165_alloc,ACCEPTED
task14_B4_221040,0x10102,0x1E200,0x30D301,robotol.ext,3,3,THUMB,plat_10102_register,ACCEPTED
task14_B4_221040,0x10140,0x5,0x30630D,robotol.ext,3,3,THUMB,plat_10140_register,ACCEPTED
task14_B4_221040,0x10162,0xE200,0x30D249,robotol.ext,3,3,THUMB,plat_10162_alloc,ACCEPTED
task14_B4_221040,0x10165,0xE200,0x30D2F9,robotol.ext,3,3,THUMB,plat_10165_alloc,ACCEPTED
task14_C4_221233,0x10102,0x1E200,0x30D301,robotol.ext,3,3,THUMB,plat_10102_register,ACCEPTED
task14_C4_221233,0x10140,0x5,0x30630D,robotol.ext,3,3,THUMB,plat_10140_register,ACCEPTED
task14_C4_221233,0x10162,0xE200,0x30D249,robotol.ext,3,3,THUMB,plat_10162_alloc,ACCEPTED
task14_C4_221233,0x10165,0xE200,0x30D2F9,robotol.ext,3,3,THUMB,plat_10165_alloc,ACCEPTED
task14_C4_221233,0x10102,0x1E200,0x30D301,robotol.ext,3,3,THUMB,plat_10102_register,ACCEPTED
task14_C4_221233,0x10140,0x5,0x30630D,robotol.ext,3,3,THUMB,plat_10140_register,ACCEPTED
task14_C4_221233,0x10162,0xE200,0x30D249,robotol.ext,3,3,THUMB,plat_10162_alloc,ACCEPTED
task14_C4_221233,0x10165,0xE200,0x30D2F9,robotol.ext,3,3,THUMB,plat_10165_alloc,ACCEPTED
t15_B_20260727_200137,0x10102,0x1E200,0x30D301,robotol.ext,3,3,THUMB,plat_10102_register,ACCEPTED
t15_B_20260727_200137,0x10140,0x5,0x30630D,robotol.ext,3,3,THUMB,plat_10140_register,ACCEPTED
t15_B_20260727_200137,0x10162,0xE200,0x30D249,robotol.ext,3,3,THUMB,plat_10162_alloc,ACCEPTED
t15_B_20260727_200137,0x10165,0xE200,0x30D2F9,robotol.ext,3,3,THUMB,plat_10165_alloc,ACCEPTED
t15_B_20260727_200137,0x10102,0x1E200,0x30D301,robotol.ext,3,3,THUMB,plat_10102_register,ACCEPTED
t15_B_20260727_200137,0x10140,0x5,0x30630D,robotol.ext,3,3,THUMB,plat_10140_register,ACCEPTED
t15_B_20260727_200137,0x10162,0xE200,0x30D249,robotol.ext,3,3,THUMB,plat_10162_alloc,ACCEPTED
t15_B_20260727_200137,0x10165,0xE200,0x30D2F9,robotol.ext,3,3,THUMB,plat_10165_alloc,ACCEPTED
t16_B_20260727_200922,0x10102,0x1E200,0x30D301,robotol.ext,3,3,THUMB,plat_10102_register,ACCEPTED
t16_B_20260727_200922,0x10140,0x5,0x30630D,robotol.ext,3,3,THUMB,plat_10140_register,ACCEPTED
t16_B_20260727_200922,0x10162,0xE200,0x30D249,robotol.ext,3,3,THUMB,plat_10162_alloc,ACCEPTED
t16_B_20260727_200922,0x10165,0xE200,0x30D2F9,robotol.ext,3,3,THUMB,plat_10165_alloc,ACCEPTED
t16_B_20260727_200922,0x10102,0x1E200,0x30D301,robotol.ext,3,3,THUMB,plat_10102_register,ACCEPTED
t16_B_20260727_200922,0x10140,0x5,0x30630D,robotol.ext,3,3,THUMB,plat_10140_register,ACCEPTED
t16_B_20260727_200922,0x10162,0xE200,0x30D249,robotol.ext,3,3,THUMB,plat_10162_alloc,ACCEPTED
t16_B_20260727_200922,0x10165,0xE200,0x30D2F9,robotol.ext,3,3,THUMB,plat_10165_alloc,ACCEPTED
t16_B2_20260727_201311,0x10102,0x1E200,0x30D301,robotol.ext,3,3,THUMB,plat_10102_register,ACCEPTED
t16_B2_20260727_201311,0x10140,0x5,0x30630D,robotol.ext,3,3,THUMB,plat_10140_register,ACCEPTED
t16_B2_20260727_201311,0x10162,0xE200,0x30D249,robotol.ext,3,3,THUMB,plat_10162_alloc,ACCEPTED
t16_B2_20260727_201311,0x10165,0xE200,0x30D2F9,robotol.ext,3,3,THUMB,plat_10165_alloc,ACCEPTED
t16_B2_20260727_201311,0x10102,0x1E200,0x30D301,robotol.ext,3,3,THUMB,plat_10102_register,ACCEPTED
t16_B2_20260727_201311,0x10140,0x5,0x30630D,robotol.ext,3,3,THUMB,plat_10140_register,ACCEPTED
t16_B2_20260727_201311,0x10162,0xE200,0x30D249,robotol.ext,3,3,THUMB,plat_10162_alloc,ACCEPTED
t16_B2_20260727_201311,0x10165,0xE200,0x30D2F9,robotol.ext,3,3,THUMB,plat_10165_alloc,ACCEPTED
t16_B3_20260727_201643,0x10102,0x1E200,0x30D301,robotol.ext,3,3,THUMB,plat_10102_register,ACCEPTED
t16_B3_20260727_201643,0x10140,0x5,0x30630D,robotol.ext,3,3,THUMB,plat_10140_register,ACCEPTED
t16_B3_20260727_201643,0x10162,0xE200,0x30D249,robotol.ext,3,3,THUMB,plat_10162_alloc,ACCEPTED
t16_B3_20260727_201643,0x10165,0xE200,0x30D2F9,robotol.ext,3,3,THUMB,plat_10165_alloc,ACCEPTED
t16_B3_20260727_201643,0x10102,0x1E200,0x30D301,robotol.ext,3,3,THUMB,plat_10102_register,ACCEPTED
t16_B3_20260727_201643,0x10140,0x5,0x30630D,robotol.ext,3,3,THUMB,plat_10140_register,ACCEPTED
t16_B3_20260727_201643,0x10162,0xE200,0x30D249,robotol.ext,3,3,THUMB,plat_10162_alloc,ACCEPTED
t16_B3_20260727_201643,0x10165,0xE200,0x30D2F9,robotol.ext,3,3,THUMB,plat_10165_alloc,ACCEPTED
t16_B4_20260727_201941,0x10102,0x1E200,0x30D301,robotol.ext,3,3,THUMB,plat_10102_register,ACCEPTED
t16_B4_20260727_201941,0x10140,0x5,0x30630D,robotol.ext,3,3,THUMB,plat_10140_register,ACCEPTED
t16_B4_20260727_201941,0x10162,0xE200,0x30D249,robotol.ext,3,3,THUMB,plat_10162_alloc,ACCEPTED
t16_B4_20260727_201941,0x10165,0xE200,0x30D2F9,robotol.ext,3,3,THUMB,plat_10165_alloc,ACCEPTED
t16_B4_20260727_201941,0x10102,0x1E200,0x30D301,robotol.ext,3,3,THUMB,plat_10102_register,ACCEPTED
t16_B4_20260727_201941,0x10140,0x5,0x30630D,robotol.ext,3,3,THUMB,plat_10140_register,ACCEPTED
t16_B4_20260727_201941,0x10162,0xE200,0x30D249,robotol.ext,3,3,THUMB,plat_10162_alloc,ACCEPTED
t16_B4_20260727_201941,0x10165,0xE200,0x30D2F9,robotol.ext,3,3,THUMB,plat_10165_alloc,ACCEPTED
t16_B5_20260727_202518,0x10102,0x1E200,0x30D301,robotol.ext,3,3,THUMB,plat_10102_register,ACCEPTED
t16_B5_20260727_202518,0x10140,0x5,0x30630D,robotol.ext,3,3,THUMB,plat_10140_register,ACCEPTED
t16_B5_20260727_202518,0x10162,0xE200,0x30D249,robotol.ext,3,3,THUMB,plat_10162_alloc,ACCEPTED
t16_B5_20260727_202518,0x10165,0xE200,0x30D2F9,robotol.ext,3,3,THUMB,plat_10165_alloc,ACCEPTED
t16_B5_20260727_202518,0x10102,0x1E200,0x30D301,robotol.ext,3,3,THUMB,plat_10102_register,ACCEPTED
t16_B5_20260727_202518,0x10140,0x5,0x30630D,robotol.ext,3,3,THUMB,plat_10140_register,ACCEPTED
t16_B5_20260727_202518,0x10162,0xE200,0x30D249,robotol.ext,3,3,THUMB,plat_10162_alloc,ACCEPTED
t16_B5_20260727_202518,0x10165,0xE200,0x30D2F9,robotol.ext,3,3,THUMB,plat_10165_alloc,ACCEPTED
t16_B6_20260727_202711,0x10102,0x1E200,0x30D301,robotol.ext,3,3,THUMB,plat_10102_register,ACCEPTED
t16_B6_20260727_202711,0x10140,0x5,0x30630D,robotol.ext,3,3,THUMB,plat_10140_register,ACCEPTED
t16_B6_20260727_202711,0x10162,0xE200,0x30D249,robotol.ext,3,3,THUMB,plat_10162_alloc,ACCEPTED
t16_B6_20260727_202711,0x10165,0xE200,0x30D2F9,robotol.ext,3,3,THUMB,plat_10165_alloc,ACCEPTED
t16_B6_20260727_202711,0x10102,0x1E200,0x30D301,robotol.ext,3,3,THUMB,plat_10102_register,ACCEPTED
t16_B6_20260727_202711,0x10140,0x5,0x30630D,robotol.ext,3,3,THUMB,plat_10140_register,ACCEPTED
t16_B6_20260727_202711,0x10162,0xE200,0x30D249,robotol.ext,3,3,THUMB,plat_10162_alloc,ACCEPTED
t16_B6_20260727_202711,0x10165,0xE200,0x30D2F9,robotol.ext,3,3,THUMB,plat_10165_alloc,ACCEPTED
t16_B7_20260727_203131,0x10102,0x1E200,0x30D301,robotol.ext,3,3,THUMB,plat_10102_register,ACCEPTED
t16_B7_20260727_203131,0x10140,0x5,0x30630D,robotol.ext,3,3,THUMB,plat_10140_register,ACCEPTED
t16_B7_20260727_203131,0x10162,0xE200,0x30D249,robotol.ext,3,3,THUMB,plat_10162_alloc,ACCEPTED
t16_B7_20260727_203131,0x10165,0xE200,0x30D2F9,robotol.ext,3,3,THUMB,plat_10165_alloc,ACCEPTED
t16_B7_20260727_203131,0x10102,0x1E200,0x30D301,robotol.ext,3,3,THUMB,plat_10102_register,ACCEPTED
t16_B7_20260727_203131,0x10140,0x5,0x30630D,robotol.ext,3,3,THUMB,plat_10140_register,ACCEPTED
t16_B7_20260727_203131,0x10162,0xE200,0x30D249,robotol.ext,3,3,THUMB,plat_10162_alloc,ACCEPTED
t16_B7_20260727_203131,0x10165,0xE200,0x30D2F9,robotol.ext,3,3,THUMB,plat_10165_alloc,ACCEPTED
t16_B8_20260727_203813,0x10102,0x1E200,0x30D301,robotol.ext,3,3,THUMB,plat_10102_register,ACCEPTED
t16_B8_20260727_203813,0x10140,0x5,0x30630D,robotol.ext,3,3,THUMB,plat_10140_register,ACCEPTED
t16_B8_20260727_203813,0x10162,0xE200,0x30D249,robotol.ext,3,3,THUMB,plat_10162_alloc,ACCEPTED
t16_B8_20260727_203813,0x10165,0xE200,0x30D2F9,robotol.ext,3,3,THUMB,plat_10165_alloc,ACCEPTED
t16_B8_20260727_203813,0x10102,0x1E200,0x30D301,robotol.ext,3,3,THUMB,plat_10102_register,ACCEPTED
t16_B8_20260727_203813,0x10140,0x5,0x30630D,robotol.ext,3,3,THUMB,plat_10140_register,ACCEPTED
t16_B8_20260727_203813,0x10162,0xE200,0x30D249,robotol.ext,3,3,THUMB,plat_10162_alloc,ACCEPTED
t16_B8_20260727_203813,0x10165,0xE200,0x30D2F9,robotol.ext,3,3,THUMB,plat_10165_alloc,ACCEPTED
t16_B8_20260727_203813,0x10102,0x1E200,0x30D301,robotol.ext,3,3,THUMB,plat_10102_register,ACCEPTED
t16_B8_20260727_203813,0x10140,0x5,0x30630D,robotol.ext,3,3,THUMB,plat_10140_register,ACCEPTED
t16_B8_20260727_203813,0x10162,0xE200,0x30D249,robotol.ext,3,3,THUMB,plat_10162_alloc,ACCEPTED
t16_B8_20260727_203813,0x10165,0xE200,0x30D2F9,robotol.ext,3,3,THUMB,plat_10165_alloc,ACCEPTED
t16_B8_20260727_203813,0x10102,0x1E200,0x30D301,robotol.ext,3,3,THUMB,plat_10102_register,ACCEPTED
t16_B8_20260727_203813,0x10140,0x5,0x30630D,robotol.ext,3,3,THUMB,plat_10140_register,ACCEPTED
t16_B8_20260727_203813,0x10162,0xE200,0x30D249,robotol.ext,3,3,THUMB,plat_10162_alloc,ACCEPTED
t16_B8_20260727_203813,0x10165,0xE200,0x30D2F9,robotol.ext,3,3,THUMB,plat_10165_alloc,ACCEPTED
launcher_20260727_232209_12812,0x10102,0x1E200,0x30D301,robotol.ext,3,3,THUMB,plat_10102_register,ACCEPTED
launcher_20260727_232209_12812,0x10140,0x5,0x30630D,robotol.ext,3,3,THUMB,plat_10140_register,ACCEPTED
launcher_20260727_232209_12812,0x10162,0xE200,0x30D249,robotol.ext,3,3,THUMB,plat_10162_alloc,ACCEPTED
launcher_20260727_232209_12812,0x10165,0xE200,0x30D2F9,robotol.ext,3,3,THUMB,plat_10165_alloc,ACCEPTED
launcher_20260727_232209_12812,0x10102,0x1E200,0x30D301,robotol.ext,3,3,THUMB,plat_10102_register,ACCEPTED
launcher_20260727_232209_12812,0x10140,0x5,0x30630D,robotol.ext,3,3,THUMB,plat_10140_register,ACCEPTED
launcher_20260727_232209_12812,0x10162,0xE200,0x30D249,robotol.ext,3,3,THUMB,plat_10162_alloc,ACCEPTED
launcher_20260727_232209_12812,0x10165,0xE200,0x30D2F9,robotol.ext,3,3,THUMB,plat_10165_alloc,ACCEPTED
