seq,pc,off,addr,size,old,new,lr,sp,phase,kind,note,stack0,stack1,stack2,stack3
1,0xA1888,0x0,0x2A8350,4,0x0,0x3DA718,0x282A64,0x27FEA8,post_cf_map,record_like,"mod=other",0x90,0x0,0x0,0x9B354
2,0x91114,0x0,0x2A82F8,4,0x0,0x2A8264,0x282A64,0x27FED0,post_cf_map,record_like,"mod=other",0x58,0x2A8264,0x910DC,0x0
3,0x91144,0x0,0x2A82E4,4,0x0,0x90C88,0x282A64,0x27FED0,post_cf_map,record_like,"mod=other",0x58,0x2A8264,0x910DC,0x0
4,0x9B398,0x0,0x2A82E0,4,0xE8,0x250,0x282A64,0x27FEA8,post_cf_map,record_like,"mod=other",0x168,0x2A8264,0x2A8264,0x0
5,0xAA238,0x0,0x2A8280,4,0x0,0x2A834C,0x282A64,0x27FEC0,post_cf_map,record_like,"mod=other",0x90,0x2A8264,0x2A82BC,0x91174
6,0xAA240,0x0,0x2A826C,4,0x0,0x2A834C,0x282A64,0x27FEC0,post_cf_map,record_like,"mod=other",0x90,0x2A8264,0x2A82BC,0x91174
7,0xAA248,0x0,0x2A827C,4,0x0,0x2A8484,0x282A64,0x27FEC0,post_cf_map,record_like,"mod=other",0x90,0x2A8264,0x2A82BC,0x91174
8,0x9B38C,0x0,0x2A82E0,4,0x250,0x250,0x282A64,0x27FEA8,post_cf_map,record_like,"mod=other",0xC0,0x2A8264,0x2A8264,0x0
9,0x9B398,0x0,0x2A82E0,4,0x250,0x310,0x282A64,0x27FEA8,post_cf_map,record_like,"mod=other",0xC0,0x2A8264,0x2A8264,0x0
10,0xAA26C,0x0,0x2A84BC,4,0x0,0x1,0x282A64,0x27FEC0,post_cf_map,record_like,"mod=other",0x90,0x2A8264,0x2A82BC,0x91174
11,0xAA27C,0x0,0x2A826C,4,0x2A834C,0x2A8354,0x282A64,0x27FEC0,post_cf_map,record_like,"mod=other",0x90,0x2A8264,0x2A82BC,0x91174
12,0xAA28C,0x0,0x2A84B4,4,0x400000,0x2A8354,0x282A64,0x27FEC0,post_cf_map,record_like,"mod=other",0x90,0x2A8264,0x2A82BC,0x91174
13,0xAA290,0x0,0x2A8270,4,0x0,0x2A8354,0x282A64,0x27FEC0,post_cf_map,record_like,"mod=other",0x90,0x2A8264,0x2A82BC,0x91174
14,0x9117C,0x0,0x2A82F0,4,0x0,0x5,0x282A64,0x27FED0,post_cf_map,record_like,"mod=other",0x58,0x2A8264,0x910DC,0x0
15,0x9118C,0x0,0x2A82F0,4,0x5,0x5,0x282A64,0x27FED0,post_cf_map,record_like,"mod=other",0x58,0x2A8264,0x910DC,0x0
16,0xA1888,0x0,0x2A8598,4,0x0,0x3DA4D0,0x282A64,0x27FE90,post_cf_map,record_like,"mod=other",0x20,0x0,0x2A8264,0x9B354
17,0x9B38C,0x0,0x2A82E0,4,0x310,0x310,0x282A64,0x27FEA0,post_cf_map,record_like,"mod=other",0x20,0x2A8264,0x0,0x2A8264
18,0x9B398,0x0,0x2A82E0,4,0x310,0x330,0x282A64,0x27FEA0,post_cf_map,record_like,"mod=other",0x20,0x2A8264,0x0,0x2A8264
19,0x911B4,0x0,0x2A82A4,4,0x0,0x5,0x98C7C,0x27FED0,post_cf_map,record_like,"mod=other",0x58,0x2A8264,0x910DC,0x0
20,0x9B38C,0x0,0x2A82E0,4,0x330,0x330,0x282A64,0x27FEA0,post_cf_map,record_like,"mod=other",0x20,0x2A8264,0x0,0x2A8264
21,0x9B398,0x0,0x2A82E0,4,0x330,0x350,0x282A64,0x27FEA0,post_cf_map,record_like,"mod=other",0x20,0x2A8264,0x0,0x2A8264
22,0x970A8,0x0,0x2A82C8,4,0x2A8574,0x2A8594,0x98C08,0x27FEB8,post_cf_map,record_like,"mod=other",0x2A8264,0x2A82BC,0x2A82A4,0x5
23,0x970B0,0x0,0x2A8599,1,0x3DA4D0,0x0,0x98C08,0x27FEB8,post_cf_map,record_like,"mod=other",0x2A8264,0x2A82BC,0x2A82A4,0x5
24,0x970B4,0x0,0x2A8598,1,0x3D00D0,0x5,0x98C08,0x27FEB8,post_cf_map,record_like,"mod=other",0x2A8264,0x2A82BC,0x2A82A4,0x5
25,0x98C20,0x0,0x2A859A,1,0x3D0005,0xFF,0x98C08,0x27FEB8,post_cf_map,record_like,"mod=other",0x2A8264,0x2A82BC,0x2A82A4,0x5
26,0x98C2C,0x0,0x2A859B,1,0xFF0005,0x0,0x98C08,0x27FEB8,post_cf_map,record_like,"mod=other",0x2A8264,0x2A82BC,0x2A82A4,0x5
27,0x9B38C,0x0,0x2A82E0,4,0x350,0x350,0x282A64,0x27FE88,post_cf_map,record_like,"mod=other",0x140,0x2A8594,0x10,0x4
28,0x9B398,0x0,0x2A82E0,4,0x350,0x490,0x282A64,0x27FE88,post_cf_map,record_like,"mod=other",0x140,0x2A8594,0x10,0x4
29,0xA9CB4,0x0,0x2A859B,1,0xFF0005,0x4,0x282A64,0x27FEA0,post_cf_map,record_like,"mod=other",0x0,0x2A8594,0x0,0x2A8264
30,0xA9CC8,0x0,0x2A85A8,4,0x0,0x2A86E0,0x282A64,0x27FEA0,post_cf_map,record_like,"mod=other",0x0,0x2A8594,0x0,0x2A8264
31,0x911C4,0x0,0x2A82A8,4,0x0,0x2A8594,0x282A64,0x27FED0,post_cf_map,record_like,"mod=other",0x58,0x2A8264,0x910DC,0x0
32,0x911D4,0x0,0x2A82E8,4,0x0,0x5,0x282A64,0x27FED0,post_cf_map,record_like,"mod=other",0x58,0x2A8264,0x910DC,0x0
33,0xA1888,0x0,0x2A8718,4,0x0,0x3DA350,0x282A64,0x27FE90,post_cf_map,record_like,"mod=other",0x20,0x0,0x2A8264,0x9B354
34,0x9B38C,0x0,0x2A82E0,4,0x490,0x490,0x282A64,0x27FEA0,post_cf_map,record_like,"mod=other",0x20,0x2A8264,0x4,0x2A8264
35,0x9B398,0x0,0x2A82E0,4,0x490,0x4B0,0x282A64,0x27FEA0,post_cf_map,record_like,"mod=other",0x20,0x2A8264,0x4,0x2A8264
36,0x970A0,0x0,0x2A86F4,4,0x400000,0x2A8594,0x98C08,0x27FEB8,post_cf_map,record_like,"mod=other",0x2A8264,0x2A82BC,0x2A82E8,0x5
37,0x970A8,0x0,0x2A82C8,4,0x2A8594,0x2A86F4,0x98C08,0x27FEB8,post_cf_map,record_like,"mod=other",0x2A8264,0x2A82BC,0x2A82E8,0x5
38,0x9B38C,0x0,0x2A82E0,4,0x4B0,0x4B0,0x282A64,0x27FEA0,post_cf_map,record_like,"mod=other",0x20,0x2A86F4,0x4,0x2A8264
39,0x9B398,0x0,0x2A82E0,4,0x4B0,0x4D0,0x282A64,0x27FEA0,post_cf_map,record_like,"mod=other",0x20,0x2A86F4,0x4,0x2A8264
40,0x98C44,0x0,0x2A8700,4,0x0,0x2A8714,0x282A64,0x27FEB8,post_cf_map,record_like,"mod=other",0x2A8264,0x2A82BC,0x2A82E8,0x5
41,0x98C6C,0x0,0x2A8710,4,0x0,0x4,0x282A64,0x27FEB8,post_cf_map,record_like,"mod=other",0x2A8264,0x2A82BC,0x2A82E8,0x5
42,0x9B38C,0x0,0x2A82E0,4,0x4D0,0x4D0,0x282A64,0x27FE88,post_cf_map,record_like,"mod=other",0x140,0x2A86F4,0x10,0x4
43,0x9B398,0x0,0x2A82E0,4,0x4D0,0x610,0x282A64,0x27FE88,post_cf_map,record_like,"mod=other",0x140,0x2A86F4,0x10,0x4
44,0xA9CC8,0x0,0x2A8708,4,0x0,0x2A8860,0x282A64,0x27FEA0,post_cf_map,record_like,"mod=other",0x20,0x2A86F4,0x4,0x2A8264
45,0x9B38C,0x0,0x2A82E0,4,0x610,0x610,0x282A64,0x27FEA0,post_cf_map,record_like,"mod=other",0x1000,0x2A8264,0x2A82BC,0x400
46,0x9B398,0x0,0x2A82E0,4,0x610,0x1610,0x282A64,0x27FEA0,post_cf_map,record_like,"mod=other",0x1000,0x2A8264,0x2A82BC,0x400
47,0xA1888,0x0,0x2A9890,4,0x0,0x3D91D8,0x282A64,0x27FE38,post_cf_map,record_like,"mod=other",0x18,0x0,0x2A8264,0x9B354
48,0x9B38C,0x0,0x2A82E0,4,0x1610,0x1610,0x282A64,0x27FE48,post_cf_map,record_like,"mod=other",0x18,0x7,0x0,0xD0758
49,0x9B398,0x0,0x2A82E0,4,0x1610,0x1628,0x282A64,0x27FE48,post_cf_map,record_like,"mod=other",0x18,0x7,0x0,0xD0758
50,0x9B950,0x0,0x2A9880,4,0x0,0x7,0x282A64,0x27FE60,post_cf_map,record_like,"mod=other",0x20,0x0,0x2A8264,0x27FE84
51,0x9B9B4,0x0,0x2A82C0,4,0x0,0x1,0x9B980,0x27FE60,post_cf_map,record_like,"mod=other",0x20,0x0,0x2A8264,0x27FE84
52,0x9B38C,0x0,0x2A82E0,4,0x1628,0x1628,0x282A64,0x27FE48,post_cf_map,record_like,"mod=other",0x1B,0xA,0x0,0xD074C
53,0x9B398,0x0,0x2A82E0,4,0x1628,0x1643,0x282A64,0x27FE48,post_cf_map,record_like,"mod=other",0x1B,0xA,0x0,0xD074C
54,0x9B950,0x0,0x2A9898,4,0x0,0xA,0x282A64,0x27FE60,post_cf_map,record_like,"mod=other",0x20,0x1,0x2A8264,0x27FE84
55,0x9B954,0x0,0x2A9894,4,0x0,0x1A304BCE,0x282A64,0x27FE60,post_cf_map,record_like,"mod=other",0x20,0x1,0x2A8264,0x27FE84
56,0x9B95C,0x0,0x2A9891,1,0x3D91D8,0x0,0x282A64,0x27FE60,post_cf_map,record_like,"mod=other",0x20,0x1,0x2A8264,0x27FE84
57,0x9B968,0x0,0x2A9890,1,0x3D00D8,0x4,0x282A64,0x27FE60,post_cf_map,record_like,"mod=other",0x20,0x1,0x2A8264,0x27FE84
58,0x9B96C,0x0,0x2A9892,1,0x3D0004,0x0,0x282A64,0x27FE60,post_cf_map,record_like,"mod=other",0x20,0x1,0x2A8264,0x27FE84
59,0x9B9A8,0x0,0x2A97AC,4,0x0,0x2A988C,0x9B980,0x27FE60,post_cf_map,record_like,"mod=other",0x20,0x1,0x2A8264,0x27FE84
60,0x9B9B4,0x0,0x2A82C0,4,0x1,0x2,0x9B980,0x27FE60,post_cf_map,record_like,"mod=other",0x20,0x1,0x2A8264,0x27FE84
61,0x9BC58,0x0,0x2A8314,4,0x0,0x2A988C,0x9B980,0x27FE80,post_cf_map,record_like,"mod=other",0x2A8264,0xD0758,0xD074C,0xD0744
62,0x9BC6C,0x0,0x2A9891,1,0x4,0x10,0x9B980,0x27FE80,post_cf_map,record_like,"mod=other",0x2A8264,0xD0758,0xD074C,0xD0744
63,0xA1888,0x0,0x2A98C8,4,0x0,0x3D91A0,0x282A64,0x27FE38,post_cf_map,record_like,"mod=other",0x15,0x0,0x2A8264,0x9B354
64,0x9B38C,0x0,0x2A82E0,4,0x1643,0x1643,0x282A64,0x27FE48,post_cf_map,record_like,"mod=other",0x15,0x4,0x0,0xD0744
65,0x9B398,0x0,0x2A82E0,4,0x1643,0x1658,0x282A64,0x27FE48,post_cf_map,record_like,"mod=other",0x15,0x4,0x0,0xD0744
66,0x9B950,0x0,0x2A98B8,4,0x0,0x4,0x282A64,0x27FE60,post_cf_map,record_like,"mod=other",0x20,0x2,0x2A8264,0x27FE84
67,0x9B954,0x0,0x2A98B4,4,0x0,0x71CC66,0x282A64,0x27FE60,post_cf_map,record_like,"mod=other",0x20,0x2,0x2A8264,0x27FE84
68,0x9B9B4,0x0,0x2A82C0,4,0x2,0x3,0x9B980,0x27FE60,post_cf_map,record_like,"mod=other",0x20,0x2,0x2A8264,0x27FE84
69,0xA1888,0x0,0x2A98E0,4,0x0,0x3D9188,0x282A64,0x27FE38,post_cf_map,record_like,"mod=other",0x17,0x0,0x2A8264,0x9B354
70,0x9B38C,0x0,0x2A82E0,4,0x1658,0x1658,0x282A64,0x27FE48,post_cf_map,record_like,"mod=other",0x17,0x6,0x0,0xD073C
71,0x9B398,0x0,0x2A82E0,4,0x1658,0x166F,0x282A64,0x27FE48,post_cf_map,record_like,"mod=other",0x17,0x6,0x0,0xD073C
72,0x9B950,0x0,0x2A98D0,4,0x0,0x6,0x282A64,0x27FE60,post_cf_map,record_like,"mod=other",0x20,0x3,0x2A8264,0x27FE84
73,0x9B954,0x0,0x2A98CC,4,0x0,0x4F2D73E3,0x282A64,0x27FE60,post_cf_map,record_like,"mod=other",0x20,0x3,0x2A8264,0x27FE84
74,0x9B95C,0x0,0x2A98C9,1,0x3D91A0,0x0,0x282A64,0x27FE60,post_cf_map,record_like,"mod=other",0x20,0x3,0x2A8264,0x27FE84
75,0x9B968,0x0,0x2A98C8,1,0x3D00A0,0x4,0x282A64,0x27FE60,post_cf_map,record_like,"mod=other",0x20,0x3,0x2A8264,0x27FE84
76,0x9B96C,0x0,0x2A98CA,1,0x3D0004,0x0,0x282A64,0x27FE60,post_cf_map,record_like,"mod=other",0x20,0x3,0x2A8264,0x27FE84
77,0x9B9A8,0x0,0x2A9800,4,0x0,0x2A98C4,0x9B980,0x27FE60,post_cf_map,record_like,"mod=other",0x20,0x3,0x2A8264,0x27FE84
78,0x9B9B4,0x0,0x2A82C0,4,0x3,0x4,0x9B980,0x27FE60,post_cf_map,record_like,"mod=other",0x20,0x3,0x2A8264,0x27FE84
79,0x9BC58,0x0,0x2A831C,4,0x0,0x2A98C4,0x9B980,0x27FE80,post_cf_map,record_like,"mod=other",0x2A8264,0xD0758,0xD074C,0xD0744
80,0x9BC6C,0x0,0x2A98C9,1,0x4,0x10,0x9B980,0x27FE80,post_cf_map,record_like,"mod=other",0x2A8264,0xD0758,0xD074C,0xD0744
81,0x9B38C,0x0,0x2A82E0,4,0x166F,0x166F,0x282A64,0x27FE48,post_cf_map,record_like,"mod=other",0x15,0x4,0x0,0xD0734
82,0x9B398,0x0,0x2A82E0,4,0x166F,0x1684,0x282A64,0x27FE48,post_cf_map,record_like,"mod=other",0x15,0x4,0x0,0xD0734
83,0x9B950,0x0,0x2A98E8,4,0x0,0x4,0x282A64,0x27FE60,post_cf_map,record_like,"mod=other",0x20,0x4,0x2A8264,0x27FE84
84,0x9B954,0x0,0x2A98E4,4,0x0,0x7E46E3,0x282A64,0x27FE60,post_cf_map,record_like,"mod=other",0x20,0x4,0x2A8264,0x27FE84
85,0x9B95C,0x0,0x2A98E1,1,0x3D9188,0x0,0x282A64,0x27FE60,post_cf_map,record_like,"mod=other",0x20,0x4,0x2A8264,0x27FE84
86,0x9B968,0x0,0x2A98E0,1,0x3D0088,0x4,0x282A64,0x27FE60,post_cf_map,record_like,"mod=other",0x20,0x4,0x2A8264,0x27FE84
87,0x9B96C,0x0,0x2A98E2,1,0x3D0004,0x0,0x282A64,0x27FE60,post_cf_map,record_like,"mod=other",0x20,0x4,0x2A8264,0x27FE84
88,0x9B9A8,0x0,0x2A9400,4,0x0,0x2A98DC,0x9B980,0x27FE60,post_cf_map,record_like,"mod=other",0x20,0x4,0x2A8264,0x27FE84
89,0x9B9B4,0x0,0x2A82C0,4,0x4,0x5,0x9B980,0x27FE60,post_cf_map,record_like,"mod=other",0x20,0x4,0x2A8264,0x27FE84
90,0x9BC58,0x0,0x2A8320,4,0x0,0x2A98DC,0x9B980,0x27FE80,post_cf_map,record_like,"mod=other",0x2A8264,0xD0758,0xD074C,0xD0744
91,0x9BC6C,0x0,0x2A98E1,1,0x4,0x10,0x9B980,0x27FE80,post_cf_map,record_like,"mod=other",0x2A8264,0xD0758,0xD074C,0xD0744
92,0xA1888,0x0,0x2A9910,4,0x0,0x3D9158,0x282A64,0x27FE38,post_cf_map,record_like,"mod=other",0x16,0x0,0x2A8264,0x9B354
93,0x9B38C,0x0,0x2A82E0,4,0x1684,0x1684,0x282A64,0x27FE48,post_cf_map,record_like,"mod=other",0x16,0x5,0x0,0xD072C
94,0x9B398,0x0,0x2A82E0,4,0x1684,0x169A,0x282A64,0x27FE48,post_cf_map,record_like,"mod=other",0x16,0x5,0x0,0xD072C
95,0x9B950,0x0,0x2A9900,4,0x0,0x5,0x282A64,0x27FE60,post_cf_map,record_like,"mod=other",0x20,0x5,0x2A8264,0x27FE84
96,0x9B9B4,0x0,0x2A82C0,4,0x5,0x6,0x9B980,0x27FE60,post_cf_map,record_like,"mod=other",0x20,0x5,0x2A8264,0x27FE84
97,0x9B38C,0x0,0x2A82E0,4,0x169A,0x169A,0x282A64,0x27FE48,post_cf_map,record_like,"mod=other",0x16,0x5,0x0,0xD0724
98,0x9B398,0x0,0x2A82E0,4,0x169A,0x16B0,0x282A64,0x27FE48,post_cf_map,record_like,"mod=other",0x16,0x5,0x0,0xD0724
99,0x9B950,0x0,0x2A9918,4,0x0,0x5,0x282A64,0x27FE60,post_cf_map,record_like,"mod=other",0x20,0x6,0x2A8264,0x27FE84
100,0x9B95C,0x0,0x2A9911,1,0x3D9158,0x0,0x282A64,0x27FE60,post_cf_map,record_like,"mod=other",0x20,0x6,0x2A8264,0x27FE84
101,0x9B968,0x0,0x2A9910,1,0x3D0058,0x4,0x282A64,0x27FE60,post_cf_map,record_like,"mod=other",0x20,0x6,0x2A8264,0x27FE84
102,0x9B96C,0x0,0x2A9912,1,0x3D0004,0x0,0x282A64,0x27FE60,post_cf_map,record_like,"mod=other",0x20,0x6,0x2A8264,0x27FE84
103,0x9B9A8,0x0,0x2A896C,4,0x0,0x2A990C,0x9B980,0x27FE60,post_cf_map,record_like,"mod=other",0x20,0x6,0x2A8264,0x27FE84
104,0x9B9B4,0x0,0x2A82C0,4,0x6,0x7,0x9B980,0x27FE60,post_cf_map,record_like,"mod=other",0x20,0x6,0x2A8264,0x27FE84
105,0x9BC58,0x0,0x2A8328,4,0x0,0x2A990C,0x9B980,0x27FE80,post_cf_map,record_like,"mod=other",0x2A8264,0xD0758,0xD074C,0xD0744
106,0x9BC6C,0x0,0x2A9911,1,0x4,0x10,0x9B980,0x27FE80,post_cf_map,record_like,"mod=other",0x2A8264,0xD0758,0xD074C,0xD0744
107,0x9B38C,0x0,0x2A82E0,4,0x16B0,0x16B0,0x282A64,0x27FE48,post_cf_map,record_like,"mod=other",0x16,0x5,0x0,0xD071C
108,0x9B398,0x0,0x2A82E0,4,0x16B0,0x16C6,0x282A64,0x27FE48,post_cf_map,record_like,"mod=other",0x16,0x5,0x0,0xD071C
109,0x9B950,0x0,0x2A9930,4,0x0,0x5,0x282A64,0x27FE60,post_cf_map,record_like,"mod=other",0x20,0x7,0x2A8264,0x27FE84
110,0x9B954,0x0,0x2A992C,4,0x0,0x104153C6,0x282A64,0x27FE60,post_cf_map,record_like,"mod=other",0x20,0x7,0x2A8264,0x27FE84
111,0x9B9A8,0x0,0x2A978C,4,0x0,0x2A9924,0x9B980,0x27FE60,post_cf_map,record_like,"mod=other",0x20,0x7,0x2A8264,0x27FE84
112,0x9B9B4,0x0,0x2A82C0,4,0x7,0x8,0x9B980,0x27FE60,post_cf_map,record_like,"mod=other",0x20,0x7,0x2A8264,0x27FE84
113,0x9BC58,0x0,0x2A832C,4,0x0,0x2A9924,0x9B980,0x27FE80,post_cf_map,record_like,"mod=other",0x2A8264,0xD0758,0xD074C,0xD0744
114,0xA1888,0x0,0x2A9958,4,0x0,0x3D9110,0x282A64,0x27FE38,post_cf_map,record_like,"mod=other",0x16,0x0,0x2A8264,0x9B354
115,0x9B38C,0x0,0x2A82E0,4,0x16C6,0x16C6,0x282A64,0x27FE48,post_cf_map,record_like,"mod=other",0x16,0x5,0x0,0xD0714
116,0x9B398,0x0,0x2A82E0,4,0x16C6,0x16DC,0x282A64,0x27FE48,post_cf_map,record_like,"mod=other",0x16,0x5,0x0,0xD0714
117,0x9B950,0x0,0x2A9948,4,0x0,0x5,0x282A64,0x27FE60,post_cf_map,record_like,"mod=other",0x20,0x8,0x2A8264,0x27FE84
118,0x9B954,0x0,0x2A9944,4,0x0,0x12FBB899,0x282A64,0x27FE60,post_cf_map,record_like,"mod=other",0x20,0x8,0x2A8264,0x27FE84
119,0x9B9B4,0x0,0x2A82C0,4,0x8,0x9,0x9B980,0x27FE60,post_cf_map,record_like,"mod=other",0x20,0x8,0x2A8264,0x27FE84
120,0x9B38C,0x0,0x2A82E0,4,0x16DC,0x16DC,0x282A64,0x27FE48,post_cf_map,record_like,"mod=other",0x15,0x4,0x0,0xD070C
121,0x9B398,0x0,0x2A82E0,4,0x16DC,0x16F1,0x282A64,0x27FE48,post_cf_map,record_like,"mod=other",0x15,0x4,0x0,0xD070C
122,0x9B950,0x0,0x2A9960,4,0x0,0x4,0x282A64,0x27FE60,post_cf_map,record_like,"mod=other",0x20,0x9,0x2A8264,0x27FE84
123,0x9B95C,0x0,0x2A9959,1,0x3D9110,0x0,0x282A64,0x27FE60,post_cf_map,record_like,"mod=other",0x20,0x9,0x2A8264,0x27FE84
124,0x9B968,0x0,0x2A9958,1,0x3D0010,0x4,0x282A64,0x27FE60,post_cf_map,record_like,"mod=other",0x20,0x9,0x2A8264,0x27FE84
125,0x9B96C,0x0,0x2A995A,1,0x3D0004,0x0,0x282A64,0x27FE60,post_cf_map,record_like,"mod=other",0x20,0x9,0x2A8264,0x27FE84
126,0x9B9A8,0x0,0x2A9774,4,0x0,0x2A9954,0x9B980,0x27FE60,post_cf_map,record_like,"mod=other",0x20,0x9,0x2A8264,0x27FE84
127,0x9B9B4,0x0,0x2A82C0,4,0x9,0xA,0x9B980,0x27FE60,post_cf_map,record_like,"mod=other",0x20,0x9,0x2A8264,0x27FE84
128,0x9BC58,0x0,0x2A8334,4,0x0,0x2A9954,0x9B980,0x27FE80,post_cf_map,record_like,"mod=other",0x2A8264,0xD0758,0xD074C,0xD0744
129,0x9BC6C,0x0,0x2A9959,1,0x4,0x10,0x9B980,0x27FE80,post_cf_map,record_like,"mod=other",0x2A8264,0xD0758,0xD074C,0xD0744
130,0xA1888,0x0,0x2A9988,4,0x0,0x3D90E0,0x282A64,0x27FE38,post_cf_map,record_like,"mod=other",0x16,0x0,0x2A8264,0x9B354
131,0x9B38C,0x0,0x2A82E0,4,0x16F1,0x16F1,0x282A64,0x27FE48,post_cf_map,record_like,"mod=other",0x16,0x5,0x0,0xD0704
132,0x9B398,0x0,0x2A82E0,4,0x16F1,0x1707,0x282A64,0x27FE48,post_cf_map,record_like,"mod=other",0x16,0x5,0x0,0xD0704
133,0x9B950,0x0,0x2A9978,4,0x0,0x5,0x282A64,0x27FE60,post_cf_map,record_like,"mod=other",0x20,0xA,0x2A8264,0x27FE84
134,0x9B954,0x0,0x2A9974,4,0x0,0x12820091,0x282A64,0x27FE60,post_cf_map,record_like,"mod=other",0x20,0xA,0x2A8264,0x27FE84
135,0x9B9B4,0x0,0x2A82C0,4,0xA,0xB,0x9B980,0x27FE60,post_cf_map,record_like,"mod=other",0x20,0xA,0x2A8264,0x27FE84
136,0xA1888,0x0,0x2A99A0,4,0x0,0x3D90C8,0x282A64,0x27FE38,post_cf_map,record_like,"mod=other",0x15,0x0,0x2A8264,0x9B354
137,0x9B38C,0x0,0x2A82E0,4,0x1707,0x1707,0x282A64,0x27FE48,post_cf_map,record_like,"mod=other",0x15,0x4,0x0,0xD06FC
138,0x9B398,0x0,0x2A82E0,4,0x1707,0x171C,0x282A64,0x27FE48,post_cf_map,record_like,"mod=other",0x15,0x4,0x0,0xD06FC
139,0x9B950,0x0,0x2A9990,4,0x0,0x4,0x282A64,0x27FE60,post_cf_map,record_like,"mod=other",0x20,0xB,0x2A8264,0x27FE84
140,0x9B954,0x0,0x2A998C,4,0x0,0x78CA18,0x282A64,0x27FE60,post_cf_map,record_like,"mod=other",0x20,0xB,0x2A8264,0x27FE84
141,0x9B95C,0x0,0x2A9989,1,0x3D90E0,0x0,0x282A64,0x27FE60,post_cf_map,record_like,"mod=other",0x20,0xB,0x2A8264,0x27FE84
142,0x9B968,0x0,0x2A9988,1,0x3D00E0,0x4,0x282A64,0x27FE60,post_cf_map,record_like,"mod=other",0x20,0xB,0x2A8264,0x27FE84
143,0x9B96C,0x0,0x2A998A,1,0x3D0004,0x0,0x282A64,0x27FE60,post_cf_map,record_like,"mod=other",0x20,0xB,0x2A8264,0x27FE84
144,0x9B9A8,0x0,0x2A90D4,4,0x0,0x2A9984,0x9B980,0x27FE60,post_cf_map,record_like,"mod=other",0x20,0xB,0x2A8264,0x27FE84
145,0x9B9B4,0x0,0x2A82C0,4,0xB,0xC,0x9B980,0x27FE60,post_cf_map,record_like,"mod=other",0x20,0xB,0x2A8264,0x27FE84
146,0x9BC58,0x0,0x2A833C,4,0x0,0x2A9984,0x9B980,0x27FE80,post_cf_map,record_like,"mod=other",0x2A8264,0xD0758,0xD074C,0xD0744
147,0x9BC6C,0x0,0x2A9989,1,0x4,0x10,0x9B980,0x27FE80,post_cf_map,record_like,"mod=other",0x2A8264,0xD0758,0xD074C,0xD0744
148,0x9B38C,0x0,0x2A82E0,4,0x171C,0x171C,0x282A64,0x27FE48,post_cf_map,record_like,"mod=other",0x15,0x4,0x0,0xD06F4
149,0x9B398,0x0,0x2A82E0,4,0x171C,0x1731,0x282A64,0x27FE48,post_cf_map,record_like,"mod=other",0x15,0x4,0x0,0xD06F4
150,0x9B950,0x0,0x2A99A8,4,0x0,0x4,0x282A64,0x27FE60,post_cf_map,record_like,"mod=other",0x20,0xC,0x2A8264,0x27FE84
151,0x9B954,0x0,0x2A99A4,4,0x0,0x70FE0E,0x282A64,0x27FE60,post_cf_map,record_like,"mod=other",0x20,0xC,0x2A8264,0x27FE84
152,0x9B95C,0x0,0x2A99A1,1,0x3D90C8,0x0,0x282A64,0x27FE60,post_cf_map,record_like,"mod=other",0x20,0xC,0x2A8264,0x27FE84
153,0x9B968,0x0,0x2A99A0,1,0x3D00C8,0x4,0x282A64,0x27FE60,post_cf_map,record_like,"mod=other",0x20,0xC,0x2A8264,0x27FE84
154,0x9B96C,0x0,0x2A99A2,1,0x3D0004,0x0,0x282A64,0x27FE60,post_cf_map,record_like,"mod=other",0x20,0xC,0x2A8264,0x27FE84
155,0x9B9A8,0x0,0x2A90AC,4,0x0,0x2A999C,0x9B980,0x27FE60,post_cf_map,record_like,"mod=other",0x20,0xC,0x2A8264,0x27FE84
156,0x9B9B4,0x0,0x2A82C0,4,0xC,0xD,0x9B980,0x27FE60,post_cf_map,record_like,"mod=other",0x20,0xC,0x2A8264,0x27FE84
157,0x9BC58,0x0,0x2A8340,4,0x0,0x2A999C,0x9B980,0x27FE80,post_cf_map,record_like,"mod=other",0x2A8264,0xD0758,0xD074C,0xD0744
158,0x9BC6C,0x0,0x2A99A1,1,0x4,0x10,0x9B980,0x27FE80,post_cf_map,record_like,"mod=other",0x2A8264,0xD0758,0xD074C,0xD0744
159,0xA1888,0x0,0x2A99D8,4,0x0,0x3D9090,0x282A64,0x27FE38,post_cf_map,record_like,"mod=other",0x19,0x0,0x2A8264,0x9B354
160,0x9B38C,0x0,0x2A82E0,4,0x1731,0x1731,0x282A64,0x27FE48,post_cf_map,record_like,"mod=other",0x19,0x8,0x0,0xD06E8
161,0x9B398,0x0,0x2A82E0,4,0x1731,0x174A,0x282A64,0x27FE48,post_cf_map,record_like,"mod=other",0x19,0x8,0x0,0xD06E8
162,0x9B950,0x0,0x2A99C0,4,0x0,0x8,0x282A64,0x27FE60,post_cf_map,record_like,"mod=other",0x20,0xD,0x2A8264,0x27FE84
163,0x9B9B4,0x0,0x2A82C0,4,0xD,0xE,0x9B980,0x27FE60,post_cf_map,record_like,"mod=other",0x20,0xD,0x2A8264,0x27FE84
164,0x9B38C,0x0,0x2A82E0,4,0x174A,0x174A,0x282A64,0x27FE48,post_cf_map,record_like,"mod=other",0x17,0x6,0x0,0xD06E0
165,0x9B398,0x0,0x2A82E0,4,0x174A,0x1761,0x282A64,0x27FE48,post_cf_map,record_like,"mod=other",0x17,0x6,0x0,0xD06E0
166,0x9B950,0x0,0x2A99E0,4,0x0,0x6,0x282A64,0x27FE60,post_cf_map,record_like,"mod=other",0x20,0xE,0x2A8264,0x27FE84
167,0x9B9A8,0x0,0x2A9830,4,0x0,0x2A99D4,0x9B980,0x27FE60,post_cf_map,record_like,"mod=other",0x20,0xE,0x2A8264,0x27FE84
168,0x9B9B4,0x0,0x2A82C0,4,0xE,0xF,0x9B980,0x27FE60,post_cf_map,record_like,"mod=other",0x20,0xE,0x2A8264,0x27FE84
169,0x9BC58,0x0,0x2A8348,4,0x0,0x2A99D4,0x9B980,0x27FE80,post_cf_map,record_like,"mod=other",0x2A8264,0xD0758,0xD074C,0xD0744
170,0xA1888,0x0,0x2A9A08,4,0x0,0x3D9060,0x282A64,0x27FE78,post_cf_map,record_like,"mod=other",0x13,0x0,0x2A8264,0x9B354
171,0x9B38C,0x0,0x2A82E0,4,0x1761,0x1761,0x282A64,0x27FE88,post_cf_map,record_like,"mod=other",0x13,0x2,0x0,0xD0854
172,0x9B398,0x0,0x2A82E0,4,0x1761,0x1774,0x282A64,0x27FE88,post_cf_map,record_like,"mod=other",0x13,0x2,0x0,0xD0854
173,0x9B950,0x0,0x2A99F8,4,0x0,0x2,0x282A64,0x27FEA0,post_cf_map,record_like,"mod=other",0x20,0x0,0x2827F4,0x2A8264
174,0x9B954,0x0,0x2A99F4,4,0x0,0xCDB,0x282A64,0x27FEA0,post_cf_map,record_like,"mod=other",0x20,0x0,0x2827F4,0x2A8264
175,0x9B9B4,0x0,0x2A82C0,4,0xF,0x10,0x9B980,0x27FEA0,post_cf_map,record_like,"mod=other",0x20,0x0,0x2827F4,0x2A8264
176,0xA1888,0x0,0x2A9A20,4,0x0,0x3D9048,0x282A64,0x27FE78,post_cf_map,record_like,"mod=other",0x16,0x0,0x2A8264,0x9B354
177,0x9B38C,0x0,0x2A82E0,4,0x1774,0x1774,0x282A64,0x27FE88,post_cf_map,record_like,"mod=other",0x16,0x5,0x0,0xD084C
178,0x9B398,0x0,0x2A82E0,4,0x1774,0x178A,0x282A64,0x27FE88,post_cf_map,record_like,"mod=other",0x16,0x5,0x0,0xD084C
179,0x9B950,0x0,0x2A9A10,4,0x0,0x5,0x282A64,0x27FEA0,post_cf_map,record_like,"mod=other",0x20,0x1,0x2827F4,0x2A8264
180,0x9B9A8,0x0,0x2A9650,4,0x0,0x2A9A04,0x9B980,0x27FEA0,post_cf_map,record_like,"mod=other",0x20,0x1,0x2827F4,0x2A8264
181,0x9B9B4,0x0,0x2A82C0,4,0x10,0x11,0x9B980,0x27FEA0,post_cf_map,record_like,"mod=other",0x20,0x1,0x2827F4,0x2A8264
182,0x9B38C,0x0,0x2A82E0,4,0x178A,0x178A,0x282A64,0x27FE88,post_cf_map,record_like,"mod=other",0x13,0x2,0x0,0xD0848
183,0x9B398,0x0,0x2A82E0,4,0x178A,0x179D,0x282A64,0x27FE88,post_cf_map,record_like,"mod=other",0x13,0x2,0x0,0xD0848
184,0x9B950,0x0,0x2A9A28,4,0x0,0x2,0x282A64,0x27FEA0,post_cf_map,record_like,"mod=other",0x20,0x2,0x2827F4,0x2A8264
185,0x9B954,0x0,0x2A9A24,4,0x0,0x1682,0x282A64,0x27FEA0,post_cf_map,record_like,"mod=other",0x20,0x2,0x2827F4,0x2A8264
186,0x9B9A8,0x0,0x2A927C,4,0x0,0x2A9A1C,0x9B980,0x27FEA0,post_cf_map,record_like,"mod=other",0x20,0x2,0x2827F4,0x2A8264
187,0x9B9B4,0x0,0x2A82C0,4,0x11,0x12,0x9B980,0x27FEA0,post_cf_map,record_like,"mod=other",0x20,0x2,0x2827F4,0x2A8264
188,0xA1888,0x0,0x2A9A50,4,0x0,0x3D9018,0x282A64,0x27FE78,post_cf_map,record_like,"mod=other",0x15,0x0,0x2A8264,0x9B354
189,0x9B38C,0x0,0x2A82E0,4,0x179D,0x179D,0x282A64,0x27FE88,post_cf_map,record_like,"mod=other",0x15,0x4,0x0,0xD0840
190,0x9B398,0x0,0x2A82E0,4,0x179D,0x17B2,0x282A64,0x27FE88,post_cf_map,record_like,"mod=other",0x15,0x4,0x0,0xD0840
191,0x9B950,0x0,0x2A9A40,4,0x0,0x4,0x282A64,0x27FEA0,post_cf_map,record_like,"mod=other",0x20,0x3,0x2827F4,0x2A8264
192,0x9B954,0x0,0x2A9A3C,4,0x0,0x70E2E1,0x282A64,0x27FEA0,post_cf_map,record_like,"mod=other",0x20,0x3,0x2827F4,0x2A8264
193,0x9B9B4,0x0,0x2A82C0,4,0x12,0x13,0x9B980,0x27FEA0,post_cf_map,record_like,"mod=other",0x20,0x3,0x2827F4,0x2A8264
194,0x9B38C,0x0,0x2A82E0,4,0x17B2,0x17B2,0x282A64,0x27FE88,post_cf_map,record_like,"mod=other",0x15,0x4,0x0,0xD0838
195,0x9B398,0x0,0x2A82E0,4,0x17B2,0x17C7,0x282A64,0x27FE88,post_cf_map,record_like,"mod=other",0x15,0x4,0x0,0xD0838
196,0x9B950,0x0,0x2A9A58,4,0x0,0x4,0x282A64,0x27FEA0,post_cf_map,record_like,"mod=other",0x20,0x4,0x2827F4,0x2A8264
197,0x9B954,0x0,0x2A9A54,4,0x0,0x7FF650,0x282A64,0x27FEA0,post_cf_map,record_like,"mod=other",0x20,0x4,0x2827F4,0x2A8264
198,0x9B9A8,0x0,0x2A91B4,4,0x0,0x2A9A4C,0x9B980,0x27FEA0,post_cf_map,record_like,"mod=other",0x20,0x4,0x2827F4,0x2A8264
199,0x9B9B4,0x0,0x2A82C0,4,0x13,0x14,0x9B980,0x27FEA0,post_cf_map,record_like,"mod=other",0x20,0x4,0x2827F4,0x2A8264
200,0x9B38C,0x0,0x2A82E0,4,0x17C7,0x17C7,0x282A64,0x27FE88,post_cf_map,record_like,"mod=other",0x14,0x3,0x0,0xD0834
201,0x9B398,0x0,0x2A82E0,4,0x17C7,0x17DB,0x282A64,0x27FE88,post_cf_map,record_like,"mod=other",0x14,0x3,0x0,0xD0834
202,0x9B950,0x0,0x2A9A70,4,0x0,0x3,0x282A64,0x27FEA0,post_cf_map,record_like,"mod=other",0x20,0x5,0x2827F4,0x2A8264
203,0x9B9A8,0x0,0x2A8A20,4,0x0,0x2A9A64,0x9B980,0x27FEA0,post_cf_map,record_like,"mod=other",0x20,0x5,0x2827F4,0x2A8264
204,0x9B9B4,0x0,0x2A82C0,4,0x14,0x15,0x9B980,0x27FEA0,post_cf_map,record_like,"mod=other",0x20,0x5,0x2827F4,0x2A8264
205,0xA1888,0x0,0x2A9A98,4,0x0,0x3D8FD0,0x282A64,0x27FE78,post_cf_map,record_like,"mod=other",0x16,0x0,0x2A8264,0x9B354
206,0x9B38C,0x0,0x2A82E0,4,0x17DB,0x17DB,0x282A64,0x27FE88,post_cf_map,record_like,"mod=other",0x16,0x5,0x0,0xD082C
207,0x9B398,0x0,0x2A82E0,4,0x17DB,0x17F1,0x282A64,0x27FE88,post_cf_map,record_like,"mod=other",0x16,0x5,0x0,0xD082C
208,0x9B950,0x0,0x2A9A88,4,0x0,0x5,0x282A64,0x27FEA0,post_cf_map,record_like,"mod=other",0x20,0x6,0x2827F4,0x2A8264
209,0x9B9B4,0x0,0x2A82C0,4,0x15,0x16,0x9B980,0x27FEA0,post_cf_map,record_like,"mod=other",0x20,0x6,0x2827F4,0x2A8264
210,0x9B38C,0x0,0x2A82E0,4,0x17F1,0x17F1,0x282A64,0x27FE88,post_cf_map,record_like,"mod=other",0x14,0x3,0x0,0xD0828
211,0x9B398,0x0,0x2A82E0,4,0x17F1,0x1805,0x282A64,0x27FE88,post_cf_map,record_like,"mod=other",0x14,0x3,0x0,0xD0828
212,0x9B950,0x0,0x2A9AA0,4,0x0,0x3,0x282A64,0x27FEA0,post_cf_map,record_like,"mod=other",0x20,0x7,0x2827F4,0x2A8264
213,0x9B9A8,0x0,0x2A9554,4,0x0,0x2A9A94,0x9B980,0x27FEA0,post_cf_map,record_like,"mod=other",0x20,0x7,0x2827F4,0x2A8264
214,0x9B9B4,0x0,0x2A82C0,4,0x16,0x17,0x9B980,0x27FEA0,post_cf_map,record_like,"mod=other",0x20,0x7,0x2827F4,0x2A8264
215,0xA1888,0x0,0x2A9AC8,4,0x0,0x3D8FA0,0x282A64,0x27FE78,post_cf_map,record_like,"mod=other",0x14,0x0,0x2A8264,0x9B354
216,0x9B38C,0x0,0x2A82E0,4,0x1805,0x1805,0x282A64,0x27FE88,post_cf_map,record_like,"mod=other",0x14,0x3,0x0,0xD0824
217,0x9B398,0x0,0x2A82E0,4,0x1805,0x1819,0x282A64,0x27FE88,post_cf_map,record_like,"mod=other",0x14,0x3,0x0,0xD0824
218,0x9B950,0x0,0x2A9AB8,4,0x0,0x3,0x282A64,0x27FEA0,post_cf_map,record_like,"mod=other",0x20,0x8,0x2827F4,0x2A8264
219,0x9B9B4,0x0,0x2A82C0,4,0x17,0x18,0x9B980,0x27FEA0,post_cf_map,record_like,"mod=other",0x20,0x8,0x2827F4,0x2A8264
220,0xA1888,0x0,0x2A9AE0,4,0x0,0x3D8F88,0x282A64,0x27FE78,post_cf_map,record_like,"mod=other",0x13,0x0,0x2A8264,0x9B354
221,0x9B38C,0x0,0x2A82E0,4,0x1819,0x1819,0x282A64,0x27FE88,post_cf_map,record_like,"mod=other",0x13,0x2,0x0,0xD0820
222,0x9B398,0x0,0x2A82E0,4,0x1819,0x182C,0x282A64,0x27FE88,post_cf_map,record_like,"mod=other",0x13,0x2,0x0,0xD0820
223,0x9B950,0x0,0x2A9AD0,4,0x0,0x2,0x282A64,0x27FEA0,post_cf_map,record_like,"mod=other",0x20,0x9,0x2827F4,0x2A8264
224,0x9B9A8,0x0,0x2A8F4C,4,0x0,0x2A9AC4,0x9B980,0x27FEA0,post_cf_map,record_like,"mod=other",0x20,0x9,0x2827F4,0x2A8264
225,0x9B9B4,0x0,0x2A82C0,4,0x18,0x19,0x9B980,0x27FEA0,post_cf_map,record_like,"mod=other",0x20,0x9,0x2827F4,0x2A8264
226,0x9B38C,0x0,0x2A82E0,4,0x182C,0x182C,0x282A64,0x27FE88,post_cf_map,record_like,"mod=other",0x13,0x2,0x0,0xD081C
227,0x9B398,0x0,0x2A82E0,4,0x182C,0x183F,0x282A64,0x27FE88,post_cf_map,record_like,"mod=other",0x13,0x2,0x0,0xD081C
228,0x9B950,0x0,0x2A9AE8,4,0x0,0x2,0x282A64,0x27FEA0,post_cf_map,record_like,"mod=other",0x20,0xA,0x2827F4,0x2A8264
229,0x9B9A8,0x0,0x2A9354,4,0x0,0x2A9ADC,0x9B980,0x27FEA0,post_cf_map,record_like,"mod=other",0x20,0xA,0x2827F4,0x2A8264
230,0x9B9B4,0x0,0x2A82C0,4,0x19,0x1A,0x9B980,0x27FEA0,post_cf_map,record_like,"mod=other",0x20,0xA,0x2827F4,0x2A8264
231,0xA1888,0x0,0x2A9B10,4,0x0,0x3D8F58,0x282A64,0x27FE78,post_cf_map,record_like,"mod=other",0x16,0x0,0x2A8264,0x9B354
232,0x9B38C,0x0,0x2A82E0,4,0x183F,0x183F,0x282A64,0x27FE88,post_cf_map,record_like,"mod=other",0x16,0x5,0x0,0xD0814
233,0x9B398,0x0,0x2A82E0,4,0x183F,0x1855,0x282A64,0x27FE88,post_cf_map,record_like,"mod=other",0x16,0x5,0x0,0xD0814
234,0x9B950,0x0,0x2A9B00,4,0x0,0x5,0x282A64,0x27FEA0,post_cf_map,record_like,"mod=other",0x20,0xB,0x2827F4,0x2A8264
235,0x9B954,0x0,0x2A9AFC,4,0x0,0x113F5F5B,0x282A64,0x27FEA0,post_cf_map,record_like,"mod=other",0x20,0xB,0x2827F4,0x2A8264
236,0x9B9B4,0x0,0x2A82C0,4,0x1A,0x1B,0x9B980,0x27FEA0,post_cf_map,record_like,"mod=other",0x20,0xB,0x2827F4,0x2A8264
237,0x9B38C,0x0,0x2A82E0,4,0x1855,0x1855,0x282A64,0x27FE88,post_cf_map,record_like,"mod=other",0x14,0x3,0x0,0xD0810
238,0x9B398,0x0,0x2A82E0,4,0x1855,0x1869,0x282A64,0x27FE88,post_cf_map,record_like,"mod=other",0x14,0x3,0x0,0xD0810
239,0x9B950,0x0,0x2A9B18,4,0x0,0x3,0x282A64,0x27FEA0,post_cf_map,record_like,"mod=other",0x20,0xC,0x2827F4,0x2A8264
240,0x9B954,0x0,0x2A9B14,4,0x0,0x347C9,0x282A64,0x27FEA0,post_cf_map,record_like,"mod=other",0x20,0xC,0x2827F4,0x2A8264
241,0x9B9A8,0x0,0x2A9798,4,0x0,0x2A9B0C,0x9B980,0x27FEA0,post_cf_map,record_like,"mod=other",0x20,0xC,0x2827F4,0x2A8264
242,0x9B9B4,0x0,0x2A82C0,4,0x1B,0x1C,0x9B980,0x27FEA0,post_cf_map,record_like,"mod=other",0x20,0xC,0x2827F4,0x2A8264
243,0x9B38C,0x0,0x2A82E0,4,0x1869,0x1869,0x282A64,0x27FE88,post_cf_map,record_like,"mod=other",0x12,0x1,0x0,0xD080C
244,0x9B398,0x0,0x2A82E0,4,0x1869,0x187B,0x282A64,0x27FE88,post_cf_map,record_like,"mod=other",0x12,0x1,0x0,0xD080C
245,0x9B950,0x0,0x2A9B30,4,0x0,0x1,0x282A64,0x27FEA0,post_cf_map,record_like,"mod=other",0x20,0xD,0x2827F4,0x2A8264
246,0x9B9A8,0x0,0x2A8974,4,0x0,0x2A9B24,0x9B980,0x27FEA0,post_cf_map,record_like,"mod=other",0x20,0xD,0x2827F4,0x2A8264
247,0x9B9B4,0x0,0x2A82C0,4,0x1C,0x1D,0x9B980,0x27FEA0,post_cf_map,record_like,"mod=other",0x20,0xD,0x2827F4,0x2A8264
248,0xA1888,0x0,0x2A9B58,4,0x0,0x3D8F10,0x282A64,0x27FE78,post_cf_map,record_like,"mod=other",0x13,0x0,0x2A8264,0x9B354
249,0x9B38C,0x0,0x2A82E0,4,0x187B,0x187B,0x282A64,0x27FE88,post_cf_map,record_like,"mod=other",0x13,0x2,0x0,0xD0808
250,0x9B398,0x0,0x2A82E0,4,0x187B,0x188E,0x282A64,0x27FE88,post_cf_map,record_like,"mod=other",0x13,0x2,0x0,0xD0808
251,0x9B950,0x0,0x2A9B48,4,0x0,0x2,0x282A64,0x27FEA0,post_cf_map,record_like,"mod=other",0x20,0xE,0x2827F4,0x2A8264
252,0x9B954,0x0,0x2A9B44,4,0x0,0x18D5,0x282A64,0x27FEA0,post_cf_map,record_like,"mod=other",0x20,0xE,0x2827F4,0x2A8264
253,0x9B9B4,0x0,0x2A82C0,4,0x1D,0x1E,0x9B980,0x27FEA0,post_cf_map,record_like,"mod=other",0x20,0xE,0x2827F4,0x2A8264
254,0x9B38C,0x0,0x2A82E0,4,0x188E,0x188E,0x282A64,0x27FE88,post_cf_map,record_like,"mod=other",0x17,0x6,0x0,0xD0800
255,0x9B398,0x0,0x2A82E0,4,0x188E,0x18A5,0x282A64,0x27FE88,post_cf_map,record_like,"mod=other",0x17,0x6,0x0,0xD0800
256,0x9B950,0x0,0x2A9B60,4,0x0,0x6,0x282A64,0x27FEA0,post_cf_map,record_like,"mod=other",0x20,0xF,0x2827F4,0x2A8264
257,0x9B954,0x0,0x2A9B5C,4,0x0,0x8554865D,0x282A64,0x27FEA0,post_cf_map,record_like,"mod=other",0x20,0xF,0x2827F4,0x2A8264
258,0x9B9A8,0x0,0x2A91E8,4,0x0,0x2A9B54,0x9B980,0x27FEA0,post_cf_map,record_like,"mod=other",0x20,0xF,0x2827F4,0x2A8264
259,0x9B9B4,0x0,0x2A82C0,4,0x1E,0x1F,0x9B980,0x27FEA0,post_cf_map,record_like,"mod=other",0x20,0xF,0x2827F4,0x2A8264
260,0xA1888,0x0,0x2A9B88,4,0x0,0x3D8EE0,0x282A64,0x27FE78,post_cf_map,record_like,"mod=other",0x17,0x0,0x2A8264,0x9B354
261,0x9B38C,0x0,0x2A82E0,4,0x18A5,0x18A5,0x282A64,0x27FE88,post_cf_map,record_like,"mod=other",0x17,0x6,0x0,0xD07F8
262,0x9B398,0x0,0x2A82E0,4,0x18A5,0x18BC,0x282A64,0x27FE88,post_cf_map,record_like,"mod=other",0x17,0x6,0x0,0xD07F8
263,0x9B950,0x0,0x2A9B78,4,0x0,0x6,0x282A64,0x27FEA0,post_cf_map,record_like,"mod=other",0x20,0x10,0x2827F4,0x2A8264
264,0x9B954,0x0,0x2A9B74,4,0x0,0x41981B93,0x282A64,0x27FEA0,post_cf_map,record_like,"mod=other",0x20,0x10,0x2827F4,0x2A8264
265,0x9B9B4,0x0,0x2A82C0,4,0x1F,0x20,0x9B980,0x27FEA0,post_cf_map,record_like,"mod=other",0x20,0x10,0x2827F4,0x2A8264
266,0xA1888,0x0,0x2A9BA0,4,0x0,0x3D8EC8,0x282A64,0x27FE78,post_cf_map,record_like,"mod=other",0x15,0x0,0x2A8264,0x9B354
267,0x9B38C,0x0,0x2A82E0,4,0x18BC,0x18BC,0x282A64,0x27FE88,post_cf_map,record_like,"mod=other",0x15,0x4,0x0,0xD07F0
268,0x9B398,0x0,0x2A82E0,4,0x18BC,0x18D1,0x282A64,0x27FE88,post_cf_map,record_like,"mod=other",0x15,0x4,0x0,0xD07F0
269,0x9B950,0x0,0x2A9B90,4,0x0,0x4,0x282A64,0x27FEA0,post_cf_map,record_like,"mod=other",0x20,0x11,0x2827F4,0x2A8264
270,0x9B954,0x0,0x2A9B8C,4,0x0,0x74625B,0x282A64,0x27FEA0,post_cf_map,record_like,"mod=other",0x20,0x11,0x2827F4,0x2A8264
271,0x9B9A8,0x0,0x2A91E0,4,0x0,0x2A9B84,0x9B980,0x27FEA0,post_cf_map,record_like,"mod=other",0x20,0x11,0x2827F4,0x2A8264
272,0x9B9B4,0x0,0x2A82C0,4,0x20,0x21,0x9B980,0x27FEA0,post_cf_map,record_like,"mod=other",0x20,0x11,0x2827F4,0x2A8264
273,0x9B38C,0x0,0x2A82E0,4,0x18D1,0x18D1,0x282A64,0x27FE88,post_cf_map,record_like,"mod=other",0x15,0x4,0x0,0xD07E8
274,0x9B398,0x0,0x2A82E0,4,0x18D1,0x18E6,0x282A64,0x27FE88,post_cf_map,record_like,"mod=other",0x15,0x4,0x0,0xD07E8
275,0x9B950,0x0,0x2A9BA8,4,0x0,0x4,0x282A64,0x27FEA0,post_cf_map,record_like,"mod=other",0x20,0x12,0x2827F4,0x2A8264
276,0x9B954,0x0,0x2A9BA4,4,0x0,0x700450,0x282A64,0x27FEA0,post_cf_map,record_like,"mod=other",0x20,0x12,0x2827F4,0x2A8264
277,0x9B9A8,0x0,0x2A89B4,4,0x0,0x2A9B9C,0x9B980,0x27FEA0,post_cf_map,record_like,"mod=other",0x20,0x12,0x2827F4,0x2A8264
278,0x9B9B4,0x0,0x2A82C0,4,0x21,0x22,0x9B980,0x27FEA0,post_cf_map,record_like,"mod=other",0x20,0x12,0x2827F4,0x2A8264
279,0xA1888,0x0,0x2A9BD0,4,0x0,0x3D8E98,0x282A64,0x27FE78,post_cf_map,record_like,"mod=other",0x16,0x0,0x2A8264,0x9B354
280,0x9B38C,0x0,0x2A82E0,4,0x18E6,0x18E6,0x282A64,0x27FE88,post_cf_map,record_like,"mod=other",0x16,0x5,0x0,0xD07E0
281,0x9B398,0x0,0x2A82E0,4,0x18E6,0x18FC,0x282A64,0x27FE88,post_cf_map,record_like,"mod=other",0x16,0x5,0x0,0xD07E0
282,0x9B950,0x0,0x2A9BC0,4,0x0,0x5,0x282A64,0x27FEA0,post_cf_map,record_like,"mod=other",0x20,0x13,0x2827F4,0x2A8264
283,0x9B9B4,0x0,0x2A82C0,4,0x22,0x23,0x9B980,0x27FEA0,post_cf_map,record_like,"mod=other",0x20,0x13,0x2827F4,0x2A8264
284,0x9B38C,0x0,0x2A82E0,4,0x18FC,0x18FC,0x282A64,0x27FE88,post_cf_map,record_like,"mod=other",0x16,0x5,0x0,0xD07D8
285,0x9B398,0x0,0x2A82E0,4,0x18FC,0x1912,0x282A64,0x27FE88,post_cf_map,record_like,"mod=other",0x16,0x5,0x0,0xD07D8
286,0x9B950,0x0,0x2A9BD8,4,0x0,0x5,0x282A64,0x27FEA0,post_cf_map,record_like,"mod=other",0x20,0x14,0x2827F4,0x2A8264
287,0x9B954,0x0,0x2A9BD4,4,0x0,0x10EDBB06,0x282A64,0x27FEA0,post_cf_map,record_like,"mod=other",0x20,0x14,0x2827F4,0x2A8264
288,0x9B9A8,0x0,0x2A948C,4,0x0,0x2A9BCC,0x9B980,0x27FEA0,post_cf_map,record_like,"mod=other",0x20,0x14,0x2827F4,0x2A8264
289,0x9B9B4,0x0,0x2A82C0,4,0x23,0x24,0x9B980,0x27FEA0,post_cf_map,record_like,"mod=other",0x20,0x14,0x2827F4,0x2A8264
290,0xA1888,0x0,0x2A9C10,4,0x0,0x3D8E58,0x282A64,0x27FE88,post_cf_map,record_like,"mod=other",0x22,0x0,0x2A8264,0x9B354
291,0x9B38C,0x0,0x2A82E0,4,0x1912,0x1912,0x282A64,0x27FE98,post_cf_map,record_like,"mod=other",0x22,0x11,0x0,0xCF680
292,0x9B398,0x0,0x2A82E0,4,0x1912,0x1934,0x282A64,0x27FE98,post_cf_map,record_like,"mod=other",0x22,0x11,0x0,0xCF680
293,0x9B950,0x0,0x2A9BF0,4,0x0,0x11,0x282A64,0x27FEB0,post_cf_map,record_like,"mod=other",0x20,0x2A8264,0x2A82BC,0x2A82E8
294,0x9B9A8,0x0,0x2A9330,4,0x0,0x2A9BE4,0x9B980,0x27FEB0,post_cf_map,record_like,"mod=other",0x20,0x2A8264,0x2A82BC,0x2A82E8
295,0x9B9B4,0x0,0x2A82C0,4,0x24,0x25,0x9B980,0x27FEB0,post_cf_map,record_like,"mod=other",0x20,0x2A8264,0x2A82BC,0x2A82E8
296,0x91230,0x0,0x2A82DC,4,0x0,0x64D0,0x9B980,0x27FED0,post_cf_map,record_like,"mod=other",0x58,0x2A8264,0x910DC,0x0
297,0xA56C0,0x0,0x2A8354,4,0x0,0x4,0xA5320,0x27FF68,post_cf_map,record_like,"mod=other",0x58,0x2A8264,0x282A0C,0x0
298,0x9B38C,0x0,0x2A82E0,4,0x1934,0x1934,0x282A64,0x27FF30,post_cf_map,record_like,"mod=other",0x13,0x2,0x0,0xCF0C4
299,0x9B398,0x0,0x2A82E0,4,0x1934,0x1947,0x282A64,0x27FF30,post_cf_map,record_like,"mod=other",0x13,0x2,0x0,0xCF0C4
300,0x9B950,0x0,0x2A9C18,4,0x0,0x2,0x282A64,0x27FF48,post_cf_map,record_like,"mod=other",0x58,0x2A8264,0x2A8354,0xCF0C4
301,0x9B954,0x0,0x2A9C14,4,0x0,0x1213,0x282A64,0x27FF48,post_cf_map,record_like,"mod=other",0x58,0x2A8264,0x2A8354,0xCF0C4
302,0x9B9A8,0x0,0x2A90C0,4,0x0,0x2A9C0C,0x9B980,0x27FF48,post_cf_map,record_like,"mod=other",0x58,0x2A8264,0x2A8354,0xCF0C4
303,0x9B9B4,0x0,0x2A82C0,4,0x25,0x26,0x9B980,0x27FF48,post_cf_map,record_like,"mod=other",0x58,0x2A8264,0x2A8354,0xCF0C4
304,0xA56D4,0x0,0x2A8358,4,0x0,0x2A9C0C,0x9B980,0x27FF68,post_cf_map,record_like,"mod=other",0x58,0x2A8264,0x282A0C,0x0
305,0xA56E0,0x0,0x2A826C,4,0x2A8354,0x2A835C,0x9B980,0x27FF68,post_cf_map,record_like,"mod=other",0x58,0x2A8264,0x282A0C,0x0
306,0xA57B8,0x0,0x2A835C,4,0x0,0x5,0xA57B0,0x27FF78,post_cf_map,record_like,"mod=other",0x2A8264,0xA532C,0x280600,0x8B488
307,0xA57C0,0x0,0x2A8360,4,0x0,0x2A8594,0xA57B0,0x27FF78,post_cf_map,record_like,"mod=other",0x2A8264,0xA532C,0x280600,0x8B488
308,0xA57CC,0x0,0x2A826C,4,0x2A835C,0x2A8364,0xA57B0,0x27FF78,post_cf_map,record_like,"mod=other",0x2A8264,0xA532C,0x280600,0x8B488
309,0xA577C,0x0,0x2A8364,4,0x0,0x4,0xA5758,0x27FF48,post_cf_map,record_like,"mod=other",0x0,0x2A8264,0x0,0x28223C
310,0x9B38C,0x0,0x2A82E0,4,0x1947,0x1947,0x282A64,0x27FF10,post_cf_map,record_like,"mod=other",0x17,0x6,0x0,0xCF094
311,0x9B398,0x0,0x2A82E0,4,0x1947,0x195E,0x282A64,0x27FF10,post_cf_map,record_like,"mod=other",0x17,0x6,0x0,0xCF094
312,0x9B950,0x0,0x2A9C30,4,0x0,0x6,0x282A64,0x27FF28,post_cf_map,record_like,"mod=other",0x0,0x2A8264,0xCF094,0x2A8364
313,0x9B9A8,0x0,0x2A9418,4,0x0,0x2A9C24,0x9B980,0x27FF28,post_cf_map,record_like,"mod=other",0x0,0x2A8264,0xCF094,0x2A8364
314,0x9B9B4,0x0,0x2A82C0,4,0x26,0x27,0x9B980,0x27FF28,post_cf_map,record_like,"mod=other",0x0,0x2A8264,0xCF094,0x2A8364
315,0xA5790,0x0,0x2A8368,4,0x0,0x2A9C24,0x9B980,0x27FF48,post_cf_map,record_like,"mod=other",0x0,0x2A8264,0x0,0x28223C
316,0xA579C,0x0,0x2A826C,4,0x2A8364,0x2A836C,0x9B980,0x27FF48,post_cf_map,record_like,"mod=other",0x0,0x2A8264,0x0,0x28223C
317,0xA1888,0x0,0x2A9C50,4,0x0,0x3D8E18,0x282A64,0x27FF18,post_cf_map,record_like,"mod=other",0x10,0x0,0x2A8264,0x9B354
318,0x9B38C,0x0,0x2A82E0,4,0x195E,0x195E,0x282A64,0x27FF28,post_cf_map,record_like,"mod=other",0x10,0x2A8264,0x0,0x2A8264
319,0x9B398,0x0,0x2A82E0,4,0x195E,0x196E,0x282A64,0x27FF28,post_cf_map,record_like,"mod=other",0x10,0x2A8264,0x0,0x2A8264
320,0x970A8,0x0,0x2A82C8,4,0x2A86F4,0x2A9C3C,0x97F34,0x27FF40,post_cf_map,record_like,"mod=other",0x2A8264,0x0,0x95A80,0xA55C8
321,0xA55D4,0x0,0x2A826C,4,0x2A836C,0x2A836C,0x97F34,0x27FF50,post_cf_map,record_like,"mod=other",0x2A8264,0x0,0x28223C,0x9AE44
322,0xA5610,0x0,0x2A836C,4,0x0,0x6,0x97F34,0x27FF50,post_cf_map,record_like,"mod=other",0x2A8264,0x0,0x28223C,0x9AE44
323,0xA561C,0x0,0x2A826C,4,0x2A836C,0x2A8374,0x97F34,0x27FF50,post_cf_map,record_like,"mod=other",0x2A8264,0x0,0x28223C,0x9AE44
324,0x98E2C,0x0,0x2A859A,1,0x4FF0005,0x0,0x98E28,0x27FF28,post_cf_map,record_like,"mod=other",0x2A8264,0x2A835C,0x2A8594,0x9DAA8
325,0xA672C,0x0,0x2A8668,4,0x0,0x4,0xA66B4,0x27FEA8,post_cf_map,record_like,"mod=other",0x2A8264,0x9B950,0x20,0x2A8264
326,0xA6734,0x0,0x2A866C,4,0x0,0x2A9C24,0xA66B4,0x27FEA8,post_cf_map,record_like,"mod=other",0x2A8264,0x9B950,0x20,0x2A8264
327,0x9DAE8,0x0,0x2A8670,4,0x0,0x6,0xA66B4,0x27FF38,post_cf_map,record_like,"mod=other",0x2A8264,0x0,0x28223C,0x0
328,0xA5CBC,0x0,0x2A826C,4,0x2A8374,0x2A8364,0xA66B4,0x27FF58,post_cf_map,record_like,"mod=other",0x2A8264,0x9AE50,0x0,0x2A8264
329,0xA577C,0x0,0x2A8364,4,0x4,0x4,0xA5758,0x27FF48,post_cf_map,record_like,"mod=other",0xF,0x2A8264,0x0,0x282244
330,0x9B38C,0x0,0x2A82E0,4,0x196E,0x196E,0x282A64,0x27FF10,post_cf_map,record_like,"mod=other",0x18,0x7,0x0,0xCF08C
331,0x9B398,0x0,0x2A82E0,4,0x196E,0x1986,0x282A64,0x27FF10,post_cf_map,record_like,"mod=other",0x18,0x7,0x0,0xCF08C
332,0x9B950,0x0,0x2A9C58,4,0x0,0x7,0x282A64,0x27FF28,post_cf_map,record_like,"mod=other",0xF,0x2A8264,0xCF08C,0x2A8364
333,0x9B954,0x0,0x2A9C54,4,0x0,0x1A78BBC0,0x282A64,0x27FF28,post_cf_map,record_like,"mod=other",0xF,0x2A8264,0xCF08C,0x2A8364
334,0x9B9A0,0x0,0x2A9C4C,4,0x400000,0x2A9954,0x9B980,0x27FF28,post_cf_map,record_like,"mod=other",0xF,0x2A8264,0xCF08C,0x2A8364
335,0x9B9A8,0x0,0x2A9774,4,0x2A9954,0x2A9C4C,0x9B980,0x27FF28,post_cf_map,record_like,"mod=other",0xF,0x2A8264,0xCF08C,0x2A8364
336,0x9B9B4,0x0,0x2A82C0,4,0x27,0x28,0x9B980,0x27FF28,post_cf_map,record_like,"mod=other",0xF,0x2A8264,0xCF08C,0x2A8364
337,0xA5790,0x0,0x2A8368,4,0x2A9C24,0x2A9C4C,0x9B980,0x27FF48,post_cf_map,record_like,"mod=other",0xF,0x2A8264,0x0,0x282244
338,0xA579C,0x0,0x2A826C,4,0x2A8364,0x2A836C,0x9B980,0x27FF48,post_cf_map,record_like,"mod=other",0xF,0x2A8264,0x0,0x282244
339,0x9B38C,0x0,0x2A82E0,4,0x1986,0x1986,0x282A64,0x27FF28,post_cf_map,record_like,"mod=other",0x10,0x2A8264,0x0,0x2A8264
340,0x9B398,0x0,0x2A82E0,4,0x1986,0x1996,0x282A64,0x27FF28,post_cf_map,record_like,"mod=other",0x10,0x2A8264,0x0,0x2A8264
341,0x970A8,0x0,0x2A82C8,4,0x2A9C3C,0x2A9C64,0x97F34,0x27FF40,post_cf_map,record_like,"mod=other",0x2A8264,0x0,0x95CA8,0xA55C8
342,0xA55D4,0x0,0x2A826C,4,0x2A836C,0x2A836C,0x97F34,0x27FF50,post_cf_map,record_like,"mod=other",0x2A8264,0x0,0x282244,0x9AE44
343,0xA560C,0x0,0x2A8370,4,0x2A9C3C,0x2A9C64,0x97F34,0x27FF50,post_cf_map,record_like,"mod=other",0x2A8264,0x0,0x282244,0x9AE44
344,0xA5610,0x0,0x2A836C,4,0x6,0x6,0x97F34,0x27FF50,post_cf_map,record_like,"mod=other",0x2A8264,0x0,0x282244,0x9AE44
345,0xA561C,0x0,0x2A826C,4,0x2A836C,0x2A8374,0x97F34,0x27FF50,post_cf_map,record_like,"mod=other",0x2A8264,0x0,0x282244,0x9AE44
346,0x98E2C,0x0,0x2A859A,1,0x4000005,0x0,0x98E28,0x27FF28,post_cf_map,record_like,"mod=other",0x2A8264,0x2A835C,0x2A8594,0x9DAA8
347,0xA672C,0x0,0x2A85B4,4,0x0,0x4,0xA66B4,0x27FEA8,post_cf_map,record_like,"mod=other",0x2A8264,0x9B950,0x20,0x2A8264
348,0xA6734,0x0,0x2A85B8,4,0x3DA4B0,0x2A9C4C,0xA66B4,0x27FEA8,post_cf_map,record_like,"mod=other",0x2A8264,0x9B950,0x20,0x2A8264
349,0x9DAE8,0x0,0x2A85BC,4,0x0,0x6,0xA66B4,0x27FF38,post_cf_map,record_like,"mod=other",0x2A8264,0x0,0x282244,0x0
350,0x9DAF0,0x0,0x2A85C0,4,0x0,0x2A9C64,0xA66B4,0x27FF38,post_cf_map,record_like,"mod=other",0x2A8264,0x0,0x282244,0x0
351,0xA5CBC,0x0,0x2A826C,4,0x2A8374,0x2A8364,0xA66B4,0x27FF58,post_cf_map,record_like,"mod=other",0x2A8264,0x9AE50,0x0,0x2A8264
352,0xA577C,0x0,0x2A8364,4,0x4,0x4,0xA5758,0x27FF48,post_cf_map,record_like,"mod=other",0xF,0x2A8264,0x0,0x28224C
353,0xA1888,0x0,0x2A9C90,4,0x0,0x3D8DD8,0x282A64,0x27FF00,post_cf_map,record_like,"mod=other",0x18,0x0,0x2A8264,0x9B354
354,0x9B38C,0x0,0x2A82E0,4,0x1996,0x1996,0x282A64,0x27FF10,post_cf_map,record_like,"mod=other",0x18,0x7,0x0,0xCF084
355,0x9B398,0x0,0x2A82E0,4,0x1996,0x19AE,0x282A64,0x27FF10,post_cf_map,record_like,"mod=other",0x18,0x7,0x0,0xCF084
356,0x9B950,0x0,0x2A9C80,4,0x0,0x7,0x282A64,0x27FF28,post_cf_map,record_like,"mod=other",0xF,0x2A8264,0xCF084,0x2A8364
357,0x9B9B4,0x0,0x2A82C0,4,0x28,0x29,0x9B980,0x27FF28,post_cf_map,record_like,"mod=other",0xF,0x2A8264,0xCF084,0x2A8364
358,0xA579C,0x0,0x2A826C,4,0x2A8364,0x2A836C,0x9B980,0x27FF48,post_cf_map,record_like,"mod=other",0xF,0x2A8264,0x0,0x28224C
359,0xA1888,0x0,0x2A9CA0,4,0x0,0x3D8DC8,0x282A64,0x27FF18,post_cf_map,record_like,"mod=other",0x10,0x0,0x2A8264,0x9B354
360,0x9B38C,0x0,0x2A82E0,4,0x19AE,0x19AE,0x282A64,0x27FF28,post_cf_map,record_like,"mod=other",0x10,0x2A8264,0x0,0x2A8264
361,0x9B398,0x0,0x2A82E0,4,0x19AE,0x19BE,0x282A64,0x27FF28,post_cf_map,record_like,"mod=other",0x10,0x2A8264,0x0,0x2A8264
362,0x970A0,0x0,0x2A9C8C,4,0x400000,0x2A9C64,0x97F34,0x27FF40,post_cf_map,record_like,"mod=other",0x2A8264,0x0,0x963B8,0xA55C8
363,0x970A8,0x0,0x2A82C8,4,0x2A9C64,0x2A9C8C,0x97F34,0x27FF40,post_cf_map,record_like,"mod=other",0x2A8264,0x0,0x963B8,0xA55C8
364,0xA55D4,0x0,0x2A826C,4,0x2A836C,0x2A836C,0x97F34,0x27FF50,post_cf_map,record_like,"mod=other",0x2A8264,0x0,0x28224C,0x9AE44
365,0xA560C,0x0,0x2A8370,4,0x2A9C64,0x2A9C8C,0x97F34,0x27FF50,post_cf_map,record_like,"mod=other",0x2A8264,0x0,0x28224C,0x9AE44
366,0xA5610,0x0,0x2A836C,4,0x6,0x6,0x97F34,0x27FF50,post_cf_map,record_like,"mod=other",0x2A8264,0x0,0x28224C,0x9AE44
367,0xA561C,0x0,0x2A826C,4,0x2A836C,0x2A8374,0x97F34,0x27FF50,post_cf_map,record_like,"mod=other",0x2A8264,0x0,0x28224C,0x9AE44
368,0x98E2C,0x0,0x2A859A,1,0x4000005,0x0,0x98E28,0x27FF28,post_cf_map,record_like,"mod=other",0x2A8264,0x2A835C,0x2A8594,0x9DAA8
369,0xA672C,0x0,0x2A8690,4,0x0,0x4,0xA66B4,0x27FEA8,post_cf_map,record_like,"mod=other",0x2A8264,0x9B950,0x20,0x2A8264
370,0x9DAE8,0x0,0x2A8698,4,0x0,0x6,0xA66B4,0x27FF38,post_cf_map,record_like,"mod=other",0x2A8264,0x0,0x28224C,0x0
371,0x9DAF0,0x0,0x2A869C,4,0x0,0x2A9C8C,0xA66B4,0x27FF38,post_cf_map,record_like,"mod=other",0x2A8264,0x0,0x28224C,0x0
372,0xA5CBC,0x0,0x2A826C,4,0x2A8374,0x2A8364,0xA66B4,0x27FF58,post_cf_map,record_like,"mod=other",0x2A8264,0x9AE50,0x0,0x2A8264
373,0xA577C,0x0,0x2A8364,4,0x4,0x4,0xA5758,0x27FF48,post_cf_map,record_like,"mod=other",0xF,0x2A8264,0x0,0x282254
374,0x9B38C,0x0,0x2A82E0,4,0x19BE,0x19BE,0x282A64,0x27FF10,post_cf_map,record_like,"mod=other",0x18,0x7,0x0,0xCF07C
375,0x9B398,0x0,0x2A82E0,4,0x19BE,0x19D6,0x282A64,0x27FF10,post_cf_map,record_like,"mod=other",0x18,0x7,0x0,0xCF07C
376,0x9B950,0x0,0x2A9CA8,4,0x0,0x7,0x282A64,0x27FF28,post_cf_map,record_like,"mod=other",0xF,0x2A8264,0xCF07C,0x2A8364
377,0x9B9A8,0x0,0x2A8B28,4,0x0,0x2A9C9C,0x9B980,0x27FF28,post_cf_map,record_like,"mod=other",0xF,0x2A8264,0xCF07C,0x2A8364
378,0x9B9B4,0x0,0x2A82C0,4,0x29,0x2A,0x9B980,0x27FF28,post_cf_map,record_like,"mod=other",0xF,0x2A8264,0xCF07C,0x2A8364
379,0xA5790,0x0,0x2A8368,4,0x2A9C74,0x2A9C9C,0x9B980,0x27FF48,post_cf_map,record_like,"mod=other",0xF,0x2A8264,0x0,0x282254
380,0xA579C,0x0,0x2A826C,4,0x2A8364,0x2A836C,0x9B980,0x27FF48,post_cf_map,record_like,"mod=other",0xF,0x2A8264,0x0,0x282254
381,0xA1888,0x0,0x2A9CC8,4,0x0,0x3D8DA0,0x282A64,0x27FF18,post_cf_map,record_like,"mod=other",0x10,0x0,0x2A8264,0x9B354
382,0x9B38C,0x0,0x2A82E0,4,0x19D6,0x19D6,0x282A64,0x27FF28,post_cf_map,record_like,"mod=other",0x10,0x2A8264,0x0,0x2A8264
383,0x9B398,0x0,0x2A82E0,4,0x19D6,0x19E6,0x282A64,0x27FF28,post_cf_map,record_like,"mod=other",0x10,0x2A8264,0x0,0x2A8264
384,0x970A0,0x0,0x2A9CB4,4,0x400000,0x2A9C8C,0x97F34,0x27FF40,post_cf_map,record_like,"mod=other",0x2A8264,0x0,0x95C48,0xA55C8
385,0x970A8,0x0,0x2A82C8,4,0x2A9C8C,0x2A9CB4,0x97F34,0x27FF40,post_cf_map,record_like,"mod=other",0x2A8264,0x0,0x95C48,0xA55C8
386,0xA55C8,0x0,0x2A9CC0,4,0x0,0x95C48,0x97F34,0x27FF50,post_cf_map,record_like,"mod=other",0x2A8264,0x0,0x282254,0x9AE44
387,0xA55D4,0x0,0x2A826C,4,0x2A836C,0x2A836C,0x97F34,0x27FF50,post_cf_map,record_like,"mod=other",0x2A8264,0x0,0x282254,0x9AE44
388,0xA5610,0x0,0x2A836C,4,0x6,0x6,0x97F34,0x27FF50,post_cf_map,record_like,"mod=other",0x2A8264,0x0,0x282254,0x9AE44
389,0xA561C,0x0,0x2A826C,4,0x2A836C,0x2A8374,0x97F34,0x27FF50,post_cf_map,record_like,"mod=other",0x2A8264,0x0,0x282254,0x9AE44
390,0x98E2C,0x0,0x2A859A,1,0x4000005,0x0,0x98E28,0x27FF28,post_cf_map,record_like,"mod=other",0x2A8264,0x2A835C,0x2A8594,0x9DAA8
391,0xA672C,0x0,0x2A86B8,4,0x0,0x4,0xA66B4,0x27FEA8,post_cf_map,record_like,"mod=other",0x2A8264,0x9B950,0x20,0x2A8264
392,0xA6734,0x0,0x2A86BC,4,0x0,0x2A9C9C,0xA66B4,0x27FEA8,post_cf_map,record_like,"mod=other",0x2A8264,0x9B950,0x20,0x2A8264
393,0x9DAE8,0x0,0x2A86C0,4,0x0,0x6,0xA66B4,0x27FF38,post_cf_map,record_like,"mod=other",0x2A8264,0x0,0x282254,0x0
394,0xA5CBC,0x0,0x2A826C,4,0x2A8374,0x2A8364,0xA66B4,0x27FF58,post_cf_map,record_like,"mod=other",0x2A8264,0x9AE50,0x0,0x2A8264
395,0xA577C,0x0,0x2A8364,4,0x4,0x4,0xA5758,0x27FF48,post_cf_map,record_like,"mod=other",0xF,0x2A8264,0x0,0x28225C
396,0xA1888,0x0,0x2A9CE0,4,0x0,0x3D8D88,0x282A64,0x27FF00,post_cf_map,record_like,"mod=other",0x18,0x0,0x2A8264,0x9B354
397,0x9B38C,0x0,0x2A82E0,4,0x19E6,0x19E6,0x282A64,0x27FF10,post_cf_map,record_like,"mod=other",0x18,0x7,0x0,0xCF074
398,0x9B398,0x0,0x2A82E0,4,0x19E6,0x19FE,0x282A64,0x27FF10,post_cf_map,record_like,"mod=other",0x18,0x7,0x0,0xCF074
399,0x9B950,0x0,0x2A9CD0,4,0x0,0x7,0x282A64,0x27FF28,post_cf_map,record_like,"mod=other",0xF,0x2A8264,0xCF074,0x2A8364
400,0x9B9A8,0x0,0x2A8D5C,4,0x0,0x2A9CC4,0x9B980,0x27FF28,post_cf_map,record_like,"mod=other",0xF,0x2A8264,0xCF074,0x2A8364
401,0x9B9B4,0x0,0x2A82C0,4,0x2A,0x2B,0x9B980,0x27FF28,post_cf_map,record_like,"mod=other",0xF,0x2A8264,0xCF074,0x2A8364
402,0xA5790,0x0,0x2A8368,4,0x2A9C9C,0x2A9CC4,0x9B980,0x27FF48,post_cf_map,record_like,"mod=other",0xF,0x2A8264,0x0,0x28225C
403,0xA579C,0x0,0x2A826C,4,0x2A8364,0x2A836C,0x9B980,0x27FF48,post_cf_map,record_like,"mod=other",0xF,0x2A8264,0x0,0x28225C
404,0x9B38C,0x0,0x2A82E0,4,0x19FE,0x19FE,0x282A64,0x27FF28,post_cf_map,record_like,"mod=other",0x10,0x2A8264,0x0,0x2A8264
405,0x9B398,0x0,0x2A82E0,4,0x19FE,0x1A0E,0x282A64,0x27FF28,post_cf_map,record_like,"mod=other",0x10,0x2A8264,0x0,0x2A8264
406,0x970A8,0x0,0x2A82C8,4,0x2A9CB4,0x2A9CDC,0x97F34,0x27FF40,post_cf_map,record_like,"mod=other",0x2A8264,0x0,0x962C0,0xA55C8
407,0xA55D4,0x0,0x2A826C,4,0x2A836C,0x2A836C,0x97F34,0x27FF50,post_cf_map,record_like,"mod=other",0x2A8264,0x0,0x28225C,0x9AE44
408,0xA560C,0x0,0x2A8370,4,0x2A9CB4,0x2A9CDC,0x97F34,0x27FF50,post_cf_map,record_like,"mod=other",0x2A8264,0x0,0x28225C,0x9AE44
409,0xA5610,0x0,0x2A836C,4,0x6,0x6,0x97F34,0x27FF50,post_cf_map,record_like,"mod=other",0x2A8264,0x0,0x28225C,0x9AE44
410,0xA561C,0x0,0x2A826C,4,0x2A836C,0x2A8374,0x97F34,0x27FF50,post_cf_map,record_like,"mod=other",0x2A8264,0x0,0x28225C,0x9AE44
411,0x98E2C,0x0,0x2A859A,1,0x4000005,0x0,0x98E28,0x27FF28,post_cf_map,record_like,"mod=other",0x2A8264,0x2A835C,0x2A8594,0x9DAA8
412,0xA672C,0x0,0x2A867C,4,0x0,0x4,0xA66B4,0x27FEA8,post_cf_map,record_like,"mod=other",0x2A8264,0x9B950,0x20,0x2A8264
413,0xA6734,0x0,0x2A8680,4,0x0,0x2A9CC4,0xA66B4,0x27FEA8,post_cf_map,record_like,"mod=other",0x2A8264,0x9B950,0x20,0x2A8264
414,0x9DAE8,0x0,0x2A8684,4,0x0,0x6,0xA66B4,0x27FF38,post_cf_map,record_like,"mod=other",0x2A8264,0x0,0x28225C,0x0
415,0x9DAF0,0x0,0x2A8688,4,0x0,0x2A9CDC,0xA66B4,0x27FF38,post_cf_map,record_like,"mod=other",0x2A8264,0x0,0x28225C,0x0
416,0xA5CBC,0x0,0x2A826C,4,0x2A8374,0x2A8364,0xA66B4,0x27FF58,post_cf_map,record_like,"mod=other",0x2A8264,0x9AE50,0x0,0x2A8264
417,0xA577C,0x0,0x2A8364,4,0x4,0x4,0xA5758,0x27FF48,post_cf_map,record_like,"mod=other",0xF,0x2A8264,0x0,0x282264
418,0xA1888,0x0,0x2A9D08,4,0x0,0x3D8D60,0x282A64,0x27FF00,post_cf_map,record_like,"mod=other",0x18,0x0,0x2A8264,0x9B354
419,0x9B38C,0x0,0x2A82E0,4,0x1A0E,0x1A0E,0x282A64,0x27FF10,post_cf_map,record_like,"mod=other",0x18,0x7,0x0,0xCF06C
420,0x9B398,0x0,0x2A82E0,4,0x1A0E,0x1A26,0x282A64,0x27FF10,post_cf_map,record_like,"mod=other",0x18,0x7,0x0,0xCF06C
421,0x9B950,0x0,0x2A9CF8,4,0x0,0x7,0x282A64,0x27FF28,post_cf_map,record_like,"mod=other",0xF,0x2A8264,0xCF06C,0x2A8364
422,0x9B9B4,0x0,0x2A82C0,4,0x2B,0x2C,0x9B980,0x27FF28,post_cf_map,record_like,"mod=other",0xF,0x2A8264,0xCF06C,0x2A8364
423,0xA579C,0x0,0x2A826C,4,0x2A8364,0x2A836C,0x9B980,0x27FF48,post_cf_map,record_like,"mod=other",0xF,0x2A8264,0x0,0x282264
424,0xA1888,0x0,0x2A9D18,4,0x0,0x3D8D50,0x282A64,0x27FF18,post_cf_map,record_like,"mod=other",0x10,0x0,0x2A8264,0x9B354
425,0x9B38C,0x0,0x2A82E0,4,0x1A26,0x1A26,0x282A64,0x27FF28,post_cf_map,record_like,"mod=other",0x10,0x2A8264,0x0,0x2A8264
426,0x9B398,0x0,0x2A82E0,4,0x1A26,0x1A36,0x282A64,0x27FF28,post_cf_map,record_like,"mod=other",0x10,0x2A8264,0x0,0x2A8264
427,0x970A0,0x0,0x2A9D04,4,0x400000,0x2A9CDC,0x97F34,0x27FF40,post_cf_map,record_like,"mod=other",0x2A8264,0x0,0x95D30,0xA55C8
428,0x970A8,0x0,0x2A82C8,4,0x2A9CDC,0x2A9D04,0x97F34,0x27FF40,post_cf_map,record_like,"mod=other",0x2A8264,0x0,0x95D30,0xA55C8
429,0xA55D4,0x0,0x2A826C,4,0x2A836C,0x2A836C,0x97F34,0x27FF50,post_cf_map,record_like,"mod=other",0x2A8264,0x0,0x282264,0x9AE44
430,0xA560C,0x0,0x2A8370,4,0x2A9CDC,0x2A9D04,0x97F34,0x27FF50,post_cf_map,record_like,"mod=other",0x2A8264,0x0,0x282264,0x9AE44
431,0xA5610,0x0,0x2A836C,4,0x6,0x6,0x97F34,0x27FF50,post_cf_map,record_like,"mod=other",0x2A8264,0x0,0x282264,0x9AE44
432,0xA561C,0x0,0x2A826C,4,0x2A836C,0x2A8374,0x97F34,0x27FF50,post_cf_map,record_like,"mod=other",0x2A8264,0x0,0x282264,0x9AE44
433,0x98E2C,0x0,0x2A859A,1,0x4000005,0x0,0x98E28,0x27FF28,post_cf_map,record_like,"mod=other",0x2A8264,0x2A835C,0x2A8594,0x9DAA8
434,0xA6720,0x0,0x2A85C4,4,0x0,0x2A86E0,0xA66D4,0x27FEA8,post_cf_map,record_like,"mod=other",0x2A8264,0x9B950,0x20,0x2A8264
435,0xA672C,0x0,0x2A86E0,4,0x0,0x4,0xA66D4,0x27FEA8,post_cf_map,record_like,"mod=other",0x2A8264,0x9B950,0x20,0x2A8264
436,0xA675C,0x0,0x2A85A8,4,0x2A86E0,0x2A86CC,0xA66D4,0x27FEA8,post_cf_map,record_like,"mod=other",0x2A8264,0x9B950,0x20,0x2A8264
437,0x9DAE8,0x0,0x2A86E8,4,0x0,0x6,0xA66D4,0x27FF38,post_cf_map,record_like,"mod=other",0x2A8264,0x0,0x282264,0x0
438,0x9DAF0,0x0,0x2A86EC,4,0x0,0x2A9D04,0xA66D4,0x27FF38,post_cf_map,record_like,"mod=other",0x2A8264,0x0,0x282264,0x0
439,0xA5CBC,0x0,0x2A826C,4,0x2A8374,0x2A8364,0xA66D4,0x27FF58,post_cf_map,record_like,"mod=other",0x2A8264,0x9AE50,0x0,0x2A8264
440,0xA577C,0x0,0x2A8364,4,0x4,0x4,0xA5758,0x27FF48,post_cf_map,record_like,"mod=other",0xF,0x2A8264,0x0,0x28226C
441,0x9B38C,0x0,0x2A82E0,4,0x1A36,0x1A36,0x282A64,0x27FF10,post_cf_map,record_like,"mod=other",0x16,0x5,0x0,0xCF030
442,0x9B398,0x0,0x2A82E0,4,0x1A36,0x1A4C,0x282A64,0x27FF10,post_cf_map,record_like,"mod=other",0x16,0x5,0x0,0xCF030
443,0x9B950,0x0,0x2A9D20,4,0x0,0x5,0x282A64,0x27FF28,post_cf_map,record_like,"mod=other",0xF,0x2A8264,0xCF030,0x2A8364
444,0x9B954,0x0,0x2A9D1C,4,0x0,0x11BAAE46,0x282A64,0x27FF28,post_cf_map,record_like,"mod=other",0xF,0x2A8264,0xCF030,0x2A8364
445,0x9B9A8,0x0,0x2A918C,4,0x0,0x2A9D14,0x9B980,0x27FF28,post_cf_map,record_like,"mod=other",0xF,0x2A8264,0xCF030,0x2A8364
446,0x9B9B4,0x0,0x2A82C0,4,0x2C,0x2D,0x9B980,0x27FF28,post_cf_map,record_like,"mod=other",0xF,0x2A8264,0xCF030,0x2A8364
447,0xA5790,0x0,0x2A8368,4,0x2A9CEC,0x2A9D14,0x9B980,0x27FF48,post_cf_map,record_like,"mod=other",0xF,0x2A8264,0x0,0x28226C
448,0xA579C,0x0,0x2A826C,4,0x2A8364,0x2A836C,0x9B980,0x27FF48,post_cf_map,record_like,"mod=other",0xF,0x2A8264,0x0,0x28226C
449,0x9B38C,0x0,0x2A82E0,4,0x1A4C,0x1A4C,0x282A64,0x27FF28,post_cf_map,record_like,"mod=other",0x10,0x2A8264,0x0,0x2A8264
450,0x9B398,0x0,0x2A82E0,4,0x1A4C,0x1A5C,0x282A64,0x27FF28,post_cf_map,record_like,"mod=other",0x10,0x2A8264,0x0,0x2A8264
451,0x970A0,0x0,0x2A9D2C,4,0x400000,0x2A9D04,0x97F34,0x27FF40,post_cf_map,record_like,"mod=other",0x2A8264,0x0,0x96088,0xA55C8
452,0x970A8,0x0,0x2A82C8,4,0x2A9D04,0x2A9D2C,0x97F34,0x27FF40,post_cf_map,record_like,"mod=other",0x2A8264,0x0,0x96088,0xA55C8
453,0xA55C8,0x0,0x2A9D38,4,0x0,0x96088,0x97F34,0x27FF50,post_cf_map,record_like,"mod=other",0x2A8264,0x0,0x28226C,0x9AE44
454,0xA55D4,0x0,0x2A826C,4,0x2A836C,0x2A836C,0x97F34,0x27FF50,post_cf_map,record_like,"mod=other",0x2A8264,0x0,0x28226C,0x9AE44
455,0xA5610,0x0,0x2A836C,4,0x6,0x6,0x97F34,0x27FF50,post_cf_map,record_like,"mod=other",0x2A8264,0x0,0x28226C,0x9AE44
456,0xA561C,0x0,0x2A826C,4,0x2A836C,0x2A8374,0x97F34,0x27FF50,post_cf_map,record_like,"mod=other",0x2A8264,0x0,0x28226C,0x9AE44
457,0x98E2C,0x0,0x2A859A,1,0x4000005,0x0,0x98E28,0x27FF28,post_cf_map,record_like,"mod=other",0x2A8264,0x2A835C,0x2A8594,0x9DAA8
458,0xA672C,0x0,0x2A862C,4,0x0,0x4,0xA66B4,0x27FEA8,post_cf_map,record_like,"mod=other",0x2A8264,0x9B950,0x20,0x2A8264
459,0xA6734,0x0,0x2A8630,4,0x0,0x2A9D14,0xA66B4,0x27FEA8,post_cf_map,record_like,"mod=other",0x2A8264,0x9B950,0x20,0x2A8264
460,0x9DAE8,0x0,0x2A8634,4,0x0,0x6,0xA66B4,0x27FF38,post_cf_map,record_like,"mod=other",0x2A8264,0x0,0x28226C,0x0
461,0xA5CBC,0x0,0x2A826C,4,0x2A8374,0x2A8364,0xA66B4,0x27FF58,post_cf_map,record_like,"mod=other",0x2A8264,0x9AE50,0x0,0x2A8264
462,0xA577C,0x0,0x2A8364,4,0x4,0x4,0xA5758,0x27FF48,post_cf_map,record_like,"mod=other",0xF,0x2A8264,0x0,0x282274
463,0xA1888,0x0,0x2A9D58,4,0x0,0x3D8D10,0x282A64,0x27FF00,post_cf_map,record_like,"mod=other",0x15,0x0,0x2A8264,0x9B354
464,0x9B38C,0x0,0x2A82E0,4,0x1A5C,0x1A5C,0x282A64,0x27FF10,post_cf_map,record_like,"mod=other",0x15,0x4,0x0,0xCF064
465,0x9B398,0x0,0x2A82E0,4,0x1A5C,0x1A71,0x282A64,0x27FF10,post_cf_map,record_like,"mod=other",0x15,0x4,0x0,0xCF064
466,0x9B950,0x0,0x2A9D48,4,0x0,0x4,0x282A64,0x27FF28,post_cf_map,record_like,"mod=other",0xF,0x2A8264,0xCF064,0x2A8364
467,0x9B9B4,0x0,0x2A82C0,4,0x2D,0x2E,0x9B980,0x27FF28,post_cf_map,record_like,"mod=other",0xF,0x2A8264,0xCF064,0x2A8364
468,0xA579C,0x0,0x2A826C,4,0x2A8364,0x2A836C,0x9B980,0x27FF48,post_cf_map,record_like,"mod=other",0xF,0x2A8264,0x0,0x282274
469,0x9B38C,0x0,0x2A82E0,4,0x1A71,0x1A71,0x282A64,0x27FF28,post_cf_map,record_like,"mod=other",0x10,0x2A8264,0x0,0x2A8264
470,0x9B398,0x0,0x2A82E0,4,0x1A71,0x1A81,0x282A64,0x27FF28,post_cf_map,record_like,"mod=other",0x10,0x2A8264,0x0,0x2A8264
471,0x970A8,0x0,0x2A82C8,4,0x2A9D2C,0x2A9D54,0x97F34,0x27FF40,post_cf_map,record_like,"mod=other",0x2A8264,0x0,0x968FC,0xA55C8
472,0xA55D4,0x0,0x2A826C,4,0x2A836C,0x2A836C,0x97F34,0x27FF50,post_cf_map,record_like,"mod=other",0x2A8264,0x0,0x282274,0x9AE44
473,0xA560C,0x0,0x2A8370,4,0x2A9D2C,0x2A9D54,0x97F34,0x27FF50,post_cf_map,record_like,"mod=other",0x2A8264,0x0,0x282274,0x9AE44
474,0xA5610,0x0,0x2A836C,4,0x6,0x6,0x97F34,0x27FF50,post_cf_map,record_like,"mod=other",0x2A8264,0x0,0x282274,0x9AE44
475,0xA561C,0x0,0x2A826C,4,0x2A836C,0x2A8374,0x97F34,0x27FF50,post_cf_map,record_like,"mod=other",0x2A8264,0x0,0x282274,0x9AE44
476,0x98E2C,0x0,0x2A859A,1,0x4000005,0x0,0x98E28,0x27FF28,post_cf_map,record_like,"mod=other",0x2A8264,0x2A835C,0x2A8594,0x9DAA8
477,0xA6720,0x0,0x2A86A0,4,0x0,0x2A86CC,0xA66D4,0x27FEA8,post_cf_map,record_like,"mod=other",0x2A8264,0x9B950,0x20,0x2A8264
478,0xA672C,0x0,0x2A86CC,4,0x0,0x4,0xA66D4,0x27FEA8,post_cf_map,record_like,"mod=other",0x2A8264,0x9B950,0x20,0x2A8264
479,0xA675C,0x0,0x2A85A8,4,0x2A86CC,0x2A86B8,0xA66D4,0x27FEA8,post_cf_map,record_like,"mod=other",0x2A8264,0x9B950,0x20,0x2A8264
480,0xA675C,0x0,0x2A85A8,4,0x2A86B8,0x2A86A4,0xA66D4,0x27FEA8,post_cf_map,record_like,"mod=other",0x2A8264,0x9B950,0x20,0x2A8264
481,0x9DAE8,0x0,0x2A86D4,4,0x0,0x6,0xA66D4,0x27FF38,post_cf_map,record_like,"mod=other",0x2A8264,0x0,0x282274,0x0
482,0x9DAF0,0x0,0x2A86D8,4,0x0,0x2A9D54,0xA66D4,0x27FF38,post_cf_map,record_like,"mod=other",0x2A8264,0x0,0x282274,0x0
483,0xA5CBC,0x0,0x2A826C,4,0x2A8374,0x2A8364,0xA66D4,0x27FF58,post_cf_map,record_like,"mod=other",0x2A8264,0x9AE50,0x0,0x2A8264
484,0xA577C,0x0,0x2A8364,4,0x4,0x4,0xA5758,0x27FF48,post_cf_map,record_like,"mod=other",0xF,0x2A8264,0x0,0x28227C
485,0x9B38C,0x0,0x2A82E0,4,0x1A81,0x1A81,0x282A64,0x27FF10,post_cf_map,record_like,"mod=other",0x15,0x4,0x0,0xCF05C
486,0x9B398,0x0,0x2A82E0,4,0x1A81,0x1A96,0x282A64,0x27FF10,post_cf_map,record_like,"mod=other",0x15,0x4,0x0,0xCF05C
487,0x9B950,0x0,0x2A9D70,4,0x0,0x4,0x282A64,0x27FF28,post_cf_map,record_like,"mod=other",0xF,0x2A8264,0xCF05C,0x2A8364
488,0x9B954,0x0,0x2A9D6C,4,0x0,0x7DA253,0x282A64,0x27FF28,post_cf_map,record_like,"mod=other",0xF,0x2A8264,0xCF05C,0x2A8364
489,0x9B9A8,0x0,0x2A91C0,4,0x0,0x2A9D64,0x9B980,0x27FF28,post_cf_map,record_like,"mod=other",0xF,0x2A8264,0xCF05C,0x2A8364
490,0x9B9B4,0x0,0x2A82C0,4,0x2E,0x2F,0x9B980,0x27FF28,post_cf_map,record_like,"mod=other",0xF,0x2A8264,0xCF05C,0x2A8364
491,0xA5790,0x0,0x2A8368,4,0x2A9D3C,0x2A9D64,0x9B980,0x27FF48,post_cf_map,record_like,"mod=other",0xF,0x2A8264,0x0,0x28227C
492,0xA579C,0x0,0x2A826C,4,0x2A8364,0x2A836C,0x9B980,0x27FF48,post_cf_map,record_like,"mod=other",0xF,0x2A8264,0x0,0x28227C
493,0xA1888,0x0,0x2A9D90,4,0x0,0x3D8CD8,0x282A64,0x27FF18,post_cf_map,record_like,"mod=other",0x10,0x0,0x2A8264,0x9B354
494,0x9B38C,0x0,0x2A82E0,4,0x1A96,0x1A96,0x282A64,0x27FF28,post_cf_map,record_like,"mod=other",0x10,0x2A8264,0x0,0x2A8264
495,0x9B398,0x0,0x2A82E0,4,0x1A96,0x1AA6,0x282A64,0x27FF28,post_cf_map,record_like,"mod=other",0x10,0x2A8264,0x0,0x2A8264
496,0x970A0,0x0,0x2A9D7C,4,0x400000,0x2A9D54,0x97F34,0x27FF40,post_cf_map,record_like,"mod=other",0x2A8264,0x0,0x96A24,0xA55C8
497,0x970A8,0x0,0x2A82C8,4,0x2A9D54,0x2A9D7C,0x97F34,0x27FF40,post_cf_map,record_like,"mod=other",0x2A8264,0x0,0x96A24,0xA55C8
498,0xA55C8,0x0,0x2A9D88,4,0x0,0x96A24,0x97F34,0x27FF50,post_cf_map,record_like,"mod=other",0x2A8264,0x0,0x28227C,0x9AE44
499,0xA55D4,0x0,0x2A826C,4,0x2A836C,0x2A836C,0x97F34,0x27FF50,post_cf_map,record_like,"mod=other",0x2A8264,0x0,0x28227C,0x9AE44
500,0xA5610,0x0,0x2A836C,4,0x6,0x6,0x97F34,0x27FF50,post_cf_map,record_like,"mod=other",0x2A8264,0x0,0x28227C,0x9AE44
501,0xA561C,0x0,0x2A826C,4,0x2A836C,0x2A8374,0x97F34,0x27FF50,post_cf_map,record_like,"mod=other",0x2A8264,0x0,0x28227C,0x9AE44
502,0x98E2C,0x0,0x2A859A,1,0x4000005,0x0,0x98E28,0x27FF28,post_cf_map,record_like,"mod=other",0x2A8264,0x2A835C,0x2A8594,0x9DAA8
503,0xA672C,0x0,0x2A85F0,4,0x0,0x4,0xA66B4,0x27FEA8,post_cf_map,record_like,"mod=other",0x2A8264,0x9B950,0x20,0x2A8264
504,0xA6734,0x0,0x2A85F4,4,0x0,0x2A9D64,0xA66B4,0x27FEA8,post_cf_map,record_like,"mod=other",0x2A8264,0x9B950,0x20,0x2A8264
505,0x9DAE8,0x0,0x2A85F8,4,0x0,0x6,0xA66B4,0x27FF38,post_cf_map,record_like,"mod=other",0x2A8264,0x0,0x28227C,0x0
506,0xA5CBC,0x0,0x2A826C,4,0x2A8374,0x2A8364,0xA66B4,0x27FF58,post_cf_map,record_like,"mod=other",0x2A8264,0x9AE50,0x0,0x2A8264
507,0xA577C,0x0,0x2A8364,4,0x4,0x4,0xA5758,0x27FF48,post_cf_map,record_like,"mod=other",0xF,0x2A8264,0x0,0x282284
508,0x9B38C,0x0,0x2A82E0,4,0x1AA6,0x1AA6,0x282A64,0x27FF10,post_cf_map,record_like,"mod=other",0x16,0x5,0x0,0xCF054
509,0x9B398,0x0,0x2A82E0,4,0x1AA6,0x1ABC,0x282A64,0x27FF10,post_cf_map,record_like,"mod=other",0x16,0x5,0x0,0xCF054
510,0x9B950,0x0,0x2A9D98,4,0x0,0x5,0x282A64,0x27FF28,post_cf_map,record_like,"mod=other",0xF,0x2A8264,0xCF054,0x2A8364
511,0x9B9A8,0x0,0x2A955C,4,0x0,0x2A9D8C,0x9B980,0x27FF28,post_cf_map,record_like,"mod=other",0xF,0x2A8264,0xCF054,0x2A8364
512,0x9B9B4,0x0,0x2A82C0,4,0x2F,0x30,0x9B980,0x27FF28,post_cf_map,record_like,"mod=other",0xF,0x2A8264,0xCF054,0x2A8364
513,0xA5790,0x0,0x2A8368,4,0x2A9D64,0x2A9D8C,0x9B980,0x27FF48,post_cf_map,record_like,"mod=other",0xF,0x2A8264,0x0,0x282284
514,0xA579C,0x0,0x2A826C,4,0x2A8364,0x2A836C,0x9B980,0x27FF48,post_cf_map,record_like,"mod=other",0xF,0x2A8264,0x0,0x282284
515,0x9B38C,0x0,0x2A82E0,4,0x1ABC,0x1ABC,0x282A64,0x27FF28,post_cf_map,record_like,"mod=other",0x10,0x2A8264,0x0,0x2A8264
516,0x9B398,0x0,0x2A82E0,4,0x1ABC,0x1ACC,0x282A64,0x27FF28,post_cf_map,record_like,"mod=other",0x10,0x2A8264,0x0,0x2A8264
517,0x970A8,0x0,0x2A82C8,4,0x2A9D7C,0x2A9DA4,0x97F34,0x27FF40,post_cf_map,record_like,"mod=other",0x2A8264,0x0,0x95F94,0xA55C8
518,0xA55C8,0x0,0x2A9DB0,4,0x0,0x95F94,0x97F34,0x27FF50,post_cf_map,record_like,"mod=other",0x2A8264,0x0,0x282284,0x9AE44
519,0xA55D4,0x0,0x2A826C,4,0x2A836C,0x2A836C,0x97F34,0x27FF50,post_cf_map,record_like,"mod=other",0x2A8264,0x0,0x282284,0x9AE44
520,0xA560C,0x0,0x2A8370,4,0x2A9D7C,0x2A9DA4,0x97F34,0x27FF50,post_cf_map,record_like,"mod=other",0x2A8264,0x0,0x282284,0x9AE44
521,0xA5610,0x0,0x2A836C,4,0x6,0x6,0x97F34,0x27FF50,post_cf_map,record_like,"mod=other",0x2A8264,0x0,0x282284,0x9AE44
522,0xA561C,0x0,0x2A826C,4,0x2A836C,0x2A8374,0x97F34,0x27FF50,post_cf_map,record_like,"mod=other",0x2A8264,0x0,0x282284,0x9AE44
523,0x98E2C,0x0,0x2A859A,1,0x4000005,0x0,0x98E28,0x27FF28,post_cf_map,record_like,"mod=other",0x2A8264,0x2A835C,0x2A8594,0x9DAA8
524,0xA6720,0x0,0x2A868C,4,0x0,0x2A86A4,0xA66D4,0x27FEA8,post_cf_map,record_like,"mod=other",0x2A8264,0x9B950,0x20,0x2A8264
525,0xA672C,0x0,0x2A86A4,4,0x0,0x4,0xA66D4,0x27FEA8,post_cf_map,record_like,"mod=other",0x2A8264,0x9B950,0x20,0x2A8264
526,0xA6734,0x0,0x2A86A8,4,0x0,0x2A9D8C,0xA66D4,0x27FEA8,post_cf_map,record_like,"mod=other",0x2A8264,0x9B950,0x20,0x2A8264
527,0xA675C,0x0,0x2A85A8,4,0x2A86A4,0x2A8690,0xA66D4,0x27FEA8,post_cf_map,record_like,"mod=other",0x2A8264,0x9B950,0x20,0x2A8264
528,0xA675C,0x0,0x2A85A8,4,0x2A8690,0x2A867C,0xA66D4,0x27FEA8,post_cf_map,record_like,"mod=other",0x2A8264,0x9B950,0x20,0x2A8264
529,0xA675C,0x0,0x2A85A8,4,0x2A867C,0x2A8668,0xA66D4,0x27FEA8,post_cf_map,record_like,"mod=other",0x2A8264,0x9B950,0x20,0x2A8264
530,0xA675C,0x0,0x2A85A8,4,0x2A8668,0x2A8654,0xA66D4,0x27FEA8,post_cf_map,record_like,"mod=other",0x2A8264,0x9B950,0x20,0x2A8264
531,0x9DAE8,0x0,0x2A86AC,4,0x0,0x6,0xA66D4,0x27FF38,post_cf_map,record_like,"mod=other",0x2A8264,0x0,0x282284,0x0
532,0x9DAF0,0x0,0x2A86B0,4,0x0,0x2A9DA4,0xA66D4,0x27FF38,post_cf_map,record_like,"mod=other",0x2A8264,0x0,0x282284,0x0
533,0xA5CBC,0x0,0x2A826C,4,0x2A8374,0x2A8364,0xA66D4,0x27FF58,post_cf_map,record_like,"mod=other",0x2A8264,0x9AE50,0x0,0x2A8264
534,0xA577C,0x0,0x2A8364,4,0x4,0x4,0xA5758,0x27FF48,post_cf_map,record_like,"mod=other",0xF,0x2A8264,0x0,0x28228C
535,0xA1888,0x0,0x2A9DD8,4,0x0,0x3D8C90,0x282A64,0x27FF00,post_cf_map,record_like,"mod=other",0x19,0x0,0x2A8264,0x9B354
536,0x9B38C,0x0,0x2A82E0,4,0x1ACC,0x1ACC,0x282A64,0x27FF10,post_cf_map,record_like,"mod=other",0x19,0x8,0x0,0xCF048
537,0x9B398,0x0,0x2A82E0,4,0x1ACC,0x1AE5,0x282A64,0x27FF10,post_cf_map,record_like,"mod=other",0x19,0x8,0x0,0xCF048
538,0x9B950,0x0,0x2A9DC0,4,0x0,0x8,0x282A64,0x27FF28,post_cf_map,record_like,"mod=other",0xF,0x2A8264,0xCF048,0x2A8364
539,0x9B954,0x0,0x2A9DBC,4,0x0,0x9871C17,0x282A64,0x27FF28,post_cf_map,record_like,"mod=other",0xF,0x2A8264,0xCF048,0x2A8364
540,0x9B9B4,0x0,0x2A82C0,4,0x30,0x31,0x9B980,0x27FF28,post_cf_map,record_like,"mod=other",0xF,0x2A8264,0xCF048,0x2A8364
541,0xA579C,0x0,0x2A826C,4,0x2A8364,0x2A836C,0x9B980,0x27FF48,post_cf_map,record_like,"mod=other",0xF,0x2A8264,0x0,0x28228C
542,0x9B38C,0x0,0x2A82E0,4,0x1AE5,0x1AE5,0x282A64,0x27FF28,post_cf_map,record_like,"mod=other",0x10,0x2A8264,0x0,0x2A8264
543,0x9B398,0x0,0x2A82E0,4,0x1AE5,0x1AF5,0x282A64,0x27FF28,post_cf_map,record_like,"mod=other",0x10,0x2A8264,0x0,0x2A8264
544,0x970A0,0x0,0x2A9DD4,4,0x400000,0x2A9DA4,0x97F34,0x27FF40,post_cf_map,record_like,"mod=other",0x2A8264,0x0,0x968FC,0xA55C8
545,0x970A8,0x0,0x2A82C8,4,0x2A9DA4,0x2A9DD4,0x97F34,0x27FF40,post_cf_map,record_like,"mod=other",0x2A8264,0x0,0x968FC,0xA55C8
546,0xA55D4,0x0,0x2A826C,4,0x2A836C,0x2A836C,0x97F34,0x27FF50,post_cf_map,record_like,"mod=other",0x2A8264,0x0,0x28228C,0x9AE44
547,0xA560C,0x0,0x2A8370,4,0x2A9DA4,0x2A9DD4,0x97F34,0x27FF50,post_cf_map,record_like,"mod=other",0x2A8264,0x0,0x28228C,0x9AE44
548,0xA5610,0x0,0x2A836C,4,0x6,0x6,0x97F34,0x27FF50,post_cf_map,record_like,"mod=other",0x2A8264,0x0,0x28228C,0x9AE44
549,0xA561C,0x0,0x2A826C,4,0x2A836C,0x2A8374,0x97F34,0x27FF50,post_cf_map,record_like,"mod=other",0x2A8264,0x0,0x28228C,0x9AE44
550,0x98E2C,0x0,0x2A859A,1,0x4000005,0x0,0x98E28,0x27FF28,post_cf_map,record_like,"mod=other",0x2A8264,0x2A835C,0x2A8594,0x9DAA8
551,0xA672C,0x0,0x2A8640,4,0x0,0x4,0xA66B4,0x27FEA8,post_cf_map,record_like,"mod=other",0x2A8264,0x9B950,0x20,0x2A8264
552,0x9DAE8,0x0,0x2A8648,4,0x0,0x6,0xA66B4,0x27FF38,post_cf_map,record_like,"mod=other",0x2A8264,0x0,0x28228C,0x0
553,0x9DAF0,0x0,0x2A864C,4,0x0,0x2A9DD4,0xA66B4,0x27FF38,post_cf_map,record_like,"mod=other",0x2A8264,0x0,0x28228C,0x0
554,0xA5CBC,0x0,0x2A826C,4,0x2A8374,0x2A8364,0xA66B4,0x27FF58,post_cf_map,record_like,"mod=other",0x2A8264,0x9AE50,0x0,0x2A8264
555,0xA577C,0x0,0x2A8364,4,0x4,0x4,0xA5758,0x27FF48,post_cf_map,record_like,"mod=other",0xF,0x2A8264,0x0,0x282294
556,0xA1888,0x0,0x2A9E08,4,0x0,0x3D8C60,0x282A64,0x27FF00,post_cf_map,record_like,"mod=other",0x19,0x0,0x2A8264,0x9B354
557,0x9B38C,0x0,0x2A82E0,4,0x1AF5,0x1AF5,0x282A64,0x27FF10,post_cf_map,record_like,"mod=other",0x19,0x8,0x0,0xCECF8
558,0x9B398,0x0,0x2A82E0,4,0x1AF5,0x1B0E,0x282A64,0x27FF10,post_cf_map,record_like,"mod=other",0x19,0x8,0x0,0xCECF8
559,0x9B950,0x0,0x2A9DF0,4,0x0,0x8,0x282A64,0x27FF28,post_cf_map,record_like,"mod=other",0xF,0x2A8264,0xCECF8,0x2A8364
560,0x9B954,0x0,0x2A9DEC,4,0x0,0x787EB105,0x282A64,0x27FF28,post_cf_map,record_like,"mod=other",0xF,0x2A8264,0xCECF8,0x2A8364
561,0x9B9A8,0x0,0x2A8C88,4,0x0,0x2A9DE4,0x9B980,0x27FF28,post_cf_map,record_like,"mod=other",0xF,0x2A8264,0xCECF8,0x2A8364
562,0x9B9B4,0x0,0x2A82C0,4,0x31,0x32,0x9B980,0x27FF28,post_cf_map,record_like,"mod=other",0xF,0x2A8264,0xCECF8,0x2A8364
563,0xA5790,0x0,0x2A8368,4,0x2A9DB4,0x2A9DE4,0x9B980,0x27FF48,post_cf_map,record_like,"mod=other",0xF,0x2A8264,0x0,0x282294
564,0xA579C,0x0,0x2A826C,4,0x2A8364,0x2A836C,0x9B980,0x27FF48,post_cf_map,record_like,"mod=other",0xF,0x2A8264,0x0,0x282294
565,0xA1888,0x0,0x2A9E18,4,0x0,0x3D8C50,0x282A64,0x27FF18,post_cf_map,record_like,"mod=other",0x10,0x0,0x2A8264,0x9B354
566,0x9B38C,0x0,0x2A82E0,4,0x1B0E,0x1B0E,0x282A64,0x27FF28,post_cf_map,record_like,"mod=other",0x10,0x2A8264,0x0,0x2A8264
567,0x9B398,0x0,0x2A82E0,4,0x1B0E,0x1B1E,0x282A64,0x27FF28,post_cf_map,record_like,"mod=other",0x10,0x2A8264,0x0,0x2A8264
568,0x970A0,0x0,0x2A9E04,4,0x400000,0x2A9DD4,0x97F34,0x27FF40,post_cf_map,record_like,"mod=other",0x2A8264,0x0,0x96A24,0xA55C8
569,0x970A8,0x0,0x2A82C8,4,0x2A9DD4,0x2A9E04,0x97F34,0x27FF40,post_cf_map,record_like,"mod=other",0x2A8264,0x0,0x96A24,0xA55C8
570,0xA55C8,0x0,0x2A9E10,4,0x0,0x96A24,0x97F34,0x27FF50,post_cf_map,record_like,"mod=other",0x2A8264,0x0,0x282294,0x9AE44
571,0xA55D4,0x0,0x2A826C,4,0x2A836C,0x2A836C,0x97F34,0x27FF50,post_cf_map,record_like,"mod=other",0x2A8264,0x0,0x282294,0x9AE44
572,0xA560C,0x0,0x2A8370,4,0x2A9DD4,0x2A9E04,0x97F34,0x27FF50,post_cf_map,record_like,"mod=other",0x2A8264,0x0,0x282294,0x9AE44
573,0xA5610,0x0,0x2A836C,4,0x6,0x6,0x97F34,0x27FF50,post_cf_map,record_like,"mod=other",0x2A8264,0x0,0x282294,0x9AE44
574,0xA561C,0x0,0x2A826C,4,0x2A836C,0x2A8374,0x97F34,0x27FF50,post_cf_map,record_like,"mod=other",0x2A8264,0x0,0x282294,0x9AE44
575,0x98E2C,0x0,0x2A859A,1,0x4000005,0x0,0x98E28,0x27FF28,post_cf_map,record_like,"mod=other",0x2A8264,0x2A835C,0x2A8594,0x9DAA8
576,0xA672C,0x0,0x2A8618,4,0x0,0x4,0xA66B4,0x27FEA8,post_cf_map,record_like,"mod=other",0x2A8264,0x9B950,0x20,0x2A8264
577,0xA6734,0x0,0x2A861C,4,0x0,0x2A9DE4,0xA66B4,0x27FEA8,post_cf_map,record_like,"mod=other",0x2A8264,0x9B950,0x20,0x2A8264
578,0x9DAE8,0x0,0x2A8620,4,0x0,0x6,0xA66B4,0x27FF38,post_cf_map,record_like,"mod=other",0x2A8264,0x0,0x282294,0x0
579,0x9DAF0,0x0,0x2A8624,4,0x0,0x2A9E04,0xA66B4,0x27FF38,post_cf_map,record_like,"mod=other",0x2A8264,0x0,0x282294,0x0
580,0xA5CBC,0x0,0x2A826C,4,0x2A8374,0x2A8364,0xA66B4,0x27FF58,post_cf_map,record_like,"mod=other",0x2A8264,0x9AE50,0x0,0x2A8264
581,0xA577C,0x0,0x2A8364,4,0x4,0x4,0xA5758,0x27FF48,post_cf_map,record_like,"mod=other",0xF,0x2A8264,0x0,0x28229C
582,0x9B38C,0x0,0x2A82E0,4,0x1B1E,0x1B1E,0x282A64,0x27FF10,post_cf_map,record_like,"mod=other",0x15,0x4,0x0,0xCF040
583,0x9B398,0x0,0x2A82E0,4,0x1B1E,0x1B33,0x282A64,0x27FF10,post_cf_map,record_like,"mod=other",0x15,0x4,0x0,0xCF040
584,0x9B950,0x0,0x2A9E20,4,0x0,0x4,0x282A64,0x27FF28,post_cf_map,record_like,"mod=other",0xF,0x2A8264,0xCF040,0x2A8364
585,0x9B9A8,0x0,0x2A9638,4,0x0,0x2A9E14,0x9B980,0x27FF28,post_cf_map,record_like,"mod=other",0xF,0x2A8264,0xCF040,0x2A8364
586,0x9B9B4,0x0,0x2A82C0,4,0x32,0x33,0x9B980,0x27FF28,post_cf_map,record_like,"mod=other",0xF,0x2A8264,0xCF040,0x2A8364
587,0xA5790,0x0,0x2A8368,4,0x2A9DE4,0x2A9E14,0x9B980,0x27FF48,post_cf_map,record_like,"mod=other",0xF,0x2A8264,0x0,0x28229C
588,0xA579C,0x0,0x2A826C,4,0x2A8364,0x2A836C,0x9B980,0x27FF48,post_cf_map,record_like,"mod=other",0xF,0x2A8264,0x0,0x28229C
589,0x9B38C,0x0,0x2A82E0,4,0x1B33,0x1B33,0x282A64,0x27FF28,post_cf_map,record_like,"mod=other",0x10,0x2A8264,0x0,0x2A8264
590,0x9B398,0x0,0x2A82E0,4,0x1B33,0x1B43,0x282A64,0x27FF28,post_cf_map,record_like,"mod=other",0x10,0x2A8264,0x0,0x2A8264
591,0x970A0,0x0,0x2A9E2C,4,0x400000,0x2A9E04,0x97F34,0x27FF40,post_cf_map,record_like,"mod=other",0x2A8264,0x0,0x96CA8,0xA55C8
592,0x970A8,0x0,0x2A82C8,4,0x2A9E04,0x2A9E2C,0x97F34,0x27FF40,post_cf_map,record_like,"mod=other",0x2A8264,0x0,0x96CA8,0xA55C8
593,0xA55D4,0x0,0x2A826C,4,0x2A836C,0x2A836C,0x97F34,0x27FF50,post_cf_map,record_like,"mod=other",0x2A8264,0x0,0x28229C,0x9AE44
594,0xA5610,0x0,0x2A836C,4,0x6,0x6,0x97F34,0x27FF50,post_cf_map,record_like,"mod=other",0x2A8264,0x0,0x28229C,0x9AE44
595,0xA561C,0x0,0x2A826C,4,0x2A836C,0x2A8374,0x97F34,0x27FF50,post_cf_map,record_like,"mod=other",0x2A8264,0x0,0x28229C,0x9AE44
596,0x98E2C,0x0,0x2A859A,1,0x4000005,0x0,0x98E28,0x27FF28,post_cf_map,record_like,"mod=other",0x2A8264,0x2A835C,0x2A8594,0x9DAA8
597,0xA672C,0x0,0x2A85C8,4,0x0,0x4,0xA66B4,0x27FEA8,post_cf_map,record_like,"mod=other",0x2A8264,0x9B950,0x20,0x2A8264
598,0xA6734,0x0,0x2A85CC,4,0x0,0x2A9E14,0xA66B4,0x27FEA8,post_cf_map,record_like,"mod=other",0x2A8264,0x9B950,0x20,0x2A8264
599,0x9DAE8,0x0,0x2A85D0,4,0x0,0x6,0xA66B4,0x27FF38,post_cf_map,record_like,"mod=other",0x2A8264,0x0,0x28229C,0x0
600,0xA5CBC,0x0,0x2A826C,4,0x2A8374,0x2A8364,0xA66B4,0x27FF58,post_cf_map,record_like,"mod=other",0x2A8264,0x9AE50,0x0,0x2A8264
601,0xA577C,0x0,0x2A8364,4,0x4,0x4,0xA5758,0x27FF48,post_cf_map,record_like,"mod=other",0xF,0x2A8264,0x0,0x2822A4
602,0xA1888,0x0,0x2A9E58,4,0x0,0x3D8C10,0x282A64,0x27FF00,post_cf_map,record_like,"mod=other",0x15,0x0,0x2A8264,0x9B354
603,0x9B38C,0x0,0x2A82E0,4,0x1B43,0x1B43,0x282A64,0x27FF10,post_cf_map,record_like,"mod=other",0x15,0x4,0x0,0xCF038
604,0x9B398,0x0,0x2A82E0,4,0x1B43,0x1B58,0x282A64,0x27FF10,post_cf_map,record_like,"mod=other",0x15,0x4,0x0,0xCF038
605,0x9B950,0x0,0x2A9E48,4,0x0,0x4,0x282A64,0x27FF28,post_cf_map,record_like,"mod=other",0xF,0x2A8264,0xCF038,0x2A8364
606,0x9B954,0x0,0x2A9E44,4,0x0,0x7898D3,0x282A64,0x27FF28,post_cf_map,record_like,"mod=other",0xF,0x2A8264,0xCF038,0x2A8364
607,0x9B9B4,0x0,0x2A82C0,4,0x33,0x34,0x9B980,0x27FF28,post_cf_map,record_like,"mod=other",0xF,0x2A8264,0xCF038,0x2A8364
608,0xA579C,0x0,0x2A826C,4,0x2A8364,0x2A836C,0x9B980,0x27FF48,post_cf_map,record_like,"mod=other",0xF,0x2A8264,0x0,0x2822A4
609,0x9B38C,0x0,0x2A82E0,4,0x1B58,0x1B58,0x282A64,0x27FF28,post_cf_map,record_like,"mod=other",0x10,0x2A8264,0x0,0x2A8264
610,0x9B398,0x0,0x2A82E0,4,0x1B58,0x1B68,0x282A64,0x27FF28,post_cf_map,record_like,"mod=other",0x10,0x2A8264,0x0,0x2A8264
611,0x970A8,0x0,0x2A82C8,4,0x2A9E2C,0x2A9E54,0x97F34,0x27FF40,post_cf_map,record_like,"mod=other",0x2A8264,0x0,0x95F94,0xA55C8
612,0xA55C8,0x0,0x2A9E60,4,0x0,0x95F94,0x97F34,0x27FF50,post_cf_map,record_like,"mod=other",0x2A8264,0x0,0x2822A4,0x9AE44
613,0xA55D4,0x0,0x2A826C,4,0x2A836C,0x2A836C,0x97F34,0x27FF50,post_cf_map,record_like,"mod=other",0x2A8264,0x0,0x2822A4,0x9AE44
614,0xA560C,0x0,0x2A8370,4,0x2A9E2C,0x2A9E54,0x97F34,0x27FF50,post_cf_map,record_like,"mod=other",0x2A8264,0x0,0x2822A4,0x9AE44
615,0xA5610,0x0,0x2A836C,4,0x6,0x6,0x97F34,0x27FF50,post_cf_map,record_like,"mod=other",0x2A8264,0x0,0x2822A4,0x9AE44
616,0xA561C,0x0,0x2A826C,4,0x2A836C,0x2A8374,0x97F34,0x27FF50,post_cf_map,record_like,"mod=other",0x2A8264,0x0,0x2822A4,0x9AE44
617,0x98E2C,0x0,0x2A859A,1,0x4000005,0x0,0x98E28,0x27FF28,post_cf_map,record_like,"mod=other",0x2A8264,0x2A835C,0x2A8594,0x9DAA8
618,0xA6720,0x0,0x2A8600,4,0x0,0x2A8654,0xA66D4,0x27FEA8,post_cf_map,record_like,"mod=other",0x2A8264,0x9B950,0x20,0x2A8264
619,0xA672C,0x0,0x2A8654,4,0x0,0x4,0xA66D4,0x27FEA8,post_cf_map,record_like,"mod=other",0x2A8264,0x9B950,0x20,0x2A8264
620,0xA675C,0x0,0x2A85A8,4,0x2A8654,0x2A8640,0xA66D4,0x27FEA8,post_cf_map,record_like,"mod=other",0x2A8264,0x9B950,0x20,0x2A8264
621,0xA675C,0x0,0x2A85A8,4,0x2A8640,0x2A862C,0xA66D4,0x27FEA8,post_cf_map,record_like,"mod=other",0x2A8264,0x9B950,0x20,0x2A8264
622,0xA675C,0x0,0x2A85A8,4,0x2A862C,0x2A8618,0xA66D4,0x27FEA8,post_cf_map,record_like,"mod=other",0x2A8264,0x9B950,0x20,0x2A8264
623,0xA675C,0x0,0x2A85A8,4,0x2A8618,0x2A8604,0xA66D4,0x27FEA8,post_cf_map,record_like,"mod=other",0x2A8264,0x9B950,0x20,0x2A8264
624,0x9DAE8,0x0,0x2A865C,4,0x0,0x6,0xA66D4,0x27FF38,post_cf_map,record_like,"mod=other",0x2A8264,0x0,0x2822A4,0x0
625,0x9DAF0,0x0,0x2A8660,4,0x0,0x2A9E54,0xA66D4,0x27FF38,post_cf_map,record_like,"mod=other",0x2A8264,0x0,0x2822A4,0x0
626,0xA5CBC,0x0,0x2A826C,4,0x2A8374,0x2A8364,0xA66D4,0x27FF58,post_cf_map,record_like,"mod=other",0x2A8264,0x9AE50,0x0,0x2A8264
627,0xA577C,0x0,0x2A8364,4,0x4,0x4,0xA5758,0x27FF48,post_cf_map,record_like,"mod=other",0xF,0x2A8264,0x0,0x2822AC
628,0xA5790,0x0,0x2A8368,4,0x2A9E3C,0x2A9D14,0x9B924,0x27FF48,post_cf_map,record_like,"mod=other",0xF,0x2A8264,0x0,0x2822AC
629,0xA579C,0x0,0x2A826C,4,0x2A8364,0x2A836C,0x9B924,0x27FF48,post_cf_map,record_like,"mod=other",0xF,0x2A8264,0x0,0x2822AC
630,0x9B38C,0x0,0x2A82E0,4,0x1B68,0x1B68,0x282A64,0x27FF28,post_cf_map,record_like,"mod=other",0x10,0x2A8264,0x0,0x2A8264
631,0x9B398,0x0,0x2A82E0,4,0x1B68,0x1B78,0x282A64,0x27FF28,post_cf_map,record_like,"mod=other",0x10,0x2A8264,0x0,0x2A8264
632,0x970A0,0x0,0x2A9E64,4,0x400000,0x2A9E54,0x97F34,0x27FF40,post_cf_map,record_like,"mod=other",0x2A8264,0x0,0x96088,0xA55C8
633,0x970A8,0x0,0x2A82C8,4,0x2A9E54,0x2A9E64,0x97F34,0x27FF40,post_cf_map,record_like,"mod=other",0x2A8264,0x0,0x96088,0xA55C8
634,0xA55C8,0x0,0x2A9E70,4,0x0,0x96088,0x97F34,0x27FF50,post_cf_map,record_like,"mod=other",0x2A8264,0x0,0x2822AC,0x9AE44
635,0xA55D4,0x0,0x2A826C,4,0x2A836C,0x2A836C,0x97F34,0x27FF50,post_cf_map,record_like,"mod=other",0x2A8264,0x0,0x2822AC,0x9AE44
636,0xA560C,0x0,0x2A8370,4,0x2A9E54,0x2A9E64,0x97F34,0x27FF50,post_cf_map,record_like,"mod=other",0x2A8264,0x0,0x2822AC,0x9AE44
637,0xA5610,0x0,0x2A836C,4,0x6,0x6,0x97F34,0x27FF50,post_cf_map,record_like,"mod=other",0x2A8264,0x0,0x2822AC,0x9AE44
638,0xA561C,0x0,0x2A826C,4,0x2A836C,0x2A8374,0x97F34,0x27FF50,post_cf_map,record_like,"mod=other",0x2A8264,0x0,0x2822AC,0x9AE44
639,0x98E2C,0x0,0x2A859A,1,0x4000005,0x0,0x98E28,0x27FF28,post_cf_map,record_like,"mod=other",0x2A8264,0x2A835C,0x2A8594,0x9DAA8
640,0x9DAE8,0x0,0x2A8634,4,0x6,0x6,0x98E28,0x27FF38,post_cf_map,record_like,"mod=other",0x2A8264,0x0,0x2822AC,0x0
641,0x9DAF0,0x0,0x2A8638,4,0x2A9D2C,0x2A9E64,0x98E28,0x27FF38,post_cf_map,record_like,"mod=other",0x2A8264,0x0,0x2822AC,0x0
642,0xA5CBC,0x0,0x2A826C,4,0x2A8374,0x2A8364,0x98E28,0x27FF58,post_cf_map,record_like,"mod=other",0x2A8264,0x9AE50,0x0,0x2A8264
643,0xA577C,0x0,0x2A8364,4,0x4,0x4,0xA5758,0x27FF48,post_cf_map,record_like,"mod=other",0xF,0x2A8264,0x0,0x2822B4
644,0xA1888,0x0,0x2A9E90,4,0x0,0x3D8BD8,0x282A64,0x27FF00,post_cf_map,record_like,"mod=other",0x16,0x0,0x2A8264,0x9B354
645,0x9B38C,0x0,0x2A82E0,4,0x1B78,0x1B78,0x282A64,0x27FF10,post_cf_map,record_like,"mod=other",0x16,0x5,0x0,0xCF028
646,0x9B398,0x0,0x2A82E0,4,0x1B78,0x1B8E,0x282A64,0x27FF10,post_cf_map,record_like,"mod=other",0x16,0x5,0x0,0xCF028
647,0x9B950,0x0,0x2A9E80,4,0x0,0x5,0x282A64,0x27FF28,post_cf_map,record_like,"mod=other",0xF,0x2A8264,0xCF028,0x2A8364
648,0x9B9B4,0x0,0x2A82C0,4,0x34,0x35,0x9B980,0x27FF28,post_cf_map,record_like,"mod=other",0xF,0x2A8264,0xCF028,0x2A8364
649,0xA579C,0x0,0x2A826C,4,0x2A8364,0x2A836C,0x9B980,0x27FF48,post_cf_map,record_like,"mod=other",0xF,0x2A8264,0x0,0x2822B4
650,0xA1888,0x0,0x2A9EA0,4,0x0,0x3D8BC8,0x282A64,0x27FF18,post_cf_map,record_like,"mod=other",0x10,0x0,0x2A8264,0x9B354
651,0x9B38C,0x0,0x2A82E0,4,0x1B8E,0x1B8E,0x282A64,0x27FF28,post_cf_map,record_like,"mod=other",0x10,0x2A8264,0x0,0x2A8264
652,0x9B398,0x0,0x2A82E0,4,0x1B8E,0x1B9E,0x282A64,0x27FF28,post_cf_map,record_like,"mod=other",0x10,0x2A8264,0x0,0x2A8264
653,0x970A0,0x0,0x2A9E8C,4,0x400000,0x2A9E64,0x97F34,0x27FF40,post_cf_map,record_like,"mod=other",0x2A8264,0x0,0x96034,0xA55C8
654,0x970A8,0x0,0x2A82C8,4,0x2A9E64,0x2A9E8C,0x97F34,0x27FF40,post_cf_map,record_like,"mod=other",0x2A8264,0x0,0x96034,0xA55C8
655,0xA55D4,0x0,0x2A826C,4,0x2A836C,0x2A836C,0x97F34,0x27FF50,post_cf_map,record_like,"mod=other",0x2A8264,0x0,0x2822B4,0x9AE44
656,0xA560C,0x0,0x2A8370,4,0x2A9E64,0x2A9E8C,0x97F34,0x27FF50,post_cf_map,record_like,"mod=other",0x2A8264,0x0,0x2822B4,0x9AE44
657,0xA5610,0x0,0x2A836C,4,0x6,0x6,0x97F34,0x27FF50,post_cf_map,record_like,"mod=other",0x2A8264,0x0,0x2822B4,0x9AE44
658,0xA561C,0x0,0x2A826C,4,0x2A836C,0x2A8374,0x97F34,0x27FF50,post_cf_map,record_like,"mod=other",0x2A8264,0x0,0x2822B4,0x9AE44
659,0x98E2C,0x0,0x2A859A,1,0x4000005,0x0,0x98E28,0x27FF28,post_cf_map,record_like,"mod=other",0x2A8264,0x2A835C,0x2A8594,0x9DAA8
660,0xA66FC,0x0,0x2A86A0,4,0x2A86CC,0x2A8604,0xA66D4,0x27FEA8,post_cf_map,record_like,"mod=other",0x2A8264,0x9B950,0x20,0x2A8264
661,0xA6708,0x0,0x2A8604,4,0x0,0x4,0xA66D4,0x27FEA8,post_cf_map,record_like,"mod=other",0x2A8264,0x9B950,0x20,0x2A8264
662,0xA6708,0x0,0x2A860C,4,0x0,0x6,0xA66D4,0x27FEA8,post_cf_map,record_like,"mod=other",0x2A8264,0x9B950,0x20,0x2A8264
663,0xA6708,0x0,0x2A8610,4,0x0,0x2A9D54,0xA66D4,0x27FEA8,post_cf_map,record_like,"mod=other",0x2A8264,0x9B950,0x20,0x2A8264
664,0xA672C,0x0,0x2A86CC,4,0x4,0x4,0xA66D4,0x27FEA8,post_cf_map,record_like,"mod=other",0x2A8264,0x9B950,0x20,0x2A8264
665,0xA675C,0x0,0x2A85A8,4,0x2A8604,0x2A85F0,0xA66D4,0x27FEA8,post_cf_map,record_like,"mod=other",0x2A8264,0x9B950,0x20,0x2A8264
666,0xA675C,0x0,0x2A85A8,4,0x2A85F0,0x2A85DC,0xA66D4,0x27FEA8,post_cf_map,record_like,"mod=other",0x2A8264,0x9B950,0x20,0x2A8264
667,0x9DAE8,0x0,0x2A86D4,4,0x0,0x6,0xA66D4,0x27FF38,post_cf_map,record_like,"mod=other",0x2A8264,0x0,0x2822B4,0x0
668,0x9DAF0,0x0,0x2A86D8,4,0x2A9D54,0x2A9E8C,0xA66D4,0x27FF38,post_cf_map,record_like,"mod=other",0x2A8264,0x0,0x2822B4,0x0
669,0xA5CBC,0x0,0x2A826C,4,0x2A8374,0x2A8364,0xA66D4,0x27FF58,post_cf_map,record_like,"mod=other",0x2A8264,0x9AE50,0x0,0x2A8264
670,0xA577C,0x0,0x2A8364,4,0x4,0x4,0xA5758,0x27FF48,post_cf_map,record_like,"mod=other",0x6,0x2A8264,0x0,0x2822BC
671,0x9B38C,0x0,0x2A82E0,4,0x1B9E,0x1B9E,0x282A64,0x27FF10,post_cf_map,record_like,"mod=other",0x19,0x8,0x0,0xCF01C
672,0x9B398,0x0,0x2A82E0,4,0x1B9E,0x1BB7,0x282A64,0x27FF10,post_cf_map,record_like,"mod=other",0x19,0x8,0x0,0xCF01C
673,0x9B950,0x0,0x2A9EA8,4,0x0,0x8,0x282A64,0x27FF28,post_cf_map,record_like,"mod=other",0x6,0x2A8264,0xCF01C,0x2A8364
674,0x9B9A8,0x0,0x2A8E70,4,0x0,0x2A9E9C,0x9B980,0x27FF28,post_cf_map,record_like,"mod=other",0x6,0x2A8264,0xCF01C,0x2A8364
675,0x9B9B4,0x0,0x2A82C0,4,0x35,0x36,0x9B980,0x27FF28,post_cf_map,record_like,"mod=other",0x6,0x2A8264,0xCF01C,0x2A8364
676,0xA5790,0x0,0x2A8368,4,0x2A9E74,0x2A9E9C,0x9B980,0x27FF48,post_cf_map,record_like,"mod=other",0x6,0x2A8264,0x0,0x2822BC
677,0xA579C,0x0,0x2A826C,4,0x2A8364,0x2A836C,0x9B980,0x27FF48,post_cf_map,record_like,"mod=other",0x6,0x2A8264,0x0,0x2822BC
678,0xA1888,0x0,0x2A9ED0,4,0x0,0x3D8B98,0x282A64,0x27FF18,post_cf_map,record_like,"mod=other",0x10,0x0,0x2A8264,0x9B354
679,0x9B38C,0x0,0x2A82E0,4,0x1BB7,0x1BB7,0x282A64,0x27FF28,post_cf_map,record_like,"mod=other",0x10,0x2A8264,0x0,0x2A8264
680,0x9B398,0x0,0x2A82E0,4,0x1BB7,0x1BC7,0x282A64,0x27FF28,post_cf_map,record_like,"mod=other",0x10,0x2A8264,0x0,0x2A8264
681,0x970A0,0x0,0x2A9EBC,4,0x400000,0x2A9E8C,0x97F34,0x27FF40,post_cf_map,record_like,"mod=other",0x2A8264,0x0,0x95E5C,0xA55C8
682,0x970A8,0x0,0x2A82C8,4,0x2A9E8C,0x2A9EBC,0x97F34,0x27FF40,post_cf_map,record_like,"mod=other",0x2A8264,0x0,0x95E5C,0xA55C8
683,0xA55C8,0x0,0x2A9EC8,4,0x0,0x95E5C,0x97F34,0x27FF50,post_cf_map,record_like,"mod=other",0x2A8264,0x0,0x2822BC,0x9AE44
684,0xA55D4,0x0,0x2A826C,4,0x2A836C,0x2A836C,0x97F34,0x27FF50,post_cf_map,record_like,"mod=other",0x2A8264,0x0,0x2822BC,0x9AE44
685,0xA5610,0x0,0x2A836C,4,0x6,0x6,0x97F34,0x27FF50,post_cf_map,record_like,"mod=other",0x2A8264,0x0,0x2822BC,0x9AE44
686,0xA561C,0x0,0x2A826C,4,0x2A836C,0x2A8374,0x97F34,0x27FF50,post_cf_map,record_like,"mod=other",0x2A8264,0x0,0x2822BC,0x9AE44
687,0x98E2C,0x0,0x2A859A,1,0x4000005,0x0,0x98E28,0x27FF28,post_cf_map,record_like,"mod=other",0x2A8264,0x2A835C,0x2A8594,0x9DAA8
688,0xA66FC,0x0,0x2A85C4,4,0x2A86E0,0x2A85DC,0xA66D4,0x27FEA8,post_cf_map,record_like,"mod=other",0x2A8264,0x9B950,0x20,0x2A8264
689,0xA6708,0x0,0x2A85DC,4,0x0,0x4,0xA66D4,0x27FEA8,post_cf_map,record_like,"mod=other",0x2A8264,0x9B950,0x20,0x2A8264
690,0xA6708,0x0,0x2A85E4,4,0x0,0x6,0xA66D4,0x27FEA8,post_cf_map,record_like,"mod=other",0x2A8264,0x9B950,0x20,0x2A8264
691,0xA6708,0x0,0x2A85E8,4,0x0,0x2A9D04,0xA66D4,0x27FEA8,post_cf_map,record_like,"mod=other",0x2A8264,0x9B950,0x20,0x2A8264
692,0xA672C,0x0,0x2A86E0,4,0x4,0x4,0xA66D4,0x27FEA8,post_cf_map,record_like,"mod=other",0x2A8264,0x9B950,0x20,0x2A8264
693,0xA6734,0x0,0x2A86E4,4,0x2A9CEC,0x2A9E9C,0xA66D4,0x27FEA8,post_cf_map,record_like,"mod=other",0x2A8264,0x9B950,0x20,0x2A8264
694,0xA675C,0x0,0x2A85A8,4,0x2A85DC,0x2A85C8,0xA66D4,0x27FEA8,post_cf_map,record_like,"mod=other",0x2A8264,0x9B950,0x20,0x2A8264
695,0xA675C,0x0,0x2A85A8,4,0x2A85C8,0x2A85B4,0xA66D4,0x27FEA8,post_cf_map,record_like,"mod=other",0x2A8264,0x9B950,0x20,0x2A8264
696,0xA6768,0x0,0x2A86E8,4,0x0,0x1,0xA66D4,0x27FEA8,post_cf_map,record_like,"mod=other",0x2A8264,0x9B950,0x20,0x2A8264
697,0xA1888,0x0,0x2AA150,4,0x0,0x3D8918,0x282A64,0x27FE20,post_cf_map,record_like,"mod=other",0x280,0x0,0x2A8264,0x9B354
698,0x9B38C,0x0,0x2A82E0,4,0x1BC7,0x1BC7,0x282A64,0x27FE30,post_cf_map,record_like,"mod=other",0x280,0x2A8594,0x20,0x5
699,0x9B398,0x0,0x2A82E0,4,0x1BC7,0x1E47,0x282A64,0x27FE30,post_cf_map,record_like,"mod=other",0x280,0x2A8594,0x20,0x5
700,0xA9C70,0x0,0x2A85A4,4,0x2A85B4,0x2A9ECC,0x282A64,0x27FE48,post_cf_map,record_like,"mod=other",0x5,0x2A8594,0x0,0x2A8264
701,0xA9CB4,0x0,0x2A859B,1,0x4000005,0x5,0x282A64,0x27FE48,post_cf_map,record_like,"mod=other",0x5,0x2A8594,0x0,0x2A8264
702,0xA9CC8,0x0,0x2A85A8,4,0x2A85B4,0x2AA138,0x282A64,0x27FE48,post_cf_map,record_like,"mod=other",0x5,0x2A8594,0x0,0x2A8264
703,0xA9A2C,0x0,0x2A859A,1,0x5000005,0x0,0xA9A28,0x27FE60,post_cf_map,record_like,"mod=other",0x20,0xE,0x2A8264,0x27FE84
704,0xA672C,0x0,0x2AA138,4,0x0,0x4,0xA66B4,0x27FDD0,post_cf_map,record_like,"mod=other",0x0,0x0,0x0,0x0
705,0xA6734,0x0,0x2AA13C,4,0x0,0x2A9E9C,0xA66B4,0x27FDD0,post_cf_map,record_like,"mod=other",0x0,0x0,0x0,0x0
706,0xA675C,0x0,0x2A85A8,4,0x2AA138,0x2AA124,0xA66B4,0x27FDD0,post_cf_map,record_like,"mod=other",0x0,0x0,0x0,0x0
707,0xA9A6C,0x0,0x2AA140,4,0x0,0x1,0xA66B4,0x27FE60,post_cf_map,record_like,"mod=other",0x20,0xE,0x2A8264,0x27FE84
708,0xA9A2C,0x0,0x2A859A,1,0x5000005,0x0,0xA9A28,0x27FE60,post_cf_map,record_like,"mod=other",0x20,0xE,0x2A8264,0x27FE84
709,0xA672C,0x0,0x2A9FE4,4,0x0,0x4,0xA66B4,0x27FDD0,post_cf_map,record_like,"mod=other",0x0,0x0,0x0,0x0
710,0xA9A6C,0x0,0x2A9FEC,4,0x0,0x6,0xA66B4,0x27FE60,post_cf_map,record_like,"mod=other",0x20,0xE,0x2A8264,0x27FE84
711,0xA9A74,0x0,0x2A9FF0,4,0x0,0x2A9E8C,0xA66B4,0x27FE60,post_cf_map,record_like,"mod=other",0x20,0xE,0x2A8264,0x27FE84
712,0xA9A2C,0x0,0x2A859A,1,0x5000005,0x0,0xA9A28,0x27FE60,post_cf_map,record_like,"mod=other",0x20,0xE,0x2A8264,0x27FE84
713,0xA672C,0x0,0x2A9FD0,4,0x0,0x4,0xA66B4,0x27FDD0,post_cf_map,record_like,"mod=other",0x0,0x0,0x0,0x0
714,0xA6734,0x0,0x2A9FD4,4,0x0,0x2A9C9C,0xA66B4,0x27FDD0,post_cf_map,record_like,"mod=other",0x0,0x0,0x0,0x0
715,0xA9A6C,0x0,0x2A9FD8,4,0x0,0x6,0xA66B4,0x27FE60,post_cf_map,record_like,"mod=other",0x20,0xE,0x2A8264,0x27FE84
716,0xA9A2C,0x0,0x2A859A,1,0x5000005,0x0,0xA9A28,0x27FE60,post_cf_map,record_like,"mod=other",0x20,0xE,0x2A8264,0x27FE84
717,0xA672C,0x0,0x2AA0D4,4,0x0,0x4,0xA66B4,0x27FDD0,post_cf_map,record_like,"mod=other",0x0,0x0,0x0,0x0
718,0xA6734,0x0,0x2AA0D8,4,0x0,0x2A9D8C,0xA66B4,0x27FDD0,post_cf_map,record_like,"mod=other",0x0,0x0,0x0,0x0
719,0xA9A6C,0x0,0x2AA0DC,4,0x0,0x6,0xA66B4,0x27FE60,post_cf_map,record_like,"mod=other",0x20,0xE,0x2A8264,0x27FE84
720,0xA9A74,0x0,0x2AA0E0,4,0x0,0x2A9DA4,0xA66B4,0x27FE60,post_cf_map,record_like,"mod=other",0x20,0xE,0x2A8264,0x27FE84
721,0xA9A2C,0x0,0x2A859A,1,0x5000005,0x0,0xA9A28,0x27FE60,post_cf_map,record_like,"mod=other",0x20,0xE,0x2A8264,0x27FE84
722,0xA672C,0x0,0x2AA0E8,4,0x0,0x4,0xA66B4,0x27FDD0,post_cf_map,record_like,"mod=other",0x0,0x0,0x0,0x0
723,0xA9A6C,0x0,0x2AA0F0,4,0x0,0x6,0xA66B4,0x27FE60,post_cf_map,record_like,"mod=other",0x20,0xE,0x2A8264,0x27FE84
724,0xA9A74,0x0,0x2AA0F4,4,0x0,0x2A9C8C,0xA66B4,0x27FE60,post_cf_map,record_like,"mod=other",0x20,0xE,0x2A8264,0x27FE84
725,0xA9A2C,0x0,0x2A859A,1,0x5000005,0x0,0xA9A28,0x27FE60,post_cf_map,record_like,"mod=other",0x20,0xE,0x2A8264,0x27FE84
726,0xA6720,0x0,0x2AA0E4,4,0x0,0x2AA124,0xA66D4,0x27FDD0,post_cf_map,record_like,"mod=other",0x0,0x0,0x0,0x0
727,0xA672C,0x0,0x2AA124,4,0x0,0x4,0xA66D4,0x27FDD0,post_cf_map,record_like,"mod=other",0x0,0x0,0x0,0x0
728,0xA6734,0x0,0x2AA128,4,0x0,0x2A9CC4,0xA66D4,0x27FDD0,post_cf_map,record_like,"mod=other",0x0,0x0,0x0,0x0
729,0xA675C,0x0,0x2A85A8,4,0x2AA124,0x2AA110,0xA66D4,0x27FDD0,post_cf_map,record_like,"mod=other",0x0,0x0,0x0,0x0
730,0xA9A6C,0x0,0x2AA12C,4,0x0,0x6,0xA66D4,0x27FE60,post_cf_map,record_like,"mod=other",0x20,0xE,0x2A8264,0x27FE84
731,0xA9A74,0x0,0x2AA130,4,0x0,0x2A9CDC,0xA66D4,0x27FE60,post_cf_map,record_like,"mod=other",0x20,0xE,0x2A8264,0x27FE84
732,0xA9A2C,0x0,0x2A859A,1,0x5000005,0x0,0xA9A28,0x27FE60,post_cf_map,record_like,"mod=other",0x20,0xE,0x2A8264,0x27FE84
733,0xA672C,0x0,0x2A9F80,4,0x0,0x4,0xA66B4,0x27FDD0,post_cf_map,record_like,"mod=other",0x0,0x0,0x0,0x0
734,0xA6734,0x0,0x2A9F84,4,0x0,0x2A9C24,0xA66B4,0x27FDD0,post_cf_map,record_like,"mod=other",0x0,0x0,0x0,0x0
735,0xA9A6C,0x0,0x2A9F88,4,0x0,0x6,0xA66B4,0x27FE60,post_cf_map,record_like,"mod=other",0x20,0xE,0x2A8264,0x27FE84
736,0xA9A2C,0x0,0x2A859A,1,0x5000005,0x0,0xA9A28,0x27FE60,post_cf_map,record_like,"mod=other",0x20,0xE,0x2A8264,0x27FE84
737,0xA672C,0x0,0x2AA048,4,0x0,0x4,0xA66B4,0x27FDD0,post_cf_map,record_like,"mod=other",0x0,0x0,0x0,0x0
738,0xA9A6C,0x0,0x2AA050,4,0x0,0x6,0xA66B4,0x27FE60,post_cf_map,record_like,"mod=other",0x20,0xE,0x2A8264,0x27FE84
739,0xA9A74,0x0,0x2AA054,4,0x0,0x2A9E54,0xA66B4,0x27FE60,post_cf_map,record_like,"mod=other",0x20,0xE,0x2A8264,0x27FE84
740,0xA9A2C,0x0,0x2A859A,1,0x5000005,0x0,0xA9A28,0x27FE60,post_cf_map,record_like,"mod=other",0x20,0xE,0x2A8264,0x27FE84
741,0xA672C,0x0,0x2AA098,4,0x0,0x4,0xA66B4,0x27FDD0,post_cf_map,record_like,"mod=other",0x0,0x0,0x0,0x0
742,0xA9A6C,0x0,0x2AA0A0,4,0x0,0x6,0xA66B4,0x27FE60,post_cf_map,record_like,"mod=other",0x20,0xE,0x2A8264,0x27FE84
743,0xA9A74,0x0,0x2AA0A4,4,0x0,0x2A9DD4,0xA66B4,0x27FE60,post_cf_map,record_like,"mod=other",0x20,0xE,0x2A8264,0x27FE84
744,0xA9A2C,0x0,0x2A859A,1,0x5000005,0x0,0xA9A28,0x27FE60,post_cf_map,record_like,"mod=other",0x20,0xE,0x2A8264,0x27FE84
745,0xA672C,0x0,0x2A9F44,4,0x0,0x4,0xA66B4,0x27FDD0,post_cf_map,record_like,"mod=other",0x0,0x0,0x0,0x0
746,0xA6734,0x0,0x2A9F48,4,0x0,0x2A9D14,0xA66B4,0x27FDD0,post_cf_map,record_like,"mod=other",0x0,0x0,0x0,0x0
747,0xA9A6C,0x0,0x2A9F4C,4,0x0,0x6,0xA66B4,0x27FE60,post_cf_map,record_like,"mod=other",0x20,0xE,0x2A8264,0x27FE84
748,0xA9A74,0x0,0x2A9F50,4,0x0,0x2A9E64,0xA66B4,0x27FE60,post_cf_map,record_like,"mod=other",0x20,0xE,0x2A8264,0x27FE84
749,0xA9A2C,0x0,0x2A859A,1,0x5000005,0x0,0xA9A28,0x27FE60,post_cf_map,record_like,"mod=other",0x20,0xE,0x2A8264,0x27FE84
750,0xA672C,0x0,0x2A9F30,4,0x0,0x4,0xA66B4,0x27FDD0,post_cf_map,record_like,"mod=other",0x0,0x0,0x0,0x0
751,0xA6734,0x0,0x2A9F34,4,0x0,0x2A9DE4,0xA66B4,0x27FDD0,post_cf_map,record_like,"mod=other",0x0,0x0,0x0,0x0
752,0xA9A6C,0x0,0x2A9F38,4,0x0,0x6,0xA66B4,0x27FE60,post_cf_map,record_like,"mod=other",0x20,0xE,0x2A8264,0x27FE84
753,0xA9A74,0x0,0x2A9F3C,4,0x0,0x2A9E04,0xA66B4,0x27FE60,post_cf_map,record_like,"mod=other",0x20,0xE,0x2A8264,0x27FE84
754,0xA9A2C,0x0,0x2A859A,1,0x5000005,0x0,0xA9A28,0x27FE60,post_cf_map,record_like,"mod=other",0x20,0xE,0x2A8264,0x27FE84
755,0xA6720,0x0,0x2AA0F8,4,0x0,0x2AA110,0xA66D4,0x27FDD0,post_cf_map,record_like,"mod=other",0x0,0x0,0x0,0x0
756,0xA672C,0x0,0x2AA110,4,0x0,0x4,0xA66D4,0x27FDD0,post_cf_map,record_like,"mod=other",0x0,0x0,0x0,0x0
757,0xA675C,0x0,0x2A85A8,4,0x2AA110,0x2AA0FC,0xA66D4,0x27FDD0,post_cf_map,record_like,"mod=other",0x0,0x0,0x0,0x0
758,0xA9A6C,0x0,0x2AA118,4,0x0,0x6,0xA66D4,0x27FE60,post_cf_map,record_like,"mod=other",0x20,0xE,0x2A8264,0x27FE84
759,0xA9A74,0x0,0x2AA11C,4,0x0,0x2A9D54,0xA66D4,0x27FE60,post_cf_map,record_like,"mod=other",0x20,0xE,0x2A8264,0x27FE84
760,0xA9A2C,0x0,0x2A859A,1,0x5000005,0x0,0xA9A28,0x27FE60,post_cf_map,record_like,"mod=other",0x20,0xE,0x2A8264,0x27FE84
761,0xA672C,0x0,0x2AA0FC,4,0x0,0x4,0xA66D4,0x27FDD0,post_cf_map,record_like,"mod=other",0x0,0x0,0x0,0x0
762,0xA6734,0x0,0x2AA100,4,0x0,0x2A9D64,0xA66D4,0x27FDD0,post_cf_map,record_like,"mod=other",0x0,0x0,0x0,0x0
763,0xA675C,0x0,0x2A85A8,4,0x2AA0FC,0x2AA0E8,0xA66D4,0x27FDD0,post_cf_map,record_like,"mod=other",0x0,0x0,0x0,0x0
764,0xA675C,0x0,0x2A85A8,4,0x2AA0E8,0x2AA0D4,0xA66D4,0x27FDD0,post_cf_map,record_like,"mod=other",0x0,0x0,0x0,0x0
765,0xA675C,0x0,0x2A85A8,4,0x2AA0D4,0x2AA0C0,0xA66D4,0x27FDD0,post_cf_map,record_like,"mod=other",0x0,0x0,0x0,0x0
766,0xA9A6C,0x0,0x2AA104,4,0x0,0x6,0xA66D4,0x27FE60,post_cf_map,record_like,"mod=other",0x20,0xE,0x2A8264,0x27FE84
767,0xA9A2C,0x0,0x2A859A,1,0x5000005,0x0,0xA9A28,0x27FE60,post_cf_map,record_like,"mod=other",0x20,0xE,0x2A8264,0x27FE84
768,0xA672C,0x0,0x2AA00C,4,0x0,0x4,0xA66B4,0x27FDD0,post_cf_map,record_like,"mod=other",0x0,0x0,0x0,0x0
769,0xA9A6C,0x0,0x2AA014,4,0x0,0x6,0xA66B4,0x27FE60,post_cf_map,record_like,"mod=other",0x20,0xE,0x2A8264,0x27FE84
770,0xA9A74,0x0,0x2AA018,4,0x0,0x2A9D04,0xA66B4,0x27FE60,post_cf_map,record_like,"mod=other",0x20,0xE,0x2A8264,0x27FE84
771,0xA9A2C,0x0,0x2A859A,1,0x5000005,0x0,0xA9A28,0x27FE60,post_cf_map,record_like,"mod=other",0x20,0xE,0x2A8264,0x27FE84
772,0xA672C,0x0,0x2AA020,4,0x0,0x4,0xA66B4,0x27FDD0,post_cf_map,record_like,"mod=other",0x0,0x0,0x0,0x0
773,0xA6734,0x0,0x2AA024,4,0x0,0x2A9E14,0xA66B4,0x27FDD0,post_cf_map,record_like,"mod=other",0x0,0x0,0x0,0x0
774,0xA9A6C,0x0,0x2AA028,4,0x0,0x6,0xA66B4,0x27FE60,post_cf_map,record_like,"mod=other",0x20,0xE,0x2A8264,0x27FE84
775,0xA9A2C,0x0,0x2A859A,1,0x5000005,0x0,0xA9A28,0x27FE60,post_cf_map,record_like,"mod=other",0x20,0xE,0x2A8264,0x27FE84
776,0xA672C,0x0,0x2A9ECC,4,0x0,0x4,0xA66B4,0x27FDD0,post_cf_map,record_like,"mod=other",0x0,0x0,0x0,0x0
777,0xA6734,0x0,0x2A9ED0,4,0x3D8B98,0x2A9C4C,0xA66B4,0x27FDD0,post_cf_map,record_like,"mod=other",0x0,0x0,0x0,0x0
778,0xA9A6C,0x0,0x2A9ED4,4,0x0,0x6,0xA66B4,0x27FE60,post_cf_map,record_like,"mod=other",0x20,0xE,0x2A8264,0x27FE84
779,0xA9A74,0x0,0x2A9ED8,4,0x0,0x2A9C64,0xA66B4,0x27FE60,post_cf_map,record_like,"mod=other",0x20,0xE,0x2A8264,0x27FE84
780,0x9B38C,0x0,0x2A82E0,4,0x1E47,0x1D07,0x282384,0x27FE48,post_cf_map,record_like,"mod=other",0x0,0x2A8594,0xFFFFFFFF,0x2A8264
781,0x9B398,0x0,0x2A82E0,4,0x1D07,0x1D07,0x282384,0x27FE48,post_cf_map,record_like,"mod=other",0x0,0x2A8594,0xFFFFFFFF,0x2A8264
782,0x9DAE8,0x0,0x2AA140,4,0x0,0x6,0xA6908,0x27FF38,post_cf_map,record_like,"mod=other",0x2A8264,0x0,0x2822BC,0x0
783,0xA5CBC,0x0,0x2A826C,4,0x2A8374,0x2A8364,0xA6908,0x27FF58,post_cf_map,record_like,"mod=other",0x2A8264,0x9AE50,0x0,0x2A8264
784,0xA577C,0x0,0x2A8364,4,0x4,0x4,0xA5758,0x27FF48,post_cf_map,record_like,"mod=other",0x1F,0x2A8264,0x0,0x2822C4
785,0x9B38C,0x0,0x2A82E0,4,0x1D07,0x1D07,0x282A64,0x27FF10,post_cf_map,record_like,"mod=other",0x17,0x6,0x0,0xCF014
786,0x9B398,0x0,0x2A82E0,4,0x1D07,0x1D1E,0x282A64,0x27FF10,post_cf_map,record_like,"mod=other",0x17,0x6,0x0,0xCF014
787,0x9B950,0x0,0x2A85C0,4,0x2A9C64,0x6,0x282A64,0x27FF28,post_cf_map,record_like,"mod=other",0x1F,0x2A8264,0xCF014,0x2A8364
788,0x9B9B4,0x0,0x2A82C0,4,0x36,0x37,0x9B980,0x27FF28,post_cf_map,record_like,"mod=other",0x1F,0x2A8264,0xCF014,0x2A8364
789,0xA579C,0x0,0x2A826C,4,0x2A8364,0x2A836C,0x9B980,0x27FF48,post_cf_map,record_like,"mod=other",0x1F,0x2A8264,0x0,0x2822C4
790,0xA1888,0x0,0x2A85E0,4,0x2A9CEC,0x118,0x282A64,0x27FF18,post_cf_map,record_like,"mod=other",0x10,0x0,0x2A8264,0x9B354
791,0x9B38C,0x0,0x2A82E0,4,0x1D1E,0x1D1E,0x282A64,0x27FF28,post_cf_map,record_like,"mod=other",0x10,0x2A8264,0x0,0x2A8264
792,0x9B398,0x0,0x2A82E0,4,0x1D1E,0x1D2E,0x282A64,0x27FF28,post_cf_map,record_like,"mod=other",0x10,0x2A8264,0x0,0x2A8264
793,0x970A8,0x0,0x2A82C8,4,0x2A9EBC,0x2A85CC,0x97F34,0x27FF40,post_cf_map,record_like,"mod=other",0x2A8264,0x0,0x95A20,0xA55C8
794,0xA55C8,0x0,0x2A85D8,4,0x0,0x95A20,0x97F34,0x27FF50,post_cf_map,record_like,"mod=other",0x2A8264,0x0,0x2822C4,0x9AE44
795,0xA55D4,0x0,0x2A826C,4,0x2A836C,0x2A836C,0x97F34,0x27FF50,post_cf_map,record_like,"mod=other",0x2A8264,0x0,0x2822C4,0x9AE44
796,0xA560C,0x0,0x2A8370,4,0x2A9EBC,0x2A85CC,0x97F34,0x27FF50,post_cf_map,record_like,"mod=other",0x2A8264,0x0,0x2822C4,0x9AE44
797,0xA5610,0x0,0x2A836C,4,0x6,0x6,0x97F34,0x27FF50,post_cf_map,record_like,"mod=other",0x2A8264,0x0,0x2822C4,0x9AE44
798,0xA561C,0x0,0x2A826C,4,0x2A836C,0x2A8374,0x97F34,0x27FF50,post_cf_map,record_like,"mod=other",0x2A8264,0x0,0x2822C4,0x9AE44
799,0x98E2C,0x0,0x2A859A,1,0x5000005,0x0,0x98E28,0x27FF28,post_cf_map,record_like,"mod=other",0x2A8264,0x2A835C,0x2A8594,0x9DAA8
800,0xA671C,0x0,0x2AA0D0,4,0x0,0x2AA110,0xA66D4,0x27FEA8,post_cf_map,record_like,"mod=other",0x0,0x0,0x0,0x0
801,0xA672C,0x0,0x2AA0C0,4,0x0,0x4,0xA66D4,0x27FEA8,post_cf_map,record_like,"mod=other",0x0,0x0,0x0,0x0
802,0xA675C,0x0,0x2A85A8,4,0x2AA0C0,0x2AA0AC,0xA66D4,0x27FEA8,post_cf_map,record_like,"mod=other",0x0,0x0,0x0,0x0
803,0x9DAE8,0x0,0x2AA0C8,4,0x0,0x6,0xA66D4,0x27FF38,post_cf_map,record_like,"mod=other",0x2A8264,0x0,0x2822C4,0x0
804,0x9DAF0,0x0,0x2AA0CC,4,0x0,0x2A85CC,0xA66D4,0x27FF38,post_cf_map,record_like,"mod=other",0x2A8264,0x0,0x2822C4,0x0
805,0xA5CBC,0x0,0x2A826C,4,0x2A8374,0x2A8364,0xA66D4,0x27FF58,post_cf_map,record_like,"mod=other",0x2A8264,0x9AE50,0x0,0x2A8264
806,0xA577C,0x0,0x2A8364,4,0x4,0x4,0xA5758,0x27FF48,post_cf_map,record_like,"mod=other",0x1F,0x2A8264,0x0,0x2822CC
807,0x9B38C,0x0,0x2A82E0,4,0x1D2E,0x1D2E,0x282A64,0x27FF10,post_cf_map,record_like,"mod=other",0x17,0x6,0x0,0xCF00C
808,0x9B398,0x0,0x2A82E0,4,0x1D2E,0x1D45,0x282A64,0x27FF10,post_cf_map,record_like,"mod=other",0x17,0x6,0x0,0xCF00C
809,0x9B950,0x0,0x2A85E8,4,0x2A9D04,0x6,0x282A64,0x27FF28,post_cf_map,record_like,"mod=other",0x1F,0x2A8264,0xCF00C,0x2A8364
810,0x9B9A8,0x0,0x2A9848,4,0x0,0x2A85DC,0x9B980,0x27FF28,post_cf_map,record_like,"mod=other",0x1F,0x2A8264,0xCF00C,0x2A8364
811,0x9B9B4,0x0,0x2A82C0,4,0x37,0x38,0x9B980,0x27FF28,post_cf_map,record_like,"mod=other",0x1F,0x2A8264,0xCF00C,0x2A8364
812,0xA5790,0x0,0x2A8368,4,0x2A85B4,0x2A85DC,0x9B980,0x27FF48,post_cf_map,record_like,"mod=other",0x1F,0x2A8264,0x0,0x2822CC
813,0xA579C,0x0,0x2A826C,4,0x2A8364,0x2A836C,0x9B980,0x27FF48,post_cf_map,record_like,"mod=other",0x1F,0x2A8264,0x0,0x2822CC
814,0x9B38C,0x0,0x2A82E0,4,0x1D45,0x1D45,0x282A64,0x27FF28,post_cf_map,record_like,"mod=other",0x10,0x2A8264,0x0,0x2A8264
815,0x9B398,0x0,0x2A82E0,4,0x1D45,0x1D55,0x282A64,0x27FF28,post_cf_map,record_like,"mod=other",0x10,0x2A8264,0x0,0x2A8264
816,0x970A0,0x0,0x2A85F4,4,0x276E8,0x2A85CC,0x97F34,0x27FF40,post_cf_map,record_like,"mod=other",0x2A8264,0x0,0x95EA8,0xA55C8
817,0x970A8,0x0,0x2A82C8,4,0x2A85CC,0x2A85F4,0x97F34,0x27FF40,post_cf_map,record_like,"mod=other",0x2A8264,0x0,0x95EA8,0xA55C8
818,0xA55D4,0x0,0x2A826C,4,0x2A836C,0x2A836C,0x97F34,0x27FF50,post_cf_map,record_like,"mod=other",0x2A8264,0x0,0x2822CC,0x9AE44
819,0xA5610,0x0,0x2A836C,4,0x6,0x6,0x97F34,0x27FF50,post_cf_map,record_like,"mod=other",0x2A8264,0x0,0x2822CC,0x9AE44
820,0xA561C,0x0,0x2A826C,4,0x2A836C,0x2A8374,0x97F34,0x27FF50,post_cf_map,record_like,"mod=other",0x2A8264,0x0,0x2822CC,0x9AE44
821,0x98E2C,0x0,0x2A859A,1,0x5000005,0x0,0x98E28,0x27FF28,post_cf_map,record_like,"mod=other",0x2A8264,0x2A835C,0x2A8594,0x9DAA8
822,0xA672C,0x0,0x2AA070,4,0x0,0x4,0xA66B4,0x27FEA8,post_cf_map,record_like,"mod=other",0x0,0x0,0x0,0x0
823,0xA6734,0x0,0x2AA074,4,0x0,0x2A85DC,0xA66B4,0x27FEA8,post_cf_map,record_like,"mod=other",0x0,0x0,0x0,0x0
824,0x9DAE8,0x0,0x2AA078,4,0x0,0x6,0xA66B4,0x27FF38,post_cf_map,record_like,"mod=other",0x2A8264,0x0,0x2822CC,0x0
825,0xA5CBC,0x0,0x2A826C,4,0x2A8374,0x2A8364,0xA66B4,0x27FF58,post_cf_map,record_like,"mod=other",0x2A8264,0x9AE50,0x0,0x2A8264
826,0xA577C,0x0,0x2A8364,4,0x4,0x4,0xA5758,0x27FF48,post_cf_map,record_like,"mod=other",0x1F,0x2A8264,0x0,0x2822D4
827,0xA1888,0x0,0x2A8620,4,0x6,0xD8,0x282A64,0x27FF00,post_cf_map,record_like,"mod=other",0x13,0x0,0x2A8264,0x9B354
828,0x9B38C,0x0,0x2A82E0,4,0x1D55,0x1D55,0x282A64,0x27FF10,post_cf_map,record_like,"mod=other",0x13,0x2,0x0,0xCF008
829,0x9B398,0x0,0x2A82E0,4,0x1D55,0x1D68,0x282A64,0x27FF10,post_cf_map,record_like,"mod=other",0x13,0x2,0x0,0xCF008
830,0x9B950,0x0,0x2A8610,4,0x2A9D54,0x2,0x282A64,0x27FF28,post_cf_map,record_like,"mod=other",0x1F,0x2A8264,0xCF008,0x2A8364
831,0x9B9A8,0x0,0x2A985C,4,0x0,0x2A8604,0x9B980,0x27FF28,post_cf_map,record_like,"mod=other",0x1F,0x2A8264,0xCF008,0x2A8364
832,0x9B9B4,0x0,0x2A82C0,4,0x38,0x39,0x9B980,0x27FF28,post_cf_map,record_like,"mod=other",0x1F,0x2A8264,0xCF008,0x2A8364
833,0xA5790,0x0,0x2A8368,4,0x2A85DC,0x2A8604,0x9B980,0x27FF48,post_cf_map,record_like,"mod=other",0x1F,0x2A8264,0x0,0x2822D4
834,0xA579C,0x0,0x2A826C,4,0x2A8364,0x2A836C,0x9B980,0x27FF48,post_cf_map,record_like,"mod=other",0x1F,0x2A8264,0x0,0x2822D4
835,0xA1888,0x0,0x2A8630,4,0x2A9D14,0xC8,0x282A64,0x27FF18,post_cf_map,record_like,"mod=other",0x10,0x0,0x2A8264,0x9B354
836,0x9B38C,0x0,0x2A82E0,4,0x1D68,0x1D68,0x282A64,0x27FF28,post_cf_map,record_like,"mod=other",0x10,0x2A8264,0x0,0x2A8264
837,0x9B398,0x0,0x2A82E0,4,0x1D68,0x1D78,0x282A64,0x27FF28,post_cf_map,record_like,"mod=other",0x10,0x2A8264,0x0,0x2A8264
838,0x970A8,0x0,0x2A82C8,4,0x2A85F4,0x2A861C,0x97F34,0x27FF40,post_cf_map,record_like,"mod=other",0x2A8264,0x0,0x96488,0xA55C8
839,0xA55C8,0x0,0x2A8628,4,0x0,0x96488,0x97F34,0x27FF50,post_cf_map,record_like,"mod=other",0x2A8264,0x0,0x2822D4,0x9AE44
840,0xA55D4,0x0,0x2A826C,4,0x2A836C,0x2A836C,0x97F34,0x27FF50,post_cf_map,record_like,"mod=other",0x2A8264,0x0,0x2822D4,0x9AE44
841,0xA560C,0x0,0x2A8370,4,0x2A85F4,0x2A861C,0x97F34,0x27FF50,post_cf_map,record_like,"mod=other",0x2A8264,0x0,0x2822D4,0x9AE44
842,0xA5610,0x0,0x2A836C,4,0x6,0x6,0x97F34,0x27FF50,post_cf_map,record_like,"mod=other",0x2A8264,0x0,0x2822D4,0x9AE44
843,0xA561C,0x0,0x2A826C,4,0x2A836C,0x2A8374,0x97F34,0x27FF50,post_cf_map,record_like,"mod=other",0x2A8264,0x0,0x2822D4,0x9AE44
844,0x98E2C,0x0,0x2A859A,1,0x5000005,0x0,0x98E28,0x27FF28,post_cf_map,record_like,"mod=other",0x2A8264,0x2A835C,0x2A8594,0x9DAA8
845,0xA671C,0x0,0x2AA0BC,4,0x0,0x2AA124,0xA66D4,0x27FEA8,post_cf_map,record_like,"mod=other",0x0,0x0,0x0,0x0
846,0xA672C,0x0,0x2AA0AC,4,0x0,0x4,0xA66D4,0x27FEA8,post_cf_map,record_like,"mod=other",0x0,0x0,0x0,0x0
847,0xA6734,0x0,0x2AA0B0,4,0x0,0x2A8604,0xA66D4,0x27FEA8,post_cf_map,record_like,"mod=other",0x0,0x0,0x0,0x0
848,0xA675C,0x0,0x2A85A8,4,0x2AA0AC,0x2AA098,0xA66D4,0x27FEA8,post_cf_map,record_like,"mod=other",0x0,0x0,0x0,0x0
849,0xA675C,0x0,0x2A85A8,4,0x2AA098,0x2AA084,0xA66D4,0x27FEA8,post_cf_map,record_like,"mod=other",0x0,0x0,0x0,0x0
850,0x9DAE8,0x0,0x2AA0B4,4,0x0,0x6,0xA66D4,0x27FF38,post_cf_map,record_like,"mod=other",0x2A8264,0x0,0x2822D4,0x0
851,0x9DAF0,0x0,0x2AA0B8,4,0x0,0x2A861C,0xA66D4,0x27FF38,post_cf_map,record_like,"mod=other",0x2A8264,0x0,0x2822D4,0x0
852,0xA5CBC,0x0,0x2A826C,4,0x2A8374,0x2A8364,0xA66D4,0x27FF58,post_cf_map,record_like,"mod=other",0x2A8264,0x9AE50,0x0,0x2A8264
853,0xA577C,0x0,0x2A8364,4,0x4,0x4,0xA5758,0x27FF48,post_cf_map,record_like,"mod=other",0x1F,0x2A8264,0x0,0x2822DC
854,0x9B38C,0x0,0x2A82E0,4,0x1D78,0x1D78,0x282A64,0x27FF10,post_cf_map,record_like,"mod=other",0x18,0x7,0x0,0xCF000
855,0x9B398,0x0,0x2A82E0,4,0x1D78,0x1D90,0x282A64,0x27FF10,post_cf_map,record_like,"mod=other",0x18,0x7,0x0,0xCF000
856,0x9B950,0x0,0x2A8638,4,0x2A9E64,0x7,0x282A64,0x27FF28,post_cf_map,record_like,"mod=other",0x1F,0x2A8264,0xCF000,0x2A8364
857,0x9B9B4,0x0,0x2A82C0,4,0x39,0x3A,0x9B980,0x27FF28,post_cf_map,record_like,"mod=other",0x1F,0x2A8264,0xCF000,0x2A8364
858,0xA579C,0x0,0x2A826C,4,0x2A8364,0x2A836C,0x9B980,0x27FF48,post_cf_map,record_like,"mod=other",0x1F,0x2A8264,0x0,0x2822DC
859,0xA1888,0x0,0x2A8658,4,0x2A9E3C,0xA0,0x282A64,0x27FF18,post_cf_map,record_like,"mod=other",0x10,0x0,0x2A8264,0x9B354
860,0x9B38C,0x0,0x2A82E0,4,0x1D90,0x1D90,0x282A64,0x27FF28,post_cf_map,record_like,"mod=other",0x10,0x2A8264,0x0,0x2A8264
861,0x9B398,0x0,0x2A82E0,4,0x1D90,0x1DA0,0x282A64,0x27FF28,post_cf_map,record_like,"mod=other",0x10,0x2A8264,0x0,0x2A8264
862,0x970A0,0x0,0x2A8644,4,0x276E8,0x2A861C,0x97F34,0x27FF40,post_cf_map,record_like,"mod=other",0x2A8264,0x0,0x95730,0xA55C8
863,0x970A8,0x0,0x2A82C8,4,0x2A861C,0x2A8644,0x97F34,0x27FF40,post_cf_map,record_like,"mod=other",0x2A8264,0x0,0x95730,0xA55C8
864,0xA55D4,0x0,0x2A826C,4,0x2A836C,0x2A836C,0x97F34,0x27FF50,post_cf_map,record_like,"mod=other",0x2A8264,0x0,0x2822DC,0x9AE44
865,0xA560C,0x0,0x2A8370,4,0x2A861C,0x2A8644,0x97F34,0x27FF50,post_cf_map,record_like,"mod=other",0x2A8264,0x0,0x2822DC,0x9AE44
866,0xA5610,0x0,0x2A836C,4,0x6,0x6,0x97F34,0x27FF50,post_cf_map,record_like,"mod=other",0x2A8264,0x0,0x2822DC,0x9AE44
867,0xA561C,0x0,0x2A826C,4,0x2A836C,0x2A8374,0x97F34,0x27FF50,post_cf_map,record_like,"mod=other",0x2A8264,0x0,0x2822DC,0x9AE44
868,0x98E2C,0x0,0x2A859A,1,0x5000005,0x0,0x98E28,0x27FF28,post_cf_map,record_like,"mod=other",0x2A8264,0x2A835C,0x2A8594,0x9DAA8
869,0xA66FC,0x0,0x2AA0E4,4,0x2AA0AC,0x2AA084,0xA66D4,0x27FEA8,post_cf_map,record_like,"mod=other",0x0,0x0,0x0,0x0
870,0xA6708,0x0,0x2AA084,4,0x0,0x4,0xA66D4,0x27FEA8,post_cf_map,record_like,"mod=other",0x0,0x0,0x0,0x0
871,0xA6708,0x0,0x2AA088,4,0x0,0x2A8604,0xA66D4,0x27FEA8,post_cf_map,record_like,"mod=other",0x0,0x0,0x0,0x0
872,0xA6708,0x0,0x2AA08C,4,0x0,0x6,0xA66D4,0x27FEA8,post_cf_map,record_like,"mod=other",0x0,0x0,0x0,0x0
873,0xA6708,0x0,0x2AA090,4,0x0,0x2A861C,0xA66D4,0x27FEA8,post_cf_map,record_like,"mod=other",0x0,0x0,0x0,0x0
874,0xA6708,0x0,0x2AA094,4,0x0,0x2AA124,0xA66D4,0x27FEA8,post_cf_map,record_like,"mod=other",0x0,0x0,0x0,0x0
875,0xA672C,0x0,0x2AA0AC,4,0x4,0x4,0xA66D4,0x27FEA8,post_cf_map,record_like,"mod=other",0x0,0x0,0x0,0x0
876,0xA675C,0x0,0x2A85A8,4,0x2AA084,0x2AA070,0xA66D4,0x27FEA8,post_cf_map,record_like,"mod=other",0x0,0x0,0x0,0x0
877,0xA675C,0x0,0x2A85A8,4,0x2AA070,0x2AA05C,0xA66D4,0x27FEA8,post_cf_map,record_like,"mod=other",0x0,0x0,0x0,0x0
878,0x9DAE8,0x0,0x2AA0B4,4,0x0,0x6,0xA66D4,0x27FF38,post_cf_map,record_like,"mod=other",0x2A8264,0x0,0x2822DC,0x0
879,0x9DAF0,0x0,0x2AA0B8,4,0x2A861C,0x2A8644,0xA66D4,0x27FF38,post_cf_map,record_like,"mod=other",0x2A8264,0x0,0x2822DC,0x0
880,0xA5CBC,0x0,0x2A826C,4,0x2A8374,0x2A8364,0xA66D4,0x27FF58,post_cf_map,record_like,"mod=other",0x2A8264,0x9AE50,0x0,0x2A8264
881,0xA577C,0x0,0x2A8364,4,0x4,0x4,0xA5758,0x27FF48,post_cf_map,record_like,"mod=other",0x6,0x2A8264,0x0,0x2822E4
882,0xA1888,0x0,0x2A8670,4,0x6,0x88,0x282A64,0x27FF00,post_cf_map,record_like,"mod=other",0x17,0x0,0x2A8264,0x9B354
883,0x9B38C,0x0,0x2A82E0,4,0x1DA0,0x1DA0,0x282A64,0x27FF10,post_cf_map,record_like,"mod=other",0x17,0x6,0x0,0xCEFF8
884,0x9B398,0x0,0x2A82E0,4,0x1DA0,0x1DB7,0x282A64,0x27FF10,post_cf_map,record_like,"mod=other",0x17,0x6,0x0,0xCEFF8
885,0x9B950,0x0,0x2A8660,4,0x2A9E54,0x6,0x282A64,0x27FF28,post_cf_map,record_like,"mod=other",0x6,0x2A8264,0xCEFF8,0x2A8364
886,0x9B954,0x0,0x2A865C,4,0x6,0x92980A4B,0x282A64,0x27FF28,post_cf_map,record_like,"mod=other",0x6,0x2A8264,0xCEFF8,0x2A8364
887,0x9B9A8,0x0,0x2A91A0,4,0x0,0x2A8654,0x9B980,0x27FF28,post_cf_map,record_like,"mod=other",0x6,0x2A8264,0xCEFF8,0x2A8364
888,0x9B9B4,0x0,0x2A82C0,4,0x3A,0x3B,0x9B980,0x27FF28,post_cf_map,record_like,"mod=other",0x6,0x2A8264,0xCEFF8,0x2A8364
889,0xA5790,0x0,0x2A8368,4,0x2A862C,0x2A8654,0x9B980,0x27FF48,post_cf_map,record_like,"mod=other",0x6,0x2A8264,0x0,0x2822E4
890,0xA579C,0x0,0x2A826C,4,0x2A8364,0x2A836C,0x9B980,0x27FF48,post_cf_map,record_like,"mod=other",0x6,0x2A8264,0x0,0x2822E4
891,0x9B38C,0x0,0x2A82E0,4,0x1DB7,0x1DB7,0x282A64,0x27FF28,post_cf_map,record_like,"mod=other",0x10,0x2A8264,0x0,0x2A8264
892,0x9B398,0x0,0x2A82E0,4,0x1DB7,0x1DC7,0x282A64,0x27FF28,post_cf_map,record_like,"mod=other",0x10,0x2A8264,0x0,0x2A8264
893,0x970A0,0x0,0x2A866C,4,0x276E8,0x2A8644,0x97F34,0x27FF40,post_cf_map,record_like,"mod=other",0x2A8264,0x0,0x9617C,0xA55C8
894,0x970A8,0x0,0x2A82C8,4,0x2A8644,0x2A866C,0x97F34,0x27FF40,post_cf_map,record_like,"mod=other",0x2A8264,0x0,0x9617C,0xA55C8
895,0xA55D4,0x0,0x2A826C,4,0x2A836C,0x2A836C,0x97F34,0x27FF50,post_cf_map,record_like,"mod=other",0x2A8264,0x0,0x2822E4,0x9AE44
896,0xA5610,0x0,0x2A836C,4,0x6,0x6,0x97F34,0x27FF50,post_cf_map,record_like,"mod=other",0x2A8264,0x0,0x2822E4,0x9AE44
897,0xA561C,0x0,0x2A826C,4,0x2A836C,0x2A8374,0x97F34,0x27FF50,post_cf_map,record_like,"mod=other",0x2A8264,0x0,0x2822E4,0x9AE44
898,0x98E2C,0x0,0x2A859A,1,0x5000005,0x0,0x98E28,0x27FF28,post_cf_map,record_like,"mod=other",0x2A8264,0x2A835C,0x2A8594,0x9DAA8
899,0xA672C,0x0,0x2A9FA8,4,0x0,0x4,0xA66B4,0x27FEA8,post_cf_map,record_like,"mod=other",0x0,0x0,0x0,0x0
900,0xA6734,0x0,0x2A9FAC,4,0x0,0x2A8654,0xA66B4,0x27FEA8,post_cf_map,record_like,"mod=other",0x0,0x0,0x0,0x0
901,0x9DAE8,0x0,0x2A9FB0,4,0x0,0x6,0xA66B4,0x27FF38,post_cf_map,record_like,"mod=other",0x2A8264,0x0,0x2822E4,0x0
902,0xA5CBC,0x0,0x2A826C,4,0x2A8374,0x2A8364,0xA66B4,0x27FF58,post_cf_map,record_like,"mod=other",0x2A8264,0x9AE50,0x0,0x2A8264
903,0xA577C,0x0,0x2A8364,4,0x4,0x4,0xA5758,0x27FF48,post_cf_map,record_like,"mod=other",0x1F,0x2A8264,0x0,0x2822EC
904,0xA1888,0x0,0x2A8698,4,0x6,0x60,0x282A64,0x27FF00,post_cf_map,record_like,"mod=other",0x17,0x0,0x2A8264,0x9B354
905,0x9B38C,0x0,0x2A82E0,4,0x1DC7,0x1DC7,0x282A64,0x27FF10,post_cf_map,record_like,"mod=other",0x17,0x6,0x0,0xCEFF0
906,0x9B398,0x0,0x2A82E0,4,0x1DC7,0x1DDE,0x282A64,0x27FF10,post_cf_map,record_like,"mod=other",0x17,0x6,0x0,0xCEFF0
907,0x9B950,0x0,0x2A8688,4,0x2A9CDC,0x6,0x282A64,0x27FF28,post_cf_map,record_like,"mod=other",0x1F,0x2A8264,0xCEFF0,0x2A8364
908,0x9B954,0x0,0x2A8684,4,0x6,0x6A0810C9,0x282A64,0x27FF28,post_cf_map,record_like,"mod=other",0x1F,0x2A8264,0xCEFF0,0x2A8364
909,0x9B9B4,0x0,0x2A82C0,4,0x3B,0x3C,0x9B980,0x27FF28,post_cf_map,record_like,"mod=other",0x1F,0x2A8264,0xCEFF0,0x2A8364
910,0xA579C,0x0,0x2A826C,4,0x2A8364,0x2A836C,0x9B980,0x27FF48,post_cf_map,record_like,"mod=other",0x1F,0x2A8264,0x0,0x2822EC
911,0xA1888,0x0,0x2A86A8,4,0x2A9D8C,0x50,0x282A64,0x27FF18,post_cf_map,record_like,"mod=other",0x10,0x0,0x2A8264,0x9B354
912,0x9B38C,0x0,0x2A82E0,4,0x1DDE,0x1DDE,0x282A64,0x27FF28,post_cf_map,record_like,"mod=other",0x10,0x2A8264,0x0,0x2A8264
913,0x9B398,0x0,0x2A82E0,4,0x1DDE,0x1DEE,0x282A64,0x27FF28,post_cf_map,record_like,"mod=other",0x10,0x2A8264,0x0,0x2A8264
914,0x970A8,0x0,0x2A82C8,4,0x2A866C,0x2A8694,0x97F34,0x27FF40,post_cf_map,record_like,"mod=other",0x2A8264,0x0,0x96034,0xA55C8
915,0xA55D4,0x0,0x2A826C,4,0x2A836C,0x2A836C,0x97F34,0x27FF50,post_cf_map,record_like,"mod=other",0x2A8264,0x0,0x2822EC,0x9AE44
916,0xA560C,0x0,0x2A8370,4,0x2A866C,0x2A8694,0x97F34,0x27FF50,post_cf_map,record_like,"mod=other",0x2A8264,0x0,0x2822EC,0x9AE44
917,0xA5610,0x0,0x2A836C,4,0x6,0x6,0x97F34,0x27FF50,post_cf_map,record_like,"mod=other",0x2A8264,0x0,0x2822EC,0x9AE44
918,0xA561C,0x0,0x2A826C,4,0x2A836C,0x2A8374,0x97F34,0x27FF50,post_cf_map,record_like,"mod=other",0x2A8264,0x0,0x2822EC,0x9AE44
919,0x98E2C,0x0,0x2A859A,1,0x5000005,0x0,0x98E28,0x27FF28,post_cf_map,record_like,"mod=other",0x2A8264,0x2A835C,0x2A8594,0x9DAA8
920,0xA6720,0x0,0x2A9F90,4,0x0,0x2AA05C,0xA66D4,0x27FEA8,post_cf_map,record_like,"mod=other",0x0,0x0,0x0,0x0
921,0xA672C,0x0,0x2AA05C,4,0x0,0x4,0xA66D4,0x27FEA8,post_cf_map,record_like,"mod=other",0x0,0x0,0x0,0x0
922,0xA675C,0x0,0x2A85A8,4,0x2AA05C,0x2AA048,0xA66D4,0x27FEA8,post_cf_map,record_like,"mod=other",0x0,0x0,0x0,0x0
923,0xA675C,0x0,0x2A85A8,4,0x2AA048,0x2AA034,0xA66D4,0x27FEA8,post_cf_map,record_like,"mod=other",0x0,0x0,0x0,0x0
924,0x9DAE8,0x0,0x2AA064,4,0x0,0x6,0xA66D4,0x27FF38,post_cf_map,record_like,"mod=other",0x2A8264,0x0,0x2822EC,0x0
925,0x9DAF0,0x0,0x2AA068,4,0x0,0x2A8694,0xA66D4,0x27FF38,post_cf_map,record_like,"mod=other",0x2A8264,0x0,0x2822EC,0x0
926,0xA5CBC,0x0,0x2A826C,4,0x2A8374,0x2A8364,0xA66D4,0x27FF58,post_cf_map,record_like,"mod=other",0x2A8264,0x9AE50,0x0,0x2A8264
927,0xA577C,0x0,0x2A8364,4,0x4,0x4,0xA5758,0x27FF48,post_cf_map,record_like,"mod=other",0x1F,0x2A8264,0x0,0x2822F4
928,0x9B38C,0x0,0x2A82E0,4,0x1DEE,0x1DEE,0x282A64,0x27FF10,post_cf_map,record_like,"mod=other",0x19,0x8,0x0,0xCEFE4
929,0x9B398,0x0,0x2A82E0,4,0x1DEE,0x1E07,0x282A64,0x27FF10,post_cf_map,record_like,"mod=other",0x19,0x8,0x0,0xCEFE4
930,0x9B950,0x0,0x2A86B0,4,0x2A9DA4,0x8,0x282A64,0x27FF28,post_cf_map,record_like,"mod=other",0x1F,0x2A8264,0xCEFE4,0x2A8364
931,0x9B9A8,0x0,0x2A8A2C,4,0x2A9874,0x2A86A4,0x9B980,0x27FF28,post_cf_map,record_like,"mod=other",0x1F,0x2A8264,0xCEFE4,0x2A8364
932,0x9B9B4,0x0,0x2A82C0,4,0x3C,0x3D,0x9B980,0x27FF28,post_cf_map,record_like,"mod=other",0x1F,0x2A8264,0xCEFE4,0x2A8364
933,0xA5790,0x0,0x2A8368,4,0x2A867C,0x2A86A4,0x9B980,0x27FF48,post_cf_map,record_like,"mod=other",0x1F,0x2A8264,0x0,0x2822F4
934,0xA579C,0x0,0x2A826C,4,0x2A8364,0x2A836C,0x9B980,0x27FF48,post_cf_map,record_like,"mod=other",0x1F,0x2A8264,0x0,0x2822F4
935,0xA1888,0x0,0x2A86D8,4,0x2A9E8C,0x20,0x282A64,0x27FF18,post_cf_map,record_like,"mod=other",0x10,0x0,0x2A8264,0x9B354
936,0x9B38C,0x0,0x2A82E0,4,0x1E07,0x1E07,0x282A64,0x27FF28,post_cf_map,record_like,"mod=other",0x10,0x2A8264,0x0,0x2A8264
937,0x9B398,0x0,0x2A82E0,4,0x1E07,0x1E17,0x282A64,0x27FF28,post_cf_map,record_like,"mod=other",0x10,0x2A8264,0x0,0x2A8264
938,0x970A0,0x0,0x2A86C4,4,0x276E8,0x2A8694,0x97F34,0x27FF40,post_cf_map,record_like,"mod=other",0x2A8264,0x0,0x96D50,0xA55C8
939,0x970A8,0x0,0x2A82C8,4,0x2A8694,0x2A86C4,0x97F34,0x27FF40,post_cf_map,record_like,"mod=other",0x2A8264,0x0,0x96D50,0xA55C8
940,0xA55C8,0x0,0x2A86D0,4,0x2A9E74,0x96D50,0x97F34,0x27FF50,post_cf_map,record_like,"mod=other",0x2A8264,0x0,0x2822F4,0x9AE44
941,0xA55D4,0x0,0x2A826C,4,0x2A836C,0x2A836C,0x97F34,0x27FF50,post_cf_map,record_like,"mod=other",0x2A8264,0x0,0x2822F4,0x9AE44
942,0xA560C,0x0,0x2A8370,4,0x2A8694,0x2A86C4,0x97F34,0x27FF50,post_cf_map,record_like,"mod=other",0x2A8264,0x0,0x2822F4,0x9AE44
943,0xA5610,0x0,0x2A836C,4,0x6,0x6,0x97F34,0x27FF50,post_cf_map,record_like,"mod=other",0x2A8264,0x0,0x2822F4,0x9AE44
944,0xA561C,0x0,0x2A826C,4,0x2A836C,0x2A8374,0x97F34,0x27FF50,post_cf_map,record_like,"mod=other",0x2A8264,0x0,0x2822F4,0x9AE44
945,0x98E2C,0x0,0x2A859A,1,0x5000005,0x0,0x98E28,0x27FF28,post_cf_map,record_like,"mod=other",0x2A8264,0x2A835C,0x2A8594,0x9DAA8
946,0xA672C,0x0,0x2AA034,4,0x0,0x4,0xA66D4,0x27FEA8,post_cf_map,record_like,"mod=other",0x0,0x0,0x0,0x0
947,0xA6734,0x0,0x2AA038,4,0x0,0x2A86A4,0xA66D4,0x27FEA8,post_cf_map,record_like,"mod=other",0x0,0x0,0x0,0x0
948,0xA675C,0x0,0x2A85A8,4,0x2AA034,0x2AA020,0xA66D4,0x27FEA8,post_cf_map,record_like,"mod=other",0x0,0x0,0x0,0x0
949,0xA675C,0x0,0x2A85A8,4,0x2AA020,0x2AA00C,0xA66D4,0x27FEA8,post_cf_map,record_like,"mod=other",0x0,0x0,0x0,0x0
950,0xA675C,0x0,0x2A85A8,4,0x2AA00C,0x2A9FF8,0xA66D4,0x27FEA8,post_cf_map,record_like,"mod=other",0x0,0x0,0x0,0x0
951,0x9DAE8,0x0,0x2AA03C,4,0x0,0x6,0xA66D4,0x27FF38,post_cf_map,record_like,"mod=other",0x2A8264,0x0,0x2822F4,0x0
952,0x9DAF0,0x0,0x2AA040,4,0x0,0x2A86C4,0xA66D4,0x27FF38,post_cf_map,record_like,"mod=other",0x2A8264,0x0,0x2822F4,0x0
953,0xA5CBC,0x0,0x2A826C,4,0x2A8374,0x2A8364,0xA66D4,0x27FF58,post_cf_map,record_like,"mod=other",0x2A8264,0x9AE50,0x0,0x2A8264
954,0xA577C,0x0,0x2A8364,4,0x4,0x4,0xA5758,0x27FF48,post_cf_map,record_like,"mod=other",0x1F,0x2A8264,0x0,0x2822FC
955,0xA1888,0x0,0x2A86F0,4,0x0,0x8,0x282A64,0x27FF00,post_cf_map,record_like,"mod=other",0x14,0x0,0x2A8264,0x9B354
956,0x9B38C,0x0,0x2A82E0,4,0x1E17,0x1E17,0x282A64,0x27FF10,post_cf_map,record_like,"mod=other",0x14,0x3,0x0,0xCEFE0
957,0x9B398,0x0,0x2A82E0,4,0x1E17,0x1E2B,0x282A64,0x27FF10,post_cf_map,record_like,"mod=other",0x14,0x3,0x0,0xCEFE0
958,0x9B950,0x0,0x2A86E0,4,0x4,0x3,0x282A64,0x27FF28,post_cf_map,record_like,"mod=other",0x1F,0x2A8264,0xCEFE0,0x2A8364
959,0x9B954,0x0,0x2A86DC,4,0x0,0x30903,0x282A64,0x27FF28,post_cf_map,record_like,"mod=other",0x1F,0x2A8264,0xCEFE0,0x2A8364
960,0x9B9A8,0x0,0x2A8C80,4,0x0,0x2A86D4,0x9B980,0x27FF28,post_cf_map,record_like,"mod=other",0x1F,0x2A8264,0xCEFE0,0x2A8364
961,0x9B9B4,0x0,0x2A82C0,4,0x3D,0x3E,0x9B980,0x27FF28,post_cf_map,record_like,"mod=other",0x1F,0x2A8264,0xCEFE0,0x2A8364
962,0xA5790,0x0,0x2A8368,4,0x2A86A4,0x2A86D4,0x9B980,0x27FF48,post_cf_map,record_like,"mod=other",0x1F,0x2A8264,0x0,0x2822FC
963,0xA579C,0x0,0x2A826C,4,0x2A8364,0x2A836C,0x9B980,0x27FF48,post_cf_map,record_like,"mod=other",0x1F,0x2A8264,0x0,0x2822FC
964,0xA1888,0x0,0x2AA160,4,0x0,0x3D8908,0x282A64,0x27FF18,post_cf_map,record_like,"mod=other",0x10,0x0,0x2A8264,0x9B354
965,0x9B38C,0x0,0x2A82E0,4,0x1E2B,0x1E2B,0x282A64,0x27FF28,post_cf_map,record_like,"mod=other",0x10,0x2A8264,0x0,0x2A8264
966,0x9B398,0x0,0x2A82E0,4,0x1E2B,0x1E3B,0x282A64,0x27FF28,post_cf_map,record_like,"mod=other",0x10,0x2A8264,0x0,0x2A8264
967,0x970A0,0x0,0x2AA14C,4,0x400000,0x2A86C4,0x97F34,0x27FF40,post_cf_map,record_like,"mod=other",0x2A8264,0x0,0x95814,0xA55C8
968,0x970A8,0x0,0x2A82C8,4,0x2A86C4,0x2AA14C,0x97F34,0x27FF40,post_cf_map,record_like,"mod=other",0x2A8264,0x0,0x95814,0xA55C8
969,0xA55C8,0x0,0x2AA158,4,0x0,0x95814,0x97F34,0x27FF50,post_cf_map,record_like,"mod=other",0x2A8264,0x0,0x2822FC,0x9AE44
970,0xA55D4,0x0,0x2A826C,4,0x2A836C,0x2A836C,0x97F34,0x27FF50,post_cf_map,record_like,"mod=other",0x2A8264,0x0,0x2822FC,0x9AE44
971,0xA560C,0x0,0x2A8370,4,0x2A86C4,0x2AA14C,0x97F34,0x27FF50,post_cf_map,record_like,"mod=other",0x2A8264,0x0,0x2822FC,0x9AE44
972,0xA5610,0x0,0x2A836C,4,0x6,0x6,0x97F34,0x27FF50,post_cf_map,record_like,"mod=other",0x2A8264,0x0,0x2822FC,0x9AE44
973,0xA561C,0x0,0x2A826C,4,0x2A836C,0x2A8374,0x97F34,0x27FF50,post_cf_map,record_like,"mod=other",0x2A8264,0x0,0x2822FC,0x9AE44
974,0x98E2C,0x0,0x2A859A,1,0x5000005,0x0,0x98E28,0x27FF28,post_cf_map,record_like,"mod=other",0x2A8264,0x2A835C,0x2A8594,0x9DAA8
975,0xA672C,0x0,0x2A9F08,4,0x0,0x4,0xA66B4,0x27FEA8,post_cf_map,record_like,"mod=other",0x0,0x0,0x0,0x0
976,0xA6734,0x0,0x2A9F0C,4,0x0,0x2A86D4,0xA66B4,0x27FEA8,post_cf_map,record_like,"mod=other",0x0,0x0,0x0,0x0
977,0x9DAE8,0x0,0x2A9F10,4,0x0,0x6,0xA66B4,0x27FF38,post_cf_map,record_like,"mod=other",0x2A8264,0x0,0x2822FC,0x0
978,0x9DAF0,0x0,0x2A9F14,4,0x0,0x2AA14C,0xA66B4,0x27FF38,post_cf_map,record_like,"mod=other",0x2A8264,0x0,0x2822FC,0x0
979,0xA5CBC,0x0,0x2A826C,4,0x2A8374,0x2A8364,0xA66B4,0x27FF58,post_cf_map,record_like,"mod=other",0x2A8264,0x9AE50,0x0,0x2A8264
980,0xA577C,0x0,0x2A8364,4,0x4,0x4,0xA5758,0x27FF48,post_cf_map,record_like,"mod=other",0x1F,0x2A8264,0x0,0x282304
981,0xA1894,0x0,0x2A86EC,4,0x276F8,0x27718,0x282A64,0x27FF00,post_cf_map,record_like,"mod=other",0x1A,0x0,0x2A8264,0x9B354
982,0x9B38C,0x0,0x2A82E0,4,0x1E3B,0x1E3B,0x282A64,0x27FF10,post_cf_map,record_like,"mod=other",0x1A,0x9,0x0,0xCEFD4
983,0x9B398,0x0,0x2A82E0,4,0x1E3B,0x1E55,0x282A64,0x27FF10,post_cf_map,record_like,"mod=other",0x1A,0x9,0x0,0xCEFD4
984,0x9B950,0x0,0x2AA168,4,0x0,0x9,0x282A64,0x27FF28,post_cf_map,record_like,"mod=other",0x1F,0x2A8264,0xCEFD4,0x2A8364
985,0x9B954,0x0,0x2AA164,4,0x0,0x965C179B,0x282A64,0x27FF28,post_cf_map,record_like,"mod=other",0x1F,0x2A8264,0xCEFD4,0x2A8364
986,0x9B9A8,0x0,0x2A96E0,4,0x0,0x2AA15C,0x9B980,0x27FF28,post_cf_map,record_like,"mod=other",0x1F,0x2A8264,0xCEFD4,0x2A8364
987,0x9B9B4,0x0,0x2A82C0,4,0x3E,0x3F,0x9B980,0x27FF28,post_cf_map,record_like,"mod=other",0x1F,0x2A8264,0xCEFD4,0x2A8364
988,0xA5790,0x0,0x2A8368,4,0x2A86D4,0x2AA15C,0x9B980,0x27FF48,post_cf_map,record_like,"mod=other",0x1F,0x2A8264,0x0,0x282304
989,0xA579C,0x0,0x2A826C,4,0x2A8364,0x2A836C,0x9B980,0x27FF48,post_cf_map,record_like,"mod=other",0x1F,0x2A8264,0x0,0x282304
990,0xA1888,0x0,0x2AA190,4,0x0,0x3D88D8,0x282A64,0x27FF18,post_cf_map,record_like,"mod=other",0x10,0x0,0x2A8264,0x9B354
991,0x9B38C,0x0,0x2A82E0,4,0x1E55,0x1E55,0x282A64,0x27FF28,post_cf_map,record_like,"mod=other",0x10,0x2A8264,0x0,0x2A8264
992,0x9B398,0x0,0x2A82E0,4,0x1E55,0x1E65,0x282A64,0x27FF28,post_cf_map,record_like,"mod=other",0x10,0x2A8264,0x0,0x2A8264
993,0x970A0,0x0,0x2AA17C,4,0x400000,0x2AA14C,0x97F34,0x27FF40,post_cf_map,record_like,"mod=other",0x2A8264,0x0,0x95E5C,0xA55C8
994,0x970A8,0x0,0x2A82C8,4,0x2AA14C,0x2AA17C,0x97F34,0x27FF40,post_cf_map,record_like,"mod=other",0x2A8264,0x0,0x95E5C,0xA55C8
995,0xA55C8,0x0,0x2AA188,4,0x0,0x95E5C,0x97F34,0x27FF50,post_cf_map,record_like,"mod=other",0x2A8264,0x0,0x282304,0x9AE44
996,0xA55D4,0x0,0x2A826C,4,0x2A836C,0x2A836C,0x97F34,0x27FF50,post_cf_map,record_like,"mod=other",0x2A8264,0x0,0x282304,0x9AE44
997,0xA5610,0x0,0x2A836C,4,0x6,0x6,0x97F34,0x27FF50,post_cf_map,record_like,"mod=other",0x2A8264,0x0,0x282304,0x9AE44
998,0xA561C,0x0,0x2A826C,4,0x2A836C,0x2A8374,0x97F34,0x27FF50,post_cf_map,record_like,"mod=other",0x2A8264,0x0,0x282304,0x9AE44
999,0x98E2C,0x0,0x2A859A,1,0x5000005,0x0,0x98E28,0x27FF28,post_cf_map,record_like,"mod=other",0x2A8264,0x2A835C,0x2A8594,0x9DAA8
1000,0xA672C,0x0,0x2A9FF8,4,0x0,0x4,0xA66D4,0x27FEA8,post_cf_map,record_like,"mod=other",0x0,0x0,0x0,0x0
1001,0xA6734,0x0,0x2A9FFC,4,0x0,0x2AA15C,0xA66D4,0x27FEA8,post_cf_map,record_like,"mod=other",0x0,0x0,0x0,0x0
1002,0xA675C,0x0,0x2A85A8,4,0x2A9FF8,0x2A9FE4,0xA66D4,0x27FEA8,post_cf_map,record_like,"mod=other",0x0,0x0,0x0,0x0
1003,0xA675C,0x0,0x2A85A8,4,0x2A9FE4,0x2A9FD0,0xA66D4,0x27FEA8,post_cf_map,record_like,"mod=other",0x0,0x0,0x0,0x0
1004,0xA675C,0x0,0x2A85A8,4,0x2A9FD0,0x2A9FBC,0xA66D4,0x27FEA8,post_cf_map,record_like,"mod=other",0x0,0x0,0x0,0x0
1005,0x9DAE8,0x0,0x2AA000,4,0x0,0x6,0xA66D4,0x27FF38,post_cf_map,record_like,"mod=other",0x2A8264,0x0,0x282304,0x0
1006,0xA5CBC,0x0,0x2A826C,4,0x2A8374,0x2A8364,0xA66D4,0x27FF58,post_cf_map,record_like,"mod=other",0x2A8264,0x9AE50,0x0,0x2A8264
1007,0xA577C,0x0,0x2A8364,4,0x4,0x4,0xA5758,0x27FF48,post_cf_map,record_like,"mod=other",0x1F,0x2A8264,0x0,0x28230C
1008,0xA1894,0x0,0x2A86EC,4,0x27728,0x27748,0x282A64,0x27FF00,post_cf_map,record_like,"mod=other",0x1A,0x0,0x2A8264,0x9B354
1009,0x9B38C,0x0,0x2A82E0,4,0x1E65,0x1E65,0x282A64,0x27FF10,post_cf_map,record_like,"mod=other",0x1A,0x9,0x0,0xCEFC8
1010,0x9B398,0x0,0x2A82E0,4,0x1E65,0x1E7F,0x282A64,0x27FF10,post_cf_map,record_like,"mod=other",0x1A,0x9,0x0,0xCEFC8
1011,0x9B950,0x0,0x2AA198,4,0x0,0x9,0x282A64,0x27FF28,post_cf_map,record_like,"mod=other",0x1F,0x2A8264,0xCEFC8,0x2A8364
1012,0x9B954,0x0,0x2AA194,4,0x0,0x96D177D5,0x282A64,0x27FF28,post_cf_map,record_like,"mod=other",0x1F,0x2A8264,0xCEFC8,0x2A8364
1013,0x9B9A8,0x0,0x2A97C8,4,0x0,0x2AA18C,0x9B980,0x27FF28,post_cf_map,record_like,"mod=other",0x1F,0x2A8264,0xCEFC8,0x2A8364
1014,0x9B9B4,0x0,0x2A82C0,4,0x3F,0x40,0x9B980,0x27FF28,post_cf_map,record_like,"mod=other",0x1F,0x2A8264,0xCEFC8,0x2A8364
1015,0xA5790,0x0,0x2A8368,4,0x2AA15C,0x2AA18C,0x9B980,0x27FF48,post_cf_map,record_like,"mod=other",0x1F,0x2A8264,0x0,0x28230C
1016,0xA579C,0x0,0x2A826C,4,0x2A8364,0x2A836C,0x9B980,0x27FF48,post_cf_map,record_like,"mod=other",0x1F,0x2A8264,0x0,0x28230C
1017,0xA1894,0x0,0x2A86EC,4,0x27748,0x27758,0x282A64,0x27FF18,post_cf_map,record_like,"mod=other",0x10,0x0,0x2A8264,0x9B354
1018,0x9B38C,0x0,0x2A82E0,4,0x1E7F,0x1E7F,0x282A64,0x27FF28,post_cf_map,record_like,"mod=other",0x10,0x2A8264,0x0,0x2A8264
1019,0x9B398,0x0,0x2A82E0,4,0x1E7F,0x1E8F,0x282A64,0x27FF28,post_cf_map,record_like,"mod=other",0x10,0x2A8264,0x0,0x2A8264
1020,0x970A8,0x0,0x2A82C8,4,0x2AA17C,0x2AA1AC,0x97F34,0x27FF40,post_cf_map,record_like,"mod=other",0x2A8264,0x0,0x95A20,0xA55C8
1021,0xA55C8,0x0,0x2AA1B8,4,0x0,0x95A20,0x97F34,0x27FF50,post_cf_map,record_like,"mod=other",0x2A8264,0x0,0x28230C,0x9AE44
1022,0xA55D4,0x0,0x2A826C,4,0x2A836C,0x2A836C,0x97F34,0x27FF50,post_cf_map,record_like,"mod=other",0x2A8264,0x0,0x28230C,0x9AE44
1023,0xA5610,0x0,0x2A836C,4,0x6,0x6,0x97F34,0x27FF50,post_cf_map,record_like,"mod=other",0x2A8264,0x0,0x28230C,0x9AE44
1024,0xA561C,0x0,0x2A826C,4,0x2A836C,0x2A8374,0x97F34,0x27FF50,post_cf_map,record_like,"mod=other",0x2A8264,0x0,0x28230C,0x9AE44
