seq,pc,off,addr,size,old,new,lr,sp,phase,kind,note,stack0,stack1,stack2,stack3
1,0x927A8,0x127A8,0x2AF904,4,0x0,0x400,0x2AF900,0x27F370,post_cf_map,seed_touch,"mod=cfunction.ext",0x0,0x200,0x0,0x0
2,0x927A8,0x127A8,0x2AF8F8,4,0x0,0x810,0x2AF8F4,0x27F370,post_cf_map,seed_touch,"mod=cfunction.ext",0x0,0x200,0x0,0x0
3,0x9D07C,0x1D07C,0x2A826C,4,0x2A83EC,0x2A83BC,0x9C6F8,0x27FE58,during_opcode,object_field,"mod=cfunction.ext",0x3D,0x2A8264,0x2ADDE4,0x2AF824
4,0x97914,0x17914,0x2A8278,4,0x2A84CC,0x2A84E4,0x9D098,0x27FE30,during_opcode,object_field,"mod=cfunction.ext",0x18,0x0,0x2A8264,0x18059
5,0x97928,0x17928,0x2A8270,4,0x2A83A4,0x2A83AC,0x9D098,0x27FE30,during_opcode,object_field,"mod=cfunction.ext",0x18,0x0,0x2A8264,0x18059
6,0xA571C,0x2571C,0x2A826C,4,0x2A83BC,0x2A83C4,0x893C0,0x27FE10,during_opcode,object_field,"mod=cfunction.ext",0x2A8264,0xE2D,0x2A8264,0x2A83A4
7,0x97548,0x17548,0x2A8278,4,0x2A84E4,0x2A84CC,0x9D0E0,0x27FE48,during_opcode,object_field,"mod=cfunction.ext",0x2A8264,0x18059,0x2ADF7C,0x9D0E0
8,0x97554,0x17554,0x2A8270,4,0x2A83AC,0x2A83A4,0x9D0E0,0x27FE48,during_opcode,object_field,"mod=cfunction.ext",0x2A8264,0x18059,0x2ADF7C,0x9D0E0
9,0x975B4,0x175B4,0x2A826C,4,0x2A83C4,0x2A83A4,0x9D0E0,0x27FE48,during_opcode,object_field,"mod=cfunction.ext",0x2A8264,0x18059,0x2ADF7C,0x9D0E0
10,0x9D0EC,0x1D0EC,0x2A826C,4,0x2A83A4,0x2A83EC,0x9D0E0,0x27FE58,during_opcode,object_field,"mod=cfunction.ext",0x3D,0x2A8264,0x2ADDE4,0x2AF824
11,0x9D07C,0x1D07C,0x2A826C,4,0x2A83EC,0x2A83AC,0x9C6F8,0x27FE58,during_opcode,object_field,"mod=cfunction.ext",0x3D,0x2A8264,0x0,0x2AF85C
12,0x97914,0x17914,0x2A8278,4,0x2A84CC,0x2A84E4,0x9D098,0x27FE30,during_opcode,object_field,"mod=cfunction.ext",0x2A83A4,0x9DAA8,0x2A8264,0x8099
13,0x97928,0x17928,0x2A8270,4,0x2A83A4,0x2A83AC,0x9D098,0x27FE30,during_opcode,object_field,"mod=cfunction.ext",0x2A83A4,0x9DAA8,0x2A8264,0x8099
14,0xA516C,0x2516C,0x2A826C,4,0x2A83AC,0x2A83B4,0x98C7C,0x27FDB8,during_opcode,object_field,"mod=cfunction.ext",0x7F,0x2A8264,0x1,0x88994
15,0x96DE0,0x16DE0,0x2A8295,1,0x100,0x0,0xA5774,0x27FD98,during_opcode,object_field,"mod=cfunction.ext",0x0,0x2A8264,0xADE58,0x2ADF7C
16,0x96DEC,0x16DEC,0x2A826C,4,0x2A83B4,0x2A83BC,0xA5774,0x27FD98,during_opcode,object_field,"mod=cfunction.ext",0x0,0x2A8264,0xADE58,0x2ADF7C
17,0x96EC0,0x16EC0,0x2A826C,4,0x2A83BC,0x2A83B4,0xA5774,0x27FD98,during_opcode,object_field,"mod=cfunction.ext",0x0,0x2A8264,0xADE58,0x2ADF7C
18,0x96EC4,0x16EC4,0x2A8295,1,0x0,0x1,0xA5774,0x27FD98,during_opcode,object_field,"mod=cfunction.ext",0x0,0x2A8264,0xADE58,0x2ADF7C
19,0xA579C,0x2579C,0x2A826C,4,0x2A83B4,0x2A83BC,0x9B924,0x27FDB0,during_opcode,object_field,"mod=cfunction.ext",0x7F,0x2A8264,0x1,0x2ADF7C
20,0xA571C,0x2571C,0x2A826C,4,0x2A83BC,0x2A83C4,0x889B0,0x27FDC8,during_opcode,object_field,"mod=cfunction.ext",0xD05D4,0x8379C,0x2A8264,0x9B354
21,0xA5900,0x25900,0x2A826C,4,0x2A83C4,0x2A83B4,0xA6908,0x27FDB8,during_opcode,object_field,"mod=cfunction.ext",0x3,0x2A8264,0x1,0x889BC
22,0xA579C,0x2579C,0x2A826C,4,0x2A83B4,0x2A83BC,0x9B980,0x27FDB0,during_opcode,object_field,"mod=cfunction.ext",0x3,0x2A8264,0x1,0x280600
23,0xA571C,0x2571C,0x2A826C,4,0x2A83BC,0x2A83C4,0x889E4,0x27FDC8,during_opcode,object_field,"mod=cfunction.ext",0xD05D4,0x8379C,0x2A8264,0x9B354
24,0xA5900,0x25900,0x2A826C,4,0x2A83C4,0x2A83B4,0xA6908,0x27FDB8,during_opcode,object_field,"mod=cfunction.ext",0x3,0x2A8264,0x1,0x889F0
25,0xA579C,0x2579C,0x2A826C,4,0x2A83B4,0x2A83BC,0x9B980,0x27FDB0,during_opcode,object_field,"mod=cfunction.ext",0x3,0x2A8264,0x1,0x280600
26,0xA571C,0x2571C,0x2A826C,4,0x2A83BC,0x2A83C4,0x88A10,0x27FDC8,during_opcode,object_field,"mod=cfunction.ext",0xD05D4,0x8379C,0x2A8264,0x9B354
27,0xA5900,0x25900,0x2A826C,4,0x2A83C4,0x2A83B4,0xA66B4,0x27FDB8,during_opcode,object_field,"mod=cfunction.ext",0x3,0x2A8264,0x1,0x88A1C
28,0xA579C,0x2579C,0x2A826C,4,0x2A83B4,0x2A83BC,0x9B980,0x27FDB0,during_opcode,object_field,"mod=cfunction.ext",0x3,0x2A8264,0x1,0x280600
29,0xA571C,0x2571C,0x2A826C,4,0x2A83BC,0x2A83C4,0x88A3C,0x27FDC8,during_opcode,object_field,"mod=cfunction.ext",0xD05D4,0x8379C,0x2A8264,0x9B354
30,0xA5900,0x25900,0x2A826C,4,0x2A83C4,0x2A83B4,0xA6908,0x27FDB8,during_opcode,object_field,"mod=cfunction.ext",0x3,0x2A8264,0x1,0x88A48
31,0xA579C,0x2579C,0x2A826C,4,0x2A83B4,0x2A83BC,0x9B980,0x27FDB0,during_opcode,object_field,"mod=cfunction.ext",0x3,0x2A8264,0x1,0x140
32,0xA571C,0x2571C,0x2A826C,4,0x2A83BC,0x2A83C4,0x88A68,0x27FDC8,during_opcode,object_field,"mod=cfunction.ext",0xD05D4,0x8379C,0x2A8264,0x9B354
33,0xA5900,0x25900,0x2A826C,4,0x2A83C4,0x2A83B4,0xA66D4,0x27FDB8,during_opcode,object_field,"mod=cfunction.ext",0x3,0x2A8264,0x1,0x88A74
34,0xA579C,0x2579C,0x2A826C,4,0x2A83B4,0x2A83BC,0x9B980,0x27FDB0,during_opcode,object_field,"mod=cfunction.ext",0x28028C,0x2A8264,0x1,0x10
35,0xA571C,0x2571C,0x2A826C,4,0x2A83BC,0x2A83C4,0x88AA8,0x27FDC8,during_opcode,object_field,"mod=cfunction.ext",0xD05D4,0x8379C,0x2A8264,0x9B354
36,0xA5900,0x25900,0x2A826C,4,0x2A83C4,0x2A83B4,0xA66B4,0x27FDB8,during_opcode,object_field,"mod=cfunction.ext",0x3,0x2A8264,0x1,0x88AB4
37,0xA579C,0x2579C,0x2A826C,4,0x2A83B4,0x2A83BC,0x9B980,0x27FDB0,during_opcode,object_field,"mod=cfunction.ext",0x3,0x2A8264,0x1,0x10
38,0xA571C,0x2571C,0x2A826C,4,0x2A83BC,0x2A83C4,0x88AD4,0x27FDC8,during_opcode,object_field,"mod=cfunction.ext",0xD05D4,0x8379C,0x2A8264,0x9B354
39,0xA5900,0x25900,0x2A826C,4,0x2A83C4,0x2A83B4,0xA66B4,0x27FDB8,during_opcode,object_field,"mod=cfunction.ext",0x3,0x2A8264,0x1,0x88AE0
40,0xA579C,0x2579C,0x2A826C,4,0x2A83B4,0x2A83BC,0x9B980,0x27FDB0,during_opcode,object_field,"mod=cfunction.ext",0x3,0x2A8264,0x1,0x10
41,0xA571C,0x2571C,0x2A826C,4,0x2A83BC,0x2A83C4,0x88B00,0x27FDC8,during_opcode,object_field,"mod=cfunction.ext",0xD05D4,0x8379C,0x2A8264,0x9B354
42,0xA5900,0x25900,0x2A826C,4,0x2A83C4,0x2A83B4,0xA6908,0x27FDB8,during_opcode,object_field,"mod=cfunction.ext",0x3,0x2A8264,0x1,0x88B0C
43,0xA579C,0x2579C,0x2A826C,4,0x2A83B4,0x2A83BC,0x9B980,0x27FDB0,during_opcode,object_field,"mod=cfunction.ext",0x3,0x2A8264,0x1,0x10
44,0xA571C,0x2571C,0x2A826C,4,0x2A83BC,0x2A83C4,0x88B2C,0x27FDC8,during_opcode,object_field,"mod=cfunction.ext",0xD05D4,0x8379C,0x2A8264,0x9B354
45,0xA5900,0x25900,0x2A826C,4,0x2A83C4,0x2A83B4,0xA66D4,0x27FDB8,during_opcode,object_field,"mod=cfunction.ext",0x3,0x2A8264,0x1,0x88B38
46,0xA579C,0x2579C,0x2A826C,4,0x2A83B4,0x2A83BC,0x9B980,0x27FDB0,during_opcode,object_field,"mod=cfunction.ext",0x28028C,0x2A8264,0x8,0x10
47,0xA571C,0x2571C,0x2A826C,4,0x2A83BC,0x2A83C4,0x88B6C,0x27FDC8,during_opcode,object_field,"mod=cfunction.ext",0xD05D4,0x8379C,0x2A8264,0x9B354
48,0xA5900,0x25900,0x2A826C,4,0x2A83C4,0x2A83B4,0xA66B4,0x27FDB8,during_opcode,object_field,"mod=cfunction.ext",0x3,0x2A8264,0x8,0x88B78
49,0xA579C,0x2579C,0x2A826C,4,0x2A83B4,0x2A83BC,0x9B980,0x27FDB0,during_opcode,object_field,"mod=cfunction.ext",0x3,0x2A8264,0x10,0x10
50,0xA571C,0x2571C,0x2A826C,4,0x2A83BC,0x2A83C4,0x88B98,0x27FDC8,during_opcode,object_field,"mod=cfunction.ext",0xD05D4,0x8379C,0x2A8264,0x9B354
51,0xA5900,0x25900,0x2A826C,4,0x2A83C4,0x2A83B4,0xA66B4,0x27FDB8,during_opcode,object_field,"mod=cfunction.ext",0x3,0x2A8264,0x10,0x88BA4
52,0xA579C,0x2579C,0x2A826C,4,0x2A83B4,0x2A83BC,0x9B980,0x27FDB0,during_opcode,object_field,"mod=cfunction.ext",0x3,0x2A8264,0x8,0x10
53,0xA571C,0x2571C,0x2A826C,4,0x2A83BC,0x2A83C4,0x88BC4,0x27FDC8,during_opcode,object_field,"mod=cfunction.ext",0xD05D4,0x8379C,0x2A8264,0x9B354
54,0xA5900,0x25900,0x2A826C,4,0x2A83C4,0x2A83B4,0xA66D4,0x27FDB8,during_opcode,object_field,"mod=cfunction.ext",0x3,0x2A8264,0x8,0x88BD0
55,0xA579C,0x2579C,0x2A826C,4,0x2A83B4,0x2A83BC,0x9B980,0x27FDB0,during_opcode,object_field,"mod=cfunction.ext",0x3,0x2A8264,0x10,0x10
56,0xA571C,0x2571C,0x2A826C,4,0x2A83BC,0x2A83C4,0x88BF0,0x27FDC8,during_opcode,object_field,"mod=cfunction.ext",0xD05D4,0x8379C,0x2A8264,0x9B354
57,0xA5900,0x25900,0x2A826C,4,0x2A83C4,0x2A83B4,0xA66D4,0x27FDB8,during_opcode,object_field,"mod=cfunction.ext",0x3,0x2A8264,0x10,0x88BFC
58,0xA579C,0x2579C,0x2A826C,4,0x2A83B4,0x2A83BC,0x9B980,0x27FDB0,during_opcode,object_field,"mod=cfunction.ext",0x3,0x2A8264,0x10,0x10
59,0xA579C,0x2579C,0x2A826C,4,0x2A83BC,0x2A83C4,0x9B980,0x27FDB0,during_opcode,object_field,"mod=cfunction.ext",0x3,0x2A8264,0x10,0x10
60,0xA5900,0x25900,0x2A826C,4,0x2A83C4,0x2A83B4,0xA66D4,0x27FDB8,during_opcode,object_field,"mod=cfunction.ext",0x3,0x2A8264,0x10,0x88C28
61,0xA579C,0x2579C,0x2A826C,4,0x2A83B4,0x2A83BC,0x9B980,0x27FDB0,during_opcode,object_field,"mod=cfunction.ext",0x3,0x2A8264,0x10,0x10
62,0xA579C,0x2579C,0x2A826C,4,0x2A83BC,0x2A83C4,0x9B924,0x27FDB0,during_opcode,object_field,"mod=cfunction.ext",0x3,0x2A8264,0x10,0x10
63,0xA5900,0x25900,0x2A826C,4,0x2A83C4,0x2A83B4,0xA66D4,0x27FDB8,during_opcode,object_field,"mod=cfunction.ext",0x3,0x2A8264,0x10,0x88C54
64,0xA579C,0x2579C,0x2A826C,4,0x2A83B4,0x2A83BC,0x9B980,0x27FDB0,during_opcode,object_field,"mod=cfunction.ext",0x0,0x2A8264,0x27FDCC,0x27FDEC
65,0xA579C,0x2579C,0x2A826C,4,0x2A83BC,0x2A83C4,0x9B980,0x27FDB0,during_opcode,object_field,"mod=cfunction.ext",0x0,0x2A8264,0x27FDCC,0x27FDEC
66,0xA5900,0x25900,0x2A826C,4,0x2A83C4,0x2A83B4,0xA6908,0x27FDB8,during_opcode,object_field,"mod=cfunction.ext",0x0,0x2A8264,0x27FDCC,0x88CAC
67,0xA579C,0x2579C,0x2A826C,4,0x2A83B4,0x2A83BC,0x9B980,0x27FDB0,during_opcode,object_field,"mod=cfunction.ext",0x0,0x2A8264,0x27FDCC,0x27FDF4
68,0xA579C,0x2579C,0x2A826C,4,0x2A83BC,0x2A83C4,0x9B924,0x27FDB0,during_opcode,object_field,"mod=cfunction.ext",0x0,0x2A8264,0x27FDCC,0x27FDF4
69,0xA5900,0x25900,0x2A826C,4,0x2A83C4,0x2A83B4,0xA66B4,0x27FDB8,during_opcode,object_field,"mod=cfunction.ext",0x0,0x2A8264,0x27FDCC,0x88CD4
70,0xA579C,0x2579C,0x2A826C,4,0x2A83B4,0x2A83BC,0x9B980,0x27FDB0,during_opcode,object_field,"mod=cfunction.ext",0x0,0x2A8264,0x27FDCC,0x27FDF4
71,0xA56E0,0x256E0,0x2A826C,4,0x2A83BC,0x2A83C4,0x9B980,0x27FDB0,during_opcode,object_field,"mod=cfunction.ext",0x0,0x2A8264,0x27FDCC,0x27FDF4
72,0xA5900,0x25900,0x2A826C,4,0x2A83C4,0x2A83B4,0xA66B4,0x27FDB8,during_opcode,object_field,"mod=cfunction.ext",0x0,0x2A8264,0x27FDCC,0x88D00
73,0xA579C,0x2579C,0x2A826C,4,0x2A83B4,0x2A83BC,0x9B980,0x27FDB0,during_opcode,object_field,"mod=cfunction.ext",0x0,0x2A8264,0x27FDDC,0x27FDF4
74,0xA56E0,0x256E0,0x2A826C,4,0x2A83BC,0x2A83C4,0x9B980,0x27FDB0,during_opcode,object_field,"mod=cfunction.ext",0x0,0x2A8264,0x27FDDC,0x27FDF4
75,0xA5900,0x25900,0x2A826C,4,0x2A83C4,0x2A83B4,0xA66B4,0x27FDB8,during_opcode,object_field,"mod=cfunction.ext",0x0,0x2A8264,0x27FDDC,0x88D2C
76,0xA579C,0x2579C,0x2A826C,4,0x2A83B4,0x2A83BC,0x9B980,0x27FDB0,during_opcode,object_field,"mod=cfunction.ext",0x0,0x2A8264,0x6065C76,0x27FDF4
77,0xA571C,0x2571C,0x2A826C,4,0x2A83BC,0x2A83C4,0x88D48,0x27FDC8,during_opcode,object_field,"mod=cfunction.ext",0xD05D4,0x30343638,0x34303638,0x32323630
78,0xA5900,0x25900,0x2A826C,4,0x2A83C4,0x2A83B4,0xA66B4,0x27FDB8,during_opcode,object_field,"mod=cfunction.ext",0x3,0x2A8264,0x6065C76,0x88D54
79,0x97548,0x17548,0x2A8278,4,0x2A84E4,0x2A84CC,0x9D0E0,0x27FE48,during_opcode,object_field,"mod=cfunction.ext",0x2A8264,0x8099,0x2ADF7C,0x9D0E0
80,0x97554,0x17554,0x2A8270,4,0x2A83AC,0x2A83A4,0x9D0E0,0x27FE48,during_opcode,object_field,"mod=cfunction.ext",0x2A8264,0x8099,0x2ADF7C,0x9D0E0
81,0x975B4,0x175B4,0x2A826C,4,0x2A83B4,0x2A83AC,0x9D0E0,0x27FE48,during_opcode,object_field,"mod=cfunction.ext",0x2A8264,0x8099,0x2ADF7C,0x9D0E0
82,0x9D0EC,0x1D0EC,0x2A826C,4,0x2A83AC,0x2A83EC,0x9D0E0,0x27FE58,during_opcode,object_field,"mod=cfunction.ext",0x3D,0x2A8264,0x0,0x2AF85C
83,0x9D07C,0x1D07C,0x2A826C,4,0x2A83EC,0x2A83AC,0x9C6F8,0x27FE58,during_opcode,object_field,"mod=cfunction.ext",0x3D,0x2A8264,0x0,0x2AF868
84,0x97878,0x17878,0x2A8278,4,0x2A84CC,0x2A84E4,0x9D098,0x27FE30,during_opcode,object_field,"mod=cfunction.ext",0x2A83A4,0x9DAA8,0x2A8264,0x8099
85,0x9788C,0x1788C,0x2A8270,4,0x2A83A4,0x2A83AC,0x9D098,0x27FE30,during_opcode,object_field,"mod=cfunction.ext",0x2A83A4,0x9DAA8,0x2A8264,0x8099
86,0x978C4,0x178C4,0x2A826C,4,0x2A83AC,0x2A83B4,0x9D098,0x27FE30,during_opcode,object_field,"mod=cfunction.ext",0x2A83A4,0x9DAA8,0x2A8264,0x8099
87,0x978C4,0x178C4,0x2A826C,4,0x2A83B4,0x2A83BC,0x9D098,0x27FE30,during_opcode,object_field,"mod=cfunction.ext",0x2A83A4,0x9DAA8,0x2A8264,0x8099
88,0x978C4,0x178C4,0x2A826C,4,0x2A83BC,0x2A83C4,0x9D098,0x27FE30,during_opcode,object_field,"mod=cfunction.ext",0x2A83A4,0x9DAA8,0x2A8264,0x8099
89,0x978C4,0x178C4,0x2A826C,4,0x2A83C4,0x2A83CC,0x9D098,0x27FE30,during_opcode,object_field,"mod=cfunction.ext",0x2A83A4,0x9DAA8,0x2A8264,0x8099
90,0x978E0,0x178E0,0x2A826C,4,0x2A83CC,0x2A83CC,0x9D098,0x27FE30,during_opcode,object_field,"mod=cfunction.ext",0x2A83A4,0x9DAA8,0x2A8264,0x8099
91,0x9D07C,0x1D07C,0x2A826C,4,0x2A83CC,0x2A83C4,0x9C6F8,0x27FE58,during_opcode,object_field,"mod=cfunction.ext",0x3D,0x2A8264,0x0,0x2AF04C
92,0x97914,0x17914,0x2A8278,4,0x2A84E4,0x2A84FC,0x9D098,0x27FE30,during_opcode,object_field,"mod=cfunction.ext",0x2A83A4,0x9DAA8,0x2A8264,0x18099
93,0x97928,0x17928,0x2A8270,4,0x2A83AC,0x2A83B4,0x9D098,0x27FE30,during_opcode,object_field,"mod=cfunction.ext",0x2A83A4,0x9DAA8,0x2A8264,0x18099
94,0x92CE0,0x12CE0,0x28065C,4,0x801A,0x801B,0x92FE4,0x27F718,during_opcode,exact_opcode_word,"mod=cfunction.ext",0x3F,0x1FF,0x2EB808,0x2ED398
95,0x92E6C,0x12E6C,0x28065C,4,0x801B,0x801C,0x2AF924,0x27F718,during_opcode,watched,"mod=cfunction.ext",0x3F,0x1FF,0x2EB808,0x2ED398
96,0x92F54,0x12F54,0x28065C,4,0x801C,0x801D,0x2D,0x27F718,during_opcode,watched,"mod=cfunction.ext",0x3F,0x1FF,0x2EB808,0x2ED398
97,0x92CE0,0x12CE0,0x28065C,4,0x801D,0x801E,0x92FE4,0x27F718,during_opcode,watched,"mod=cfunction.ext",0x3F,0x1FF,0x2EB808,0x2ED398
98,0x92CE0,0x12CE0,0x28065C,4,0x801E,0x801F,0xD0158,0x27F718,during_opcode,watched,"mod=cfunction.ext",0x3F,0x1FF,0x2EB808,0x2ED398
99,0x92CE0,0x12CE0,0x28065C,4,0x801F,0x8020,0xD0158,0x27F718,during_opcode,watched,"mod=cfunction.ext",0x3F,0x1FF,0x2EB808,0x2ED398
100,0x92CE0,0x12CE0,0x28065C,4,0x8020,0x8021,0xD0158,0x27F718,during_opcode,watched,"mod=cfunction.ext",0x3F,0x1FF,0x2EB808,0x2ED398
101,0x92E6C,0x12E6C,0x28065C,4,0x8021,0x8022,0x2AF924,0x27F718,during_opcode,watched,"mod=cfunction.ext",0x3F,0x1FF,0x2EB808,0x2ED398
102,0x92CE0,0x12CE0,0x28065C,4,0x8022,0x8023,0x92FE4,0x27F718,during_opcode,watched,"mod=cfunction.ext",0x3F,0x1FF,0x2EB808,0x2ED398
103,0x92CE0,0x12CE0,0x28065C,4,0x8023,0x8024,0x92FE4,0x27F718,during_opcode,watched,"mod=cfunction.ext",0x3F,0x1FF,0x2EB808,0x2ED398
104,0x92CE0,0x12CE0,0x28065C,4,0x8024,0x8025,0x92FE4,0x27F718,during_opcode,watched,"mod=cfunction.ext",0x3F,0x1FF,0x2EB808,0x2ED398
105,0x92F54,0x12F54,0x28065C,4,0x8025,0x8026,0x11,0x27F718,during_opcode,watched,"mod=cfunction.ext",0x3F,0x1FF,0x2EB808,0x2ED398
106,0x92CE0,0x12CE0,0x28065C,4,0x8026,0x8027,0x92FE4,0x27F718,during_opcode,watched,"mod=cfunction.ext",0x3F,0x1FF,0x2EB808,0x2ED398
107,0x92E6C,0x12E6C,0x28065C,4,0x8027,0x8028,0x2AF924,0x27F718,during_opcode,watched,"mod=cfunction.ext",0x3F,0x1FF,0x2EB808,0x2ED398
108,0x92CE0,0x12CE0,0x28065C,4,0x8028,0x8029,0x92FE4,0x27F718,during_opcode,watched,"mod=cfunction.ext",0x3F,0x1FF,0x2EB808,0x2ED398
109,0x92CE0,0x12CE0,0x28065C,4,0x8029,0x802A,0xD0158,0x27F718,during_opcode,watched,"mod=cfunction.ext",0x3F,0x1FF,0x2EB808,0x2ED398
110,0x92E6C,0x12E6C,0x28065C,4,0x802A,0x802B,0x2AF924,0x27F718,during_opcode,watched,"mod=cfunction.ext",0x3F,0x1FF,0x2EB808,0x2ED398
111,0x92CE0,0x12CE0,0x28065C,4,0x802B,0x802C,0x92FE4,0x27F718,during_opcode,watched,"mod=cfunction.ext",0x3F,0x1FF,0x2EB808,0x2ED398
112,0x92D68,0x12D68,0x28065C,4,0x802C,0x802D,0xD0158,0x27F718,during_opcode,watched,"mod=cfunction.ext",0x3F,0x1FF,0x2EB808,0x2ED398
113,0x92CE0,0x12CE0,0x28065C,4,0x802D,0x802E,0xD0158,0x27F718,during_opcode,watched,"mod=cfunction.ext",0x3F,0x1FF,0x2EB808,0x2ED398
114,0x92CE0,0x12CE0,0x28065C,4,0x802E,0x802F,0xD0158,0x27F718,during_opcode,watched,"mod=cfunction.ext",0x3F,0x1FF,0x2EB808,0x2ED398
115,0x92CE0,0x12CE0,0x28065C,4,0x802F,0x8030,0xD0158,0x27F718,during_opcode,watched,"mod=cfunction.ext",0x3F,0x1FF,0x2EB808,0x2ED398
116,0x92CE0,0x12CE0,0x28065C,4,0x8030,0x8031,0xD0158,0x27F718,during_opcode,watched,"mod=cfunction.ext",0x3F,0x1FF,0x2EB808,0x2ED398
117,0x92CE0,0x12CE0,0x28065C,4,0x8031,0x8032,0xD0158,0x27F718,during_opcode,watched,"mod=cfunction.ext",0x3F,0x1FF,0x2EB808,0x2ED398
118,0x92CE0,0x12CE0,0x28065C,4,0x8032,0x8033,0xD0158,0x27F718,during_opcode,watched,"mod=cfunction.ext",0x3F,0x1FF,0x2EB808,0x2ED398
119,0x92CE0,0x12CE0,0x28065C,4,0x8033,0x8034,0xD0158,0x27F718,during_opcode,watched,"mod=cfunction.ext",0x3F,0x1FF,0x2EB808,0x2ED398
120,0x92E6C,0x12E6C,0x28065C,4,0x8034,0x8035,0x2AF924,0x27F718,during_opcode,watched,"mod=cfunction.ext",0x3F,0x1FF,0x2EB808,0x2ED398
121,0x92CE0,0x12CE0,0x28065C,4,0x8035,0x8036,0x92FE4,0x27F718,during_opcode,watched,"mod=cfunction.ext",0x3F,0x1FF,0x2EB808,0x2ED398
122,0x92CE0,0x12CE0,0x28065C,4,0x8036,0x8037,0x92FE4,0x27F718,during_opcode,watched,"mod=cfunction.ext",0x3F,0x1FF,0x2EB808,0x2ED398
123,0x92CE0,0x12CE0,0x28065C,4,0x8037,0x8038,0x92FE4,0x27F718,during_opcode,watched,"mod=cfunction.ext",0x3F,0x1FF,0x2EB808,0x2ED398
124,0x92CE0,0x12CE0,0x28065C,4,0x8038,0x8039,0x92FE4,0x27F718,during_opcode,watched,"mod=cfunction.ext",0x3F,0x1FF,0x2EB808,0x2ED398
125,0x92CE0,0x12CE0,0x28065C,4,0x8039,0x803A,0x92FE4,0x27F718,during_opcode,watched,"mod=cfunction.ext",0x3F,0x1FF,0x2EB808,0x2ED398
126,0x92D68,0x12D68,0x28065C,4,0x803A,0x803B,0xD0158,0x27F718,during_opcode,watched,"mod=cfunction.ext",0x3F,0x1FF,0x2EB808,0x2ED398
127,0x92CE0,0x12CE0,0x28065C,4,0x803B,0x803C,0xD0158,0x27F718,during_opcode,watched,"mod=cfunction.ext",0x3F,0x1FF,0x2EB808,0x2ED398
128,0x92CE0,0x12CE0,0x28065C,4,0x803C,0x803D,0xD0158,0x27F718,during_opcode,watched,"mod=cfunction.ext",0x3F,0x1FF,0x2EB808,0x2ED398
129,0x92CE0,0x12CE0,0x28065C,4,0x803D,0x803E,0xD0158,0x27F718,during_opcode,watched,"mod=cfunction.ext",0x3F,0x1FF,0x2EB808,0x2ED398
130,0x92F54,0x12F54,0x28065C,4,0x803E,0x803F,0xB,0x27F718,during_opcode,watched,"mod=cfunction.ext",0x3F,0x1FF,0x2EB808,0x2ED398
131,0x92CE0,0x12CE0,0x28065C,4,0x803F,0x8040,0x92FE4,0x27F718,during_opcode,watched,"mod=cfunction.ext",0x3F,0x1FF,0x2EB808,0x2ED398
132,0x92CE0,0x12CE0,0x28065C,4,0x8040,0x8041,0x92FE4,0x27F718,during_opcode,watched,"mod=cfunction.ext",0x3F,0x1FF,0x2EB808,0x2ED398
133,0x92CE0,0x12CE0,0x28065C,4,0x8041,0x8042,0x92FE4,0x27F718,during_opcode,watched,"mod=cfunction.ext",0x3F,0x1FF,0x2EB808,0x2ED398
134,0x92CE0,0x12CE0,0x28065C,4,0x8042,0x8043,0x92FE4,0x27F718,during_opcode,watched,"mod=cfunction.ext",0x3F,0x1FF,0x2EB808,0x2ED398
135,0x92E6C,0x12E6C,0x28065C,4,0x8043,0x8044,0x2AF924,0x27F718,during_opcode,watched,"mod=cfunction.ext",0x3F,0x1FF,0x2EB808,0x2ED398
136,0x92CE0,0x12CE0,0x28065C,4,0x8044,0x8045,0x92FE4,0x27F718,during_opcode,watched,"mod=cfunction.ext",0x3F,0x1FF,0x2EB808,0x2ED398
137,0x92CE0,0x12CE0,0x28065C,4,0x8045,0x8046,0x92FE4,0x27F718,during_opcode,watched,"mod=cfunction.ext",0x3F,0x1FF,0x2EB808,0x2ED398
138,0x92E6C,0x12E6C,0x28065C,4,0x8046,0x8047,0x2AF924,0x27F718,during_opcode,watched,"mod=cfunction.ext",0x3F,0x1FF,0x2EB808,0x2ED398
139,0x92CE0,0x12CE0,0x28065C,4,0x8047,0x8048,0x92FE4,0x27F718,during_opcode,watched,"mod=cfunction.ext",0x3F,0x1FF,0x2EB808,0x2ED398
140,0x92CE0,0x12CE0,0x28065C,4,0x8048,0x8049,0x92FE4,0x27F718,during_opcode,watched,"mod=cfunction.ext",0x3F,0x1FF,0x2EB808,0x2ED398
141,0x92CE0,0x12CE0,0x28065C,4,0x8049,0x804A,0x92FE4,0x27F718,during_opcode,watched,"mod=cfunction.ext",0x3F,0x1FF,0x2EB808,0x2ED398
142,0x92CE0,0x12CE0,0x28065C,4,0x804A,0x804B,0x92FE4,0x27F718,during_opcode,watched,"mod=cfunction.ext",0x3F,0x1FF,0x2EB808,0x2ED398
143,0x92CE0,0x12CE0,0x28065C,4,0x804B,0x804C,0x92FE4,0x27F718,during_opcode,watched,"mod=cfunction.ext",0x3F,0x1FF,0x2EB808,0x2ED398
144,0x92CE0,0x12CE0,0x28065C,4,0x804C,0x804D,0x92FE4,0x27F718,during_opcode,watched,"mod=cfunction.ext",0x3F,0x1FF,0x2EB808,0x2ED398
145,0x92CE0,0x12CE0,0x28065C,4,0x804D,0x804E,0x92FE4,0x27F718,during_opcode,watched,"mod=cfunction.ext",0x3F,0x1FF,0x2EB808,0x2ED398
146,0x92E0C,0x12E0C,0x28065C,4,0x804E,0x804F,0x28065C,0x27F718,during_opcode,watched,"mod=cfunction.ext",0x3F,0x1FF,0x2EB808,0x2ED398
147,0x92F54,0x12F54,0x28065C,4,0x804F,0x8050,0x1,0x27F718,during_opcode,watched,"mod=cfunction.ext",0x3F,0x1FF,0x2EB808,0x2ED398
148,0x92CE0,0x12CE0,0x28065C,4,0x8050,0x8051,0x92FE4,0x27F718,during_opcode,watched,"mod=cfunction.ext",0x3F,0x1FF,0x2EB808,0x2ED398
149,0x92E6C,0x12E6C,0x28065C,4,0x8051,0x8052,0x2AF924,0x27F718,during_opcode,watched,"mod=cfunction.ext",0x3F,0x1FF,0x2EB808,0x2ED398
150,0x92CE0,0x12CE0,0x28065C,4,0x8052,0x8053,0x92FE4,0x27F718,during_opcode,watched,"mod=cfunction.ext",0x3F,0x1FF,0x2EB808,0x2ED398
151,0x92CE0,0x12CE0,0x28065C,4,0x8053,0x8054,0x92FE4,0x27F718,during_opcode,watched,"mod=cfunction.ext",0x3F,0x1FF,0x2EB808,0x2ED398
152,0x92E6C,0x12E6C,0x28065C,4,0x8054,0x8055,0x2AF924,0x27F718,during_opcode,watched,"mod=cfunction.ext",0x3F,0x1FF,0x2EB808,0x2ED398
153,0x92CE0,0x12CE0,0x28065C,4,0x8055,0x8056,0x92FE4,0x27F718,during_opcode,watched,"mod=cfunction.ext",0x3F,0x1FF,0x2EB808,0x2ED398
154,0x92CE0,0x12CE0,0x28065C,4,0x8056,0x8057,0x92FE4,0x27F718,during_opcode,watched,"mod=cfunction.ext",0x3F,0x1FF,0x2EB808,0x2ED398
155,0x92CE0,0x12CE0,0x28065C,4,0x8057,0x8058,0x92FE4,0x27F718,during_opcode,watched,"mod=cfunction.ext",0x3F,0x1FF,0x2EB808,0x2ED398
156,0x92CE0,0x12CE0,0x28065C,4,0x8058,0x8059,0x92FE4,0x27F718,during_opcode,watched,"mod=cfunction.ext",0x3F,0x1FF,0x2EB808,0x2ED398
157,0x92F54,0x12F54,0x28065C,4,0x8059,0x805A,0x1,0x27F718,during_opcode,watched,"mod=cfunction.ext",0x3F,0x1FF,0x2EB808,0x2ED398
158,0x92CE0,0x12CE0,0x28065C,4,0x805A,0x805B,0x92FE4,0x27F718,during_opcode,watched,"mod=cfunction.ext",0x3F,0x1FF,0x2EB808,0x2ED398
159,0x92CE0,0x12CE0,0x28065C,4,0x805B,0x805C,0x92FE4,0x27F718,during_opcode,watched,"mod=cfunction.ext",0x3F,0x1FF,0x2EB808,0x2ED398
160,0x92E6C,0x12E6C,0x28065C,4,0x805C,0x805D,0x2AF924,0x27F718,during_opcode,watched,"mod=cfunction.ext",0x3F,0x1FF,0x2EB808,0x2ED398
161,0x92CE0,0x12CE0,0x28065C,4,0x805D,0x805E,0x92FE4,0x27F718,during_opcode,watched,"mod=cfunction.ext",0x3F,0x1FF,0x2EB808,0x2ED398
162,0x92CE0,0x12CE0,0x28065C,4,0x805E,0x805F,0x92FE4,0x27F718,during_opcode,watched,"mod=cfunction.ext",0x3F,0x1FF,0x2EB808,0x2ED398
163,0x92CE0,0x12CE0,0x28065C,4,0x805F,0x8060,0x92FE4,0x27F718,during_opcode,watched,"mod=cfunction.ext",0x3F,0x1FF,0x2EB808,0x2ED398
164,0x92CE0,0x12CE0,0x28065C,4,0x8060,0x8061,0x92FE4,0x27F718,during_opcode,watched,"mod=cfunction.ext",0x3F,0x1FF,0x2EB808,0x2ED398
165,0x92E6C,0x12E6C,0x28065C,4,0x8061,0x8062,0x2AF924,0x27F718,during_opcode,watched,"mod=cfunction.ext",0x3F,0x1FF,0x2EB808,0x2ED398
166,0x92F54,0x12F54,0x28065C,4,0x8062,0x8063,0x193,0x27F718,during_opcode,watched,"mod=cfunction.ext",0x3F,0x1FF,0x2EB808,0x2ED398
167,0x92CE0,0x12CE0,0x28065C,4,0x8063,0x8064,0x92FE4,0x27F718,during_opcode,watched,"mod=cfunction.ext",0x3F,0x1FF,0x2EB808,0x2ED398
168,0x92E6C,0x12E6C,0x28065C,4,0x8064,0x8065,0x2AF924,0x27F718,during_opcode,watched,"mod=cfunction.ext",0x3F,0x1FF,0x2EB808,0x2ED398
169,0x92F54,0x12F54,0x28065C,4,0x8065,0x8066,0x13,0x27F718,during_opcode,watched,"mod=cfunction.ext",0x3F,0x1FF,0x2EB808,0x2ED398
170,0x92CE0,0x12CE0,0x28065C,4,0x8066,0x8067,0x92FE4,0x27F718,during_opcode,watched,"mod=cfunction.ext",0x3F,0x1FF,0x2EB808,0x2ED398
171,0x92CE0,0x12CE0,0x28065C,4,0x8067,0x8068,0xD0158,0x27F718,during_opcode,watched,"mod=cfunction.ext",0x3F,0x1FF,0x2EB808,0x2ED398
172,0x92CE0,0x12CE0,0x28065C,4,0x8068,0x8069,0xD0158,0x27F718,during_opcode,watched,"mod=cfunction.ext",0x3F,0x1FF,0x2EB808,0x2ED398
173,0x92CE0,0x12CE0,0x28065C,4,0x8069,0x806A,0xD0158,0x27F718,during_opcode,watched,"mod=cfunction.ext",0x3F,0x1FF,0x2EB808,0x2ED398
174,0x92CE0,0x12CE0,0x28065C,4,0x806A,0x806B,0xD0158,0x27F718,during_opcode,watched,"mod=cfunction.ext",0x3F,0x1FF,0x2EB808,0x2ED398
175,0x92CE0,0x12CE0,0x28065C,4,0x806B,0x806C,0xD0158,0x27F718,during_opcode,watched,"mod=cfunction.ext",0x3F,0x1FF,0x2EB808,0x2ED398
176,0x92CE0,0x12CE0,0x28065C,4,0x806C,0x806D,0xD0158,0x27F718,during_opcode,watched,"mod=cfunction.ext",0x3F,0x1FF,0x2EB808,0x2ED398
177,0x92CE0,0x12CE0,0x28065C,4,0x806D,0x806E,0xD0158,0x27F718,during_opcode,watched,"mod=cfunction.ext",0x3F,0x1FF,0x2EB808,0x2ED398
178,0x92CE0,0x12CE0,0x28065C,4,0x806E,0x806F,0x92FE4,0x27F718,during_opcode,watched,"mod=cfunction.ext",0x3F,0x1FF,0x2EB808,0x2ED398
179,0x92CE0,0x12CE0,0x28065C,4,0x806F,0x8070,0x92FE4,0x27F718,during_opcode,watched,"mod=cfunction.ext",0x3F,0x1FF,0x2EB808,0x2ED398
180,0x92CE0,0x12CE0,0x28065C,4,0x8070,0x8071,0x92FE4,0x27F718,during_opcode,watched,"mod=cfunction.ext",0x3F,0x1FF,0x2EB808,0x2ED398
181,0x92CE0,0x12CE0,0x28065C,4,0x8071,0x8072,0x92FE4,0x27F718,during_opcode,watched,"mod=cfunction.ext",0x3F,0x1FF,0x2EB808,0x2ED398
182,0x92CE0,0x12CE0,0x28065C,4,0x8072,0x8073,0x92FE4,0x27F718,during_opcode,watched,"mod=cfunction.ext",0x3F,0x1FF,0x2EB808,0x2ED398
183,0x92F54,0x12F54,0x28065C,4,0x8073,0x8074,0x17,0x27F718,during_opcode,watched,"mod=cfunction.ext",0x3F,0x1FF,0x2EB808,0x2ED398
184,0x92CE0,0x12CE0,0x28065C,4,0x8074,0x8075,0x92FE4,0x27F718,during_opcode,watched,"mod=cfunction.ext",0x3F,0x1FF,0x2EB808,0x2ED398
185,0x92CE0,0x12CE0,0x28065C,4,0x8075,0x8076,0x92FE4,0x27F718,during_opcode,watched,"mod=cfunction.ext",0x3F,0x1FF,0x2EB808,0x2ED398
186,0x92CE0,0x12CE0,0x28065C,4,0x8076,0x8077,0x92FE4,0x27F718,during_opcode,watched,"mod=cfunction.ext",0x3F,0x1FF,0x2EB808,0x2ED398
187,0x92CE0,0x12CE0,0x28065C,4,0x8077,0x8078,0x92FE4,0x27F718,during_opcode,watched,"mod=cfunction.ext",0x3F,0x1FF,0x2EB808,0x2ED398
188,0x92F54,0x12F54,0x28065C,4,0x8078,0x8079,0x1,0x27F718,during_opcode,watched,"mod=cfunction.ext",0x3F,0x1FF,0x2EB808,0x2ED398
189,0x92F54,0x12F54,0x28065C,4,0x8079,0x807A,0x2A1,0x27F718,during_opcode,watched,"mod=cfunction.ext",0x3F,0x1FF,0x2EB808,0x2ED398
190,0x92CE0,0x12CE0,0x28065C,4,0x807A,0x807B,0x92FE4,0x27F718,during_opcode,watched,"mod=cfunction.ext",0x3F,0x1FF,0x2EB808,0x2ED398
191,0x92CE0,0x12CE0,0x28065C,4,0x807B,0x807C,0x92FE4,0x27F718,during_opcode,watched,"mod=cfunction.ext",0x3F,0x1FF,0x2EB808,0x2ED398
192,0x92E6C,0x12E6C,0x28065C,4,0x807C,0x807D,0x2AF924,0x27F718,during_opcode,watched,"mod=cfunction.ext",0x3F,0x1FF,0x2EB808,0x2ED398
193,0x92CE0,0x12CE0,0x28065C,4,0x807D,0x807E,0x92FE4,0x27F718,during_opcode,watched,"mod=cfunction.ext",0x3F,0x1FF,0x2EB808,0x2ED398
194,0x92CE0,0x12CE0,0x28065C,4,0x807E,0x807F,0x92FE4,0x27F718,during_opcode,watched,"mod=cfunction.ext",0x3F,0x1FF,0x2EB808,0x2ED398
195,0x92CE0,0x12CE0,0x28065C,4,0x807F,0x8080,0x92FE4,0x27F718,during_opcode,watched,"mod=cfunction.ext",0x3F,0x1FF,0x2EB808,0x2ED398
196,0x92CE0,0x12CE0,0x28065C,4,0x8080,0x8081,0x92FE4,0x27F718,during_opcode,watched,"mod=cfunction.ext",0x3F,0x1FF,0x2EB808,0x2ED398
197,0x92F54,0x12F54,0x28065C,4,0x8081,0x8082,0x7,0x27F718,during_opcode,watched,"mod=cfunction.ext",0x3F,0x1FF,0x2EB808,0x2ED398
198,0x92CE0,0x12CE0,0x28065C,4,0x8082,0x8083,0x92FE4,0x27F718,during_opcode,watched,"mod=cfunction.ext",0x3F,0x1FF,0x2EB808,0x2ED398
199,0x92CE0,0x12CE0,0x28065C,4,0x8083,0x8084,0x92FE4,0x27F718,during_opcode,watched,"mod=cfunction.ext",0x3F,0x1FF,0x2EB808,0x2ED398
200,0x92CE0,0x12CE0,0x28065C,4,0x8084,0x8085,0x92FE4,0x27F718,during_opcode,watched,"mod=cfunction.ext",0x3F,0x1FF,0x2EB808,0x2ED398
201,0x92CE0,0x12CE0,0x28065C,4,0x8085,0x8086,0xD0158,0x27F718,during_opcode,watched,"mod=cfunction.ext",0x3F,0x1FF,0x2EB808,0x2ED398
202,0x92F54,0x12F54,0x28065C,4,0x8086,0x8087,0x1,0x27F718,during_opcode,watched,"mod=cfunction.ext",0x3F,0x1FF,0x2EB808,0x2ED398
203,0x92CE0,0x12CE0,0x28065C,4,0x8087,0x8088,0x92FE4,0x27F718,during_opcode,watched,"mod=cfunction.ext",0x3F,0x1FF,0x2EB808,0x2ED398
204,0x92CE0,0x12CE0,0x28065C,4,0x8088,0x8089,0x92FE4,0x27F718,during_opcode,watched,"mod=cfunction.ext",0x3F,0x1FF,0x2EB808,0x2ED398
205,0x92E6C,0x12E6C,0x28065C,4,0x8089,0x808A,0x2AF924,0x27F718,during_opcode,watched,"mod=cfunction.ext",0x3F,0x1FF,0x2EB808,0x2ED398
206,0x92CE0,0x12CE0,0x28065C,4,0x808A,0x808B,0x92FE4,0x27F718,during_opcode,watched,"mod=cfunction.ext",0x3F,0x1FF,0x2EB808,0x2ED398
207,0x92CE0,0x12CE0,0x28065C,4,0x808B,0x808C,0x92FE4,0x27F718,during_opcode,watched,"mod=cfunction.ext",0x3F,0x1FF,0x2EB808,0x2ED398
208,0x92CE0,0x12CE0,0x28065C,4,0x808C,0x808D,0x92FE4,0x27F718,during_opcode,watched,"mod=cfunction.ext",0x3F,0x1FF,0x2EB808,0x2ED398
209,0x92CE0,0x12CE0,0x28065C,4,0x808D,0x808E,0x92FE4,0x27F718,during_opcode,watched,"mod=cfunction.ext",0x3F,0x1FF,0x2EB808,0x2ED398
210,0x92E6C,0x12E6C,0x28065C,4,0x808E,0x808F,0x2AF924,0x27F718,during_opcode,watched,"mod=cfunction.ext",0x3F,0x1FF,0x2EB808,0x2ED398
211,0x92CE0,0x12CE0,0x28065C,4,0x808F,0x8090,0x92FE4,0x27F718,during_opcode,watched,"mod=cfunction.ext",0x3F,0x1FF,0x2EB808,0x2ED398
212,0x92E6C,0x12E6C,0x28065C,4,0x8090,0x8091,0x2AF924,0x27F718,during_opcode,watched,"mod=cfunction.ext",0x3F,0x1FF,0x2EB808,0x2ED398
213,0x92CE0,0x12CE0,0x28065C,4,0x8091,0x8092,0x92FE4,0x27F718,during_opcode,watched,"mod=cfunction.ext",0x3F,0x1FF,0x2EB808,0x2ED398
214,0x92F54,0x12F54,0x28065C,4,0x8092,0x8093,0x1,0x27F718,during_opcode,watched,"mod=cfunction.ext",0x3F,0x1FF,0x2EB808,0x2ED398
215,0x92CE0,0x12CE0,0x28065C,4,0x8093,0x8094,0x92FE4,0x27F718,during_opcode,watched,"mod=cfunction.ext",0x3F,0x1FF,0x2EB808,0x2ED398
216,0x92CE0,0x12CE0,0x28065C,4,0x8094,0x8095,0x92FE4,0x27F718,during_opcode,watched,"mod=cfunction.ext",0x3F,0x1FF,0x2EB808,0x2ED398
217,0x92CE0,0x12CE0,0x28065C,4,0x8095,0x8096,0x92FE4,0x27F718,during_opcode,watched,"mod=cfunction.ext",0x3F,0x1FF,0x2EB808,0x2ED398
218,0x92CE0,0x12CE0,0x28065C,4,0x8096,0x8097,0x92FE4,0x27F718,during_opcode,watched,"mod=cfunction.ext",0x3F,0x1FF,0x2EB808,0x2ED398
219,0x92F54,0x12F54,0x28065C,4,0x8097,0x8098,0x3,0x27F718,during_opcode,watched,"mod=cfunction.ext",0x3F,0x1FF,0x2EB808,0x2ED398
220,0x92F54,0x12F54,0x28065C,4,0x8098,0x8099,0x12F,0x27F718,during_opcode,watched,"mod=cfunction.ext",0x3F,0x1FF,0x2EB808,0x2ED398
221,0x92CE0,0x12CE0,0x28065C,4,0x8099,0x809A,0x92FE4,0x27F718,during_opcode,watched,"mod=cfunction.ext",0x3F,0x1FF,0x2EB808,0x2ED398
222,0x92CE0,0x12CE0,0x28065C,4,0x809A,0x809B,0x92FE4,0x27F718,during_opcode,watched,"mod=cfunction.ext",0x3F,0x1FF,0x2EB808,0x2ED398
223,0x92CE0,0x12CE0,0x28065C,4,0x809B,0x809C,0xD0158,0x27F718,during_opcode,watched,"mod=cfunction.ext",0x3F,0x1FF,0x2EB808,0x2ED398
224,0x92CE0,0x12CE0,0x28065C,4,0x809C,0x809D,0xD0158,0x27F718,during_opcode,watched,"mod=cfunction.ext",0x3F,0x1FF,0x2EB808,0x2ED398
225,0x92CE0,0x12CE0,0x28065C,4,0x809D,0x809E,0xD0158,0x27F718,during_opcode,watched,"mod=cfunction.ext",0x3F,0x1FF,0x2EB808,0x2ED398
226,0x92EE8,0x12EE8,0x28065C,4,0x809E,0x809F,0x2AF924,0x27F718,during_opcode,watched,"mod=cfunction.ext",0x3F,0x1FF,0x2EB808,0x2ED398
227,0x92CE0,0x12CE0,0x28065C,4,0x809F,0x80A0,0x92FE4,0x27F718,during_opcode,watched,"mod=cfunction.ext",0x3F,0x1FF,0x2EB808,0x2ED398
228,0x92CE0,0x12CE0,0x28065C,4,0x80A0,0x80A1,0xD0158,0x27F718,during_opcode,watched,"mod=cfunction.ext",0x3F,0x1FF,0x2EB808,0x2ED398
229,0x92EE8,0x12EE8,0x28065C,4,0x80A1,0x80A2,0x2AF924,0x27F718,during_opcode,watched,"mod=cfunction.ext",0x3F,0x1FF,0x2EB808,0x2ED398
230,0x92CE0,0x12CE0,0x28065C,4,0x80A2,0x80A3,0x92FE4,0x27F718,during_opcode,watched,"mod=cfunction.ext",0x3F,0x1FF,0x2EB808,0x2ED398
231,0x92CE0,0x12CE0,0x28065C,4,0x80A3,0x80A4,0x92FE4,0x27F718,during_opcode,watched,"mod=cfunction.ext",0x3F,0x1FF,0x2EB808,0x2ED398
232,0x92CE0,0x12CE0,0x28065C,4,0x80A4,0x80A5,0x92FE4,0x27F718,during_opcode,watched,"mod=cfunction.ext",0x3F,0x1FF,0x2EB808,0x2ED398
233,0x92CE0,0x12CE0,0x28065C,4,0x80A5,0x80A6,0x92FE4,0x27F718,during_opcode,watched,"mod=cfunction.ext",0x3F,0x1FF,0x2EB808,0x2ED398
234,0x92CE0,0x12CE0,0x28065C,4,0x80A6,0x80A7,0xD0158,0x27F718,during_opcode,watched,"mod=cfunction.ext",0x3F,0x1FF,0x2EB808,0x2ED398
235,0x92E6C,0x12E6C,0x28065C,4,0x80A7,0x80A8,0x2AF924,0x27F718,during_opcode,watched,"mod=cfunction.ext",0x3F,0x1FF,0x2EB808,0x2ED398
236,0x92F54,0x12F54,0x28065C,4,0x80A8,0x80A9,0xB3,0x27F718,during_opcode,watched,"mod=cfunction.ext",0x3F,0x1FF,0x2EB808,0x2ED398
237,0x92CE0,0x12CE0,0x28065C,4,0x80A9,0x80AA,0x92FE4,0x27F718,during_opcode,watched,"mod=cfunction.ext",0x3F,0x1FF,0x2EB808,0x2ED398
238,0x92CE0,0x12CE0,0x28065C,4,0x80AA,0x80AB,0xD0158,0x27F718,during_opcode,watched,"mod=cfunction.ext",0x3F,0x1FF,0x2EB808,0x2ED398
239,0x92EE8,0x12EE8,0x28065C,4,0x80AB,0x80AC,0x2AF924,0x27F718,during_opcode,watched,"mod=cfunction.ext",0x3F,0x1FF,0x2EB808,0x2ED398
240,0x92CE0,0x12CE0,0x28065C,4,0x80AC,0x80AD,0x92FE4,0x27F718,during_opcode,watched,"mod=cfunction.ext",0x3F,0x1FF,0x2EB808,0x2ED398
241,0x92CE0,0x12CE0,0x28065C,4,0x80AD,0x80AE,0x92FE4,0x27F718,during_opcode,watched,"mod=cfunction.ext",0x3F,0x1FF,0x2EB808,0x2ED398
242,0x92CE0,0x12CE0,0x28065C,4,0x80AE,0x80AF,0xD0158,0x27F718,during_opcode,watched,"mod=cfunction.ext",0x3F,0x1FF,0x2EB808,0x2ED398
243,0x92F54,0x12F54,0x28065C,4,0x80AF,0x80B0,0x7,0x27F718,during_opcode,watched,"mod=cfunction.ext",0x3F,0x1FF,0x2EB808,0x2ED398
244,0x92CE0,0x12CE0,0x28065C,4,0x80B0,0x80B1,0x92FE4,0x27F718,during_opcode,watched,"mod=cfunction.ext",0x3F,0x1FF,0x2EB808,0x2ED398
245,0x92CE0,0x12CE0,0x28065C,4,0x80B1,0x80B2,0x92FE4,0x27F718,during_opcode,watched,"mod=cfunction.ext",0x3F,0x1FF,0x2EB808,0x2ED398
246,0x92F54,0x12F54,0x28065C,4,0x80B2,0x80B3,0x2D,0x27F718,during_opcode,watched,"mod=cfunction.ext",0x3F,0x1FF,0x2EB808,0x2ED398
247,0x92CE0,0x12CE0,0x28065C,4,0x80B3,0x80B4,0x92FE4,0x27F718,during_opcode,watched,"mod=cfunction.ext",0x3F,0x1FF,0x2EB808,0x2ED398
248,0x92CE0,0x12CE0,0x28065C,4,0x80B4,0x80B5,0x92FE4,0x27F718,during_opcode,watched,"mod=cfunction.ext",0x3F,0x1FF,0x2EB808,0x2ED398
249,0x92CE0,0x12CE0,0x28065C,4,0x80B5,0x80B6,0x92FE4,0x27F718,during_opcode,watched,"mod=cfunction.ext",0x3F,0x1FF,0x2EB808,0x2ED398
250,0x92CE0,0x12CE0,0x28065C,4,0x80B6,0x80B7,0x92FE4,0x27F718,during_opcode,watched,"mod=cfunction.ext",0x3F,0x1FF,0x2EB808,0x2ED398
251,0x92CE0,0x12CE0,0x28065C,4,0x80B7,0x80B8,0x92FE4,0x27F718,during_opcode,watched,"mod=cfunction.ext",0x3F,0x1FF,0x2EB808,0x2ED398
252,0x92CE0,0x12CE0,0x28065C,4,0x80B8,0x80B9,0xD0158,0x27F718,during_opcode,watched,"mod=cfunction.ext",0x3F,0x1FF,0x2EB808,0x2ED398
253,0x92CE0,0x12CE0,0x28065C,4,0x80B9,0x80BA,0xD0158,0x27F718,during_opcode,watched,"mod=cfunction.ext",0x3F,0x1FF,0x2EB808,0x2ED398
254,0x92CE0,0x12CE0,0x28065C,4,0x80BA,0x80BB,0xD0158,0x27F718,during_opcode,watched,"mod=cfunction.ext",0x3F,0x1FF,0x2EB808,0x2ED398
255,0x92E6C,0x12E6C,0x28065C,4,0x80BB,0x80BC,0x2AF924,0x27F718,during_opcode,watched,"mod=cfunction.ext",0x3F,0x1FF,0x2EB808,0x2ED398
256,0x92F54,0x12F54,0x28065C,4,0x80BC,0x80BD,0x89,0x27F718,during_opcode,watched,"mod=cfunction.ext",0x3F,0x1FF,0x2EB808,0x2ED398
257,0x92CE0,0x12CE0,0x28065C,4,0x80BD,0x80BE,0x92FE4,0x27F718,during_opcode,watched,"mod=cfunction.ext",0x3F,0x1FF,0x2EB808,0x2ED398
258,0x92F54,0x12F54,0x28065C,4,0x80BE,0x80BF,0x7,0x27F718,during_opcode,watched,"mod=cfunction.ext",0x3F,0x1FF,0x2EB808,0x2ED398
259,0x92CE0,0x12CE0,0x28065C,4,0x80BF,0x80C0,0x92FE4,0x27F718,during_opcode,watched,"mod=cfunction.ext",0x3F,0x1FF,0x2EB808,0x2ED398
260,0x92CE0,0x12CE0,0x28065C,4,0x80C0,0x80C1,0x92FE4,0x27F718,during_opcode,watched,"mod=cfunction.ext",0x3F,0x1FF,0x2EB808,0x2ED398
261,0x92CE0,0x12CE0,0x28065C,4,0x80C1,0x80C2,0xD0158,0x27F718,during_opcode,watched,"mod=cfunction.ext",0x3F,0x1FF,0x2EB808,0x2ED398
262,0x92CE0,0x12CE0,0x28065C,4,0x80C2,0x80C3,0xD0158,0x27F718,during_opcode,watched,"mod=cfunction.ext",0x3F,0x1FF,0x2EB808,0x2ED398
263,0x92F54,0x12F54,0x28065C,4,0x80C3,0x80C4,0x3,0x27F718,during_opcode,watched,"mod=cfunction.ext",0x3F,0x1FF,0x2EB808,0x2ED398
264,0x92CE0,0x12CE0,0x28065C,4,0x80C4,0x80C5,0x92FE4,0x27F718,during_opcode,watched,"mod=cfunction.ext",0x3F,0x1FF,0x2EB808,0x2ED398
265,0x92D68,0x12D68,0x28065C,4,0x80C5,0x80C6,0xD0158,0x27F718,during_opcode,watched,"mod=cfunction.ext",0x3F,0x1FF,0x2EB808,0x2ED398
266,0x92CE0,0x12CE0,0x28065C,4,0x80C6,0x80C7,0xD0158,0x27F718,during_opcode,watched,"mod=cfunction.ext",0x3F,0x1FF,0x2EB808,0x2ED398
267,0x92F54,0x12F54,0x28065C,4,0x80C7,0x80C8,0x21,0x27F718,during_opcode,watched,"mod=cfunction.ext",0x3F,0x1FF,0x2EB808,0x2ED398
268,0x92CE0,0x12CE0,0x28065C,4,0x80C8,0x80C9,0x92FE4,0x27F718,during_opcode,watched,"mod=cfunction.ext",0x3F,0x1FF,0x2EB808,0x2ED398
269,0x92CE0,0x12CE0,0x28065C,4,0x80C9,0x80CA,0x92FE4,0x27F718,during_opcode,watched,"mod=cfunction.ext",0x3F,0x1FF,0x2EB808,0x2ED398
270,0x92CE0,0x12CE0,0x28065C,4,0x80CA,0x80CB,0x92FE4,0x27F718,during_opcode,watched,"mod=cfunction.ext",0x3F,0x1FF,0x2EB808,0x2ED398
271,0x92CE0,0x12CE0,0x28065C,4,0x80CB,0x80CC,0x92FE4,0x27F718,during_opcode,watched,"mod=cfunction.ext",0x3F,0x1FF,0x2EB808,0x2ED398
272,0x92F54,0x12F54,0x28065C,4,0x80CC,0x80CD,0x5,0x27F718,during_opcode,watched,"mod=cfunction.ext",0x3F,0x1FF,0x2EB808,0x2ED398
273,0x92CE0,0x12CE0,0x28065C,4,0x80CD,0x80CE,0x92FE4,0x27F718,during_opcode,watched,"mod=cfunction.ext",0x3F,0x1FF,0x2EB808,0x2ED398
274,0x92CE0,0x12CE0,0x28065C,4,0x80CE,0x80CF,0x92FE4,0x27F718,during_opcode,watched,"mod=cfunction.ext",0x3F,0x1FF,0x2EB808,0x2ED398
275,0x92F54,0x12F54,0x28065C,4,0x80CF,0x80D0,0x25,0x27F718,during_opcode,watched,"mod=cfunction.ext",0x3F,0x1FF,0x2EB808,0x2ED398
276,0x92CE0,0x12CE0,0x28065C,4,0x80D0,0x80D1,0x92FE4,0x27F718,during_opcode,watched,"mod=cfunction.ext",0x3F,0x1FF,0x2EB808,0x2ED398
277,0x92CE0,0x12CE0,0x28065C,4,0x80D1,0x80D2,0x92FE4,0x27F718,during_opcode,watched,"mod=cfunction.ext",0x3F,0x1FF,0x2EB808,0x2ED398
278,0x92F54,0x12F54,0x28065C,4,0x80D2,0x80D3,0x1,0x27F718,during_opcode,watched,"mod=cfunction.ext",0x3F,0x1FF,0x2EB808,0x2ED398
279,0x92CE0,0x12CE0,0x28065C,4,0x80D3,0x80D4,0x92FE4,0x27F718,during_opcode,watched,"mod=cfunction.ext",0x3F,0x1FF,0x2EB808,0x2ED398
280,0x92CE0,0x12CE0,0x28065C,4,0x80D4,0x80D5,0x92FE4,0x27F718,during_opcode,watched,"mod=cfunction.ext",0x3F,0x1FF,0x2EB808,0x2ED398
281,0x92CE0,0x12CE0,0x28065C,4,0x80D5,0x80D6,0x92FE4,0x27F718,during_opcode,watched,"mod=cfunction.ext",0x3F,0x1FF,0x2EB808,0x2ED398
282,0x92CE0,0x12CE0,0x28065C,4,0x80D6,0x80D7,0x92FE4,0x27F718,during_opcode,watched,"mod=cfunction.ext",0x3F,0x1FF,0x2EB808,0x2ED398
283,0x92F54,0x12F54,0x28065C,4,0x80D7,0x80D8,0x4B,0x27F718,during_opcode,watched,"mod=cfunction.ext",0x3F,0x1FF,0x2EB808,0x2ED398
284,0x92CE0,0x12CE0,0x28065C,4,0x80D8,0x80D9,0x92FE4,0x27F718,during_opcode,watched,"mod=cfunction.ext",0x3F,0x1FF,0x2EB808,0x2ED398
285,0x92CE0,0x12CE0,0x28065C,4,0x80D9,0x80DA,0x92FE4,0x27F718,during_opcode,watched,"mod=cfunction.ext",0x3F,0x1FF,0x2EB808,0x2ED398
286,0x92CE0,0x12CE0,0x28065C,4,0x80DA,0x80DB,0x92FE4,0x27F718,during_opcode,watched,"mod=cfunction.ext",0x3F,0x1FF,0x2EB808,0x2ED398
287,0x92CE0,0x12CE0,0x28065C,4,0x80DB,0x80DC,0x92FE4,0x27F718,during_opcode,watched,"mod=cfunction.ext",0x3F,0x1FF,0x2EB808,0x2ED398
288,0x92CE0,0x12CE0,0x28065C,4,0x80DC,0x80DD,0x92FE4,0x27F718,during_opcode,watched,"mod=cfunction.ext",0x3F,0x1FF,0x2EB808,0x2ED398
289,0x92CE0,0x12CE0,0x28065C,4,0x80DD,0x80DE,0x92FE4,0x27F718,during_opcode,watched,"mod=cfunction.ext",0x3F,0x1FF,0x2EB808,0x2ED398
290,0x92CE0,0x12CE0,0x28065C,4,0x80DE,0x80DF,0x92FE4,0x27F718,during_opcode,watched,"mod=cfunction.ext",0x3F,0x1FF,0x2EB808,0x2ED398
291,0x92CE0,0x12CE0,0x28065C,4,0x80DF,0x80E0,0x92FE4,0x27F718,during_opcode,watched,"mod=cfunction.ext",0x3F,0x1FF,0x2EB808,0x2ED398
292,0x92E6C,0x12E6C,0x28065C,4,0x80E0,0x80E1,0x2AF924,0x27F718,during_opcode,watched,"mod=cfunction.ext",0x3F,0x1FF,0x2EB808,0x2ED398
293,0x92F54,0x12F54,0x28065C,4,0x80E1,0x80E2,0x23,0x27F718,during_opcode,watched,"mod=cfunction.ext",0x3F,0x1FF,0x2EB808,0x2ED398
294,0x92CE0,0x12CE0,0x28065C,4,0x80E2,0x80E3,0x92FE4,0x27F718,during_opcode,watched,"mod=cfunction.ext",0x3F,0x1FF,0x2EB808,0x2ED398
295,0x92F54,0x12F54,0x28065C,4,0x80E3,0x80E4,0x3,0x27F718,during_opcode,watched,"mod=cfunction.ext",0x3F,0x1FF,0x2EB808,0x2ED398
296,0x92F54,0x12F54,0x28065C,4,0x80E4,0x80E5,0x19B,0x27F718,during_opcode,watched,"mod=cfunction.ext",0x3F,0x1FF,0x2EB808,0x2ED398
297,0x92CE0,0x12CE0,0x28065C,4,0x80E5,0x80E6,0x92FE4,0x27F718,during_opcode,watched,"mod=cfunction.ext",0x3F,0x1FF,0x2EB808,0x2ED398
298,0x92CE0,0x12CE0,0x28065C,4,0x80E6,0x80E7,0x92FE4,0x27F718,during_opcode,watched,"mod=cfunction.ext",0x3F,0x1FF,0x2EB808,0x2ED398
299,0x92F54,0x12F54,0x28065C,4,0x80E7,0x80E8,0x1F,0x27F718,during_opcode,watched,"mod=cfunction.ext",0x3F,0x1FF,0x2EB808,0x2ED398
300,0x92CE0,0x12CE0,0x28065C,4,0x80E8,0x80E9,0x92FE4,0x27F718,during_opcode,watched,"mod=cfunction.ext",0x3F,0x1FF,0x2EB808,0x2ED398
301,0x92CE0,0x12CE0,0x28065C,4,0x80E9,0x80EA,0x92FE4,0x27F718,during_opcode,watched,"mod=cfunction.ext",0x3F,0x1FF,0x2EB808,0x2ED398
302,0x92CE0,0x12CE0,0x28065C,4,0x80EA,0x80EB,0x92FE4,0x27F718,during_opcode,watched,"mod=cfunction.ext",0x3F,0x1FF,0x2EB808,0x2ED398
303,0x92E6C,0x12E6C,0x28065C,4,0x80EB,0x80EC,0x2AF924,0x27F718,during_opcode,watched,"mod=cfunction.ext",0x3F,0x1FF,0x2EB808,0x2ED398
304,0x92F54,0x12F54,0x28065C,4,0x80EC,0x80ED,0x2B,0x27F718,during_opcode,watched,"mod=cfunction.ext",0x3F,0x1FF,0x2EB808,0x2ED398
305,0x92CE0,0x12CE0,0x28065C,4,0x80ED,0x80EE,0x92FE4,0x27F718,during_opcode,watched,"mod=cfunction.ext",0x3F,0x1FF,0x2EB808,0x2ED398
306,0x92F54,0x12F54,0x28065C,4,0x80EE,0x80EF,0x1,0x27F718,during_opcode,watched,"mod=cfunction.ext",0x3F,0x1FF,0x2EB808,0x2ED398
307,0x92F54,0x12F54,0x28065C,4,0x80EF,0x80F0,0x10B,0x27F718,during_opcode,watched,"mod=cfunction.ext",0x3F,0x1FF,0x2EB808,0x2ED398
308,0x92CE0,0x12CE0,0x28065C,4,0x80F0,0x80F1,0x92FE4,0x27F718,during_opcode,watched,"mod=cfunction.ext",0x3F,0x1FF,0x2EB808,0x2ED398
309,0x92CE0,0x12CE0,0x28065C,4,0x80F1,0x80F2,0x92FE4,0x27F718,during_opcode,watched,"mod=cfunction.ext",0x3F,0x1FF,0x2EB808,0x2ED398
310,0x92F54,0x12F54,0x28065C,4,0x80F2,0x80F3,0x3,0x27F718,during_opcode,watched,"mod=cfunction.ext",0x3F,0x1FF,0x2EB808,0x2ED398
311,0x92F54,0x12F54,0x28065C,4,0x80F3,0x80F4,0x17F,0x27F718,during_opcode,watched,"mod=cfunction.ext",0x3F,0x1FF,0x2EB808,0x2ED398
312,0x92CE0,0x12CE0,0x28065C,4,0x80F4,0x80F5,0x92FE4,0x27F718,during_opcode,watched,"mod=cfunction.ext",0x3F,0x1FF,0x2EB808,0x2ED398
313,0x92CE0,0x12CE0,0x28065C,4,0x80F5,0x80F6,0x92FE4,0x27F718,during_opcode,watched,"mod=cfunction.ext",0x3F,0x1FF,0x2EB808,0x2ED398
314,0x92F54,0x12F54,0x28065C,4,0x80F6,0x80F7,0x7D,0x27F718,during_opcode,watched,"mod=cfunction.ext",0x3F,0x1FF,0x2EB808,0x2ED398
315,0x92CE0,0x12CE0,0x28065C,4,0x80F7,0x80F8,0x92FE4,0x27F718,during_opcode,watched,"mod=cfunction.ext",0x3F,0x1FF,0x2EB808,0x2ED398
316,0x92CE0,0x12CE0,0x28065C,4,0x80F8,0x80F9,0x92FE4,0x27F718,during_opcode,watched,"mod=cfunction.ext",0x3F,0x1FF,0x2EB808,0x2ED398
317,0x92CE0,0x12CE0,0x28065C,4,0x80F9,0x80FA,0x92FE4,0x27F718,during_opcode,watched,"mod=cfunction.ext",0x3F,0x1FF,0x2EB808,0x2ED398
318,0x92CE0,0x12CE0,0x28065C,4,0x80FA,0x80FB,0x92FE4,0x27F718,during_opcode,watched,"mod=cfunction.ext",0x3F,0x1FF,0x2EB808,0x2ED398
319,0x92CE0,0x12CE0,0x28065C,4,0x80FB,0x80FC,0x92FE4,0x27F718,during_opcode,watched,"mod=cfunction.ext",0x3F,0x1FF,0x2EB808,0x2ED398
320,0x92CE0,0x12CE0,0x28065C,4,0x80FC,0x80FD,0x92FE4,0x27F718,during_opcode,watched,"mod=cfunction.ext",0x3F,0x1FF,0x2EB808,0x2ED398
321,0x92CE0,0x12CE0,0x28065C,4,0x80FD,0x80FE,0x92FE4,0x27F718,during_opcode,watched,"mod=cfunction.ext",0x3F,0x1FF,0x2EB808,0x2ED398
322,0x92F54,0x12F54,0x28065C,4,0x80FE,0x80FF,0x1,0x27F718,during_opcode,watched,"mod=cfunction.ext",0x3F,0x1FF,0x2EB808,0x2ED398
323,0x92CE0,0x12CE0,0x28065C,4,0x80FF,0x8100,0x92FE4,0x27F718,during_opcode,watched,"mod=cfunction.ext",0x3F,0x1FF,0x2EB808,0x2ED398
324,0x92F54,0x12F54,0x28065C,4,0x8100,0x8101,0x3,0x27F718,during_opcode,watched,"mod=cfunction.ext",0x3F,0x1FF,0x2EB808,0x2ED398
325,0x92F54,0x12F54,0x28065C,4,0x8101,0x8102,0x31F,0x27F718,during_opcode,watched,"mod=cfunction.ext",0x3F,0x1FF,0x2EB808,0x2ED398
326,0x92CE0,0x12CE0,0x28065C,4,0x8102,0x8103,0x92FE4,0x27F718,during_opcode,watched,"mod=cfunction.ext",0x3F,0x1FF,0x2EB808,0x2ED398
327,0x92CE0,0x12CE0,0x28065C,4,0x8103,0x8104,0x92FE4,0x27F718,during_opcode,watched,"mod=cfunction.ext",0x3F,0x1FF,0x2EB808,0x2ED398
328,0x92F54,0x12F54,0x28065C,4,0x8104,0x8105,0x21,0x27F718,during_opcode,watched,"mod=cfunction.ext",0x3F,0x1FF,0x2EB808,0x2ED398
329,0x92CE0,0x12CE0,0x28065C,4,0x8105,0x8106,0x92FE4,0x27F718,during_opcode,watched,"mod=cfunction.ext",0x3F,0x1FF,0x2EB808,0x2ED398
330,0x92CE0,0x12CE0,0x28065C,4,0x8106,0x8107,0x92FE4,0x27F718,during_opcode,watched,"mod=cfunction.ext",0x3F,0x1FF,0x2EB808,0x2ED398
331,0x92CE0,0x12CE0,0x28065C,4,0x8107,0x8108,0x92FE4,0x27F718,during_opcode,watched,"mod=cfunction.ext",0x3F,0x1FF,0x2EB808,0x2ED398
332,0x92CE0,0x12CE0,0x28065C,4,0x8108,0x8109,0x92FE4,0x27F718,during_opcode,watched,"mod=cfunction.ext",0x3F,0x1FF,0x2EB808,0x2ED398
333,0x92CE0,0x12CE0,0x28065C,4,0x8109,0x810A,0x92FE4,0x27F718,during_opcode,watched,"mod=cfunction.ext",0x3F,0x1FF,0x2EB808,0x2ED398
334,0x92CE0,0x12CE0,0x28065C,4,0x810A,0x810B,0x92FE4,0x27F718,during_opcode,watched,"mod=cfunction.ext",0x3F,0x1FF,0x2EB808,0x2ED398
335,0x92D68,0x12D68,0x28065C,4,0x810B,0x810C,0xD0158,0x27F718,during_opcode,watched,"mod=cfunction.ext",0x3F,0x1FF,0x2EB808,0x2ED398
336,0x92CE0,0x12CE0,0x28065C,4,0x810C,0x810D,0xD0158,0x27F718,during_opcode,watched,"mod=cfunction.ext",0x3F,0x1FF,0x2EB808,0x2ED398
337,0x92F54,0x12F54,0x28065C,4,0x810D,0x810E,0x75,0x27F718,during_opcode,watched,"mod=cfunction.ext",0x3F,0x1FF,0x2EB808,0x2ED398
338,0x92CE0,0x12CE0,0x28065C,4,0x810E,0x810F,0x92FE4,0x27F718,during_opcode,watched,"mod=cfunction.ext",0x3F,0x1FF,0x2EB808,0x2ED398
339,0x92CE0,0x12CE0,0x28065C,4,0x810F,0x8110,0xD0158,0x27F718,during_opcode,watched,"mod=cfunction.ext",0x3F,0x1FF,0x2EB808,0x2ED398
340,0x92CE0,0x12CE0,0x28065C,4,0x8110,0x8111,0xD0158,0x27F718,during_opcode,watched,"mod=cfunction.ext",0x3F,0x1FF,0x2EB808,0x2ED398
341,0x92F54,0x12F54,0x28065C,4,0x8111,0x8112,0x1,0x27F718,during_opcode,watched,"mod=cfunction.ext",0x3F,0x1FF,0x2EB808,0x2ED398
342,0x92CE0,0x12CE0,0x28065C,4,0x8112,0x8113,0x92FE4,0x27F718,during_opcode,watched,"mod=cfunction.ext",0x3F,0x1FF,0x2EB808,0x2ED398
343,0x92E6C,0x12E6C,0x28065C,4,0x8113,0x8114,0x2AF924,0x27F718,during_opcode,watched,"mod=cfunction.ext",0x3F,0x1FF,0x2EB808,0x2ED398
344,0x92F54,0x12F54,0x28065C,4,0x8114,0x8115,0xB5,0x27F718,during_opcode,watched,"mod=cfunction.ext",0x3F,0x1FF,0x2EB808,0x2ED398
345,0x92CE0,0x12CE0,0x28065C,4,0x8115,0x8116,0x92FE4,0x27F718,during_opcode,watched,"mod=cfunction.ext",0x3F,0x1FF,0x2EB808,0x2ED398
346,0x92CE0,0x12CE0,0x28065C,4,0x8116,0x8117,0x92FE4,0x27F718,during_opcode,watched,"mod=cfunction.ext",0x3F,0x1FF,0x2EB808,0x2ED398
347,0x92CE0,0x12CE0,0x28065C,4,0x8117,0x8118,0x92FE4,0x27F718,during_opcode,watched,"mod=cfunction.ext",0x3F,0x1FF,0x2EB808,0x2ED398
348,0x92CE0,0x12CE0,0x28065C,4,0x8118,0x8119,0xD0158,0x27F718,during_opcode,watched,"mod=cfunction.ext",0x3F,0x1FF,0x2EB808,0x2ED398
349,0x92CE0,0x12CE0,0x28065C,4,0x8119,0x811A,0xD0158,0x27F718,during_opcode,watched,"mod=cfunction.ext",0x3F,0x1FF,0x2EB808,0x2ED398
350,0x92CE0,0x12CE0,0x28065C,4,0x811A,0x811B,0xD0158,0x27F718,during_opcode,watched,"mod=cfunction.ext",0x3F,0x1FF,0x2EB808,0x2ED398
351,0x92CE0,0x12CE0,0x28065C,4,0x811B,0x811C,0xD0158,0x27F718,during_opcode,watched,"mod=cfunction.ext",0x3F,0x1FF,0x2EB808,0x2ED398
352,0x92CE0,0x12CE0,0x28065C,4,0x811C,0x811D,0xD0158,0x27F718,during_opcode,watched,"mod=cfunction.ext",0x3F,0x1FF,0x2EB808,0x2ED398
353,0x92CE0,0x12CE0,0x28065C,4,0x811D,0x811E,0xD0158,0x27F718,during_opcode,watched,"mod=cfunction.ext",0x3F,0x1FF,0x2EB808,0x2ED398
354,0x92CE0,0x12CE0,0x28065C,4,0x811E,0x811F,0xD0158,0x27F718,during_opcode,watched,"mod=cfunction.ext",0x3F,0x1FF,0x2EB808,0x2ED398
355,0x92CE0,0x12CE0,0x28065C,4,0x811F,0x8120,0xD0158,0x27F718,during_opcode,watched,"mod=cfunction.ext",0x3F,0x1FF,0x2EB808,0x2ED398
356,0x92D68,0x12D68,0x28065C,4,0x8120,0x8121,0xD0158,0x27F718,during_opcode,watched,"mod=cfunction.ext",0x3F,0x1FF,0x2EB808,0x2ED398
357,0x92CE0,0x12CE0,0x28065C,4,0x8121,0x8122,0xD0158,0x27F718,during_opcode,watched,"mod=cfunction.ext",0x3F,0x1FF,0x2EB808,0x2ED398
358,0x92CE0,0x12CE0,0x28065C,4,0x8122,0x8123,0xD0158,0x27F718,during_opcode,watched,"mod=cfunction.ext",0x3F,0x1FF,0x2EB808,0x2ED398
359,0x92CE0,0x12CE0,0x28065C,4,0x8123,0x8124,0xD0158,0x27F718,during_opcode,watched,"mod=cfunction.ext",0x3F,0x1FF,0x2EB808,0x2ED398
360,0x92CE0,0x12CE0,0x28065C,4,0x8124,0x8125,0xD0158,0x27F718,during_opcode,watched,"mod=cfunction.ext",0x3F,0x1FF,0x2EB808,0x2ED398
361,0x92CE0,0x12CE0,0x28065C,4,0x8125,0x8126,0xD0158,0x27F718,during_opcode,watched,"mod=cfunction.ext",0x3F,0x1FF,0x2EB808,0x2ED398
362,0x92CE0,0x12CE0,0x28065C,4,0x8126,0x8127,0xD0158,0x27F718,during_opcode,watched,"mod=cfunction.ext",0x3F,0x1FF,0x2EB808,0x2ED398
363,0x92E6C,0x12E6C,0x28065C,4,0x8127,0x8128,0x2AF924,0x27F718,during_opcode,watched,"mod=cfunction.ext",0x3F,0x1FF,0x2EB808,0x2ED398
364,0x92F54,0x12F54,0x28065C,4,0x8128,0x8129,0x137,0x27F718,during_opcode,watched,"mod=cfunction.ext",0x3F,0x1FF,0x2EB808,0x2ED398
365,0x92CE0,0x12CE0,0x28065C,4,0x8129,0x812A,0x92FE4,0x27F718,during_opcode,watched,"mod=cfunction.ext",0x3F,0x1FF,0x2EB808,0x2ED398
366,0x92CE0,0x12CE0,0x28065C,4,0x812A,0x812B,0x92FE4,0x27F718,during_opcode,watched,"mod=cfunction.ext",0x3F,0x1FF,0x2EB808,0x2ED398
367,0x92CE0,0x12CE0,0x28065C,4,0x812B,0x812C,0x92FE4,0x27F718,during_opcode,watched,"mod=cfunction.ext",0x3F,0x1FF,0x2EB808,0x2ED398
368,0x92E6C,0x12E6C,0x28065C,4,0x812C,0x812D,0x2AF924,0x27F718,during_opcode,watched,"mod=cfunction.ext",0x3F,0x1FF,0x2EB808,0x2ED398
369,0x92F54,0x12F54,0x28065C,4,0x812D,0x812E,0x15,0x27F718,during_opcode,watched,"mod=cfunction.ext",0x3F,0x1FF,0x2EB808,0x2ED398
370,0x92CE0,0x12CE0,0x28065C,4,0x812E,0x812F,0x92FE4,0x27F718,during_opcode,watched,"mod=cfunction.ext",0x3F,0x1FF,0x2EB808,0x2ED398
371,0x92F54,0x12F54,0x28065C,4,0x812F,0x8130,0x2D,0x27F718,during_opcode,watched,"mod=cfunction.ext",0x3F,0x1FF,0x2EB808,0x2ED398
372,0x92CE0,0x12CE0,0x28065C,4,0x8130,0x8131,0x92FE4,0x27F718,during_opcode,watched,"mod=cfunction.ext",0x3F,0x1FF,0x2EB808,0x2ED398
373,0x92CE0,0x12CE0,0x28065C,4,0x8131,0x8132,0x92FE4,0x27F718,during_opcode,watched,"mod=cfunction.ext",0x3F,0x1FF,0x2EB808,0x2ED398
374,0x92CE0,0x12CE0,0x28065C,4,0x8132,0x8133,0x92FE4,0x27F718,during_opcode,watched,"mod=cfunction.ext",0x3F,0x1FF,0x2EB808,0x2ED398
375,0x92CE0,0x12CE0,0x28065C,4,0x8133,0x8134,0x92FE4,0x27F718,during_opcode,watched,"mod=cfunction.ext",0x3F,0x1FF,0x2EB808,0x2ED398
376,0x92CE0,0x12CE0,0x28065C,4,0x8134,0x8135,0x92FE4,0x27F718,during_opcode,watched,"mod=cfunction.ext",0x3F,0x1FF,0x2EB808,0x2ED398
377,0x92F54,0x12F54,0x28065C,4,0x8135,0x8136,0x7,0x27F718,during_opcode,watched,"mod=cfunction.ext",0x3F,0x1FF,0x2EB808,0x2ED398
378,0x92CE0,0x12CE0,0x28065C,4,0x8136,0x8137,0x92FE4,0x27F718,during_opcode,watched,"mod=cfunction.ext",0x3F,0x1FF,0x2EB808,0x2ED398
379,0x92CE0,0x12CE0,0x28065C,4,0x8137,0x8138,0x92FE4,0x27F718,during_opcode,watched,"mod=cfunction.ext",0x3F,0x1FF,0x2EB808,0x2ED398
380,0x92CE0,0x12CE0,0x28065C,4,0x8138,0x8139,0x92FE4,0x27F718,during_opcode,watched,"mod=cfunction.ext",0x3F,0x1FF,0x2EB808,0x2ED398
381,0x92E6C,0x12E6C,0x28065C,4,0x8139,0x813A,0x2AF924,0x27F718,during_opcode,watched,"mod=cfunction.ext",0x3F,0x1FF,0x2EB808,0x2ED398
382,0x92F54,0x12F54,0x28065C,4,0x813A,0x813B,0xD,0x27F718,during_opcode,watched,"mod=cfunction.ext",0x3F,0x1FF,0x2EB808,0x2ED398
383,0x92CE0,0x12CE0,0x28065C,4,0x813B,0x813C,0x92FE4,0x27F718,during_opcode,watched,"mod=cfunction.ext",0x3F,0x1FF,0x2EB808,0x2ED398
384,0x92CE0,0x12CE0,0x28065C,4,0x813C,0x813D,0x92FE4,0x27F718,during_opcode,watched,"mod=cfunction.ext",0x3F,0x1FF,0x2EB808,0x2ED398
385,0x92E6C,0x12E6C,0x28065C,4,0x813D,0x813E,0x2AF924,0x27F718,during_opcode,watched,"mod=cfunction.ext",0x3F,0x1FF,0x2EB808,0x2ED398
386,0x92F54,0x12F54,0x28065C,4,0x813E,0x813F,0x3,0x27F718,during_opcode,watched,"mod=cfunction.ext",0x3F,0x1FF,0x2EB808,0x2ED398
387,0x92CE0,0x12CE0,0x28065C,4,0x813F,0x8140,0x92FE4,0x27F718,during_opcode,watched,"mod=cfunction.ext",0x3F,0x1FF,0x2EB808,0x2ED398
388,0x92CE0,0x12CE0,0x28065C,4,0x8140,0x8141,0xD0158,0x27F718,during_opcode,watched,"mod=cfunction.ext",0x3F,0x1FF,0x2EB808,0x2ED398
389,0x92CE0,0x12CE0,0x28065C,4,0x8141,0x8142,0xD0158,0x27F718,during_opcode,watched,"mod=cfunction.ext",0x3F,0x1FF,0x2EB808,0x2ED398
390,0x92CE0,0x12CE0,0x28065C,4,0x8142,0x8143,0xD0158,0x27F718,during_opcode,watched,"mod=cfunction.ext",0x3F,0x1FF,0x2EB808,0x2ED398
391,0x92CE0,0x12CE0,0x28065C,4,0x8143,0x8144,0xD0158,0x27F718,during_opcode,watched,"mod=cfunction.ext",0x3F,0x1FF,0x2EB808,0x2ED398
392,0x92F54,0x12F54,0x28065C,4,0x8144,0x8145,0x5,0x27F718,during_opcode,watched,"mod=cfunction.ext",0x3F,0x1FF,0x2EB808,0x2ED398
393,0x92F54,0x12F54,0x28065C,4,0x8145,0x8146,0x445,0x27F718,during_opcode,watched,"mod=cfunction.ext",0x3F,0x1FF,0x2EB808,0x2ED398
394,0x92CE0,0x12CE0,0x28065C,4,0x8146,0x8147,0x92FE4,0x27F718,during_opcode,watched,"mod=cfunction.ext",0x3F,0x1FF,0x2EB808,0x2ED398
395,0x92CE0,0x12CE0,0x28065C,4,0x8147,0x8148,0x92FE4,0x27F718,during_opcode,watched,"mod=cfunction.ext",0x3F,0x1FF,0x2EB808,0x2ED398
396,0x92CE0,0x12CE0,0x28065C,4,0x8148,0x8149,0x92FE4,0x27F718,during_opcode,watched,"mod=cfunction.ext",0x3F,0x1FF,0x2EB808,0x2ED398
397,0x92CE0,0x12CE0,0x28065C,4,0x8149,0x814A,0x92FE4,0x27F718,during_opcode,watched,"mod=cfunction.ext",0x3F,0x1FF,0x2EB808,0x2ED398
398,0x92CE0,0x12CE0,0x28065C,4,0x814A,0x814B,0x92FE4,0x27F718,during_opcode,watched,"mod=cfunction.ext",0x3F,0x1FF,0x2EB808,0x2ED398
399,0x92CE0,0x12CE0,0x28065C,4,0x814B,0x814C,0x92FE4,0x27F718,during_opcode,watched,"mod=cfunction.ext",0x3F,0x1FF,0x2EB808,0x2ED398
400,0x92CE0,0x12CE0,0x28065C,4,0x814C,0x814D,0x92FE4,0x27F718,during_opcode,watched,"mod=cfunction.ext",0x3F,0x1FF,0x2EB808,0x2ED398
401,0x92CE0,0x12CE0,0x28065C,4,0x814D,0x814E,0x92FE4,0x27F718,during_opcode,watched,"mod=cfunction.ext",0x3F,0x1FF,0x2EB808,0x2ED398
402,0x92CE0,0x12CE0,0x28065C,4,0x814E,0x814F,0x92FE4,0x27F718,during_opcode,watched,"mod=cfunction.ext",0x3F,0x1FF,0x2EB808,0x2ED398
403,0x92CE0,0x12CE0,0x28065C,4,0x814F,0x8150,0x92FE4,0x27F718,during_opcode,watched,"mod=cfunction.ext",0x3F,0x1FF,0x2EB808,0x2ED398
404,0x92F54,0x12F54,0x28065C,4,0x8150,0x8151,0x5,0x27F718,during_opcode,watched,"mod=cfunction.ext",0x3F,0x1FF,0x2EB808,0x2ED398
405,0x92CE0,0x12CE0,0x28065C,4,0x8151,0x8152,0x92FE4,0x27F718,during_opcode,watched,"mod=cfunction.ext",0x3F,0x1FF,0x2EB808,0x2ED398
406,0x92CE0,0x12CE0,0x28065C,4,0x8152,0x8153,0x92FE4,0x27F718,during_opcode,watched,"mod=cfunction.ext",0x3F,0x1FF,0x2EB808,0x2ED398
407,0x92CE0,0x12CE0,0x28065C,4,0x8153,0x8154,0x92FE4,0x27F718,during_opcode,watched,"mod=cfunction.ext",0x3F,0x1FF,0x2EB808,0x2ED398
408,0x92CE0,0x12CE0,0x28065C,4,0x8154,0x8155,0x92FE4,0x27F718,during_opcode,watched,"mod=cfunction.ext",0x3F,0x1FF,0x2EB808,0x2ED398
409,0x92E6C,0x12E6C,0x28065C,4,0x8155,0x8156,0x2AF924,0x27F718,during_opcode,watched,"mod=cfunction.ext",0x3F,0x1FF,0x2EB808,0x2ED398
410,0x92F54,0x12F54,0x28065C,4,0x8156,0x8157,0x1F,0x27F718,during_opcode,watched,"mod=cfunction.ext",0x3F,0x1FF,0x2EB808,0x2ED398
411,0x92CE0,0x12CE0,0x28065C,4,0x8157,0x8158,0x92FE4,0x27F718,during_opcode,watched,"mod=cfunction.ext",0x3F,0x1FF,0x2EB808,0x2ED398
412,0x92CE0,0x12CE0,0x28065C,4,0x8158,0x8159,0x92FE4,0x27F718,during_opcode,watched,"mod=cfunction.ext",0x3F,0x1FF,0x2EB808,0x2ED398
413,0x92CE0,0x12CE0,0x28065C,4,0x8159,0x815A,0x92FE4,0x27F718,during_opcode,watched,"mod=cfunction.ext",0x3F,0x1FF,0x2EB808,0x2ED398
414,0x92CE0,0x12CE0,0x28065C,4,0x815A,0x815B,0x92FE4,0x27F718,during_opcode,watched,"mod=cfunction.ext",0x3F,0x1FF,0x2EB808,0x2ED398
415,0x92CE0,0x12CE0,0x28065C,4,0x815B,0x815C,0x92FE4,0x27F718,during_opcode,watched,"mod=cfunction.ext",0x3F,0x1FF,0x2EB808,0x2ED398
416,0x92CE0,0x12CE0,0x28065C,4,0x815C,0x815D,0x92FE4,0x27F718,during_opcode,watched,"mod=cfunction.ext",0x3F,0x1FF,0x2EB808,0x2ED398
417,0x92CE0,0x12CE0,0x28065C,4,0x815D,0x815E,0xD0158,0x27F718,during_opcode,watched,"mod=cfunction.ext",0x3F,0x1FF,0x2EB808,0x2ED398
418,0x92CE0,0x12CE0,0x28065C,4,0x815E,0x815F,0xD0158,0x27F718,during_opcode,watched,"mod=cfunction.ext",0x3F,0x1FF,0x2EB808,0x2ED398
419,0x92CE0,0x12CE0,0x28065C,4,0x815F,0x8160,0xD0158,0x27F718,during_opcode,watched,"mod=cfunction.ext",0x3F,0x1FF,0x2EB808,0x2ED398
420,0x92E6C,0x12E6C,0x28065C,4,0x8160,0x8161,0x2AF924,0x27F718,during_opcode,watched,"mod=cfunction.ext",0x3F,0x1FF,0x2EB808,0x2ED398
421,0x92F54,0x12F54,0x28065C,4,0x8161,0x8162,0xF,0x27F718,during_opcode,watched,"mod=cfunction.ext",0x3F,0x1FF,0x2EB808,0x2ED398
422,0x92CE0,0x12CE0,0x28065C,4,0x8162,0x8163,0x92FE4,0x27F718,during_opcode,watched,"mod=cfunction.ext",0x3F,0x1FF,0x2EB808,0x2ED398
423,0x92CE0,0x12CE0,0x28065C,4,0x8163,0x8164,0x92FE4,0x27F718,during_opcode,watched,"mod=cfunction.ext",0x3F,0x1FF,0x2EB808,0x2ED398
424,0x92F54,0x12F54,0x28065C,4,0x8164,0x8165,0x5,0x27F718,during_opcode,watched,"mod=cfunction.ext",0x3F,0x1FF,0x2EB808,0x2ED398
425,0x92CE0,0x12CE0,0x28065C,4,0x8165,0x8166,0x92FE4,0x27F718,during_opcode,watched,"mod=cfunction.ext",0x3F,0x1FF,0x2EB808,0x2ED398
426,0x92CE0,0x12CE0,0x28065C,4,0x8166,0x8167,0xD0158,0x27F718,during_opcode,watched,"mod=cfunction.ext",0x3F,0x1FF,0x2EB808,0x2ED398
427,0x92CE0,0x12CE0,0x28065C,4,0x8167,0x8168,0xD0158,0x27F718,during_opcode,watched,"mod=cfunction.ext",0x3F,0x1FF,0x2EB808,0x2ED398
428,0x92CE0,0x12CE0,0x28065C,4,0x8168,0x8169,0xD0158,0x27F718,during_opcode,watched,"mod=cfunction.ext",0x3F,0x1FF,0x2EB808,0x2ED398
429,0x92CE0,0x12CE0,0x28065C,4,0x8169,0x816A,0xD0158,0x27F718,during_opcode,watched,"mod=cfunction.ext",0x3F,0x1FF,0x2EB808,0x2ED398
430,0x92CE0,0x12CE0,0x28065C,4,0x816A,0x816B,0xD0158,0x27F718,during_opcode,watched,"mod=cfunction.ext",0x3F,0x1FF,0x2EB808,0x2ED398
431,0x92E6C,0x12E6C,0x28065C,4,0x816B,0x816C,0x2AF924,0x27F718,during_opcode,watched,"mod=cfunction.ext",0x3F,0x1FF,0x2EB808,0x2ED398
432,0x92F54,0x12F54,0x28065C,4,0x816C,0x816D,0xEB,0x27F718,during_opcode,watched,"mod=cfunction.ext",0x3F,0x1FF,0x2EB808,0x2ED398
433,0x92CE0,0x12CE0,0x28065C,4,0x816D,0x816E,0x92FE4,0x27F718,during_opcode,watched,"mod=cfunction.ext",0x3F,0x1FF,0x2EB808,0x2ED398
434,0x92CE0,0x12CE0,0x28065C,4,0x816E,0x816F,0x92FE4,0x27F718,during_opcode,watched,"mod=cfunction.ext",0x3F,0x1FF,0x2EB808,0x2ED398
435,0x92F54,0x12F54,0x28065C,4,0x816F,0x8170,0x9,0x27F718,during_opcode,watched,"mod=cfunction.ext",0x3F,0x1FF,0x2EB808,0x2ED398
436,0x92CE0,0x12CE0,0x28065C,4,0x8170,0x8171,0x92FE4,0x27F718,during_opcode,watched,"mod=cfunction.ext",0x3F,0x1FF,0x2EB808,0x2ED398
437,0x92F54,0x12F54,0x28065C,4,0x8171,0x8172,0x3,0x27F718,during_opcode,watched,"mod=cfunction.ext",0x3F,0x1FF,0x2EB808,0x2ED398
438,0x92F54,0x12F54,0x28065C,4,0x8172,0x8173,0x35B,0x27F718,during_opcode,watched,"mod=cfunction.ext",0x3F,0x1FF,0x2EB808,0x2ED398
439,0x92CE0,0x12CE0,0x28065C,4,0x8173,0x8174,0x92FE4,0x27F718,during_opcode,watched,"mod=cfunction.ext",0x3F,0x1FF,0x2EB808,0x2ED398
440,0x92CE0,0x12CE0,0x28065C,4,0x8174,0x8175,0x92FE4,0x27F718,during_opcode,watched,"mod=cfunction.ext",0x3F,0x1FF,0x2EB808,0x2ED398
441,0x92F54,0x12F54,0x28065C,4,0x8175,0x8176,0xD7,0x27F718,during_opcode,watched,"mod=cfunction.ext",0x3F,0x1FF,0x2EB808,0x2ED398
442,0x92CE0,0x12CE0,0x28065C,4,0x8176,0x8177,0x92FE4,0x27F718,during_opcode,watched,"mod=cfunction.ext",0x3F,0x1FF,0x2EB808,0x2ED398
443,0x92CE0,0x12CE0,0x28065C,4,0x8177,0x8178,0xD0158,0x27F718,during_opcode,watched,"mod=cfunction.ext",0x3F,0x1FF,0x2EB808,0x2ED398
444,0x92F54,0x12F54,0x28065C,4,0x8178,0x8179,0xB,0x27F718,during_opcode,watched,"mod=cfunction.ext",0x3F,0x1FF,0x2EB808,0x2ED398
445,0x92CE0,0x12CE0,0x28065C,4,0x8179,0x817A,0x92FE4,0x27F718,during_opcode,watched,"mod=cfunction.ext",0x3F,0x1FF,0x2EB808,0x2ED398
446,0x92CE0,0x12CE0,0x28065C,4,0x817A,0x817B,0xD0158,0x27F718,during_opcode,watched,"mod=cfunction.ext",0x3F,0x1FF,0x2EB808,0x2ED398
447,0x92CE0,0x12CE0,0x28065C,4,0x817B,0x817C,0xD0158,0x27F718,during_opcode,watched,"mod=cfunction.ext",0x3F,0x1FF,0x2EB808,0x2ED398
448,0x92E6C,0x12E6C,0x28065C,4,0x817C,0x817D,0x2AF924,0x27F718,during_opcode,watched,"mod=cfunction.ext",0x3F,0x1FF,0x2EB808,0x2ED398
449,0x92F54,0x12F54,0x28065C,4,0x817D,0x817E,0xB3,0x27F718,during_opcode,watched,"mod=cfunction.ext",0x3F,0x1FF,0x2EB808,0x2ED398
450,0x92CE0,0x12CE0,0x28065C,4,0x817E,0x817F,0x92FE4,0x27F718,during_opcode,watched,"mod=cfunction.ext",0x3F,0x1FF,0x2EB808,0x2ED398
451,0x92E6C,0x12E6C,0x28065C,4,0x817F,0x8180,0x2AF924,0x27F718,during_opcode,watched,"mod=cfunction.ext",0x3F,0x1FF,0x2EB808,0x2ED398
452,0x92F54,0x12F54,0x28065C,4,0x8180,0x8181,0x51,0x27F718,during_opcode,watched,"mod=cfunction.ext",0x3F,0x1FF,0x2EB808,0x2ED398
453,0x92CE0,0x12CE0,0x28065C,4,0x8181,0x8182,0x92FE4,0x27F718,during_opcode,watched,"mod=cfunction.ext",0x3F,0x1FF,0x2EB808,0x2ED398
454,0x92CE0,0x12CE0,0x28065C,4,0x8182,0x8183,0x92FE4,0x27F718,during_opcode,watched,"mod=cfunction.ext",0x3F,0x1FF,0x2EB808,0x2ED398
455,0x92CE0,0x12CE0,0x28065C,4,0x8183,0x8184,0x92FE4,0x27F718,during_opcode,watched,"mod=cfunction.ext",0x3F,0x1FF,0x2EB808,0x2ED398
456,0x92CE0,0x12CE0,0x28065C,4,0x8184,0x8185,0xD0158,0x27F718,during_opcode,watched,"mod=cfunction.ext",0x3F,0x1FF,0x2EB808,0x2ED398
457,0x92E6C,0x12E6C,0x28065C,4,0x8185,0x8186,0x2AF924,0x27F718,during_opcode,watched,"mod=cfunction.ext",0x3F,0x1FF,0x2EB808,0x2ED398
458,0x92F54,0x12F54,0x28065C,4,0x8186,0x8187,0x177,0x27F718,during_opcode,watched,"mod=cfunction.ext",0x3F,0x1FF,0x2EB808,0x2ED398
459,0x92CE0,0x12CE0,0x28065C,4,0x8187,0x8188,0x92FE4,0x27F718,during_opcode,watched,"mod=cfunction.ext",0x3F,0x1FF,0x2EB808,0x2ED398
460,0x92F54,0x12F54,0x28065C,4,0x8188,0x8189,0x7,0x27F718,during_opcode,watched,"mod=cfunction.ext",0x3F,0x1FF,0x2EB808,0x2ED398
461,0x92CE0,0x12CE0,0x28065C,4,0x8189,0x818A,0x92FE4,0x27F718,during_opcode,watched,"mod=cfunction.ext",0x3F,0x1FF,0x2EB808,0x2ED398
462,0x92F54,0x12F54,0x28065C,4,0x818A,0x818B,0xF,0x27F718,during_opcode,watched,"mod=cfunction.ext",0x3F,0x1FF,0x2EB808,0x2ED398
463,0x92F54,0x12F54,0x28065C,4,0x818B,0x818C,0xE8F,0x27F718,during_opcode,watched,"mod=cfunction.ext",0x3F,0x1FF,0x2EB808,0x2ED398
464,0x92CE0,0x12CE0,0x28065C,4,0x818C,0x818D,0x92FE4,0x27F718,during_opcode,watched,"mod=cfunction.ext",0x3F,0x1FF,0x2EB808,0x2ED398
465,0x92CE0,0x12CE0,0x28065C,4,0x818D,0x818E,0xD0158,0x27F718,during_opcode,watched,"mod=cfunction.ext",0x3F,0x1FF,0x2EB808,0x2ED398
466,0x92CE0,0x12CE0,0x28065C,4,0x818E,0x818F,0xD0158,0x27F718,during_opcode,watched,"mod=cfunction.ext",0x3F,0x1FF,0x2EB808,0x2ED398
467,0x92CE0,0x12CE0,0x28065C,4,0x818F,0x8190,0xD0158,0x27F718,during_opcode,watched,"mod=cfunction.ext",0x3F,0x1FF,0x2EB808,0x2ED398
468,0x92F54,0x12F54,0x28065C,4,0x8190,0x8191,0x77,0x27F718,during_opcode,watched,"mod=cfunction.ext",0x3F,0x1FF,0x2EB808,0x2ED398
469,0x92CE0,0x12CE0,0x28065C,4,0x8191,0x8192,0x92FE4,0x27F718,during_opcode,watched,"mod=cfunction.ext",0x3F,0x1FF,0x2EB808,0x2ED398
470,0x92E6C,0x12E6C,0x28065C,4,0x8192,0x8193,0x2AF924,0x27F718,during_opcode,watched,"mod=cfunction.ext",0x3F,0x1FF,0x2EB808,0x2ED398
471,0x92F54,0x12F54,0x28065C,4,0x8193,0x8194,0x3,0x27F718,during_opcode,watched,"mod=cfunction.ext",0x3F,0x1FF,0x2EB808,0x2ED398
472,0x92CE0,0x12CE0,0x28065C,4,0x8194,0x8195,0x92FE4,0x27F718,during_opcode,watched,"mod=cfunction.ext",0x3F,0x1FF,0x2EB808,0x2ED398
473,0x92CE0,0x12CE0,0x28065C,4,0x8195,0x8196,0x92FE4,0x27F718,during_opcode,watched,"mod=cfunction.ext",0x3F,0x1FF,0x2EB808,0x2ED398
474,0x92CE0,0x12CE0,0x28065C,4,0x8196,0x8197,0x92FE4,0x27F718,during_opcode,watched,"mod=cfunction.ext",0x3F,0x1FF,0x2EB808,0x2ED398
475,0x92F54,0x12F54,0x28065C,4,0x8197,0x8198,0x5,0x27F718,during_opcode,watched,"mod=cfunction.ext",0x3F,0x1FF,0x2EB808,0x2ED398
476,0x92CE0,0x12CE0,0x28065C,4,0x8198,0x8199,0x92FE4,0x27F718,during_opcode,watched,"mod=cfunction.ext",0x3F,0x1FF,0x2EB808,0x2ED398
477,0x92CE0,0x12CE0,0x28065C,4,0x8199,0x819A,0x92FE4,0x27F718,during_opcode,watched,"mod=cfunction.ext",0x3F,0x1FF,0x2EB808,0x2ED398
478,0x92CE0,0x12CE0,0x28065C,4,0x819A,0x819B,0x92FE4,0x27F718,during_opcode,watched,"mod=cfunction.ext",0x3F,0x1FF,0x2EB808,0x2ED398
479,0x92CE0,0x12CE0,0x28065C,4,0x819B,0x819C,0x92FE4,0x27F718,during_opcode,watched,"mod=cfunction.ext",0x3F,0x1FF,0x2EB808,0x2ED398
480,0x92CE0,0x12CE0,0x28065C,4,0x819C,0x819D,0x92FE4,0x27F718,during_opcode,watched,"mod=cfunction.ext",0x3F,0x1FF,0x2EB808,0x2ED398
481,0x92CE0,0x12CE0,0x28065C,4,0x819D,0x819E,0x92FE4,0x27F718,during_opcode,watched,"mod=cfunction.ext",0x3F,0x1FF,0x2EB808,0x2ED398
482,0x92E6C,0x12E6C,0x28065C,4,0x819E,0x819F,0x2AF924,0x27F718,during_opcode,watched,"mod=cfunction.ext",0x3F,0x1FF,0x2EB808,0x2ED398
483,0x92F54,0x12F54,0x28065C,4,0x819F,0x81A0,0x39,0x27F718,during_opcode,watched,"mod=cfunction.ext",0x3F,0x1FF,0x2EB808,0x2ED398
484,0x92CE0,0x12CE0,0x28065C,4,0x81A0,0x81A1,0x92FE4,0x27F718,during_opcode,watched,"mod=cfunction.ext",0x3F,0x1FF,0x2EB808,0x2ED398
485,0x92CE0,0x12CE0,0x28065C,4,0x81A1,0x81A2,0x92FE4,0x27F718,during_opcode,watched,"mod=cfunction.ext",0x3F,0x1FF,0x2EB808,0x2ED398
486,0x92E6C,0x12E6C,0x28065C,4,0x81A2,0x81A3,0x2AF924,0x27F718,during_opcode,watched,"mod=cfunction.ext",0x3F,0x1FF,0x2EB808,0x2ED398
487,0x92F54,0x12F54,0x28065C,4,0x81A3,0x81A4,0x2D,0x27F718,during_opcode,watched,"mod=cfunction.ext",0x3F,0x1FF,0x2EB808,0x2ED398
488,0x92CE0,0x12CE0,0x28065C,4,0x81A4,0x81A5,0x92FE4,0x27F718,during_opcode,watched,"mod=cfunction.ext",0x3F,0x1FF,0x2EB808,0x2ED398
489,0x92CE0,0x12CE0,0x28065C,4,0x81A5,0x81A6,0xD0158,0x27F718,during_opcode,watched,"mod=cfunction.ext",0x3F,0x1FF,0x2EB808,0x2ED398
490,0x92CE0,0x12CE0,0x28065C,4,0x81A6,0x81A7,0xD0158,0x27F718,during_opcode,watched,"mod=cfunction.ext",0x3F,0x1FF,0x2EB808,0x2ED398
491,0x92CE0,0x12CE0,0x28065C,4,0x81A7,0x81A8,0xD0158,0x27F718,during_opcode,watched,"mod=cfunction.ext",0x3F,0x1FF,0x2EB808,0x2ED398
492,0x92F54,0x12F54,0x28065C,4,0x81A8,0x81A9,0x7,0x27F718,during_opcode,watched,"mod=cfunction.ext",0x3F,0x1FF,0x2EB808,0x2ED398
493,0x92F54,0x12F54,0x28065C,4,0x81A9,0x81AA,0x19F,0x27F718,during_opcode,watched,"mod=cfunction.ext",0x3F,0x1FF,0x2EB808,0x2ED398
494,0x92CE0,0x12CE0,0x28065C,4,0x81AA,0x81AB,0x92FE4,0x27F718,during_opcode,watched,"mod=cfunction.ext",0x3F,0x1FF,0x2EB808,0x2ED398
495,0x92CE0,0x12CE0,0x28065C,4,0x81AB,0x81AC,0x92FE4,0x27F718,during_opcode,watched,"mod=cfunction.ext",0x3F,0x1FF,0x2EB808,0x2ED398
496,0x92CE0,0x12CE0,0x28065C,4,0x81AC,0x81AD,0x92FE4,0x27F718,during_opcode,watched,"mod=cfunction.ext",0x3F,0x1FF,0x2EB808,0x2ED398
497,0x92CE0,0x12CE0,0x28065C,4,0x81AD,0x81AE,0x92FE4,0x27F718,during_opcode,watched,"mod=cfunction.ext",0x3F,0x1FF,0x2EB808,0x2ED398
498,0x92CE0,0x12CE0,0x28065C,4,0x81AE,0x81AF,0x92FE4,0x27F718,during_opcode,watched,"mod=cfunction.ext",0x3F,0x1FF,0x2EB808,0x2ED398
499,0x92CE0,0x12CE0,0x28065C,4,0x81AF,0x81B0,0x92FE4,0x27F718,during_opcode,watched,"mod=cfunction.ext",0x3F,0x1FF,0x2EB808,0x2ED398
500,0x92CE0,0x12CE0,0x28065C,4,0x81B0,0x81B1,0x92FE4,0x27F718,during_opcode,watched,"mod=cfunction.ext",0x3F,0x1FF,0x2EB808,0x2ED398
501,0x92CE0,0x12CE0,0x28065C,4,0x81B1,0x81B2,0x92FE4,0x27F718,during_opcode,watched,"mod=cfunction.ext",0x3F,0x1FF,0x2EB808,0x2ED398
502,0x92F54,0x12F54,0x28065C,4,0x81B2,0x81B3,0x7,0x27F718,during_opcode,watched,"mod=cfunction.ext",0x3F,0x1FF,0x2EB808,0x2ED398
503,0x92F54,0x12F54,0x28065C,4,0x81B3,0x81B4,0x17,0x27F718,during_opcode,watched,"mod=cfunction.ext",0x3F,0x1FF,0x2EB808,0x2ED398
504,0x92CE0,0x12CE0,0x28065C,4,0x81B4,0x81B5,0x92FE4,0x27F718,during_opcode,watched,"mod=cfunction.ext",0x3F,0x1FF,0x2EB808,0x2ED398
505,0x92F54,0x12F54,0x28065C,4,0x81B5,0x81B6,0x19,0x27F718,during_opcode,watched,"mod=cfunction.ext",0x3F,0x1FF,0x2EB808,0x2ED398
506,0x92CE0,0x12CE0,0x28065C,4,0x81B6,0x81B7,0x92FE4,0x27F718,during_opcode,watched,"mod=cfunction.ext",0x3F,0x1FF,0x2EB808,0x2ED398
507,0x92CE0,0x12CE0,0x28065C,4,0x81B7,0x81B8,0x92FE4,0x27F718,during_opcode,watched,"mod=cfunction.ext",0x3F,0x1FF,0x2EB808,0x2ED398
508,0x92F54,0x12F54,0x28065C,4,0x81B8,0x81B9,0x3,0x27F718,during_opcode,watched,"mod=cfunction.ext",0x3F,0x1FF,0x2EB808,0x2ED398
509,0x92CE0,0x12CE0,0x28065C,4,0x81B9,0x81BA,0x92FE4,0x27F718,during_opcode,watched,"mod=cfunction.ext",0x3F,0x1FF,0x2EB808,0x2ED398
510,0x92CE0,0x12CE0,0x28065C,4,0x81BA,0x81BB,0x92FE4,0x27F718,during_opcode,watched,"mod=cfunction.ext",0x3F,0x1FF,0x2EB808,0x2ED398
511,0x92F54,0x12F54,0x28065C,4,0x81BB,0x81BC,0x3D,0x27F718,during_opcode,watched,"mod=cfunction.ext",0x3F,0x1FF,0x2EB808,0x2ED398
512,0x92CE0,0x12CE0,0x28065C,4,0x81BC,0x81BD,0x92FE4,0x27F718,during_opcode,watched,"mod=cfunction.ext",0x3F,0x1FF,0x2EB808,0x2ED398
513,0x92CE0,0x12CE0,0x28065C,4,0x81BD,0x81BE,0x92FE4,0x27F718,during_opcode,watched,"mod=cfunction.ext",0x3F,0x1FF,0x2EB808,0x2ED398
514,0x92CE0,0x12CE0,0x28065C,4,0x81BE,0x81BF,0x92FE4,0x27F718,during_opcode,watched,"mod=cfunction.ext",0x3F,0x1FF,0x2EB808,0x2ED398
515,0x92CE0,0x12CE0,0x28065C,4,0x81BF,0x81C0,0x92FE4,0x27F718,during_opcode,watched,"mod=cfunction.ext",0x3F,0x1FF,0x2EB808,0x2ED398
516,0x92CE0,0x12CE0,0x28065C,4,0x81C0,0x81C1,0x92FE4,0x27F718,during_opcode,watched,"mod=cfunction.ext",0x3F,0x1FF,0x2EB808,0x2ED398
517,0x92F54,0x12F54,0x28065C,4,0x81C1,0x81C2,0x1F,0x27F718,during_opcode,watched,"mod=cfunction.ext",0x3F,0x1FF,0x2EB808,0x2ED398
518,0x92CE0,0x12CE0,0x28065C,4,0x81C2,0x81C3,0x92FE4,0x27F718,during_opcode,watched,"mod=cfunction.ext",0x3F,0x1FF,0x2EB808,0x2ED398
519,0x92E6C,0x12E6C,0x28065C,4,0x81C3,0x81C4,0x2AF924,0x27F718,during_opcode,watched,"mod=cfunction.ext",0x3F,0x1FF,0x2EB808,0x2ED398
520,0x92F54,0x12F54,0x28065C,4,0x81C4,0x81C5,0x147,0x27F718,during_opcode,watched,"mod=cfunction.ext",0x3F,0x1FF,0x2EB808,0x2ED398
521,0x92CE0,0x12CE0,0x28065C,4,0x81C5,0x81C6,0x92FE4,0x27F718,during_opcode,watched,"mod=cfunction.ext",0x3F,0x1FF,0x2EB808,0x2ED398
522,0x92CE0,0x12CE0,0x28065C,4,0x81C6,0x81C7,0xD0158,0x27F718,during_opcode,watched,"mod=cfunction.ext",0x3F,0x1FF,0x2EB808,0x2ED398
523,0x92CE0,0x12CE0,0x28065C,4,0x81C7,0x81C8,0xD0158,0x27F718,during_opcode,watched,"mod=cfunction.ext",0x3F,0x1FF,0x2EB808,0x2ED398
524,0x92CE0,0x12CE0,0x28065C,4,0x81C8,0x81C9,0xD0158,0x27F718,during_opcode,watched,"mod=cfunction.ext",0x3F,0x1FF,0x2EB808,0x2ED398
525,0x92F54,0x12F54,0x28065C,4,0x81C9,0x81CA,0x17,0x27F718,during_opcode,watched,"mod=cfunction.ext",0x3F,0x1FF,0x2EB808,0x2ED398
526,0x92CE0,0x12CE0,0x28065C,4,0x81CA,0x81CB,0x92FE4,0x27F718,during_opcode,watched,"mod=cfunction.ext",0x3F,0x1FF,0x2EB808,0x2ED398
527,0x92CE0,0x12CE0,0x28065C,4,0x81CB,0x81CC,0x92FE4,0x27F718,during_opcode,watched,"mod=cfunction.ext",0x3F,0x1FF,0x2EB808,0x2ED398
528,0x92CE0,0x12CE0,0x28065C,4,0x81CC,0x81CD,0x92FE4,0x27F718,during_opcode,watched,"mod=cfunction.ext",0x3F,0x1FF,0x2EB808,0x2ED398
529,0x92CE0,0x12CE0,0x28065C,4,0x81CD,0x81CE,0xD0158,0x27F718,during_opcode,watched,"mod=cfunction.ext",0x3F,0x1FF,0x2EB808,0x2ED398
530,0x92CE0,0x12CE0,0x28065C,4,0x81CE,0x81CF,0xD0158,0x27F718,during_opcode,watched,"mod=cfunction.ext",0x3F,0x1FF,0x2EB808,0x2ED398
531,0x92F54,0x12F54,0x28065C,4,0x81CF,0x81D0,0x1,0x27F718,during_opcode,watched,"mod=cfunction.ext",0x3F,0x1FF,0x2EB808,0x2ED398
532,0x92F54,0x12F54,0x28065C,4,0x81D0,0x81D1,0x2F9,0x27F718,during_opcode,watched,"mod=cfunction.ext",0x3F,0x1FF,0x2EB808,0x2ED398
533,0x92CE0,0x12CE0,0x28065C,4,0x81D1,0x81D2,0x92FE4,0x27F718,during_opcode,watched,"mod=cfunction.ext",0x3F,0x1FF,0x2EB808,0x2ED398
534,0x92CE0,0x12CE0,0x28065C,4,0x81D2,0x81D3,0x92FE4,0x27F718,during_opcode,watched,"mod=cfunction.ext",0x3F,0x1FF,0x2EB808,0x2ED398
535,0x92CE0,0x12CE0,0x28065C,4,0x81D3,0x81D4,0x92FE4,0x27F718,during_opcode,watched,"mod=cfunction.ext",0x3F,0x1FF,0x2EB808,0x2ED398
536,0x92F54,0x12F54,0x28065C,4,0x81D4,0x81D5,0x7,0x27F718,during_opcode,watched,"mod=cfunction.ext",0x3F,0x1FF,0x2EB808,0x2ED398
537,0x92F54,0x12F54,0x28065C,4,0x81D5,0x81D6,0x2F7,0x27F718,during_opcode,watched,"mod=cfunction.ext",0x3F,0x1FF,0x2EB808,0x2ED398
538,0x92CE0,0x12CE0,0x28065C,4,0x81D6,0x81D7,0x92FE4,0x27F718,during_opcode,watched,"mod=cfunction.ext",0x3F,0x1FF,0x2EB808,0x2ED398
539,0x92CE0,0x12CE0,0x28065C,4,0x81D7,0x81D8,0x92FE4,0x27F718,during_opcode,watched,"mod=cfunction.ext",0x3F,0x1FF,0x2EB808,0x2ED398
540,0x92CE0,0x12CE0,0x28065C,4,0x81D8,0x81D9,0x92FE4,0x27F718,during_opcode,watched,"mod=cfunction.ext",0x3F,0x1FF,0x2EB808,0x2ED398
541,0x92CE0,0x12CE0,0x28065C,4,0x81D9,0x81DA,0x92FE4,0x27F718,during_opcode,watched,"mod=cfunction.ext",0x3F,0x1FF,0x2EB808,0x2ED398
542,0x92CE0,0x12CE0,0x28065C,4,0x81DA,0x81DB,0x92FE4,0x27F718,during_opcode,watched,"mod=cfunction.ext",0x3F,0x1FF,0x2EB808,0x2ED398
543,0x92CE0,0x12CE0,0x28065C,4,0x81DB,0x81DC,0x92FE4,0x27F718,during_opcode,watched,"mod=cfunction.ext",0x3F,0x1FF,0x2EB808,0x2ED398
544,0x92E6C,0x12E6C,0x28065C,4,0x81DC,0x81DD,0x2AF924,0x27F718,during_opcode,watched,"mod=cfunction.ext",0x3F,0x1FF,0x2EB808,0x2ED398
545,0x92F54,0x12F54,0x28065C,4,0x81DD,0x81DE,0x1CB,0x27F718,during_opcode,watched,"mod=cfunction.ext",0x3F,0x1FF,0x2EB808,0x2ED398
546,0x92CE0,0x12CE0,0x28065C,4,0x81DE,0x81DF,0x92FE4,0x27F718,during_opcode,watched,"mod=cfunction.ext",0x3F,0x1FF,0x2EB808,0x2ED398
547,0x92CE0,0x12CE0,0x28065C,4,0x81DF,0x81E0,0x92FE4,0x27F718,during_opcode,watched,"mod=cfunction.ext",0x3F,0x1FF,0x2EB808,0x2ED398
548,0x92CE0,0x12CE0,0x28065C,4,0x81E0,0x81E1,0x92FE4,0x27F718,during_opcode,watched,"mod=cfunction.ext",0x3F,0x1FF,0x2EB808,0x2ED398
549,0x92E6C,0x12E6C,0x28065C,4,0x81E1,0x81E2,0x2AF924,0x27F718,during_opcode,watched,"mod=cfunction.ext",0x3F,0x1FF,0x2EB808,0x2ED398
550,0x92F54,0x12F54,0x28065C,4,0x81E2,0x81E3,0xF,0x27F718,during_opcode,watched,"mod=cfunction.ext",0x3F,0x1FF,0x2EB808,0x2ED398
551,0x92CE0,0x12CE0,0x28065C,4,0x81E3,0x81E4,0x92FE4,0x27F718,during_opcode,watched,"mod=cfunction.ext",0x3F,0x1FF,0x2EB808,0x2ED398
552,0x92CE0,0x12CE0,0x28065C,4,0x81E4,0x81E5,0x92FE4,0x27F718,during_opcode,watched,"mod=cfunction.ext",0x3F,0x1FF,0x2EB808,0x2ED398
553,0x92CE0,0x12CE0,0x28065C,4,0x81E5,0x81E6,0x92FE4,0x27F718,during_opcode,watched,"mod=cfunction.ext",0x3F,0x1FF,0x2EB808,0x2ED398
554,0x92CE0,0x12CE0,0x28065C,4,0x81E6,0x81E7,0x92FE4,0x27F718,during_opcode,watched,"mod=cfunction.ext",0x3F,0x1FF,0x2EB808,0x2ED398
555,0x92CE0,0x12CE0,0x28065C,4,0x81E7,0x81E8,0x92FE4,0x27F718,during_opcode,watched,"mod=cfunction.ext",0x3F,0x1FF,0x2EB808,0x2ED398
556,0x92CE0,0x12CE0,0x28065C,4,0x81E8,0x81E9,0x92FE4,0x27F718,during_opcode,watched,"mod=cfunction.ext",0x3F,0x1FF,0x2EB808,0x2ED398
557,0x92CE0,0x12CE0,0x28065C,4,0x81E9,0x81EA,0x92FE4,0x27F718,during_opcode,watched,"mod=cfunction.ext",0x3F,0x1FF,0x2EB808,0x2ED398
558,0x92CE0,0x12CE0,0x28065C,4,0x81EA,0x81EB,0x92FE4,0x27F718,during_opcode,watched,"mod=cfunction.ext",0x3F,0x1FF,0x2EB808,0x2ED398
559,0x92CE0,0x12CE0,0x28065C,4,0x81EB,0x81EC,0x92FE4,0x27F718,during_opcode,watched,"mod=cfunction.ext",0x3F,0x1FF,0x2EB808,0x2ED398
560,0x92CE0,0x12CE0,0x28065C,4,0x81EC,0x81ED,0x92FE4,0x27F718,during_opcode,watched,"mod=cfunction.ext",0x3F,0x1FF,0x2EB808,0x2ED398
561,0x92CE0,0x12CE0,0x28065C,4,0x81ED,0x81EE,0x92FE4,0x27F718,during_opcode,watched,"mod=cfunction.ext",0x3F,0x1FF,0x2EB808,0x2ED398
562,0x92CE0,0x12CE0,0x28065C,4,0x81EE,0x81EF,0x92FE4,0x27F718,during_opcode,watched,"mod=cfunction.ext",0x3F,0x1FF,0x2EB808,0x2ED398
563,0x92CE0,0x12CE0,0x28065C,4,0x81EF,0x81F0,0x92FE4,0x27F718,during_opcode,watched,"mod=cfunction.ext",0x3F,0x1FF,0x2EB808,0x2ED398
564,0x92CE0,0x12CE0,0x28065C,4,0x81F0,0x81F1,0x92FE4,0x27F718,during_opcode,watched,"mod=cfunction.ext",0x3F,0x1FF,0x2EB808,0x2ED398
565,0x92CE0,0x12CE0,0x28065C,4,0x81F1,0x81F2,0x92FE4,0x27F718,during_opcode,watched,"mod=cfunction.ext",0x3F,0x1FF,0x2EB808,0x2ED398
566,0x92CE0,0x12CE0,0x28065C,4,0x81F2,0x81F3,0x92FE4,0x27F718,during_opcode,watched,"mod=cfunction.ext",0x3F,0x1FF,0x2EB808,0x2ED398
567,0x92CE0,0x12CE0,0x28065C,4,0x81F3,0x81F4,0x92FE4,0x27F718,during_opcode,watched,"mod=cfunction.ext",0x3F,0x1FF,0x2EB808,0x2ED398
568,0x92CE0,0x12CE0,0x28065C,4,0x81F4,0x81F5,0x92FE4,0x27F718,during_opcode,watched,"mod=cfunction.ext",0x3F,0x1FF,0x2EB808,0x2ED398
569,0x92CE0,0x12CE0,0x28065C,4,0x81F5,0x81F6,0x92FE4,0x27F718,during_opcode,watched,"mod=cfunction.ext",0x3F,0x1FF,0x2EB808,0x2ED398
570,0x92CE0,0x12CE0,0x28065C,4,0x81F6,0x81F7,0x92FE4,0x27F718,during_opcode,watched,"mod=cfunction.ext",0x3F,0x1FF,0x2EB808,0x2ED398
571,0x92CE0,0x12CE0,0x28065C,4,0x81F7,0x81F8,0x92FE4,0x27F718,during_opcode,watched,"mod=cfunction.ext",0x3F,0x1FF,0x2EB808,0x2ED398
572,0x92CE0,0x12CE0,0x28065C,4,0x81F8,0x81F9,0x92FE4,0x27F718,during_opcode,watched,"mod=cfunction.ext",0x3F,0x1FF,0x2EB808,0x2ED398
573,0x92CE0,0x12CE0,0x28065C,4,0x81F9,0x81FA,0x92FE4,0x27F718,during_opcode,watched,"mod=cfunction.ext",0x3F,0x1FF,0x2EB808,0x2ED398
574,0x92CE0,0x12CE0,0x28065C,4,0x81FA,0x81FB,0x92FE4,0x27F718,during_opcode,watched,"mod=cfunction.ext",0x3F,0x1FF,0x2EB808,0x2ED398
575,0x92CE0,0x12CE0,0x28065C,4,0x81FB,0x81FC,0x92FE4,0x27F718,during_opcode,watched,"mod=cfunction.ext",0x3F,0x1FF,0x2EB808,0x2ED398
576,0x92CE0,0x12CE0,0x28065C,4,0x81FC,0x81FD,0x92FE4,0x27F718,during_opcode,watched,"mod=cfunction.ext",0x3F,0x1FF,0x2EB808,0x2ED398
577,0x92CE0,0x12CE0,0x28065C,4,0x81FD,0x81FE,0x92FE4,0x27F718,during_opcode,watched,"mod=cfunction.ext",0x3F,0x1FF,0x2EB808,0x2ED398
578,0x92CE0,0x12CE0,0x28065C,4,0x81FE,0x81FF,0x92FE4,0x27F718,during_opcode,watched,"mod=cfunction.ext",0x3F,0x1FF,0x2EB808,0x2ED398
579,0x92CE0,0x12CE0,0x28065C,4,0x81FF,0x8200,0x92FE4,0x27F718,during_opcode,watched,"mod=cfunction.ext",0x3F,0x1FF,0x2EB808,0x2ED398
580,0x92CE0,0x12CE0,0x28065C,4,0x8200,0x8201,0xD0158,0x27F718,during_opcode,watched,"mod=cfunction.ext",0x3F,0x1FF,0x2EB808,0x2ED398
581,0x92CE0,0x12CE0,0x28065C,4,0x8201,0x8202,0xD0158,0x27F718,during_opcode,watched,"mod=cfunction.ext",0x3F,0x1FF,0x2EB808,0x2ED398
582,0x92CE0,0x12CE0,0x28065C,4,0x8202,0x8203,0xD0158,0x27F718,during_opcode,watched,"mod=cfunction.ext",0x3F,0x1FF,0x2EB808,0x2ED398
583,0x92CE0,0x12CE0,0x28065C,4,0x8203,0x8204,0xD0158,0x27F718,during_opcode,watched,"mod=cfunction.ext",0x3F,0x1FF,0x2EB808,0x2ED398
584,0x92CE0,0x12CE0,0x28065C,4,0x8204,0x8205,0xD0158,0x27F718,during_opcode,watched,"mod=cfunction.ext",0x3F,0x1FF,0x2EB808,0x2ED398
585,0x92F54,0x12F54,0x28065C,4,0x8205,0x8206,0x9,0x27F718,during_opcode,watched,"mod=cfunction.ext",0x3F,0x1FF,0x2EB808,0x2ED398
586,0x92CE0,0x12CE0,0x28065C,4,0x8206,0x8207,0x92FE4,0x27F718,during_opcode,watched,"mod=cfunction.ext",0x3F,0x1FF,0x2EB808,0x2ED398
587,0x92CE0,0x12CE0,0x28065C,4,0x8207,0x8208,0x92FE4,0x27F718,during_opcode,watched,"mod=cfunction.ext",0x3F,0x1FF,0x2EB808,0x2ED398
588,0x92CE0,0x12CE0,0x28065C,4,0x8208,0x8209,0xD0158,0x27F718,during_opcode,watched,"mod=cfunction.ext",0x3F,0x1FF,0x2EB808,0x2ED398
589,0x92CE0,0x12CE0,0x28065C,4,0x8209,0x820A,0xD0158,0x27F718,during_opcode,watched,"mod=cfunction.ext",0x3F,0x1FF,0x2EB808,0x2ED398
590,0x92F54,0x12F54,0x28065C,4,0x820A,0x820B,0x27,0x27F718,during_opcode,watched,"mod=cfunction.ext",0x3F,0x1FF,0x2EB808,0x2ED398
591,0x92CE0,0x12CE0,0x28065C,4,0x820B,0x820C,0x92FE4,0x27F718,during_opcode,watched,"mod=cfunction.ext",0x3F,0x1FF,0x2EB808,0x2ED398
592,0x92CE0,0x12CE0,0x28065C,4,0x820C,0x820D,0x92FE4,0x27F718,during_opcode,watched,"mod=cfunction.ext",0x3F,0x1FF,0x2EB808,0x2ED398
593,0x92F54,0x12F54,0x28065C,4,0x820D,0x820E,0x1,0x27F718,during_opcode,watched,"mod=cfunction.ext",0x3F,0x1FF,0x2EB808,0x2ED398
594,0x92F54,0x12F54,0x28065C,4,0x820E,0x820F,0x1C7,0x27F718,during_opcode,watched,"mod=cfunction.ext",0x3F,0x1FF,0x2EB808,0x2ED398
595,0x92CE0,0x12CE0,0x28065C,4,0x820F,0x8210,0x92FE4,0x27F718,during_opcode,watched,"mod=cfunction.ext",0x3F,0x1FF,0x2EB808,0x2ED398
596,0x92CE0,0x12CE0,0x28065C,4,0x8210,0x8211,0x92FE4,0x27F718,during_opcode,watched,"mod=cfunction.ext",0x3F,0x1FF,0x2EB808,0x2ED398
597,0x92CE0,0x12CE0,0x28065C,4,0x8211,0x8212,0x92FE4,0x27F718,during_opcode,watched,"mod=cfunction.ext",0x3F,0x1FF,0x2EB808,0x2ED398
598,0x92CE0,0x12CE0,0x28065C,4,0x8212,0x8213,0x92FE4,0x27F718,during_opcode,watched,"mod=cfunction.ext",0x3F,0x1FF,0x2EB808,0x2ED398
599,0x92D68,0x12D68,0x28065C,4,0x8213,0x8214,0xD0158,0x27F718,during_opcode,watched,"mod=cfunction.ext",0x3F,0x1FF,0x2EB808,0x2ED398
600,0x92CE0,0x12CE0,0x28065C,4,0x8214,0x8215,0xD0158,0x27F718,during_opcode,watched,"mod=cfunction.ext",0x3F,0x1FF,0x2EB808,0x2ED398
601,0x92CE0,0x12CE0,0x28065C,4,0x8215,0x8216,0xD0158,0x27F718,during_opcode,watched,"mod=cfunction.ext",0x3F,0x1FF,0x2EB808,0x2ED398
602,0x92CE0,0x12CE0,0x28065C,4,0x8216,0x8217,0xD0158,0x27F718,during_opcode,watched,"mod=cfunction.ext",0x3F,0x1FF,0x2EB808,0x2ED398
603,0x92E6C,0x12E6C,0x28065C,4,0x8217,0x8218,0x2AF924,0x27F718,during_opcode,watched,"mod=cfunction.ext",0x3F,0x1FF,0x2EB808,0x2ED398
604,0x92F54,0x12F54,0x28065C,4,0x8218,0x8219,0x61,0x27F718,during_opcode,watched,"mod=cfunction.ext",0x3F,0x1FF,0x2EB808,0x2ED398
605,0x92CE0,0x12CE0,0x28065C,4,0x8219,0x821A,0x92FE4,0x27F718,during_opcode,watched,"mod=cfunction.ext",0x3F,0x1FF,0x2EB808,0x2ED398
606,0x92CE0,0x12CE0,0x28065C,4,0x821A,0x821B,0x92FE4,0x27F718,during_opcode,watched,"mod=cfunction.ext",0x3F,0x1FF,0x2EB808,0x2ED398
607,0x92F54,0x12F54,0x28065C,4,0x821B,0x821C,0x0,0x27F718,during_opcode,watched,"mod=cfunction.ext",0x3F,0x1FF,0x2EB808,0x2ED398
608,0x92CE0,0x12CE0,0x28065C,4,0x821C,0x821D,0x92FE4,0x27F718,during_opcode,watched,"mod=cfunction.ext",0x3F,0x1FF,0x2EB808,0x2ED398
609,0x92CE0,0x12CE0,0x28065C,4,0x821D,0x821E,0x92FE4,0x27F718,during_opcode,watched,"mod=cfunction.ext",0x3F,0x1FF,0x2EB808,0x2ED398
610,0x92CE0,0x12CE0,0x28065C,4,0x821E,0x821F,0x92FE4,0x27F718,during_opcode,watched,"mod=cfunction.ext",0x3F,0x1FF,0x2EB808,0x2ED398
611,0x92CE0,0x12CE0,0x28065C,4,0x821F,0x8220,0x92FE4,0x27F718,during_opcode,watched,"mod=cfunction.ext",0x3F,0x1FF,0x2EB808,0x2ED398
612,0x92F54,0x12F54,0x28065C,4,0x8220,0x8221,0x51,0x27F718,during_opcode,watched,"mod=cfunction.ext",0x3F,0x1FF,0x2EB808,0x2ED398
613,0x92CE0,0x12CE0,0x28065C,4,0x8221,0x8222,0x92FE4,0x27F718,during_opcode,watched,"mod=cfunction.ext",0x3F,0x1FF,0x2EB808,0x2ED398
614,0x92CE0,0x12CE0,0x28065C,4,0x8222,0x8223,0x92FE4,0x27F718,during_opcode,watched,"mod=cfunction.ext",0x3F,0x1FF,0x2EB808,0x2ED398
615,0x92CE0,0x12CE0,0x28065C,4,0x8223,0x8224,0x92FE4,0x27F718,during_opcode,watched,"mod=cfunction.ext",0x3F,0x1FF,0x2EB808,0x2ED398
616,0x92F54,0x12F54,0x28065C,4,0x8224,0x8225,0x3,0x27F718,during_opcode,watched,"mod=cfunction.ext",0x3F,0x1FF,0x2EB808,0x2ED398
617,0x92CE0,0x12CE0,0x28065C,4,0x8225,0x8226,0x92FE4,0x27F718,during_opcode,watched,"mod=cfunction.ext",0x3F,0x1FF,0x2EB808,0x2ED398
618,0x92CE0,0x12CE0,0x28065C,4,0x8226,0x8227,0x92FE4,0x27F718,during_opcode,watched,"mod=cfunction.ext",0x3F,0x1FF,0x2EB808,0x2ED398
619,0x92CE0,0x12CE0,0x28065C,4,0x8227,0x8228,0x92FE4,0x27F718,during_opcode,watched,"mod=cfunction.ext",0x3F,0x1FF,0x2EB808,0x2ED398
620,0x92F54,0x12F54,0x28065C,4,0x8228,0x8229,0x7,0x27F718,during_opcode,watched,"mod=cfunction.ext",0x3F,0x1FF,0x2EB808,0x2ED398
621,0x92CE0,0x12CE0,0x28065C,4,0x8229,0x822A,0x92FE4,0x27F718,during_opcode,watched,"mod=cfunction.ext",0x3F,0x1FF,0x2EB808,0x2ED398
622,0x92CE0,0x12CE0,0x28065C,4,0x822A,0x822B,0xD0158,0x27F718,during_opcode,watched,"mod=cfunction.ext",0x3F,0x1FF,0x2EB808,0x2ED398
623,0x92CE0,0x12CE0,0x28065C,4,0x822B,0x822C,0xD0158,0x27F718,during_opcode,watched,"mod=cfunction.ext",0x3F,0x1FF,0x2EB808,0x2ED398
624,0x92CE0,0x12CE0,0x28065C,4,0x822C,0x822D,0xD0158,0x27F718,during_opcode,watched,"mod=cfunction.ext",0x3F,0x1FF,0x2EB808,0x2ED398
625,0x92CE0,0x12CE0,0x28065C,4,0x822D,0x822E,0xD0158,0x27F718,during_opcode,watched,"mod=cfunction.ext",0x3F,0x1FF,0x2EB808,0x2ED398
626,0x92CE0,0x12CE0,0x28065C,4,0x822E,0x822F,0xD0158,0x27F718,during_opcode,watched,"mod=cfunction.ext",0x3F,0x1FF,0x2EB808,0x2ED398
627,0x92CE0,0x12CE0,0x28065C,4,0x822F,0x8230,0xD0158,0x27F718,during_opcode,watched,"mod=cfunction.ext",0x3F,0x1FF,0x2EB808,0x2ED398
628,0x92CE0,0x12CE0,0x28065C,4,0x8230,0x8231,0xD0158,0x27F718,during_opcode,watched,"mod=cfunction.ext",0x3F,0x1FF,0x2EB808,0x2ED398
629,0x92CE0,0x12CE0,0x28065C,4,0x8231,0x8232,0xD0158,0x27F718,during_opcode,watched,"mod=cfunction.ext",0x3F,0x1FF,0x2EB808,0x2ED398
630,0x92CE0,0x12CE0,0x28065C,4,0x8232,0x8233,0xD0158,0x27F718,during_opcode,watched,"mod=cfunction.ext",0x3F,0x1FF,0x2EB808,0x2ED398
631,0x92CE0,0x12CE0,0x28065C,4,0x8233,0x8234,0xD0158,0x27F718,during_opcode,watched,"mod=cfunction.ext",0x3F,0x1FF,0x2EB808,0x2ED398
632,0x92CE0,0x12CE0,0x28065C,4,0x8234,0x8235,0xD0158,0x27F718,during_opcode,watched,"mod=cfunction.ext",0x3F,0x1FF,0x2EB808,0x2ED398
633,0x92CE0,0x12CE0,0x28065C,4,0x8235,0x8236,0xD0158,0x27F718,during_opcode,watched,"mod=cfunction.ext",0x3F,0x1FF,0x2EB808,0x2ED398
634,0x92CE0,0x12CE0,0x28065C,4,0x8236,0x8237,0xD0158,0x27F718,during_opcode,watched,"mod=cfunction.ext",0x3F,0x1FF,0x2EB808,0x2ED398
635,0x92CE0,0x12CE0,0x28065C,4,0x8237,0x8238,0xD0158,0x27F718,during_opcode,watched,"mod=cfunction.ext",0x3F,0x1FF,0x2EB808,0x2ED398
636,0x92CE0,0x12CE0,0x28065C,4,0x8238,0x8239,0xD0158,0x27F718,during_opcode,watched,"mod=cfunction.ext",0x3F,0x1FF,0x2EB808,0x2ED398
637,0x92F54,0x12F54,0x28065C,4,0x8239,0x823A,0x3,0x27F718,during_opcode,watched,"mod=cfunction.ext",0x3F,0x1FF,0x2EB808,0x2ED398
638,0x92CE0,0x12CE0,0x28065C,4,0x823A,0x823B,0x92FE4,0x27F718,during_opcode,watched,"mod=cfunction.ext",0x3F,0x1FF,0x2EB808,0x2ED398
639,0x92CE0,0x12CE0,0x28065C,4,0x823B,0x823C,0x92FE4,0x27F718,during_opcode,watched,"mod=cfunction.ext",0x3F,0x1FF,0x2EB808,0x2ED398
640,0x92CE0,0x12CE0,0x28065C,4,0x823C,0x823D,0x92FE4,0x27F718,during_opcode,watched,"mod=cfunction.ext",0x3F,0x1FF,0x2EB808,0x2ED398
641,0x92CE0,0x12CE0,0x28065C,4,0x823D,0x823E,0x92FE4,0x27F718,during_opcode,watched,"mod=cfunction.ext",0x3F,0x1FF,0x2EB808,0x2ED398
642,0x92CE0,0x12CE0,0x28065C,4,0x823E,0x823F,0x92FE4,0x27F718,during_opcode,watched,"mod=cfunction.ext",0x3F,0x1FF,0x2EB808,0x2ED398
643,0x92CE0,0x12CE0,0x28065C,4,0x823F,0x8240,0x92FE4,0x27F718,during_opcode,watched,"mod=cfunction.ext",0x3F,0x1FF,0x2EB808,0x2ED398
644,0x92CE0,0x12CE0,0x28065C,4,0x8240,0x8241,0x92FE4,0x27F718,during_opcode,watched,"mod=cfunction.ext",0x3F,0x1FF,0x2EB808,0x2ED398
645,0x92D68,0x12D68,0x28065C,4,0x8241,0x8242,0xD0158,0x27F718,during_opcode,watched,"mod=cfunction.ext",0x3F,0x1FF,0x2EB808,0x2ED398
646,0x92CE0,0x12CE0,0x28065C,4,0x8242,0x8243,0xD0158,0x27F718,during_opcode,watched,"mod=cfunction.ext",0x3F,0x1FF,0x2EB808,0x2ED398
647,0x92CE0,0x12CE0,0x28065C,4,0x8243,0x8244,0xD0158,0x27F718,during_opcode,watched,"mod=cfunction.ext",0x3F,0x1FF,0x2EB808,0x2ED398
648,0x92CE0,0x12CE0,0x28065C,4,0x8244,0x8245,0xD0158,0x27F718,during_opcode,watched,"mod=cfunction.ext",0x3F,0x1FF,0x2EB808,0x2ED398
649,0x92CE0,0x12CE0,0x28065C,4,0x8245,0x8246,0xD0158,0x27F718,during_opcode,watched,"mod=cfunction.ext",0x3F,0x1FF,0x2EB808,0x2ED398
650,0x92CE0,0x12CE0,0x28065C,4,0x8246,0x8247,0xD0158,0x27F718,during_opcode,watched,"mod=cfunction.ext",0x3F,0x1FF,0x2EB808,0x2ED398
651,0x92CE0,0x12CE0,0x28065C,4,0x8247,0x8248,0xD0158,0x27F718,during_opcode,watched,"mod=cfunction.ext",0x3F,0x1FF,0x2EB808,0x2ED398
652,0x92CE0,0x12CE0,0x28065C,4,0x8248,0x8249,0xD0158,0x27F718,during_opcode,watched,"mod=cfunction.ext",0x3F,0x1FF,0x2EB808,0x2ED398
653,0x92CE0,0x12CE0,0x28065C,4,0x8249,0x824A,0xD0158,0x27F718,during_opcode,watched,"mod=cfunction.ext",0x3F,0x1FF,0x2EB808,0x2ED398
654,0x92CE0,0x12CE0,0x28065C,4,0x824A,0x824B,0xD0158,0x27F718,during_opcode,watched,"mod=cfunction.ext",0x3F,0x1FF,0x2EB808,0x2ED398
655,0x92D68,0x12D68,0x28065C,4,0x824B,0x824C,0xD0158,0x27F718,during_opcode,watched,"mod=cfunction.ext",0x3F,0x1FF,0x2EB808,0x2ED398
656,0x92CE0,0x12CE0,0x28065C,4,0x824C,0x824D,0xD0158,0x27F718,during_opcode,watched,"mod=cfunction.ext",0x3F,0x1FF,0x2EB808,0x2ED398
657,0x92E6C,0x12E6C,0x28065C,4,0x824D,0x824E,0x2AF924,0x27F718,during_opcode,watched,"mod=cfunction.ext",0x3F,0x1FF,0x2EB808,0x2ED398
658,0x92F54,0x12F54,0x28065C,4,0x824E,0x824F,0x113,0x27F718,during_opcode,watched,"mod=cfunction.ext",0x3F,0x1FF,0x2EB808,0x2ED398
659,0x92CE0,0x12CE0,0x28065C,4,0x824F,0x8250,0x92FE4,0x27F718,during_opcode,watched,"mod=cfunction.ext",0x3F,0x1FF,0x2EB808,0x2ED398
660,0x92CE0,0x12CE0,0x28065C,4,0x8250,0x8251,0x92FE4,0x27F718,during_opcode,watched,"mod=cfunction.ext",0x3F,0x1FF,0x2EB808,0x2ED398
661,0x92CE0,0x12CE0,0x28065C,4,0x8251,0x8252,0x92FE4,0x27F718,during_opcode,watched,"mod=cfunction.ext",0x3F,0x1FF,0x2EB808,0x2ED398
662,0x92CE0,0x12CE0,0x28065C,4,0x8252,0x8253,0x92FE4,0x27F718,during_opcode,watched,"mod=cfunction.ext",0x3F,0x1FF,0x2EB808,0x2ED398
663,0x92CE0,0x12CE0,0x28065C,4,0x8253,0x8254,0x92FE4,0x27F718,during_opcode,watched,"mod=cfunction.ext",0x3F,0x1FF,0x2EB808,0x2ED398
664,0x92CE0,0x12CE0,0x28065C,4,0x8254,0x8255,0x92FE4,0x27F718,during_opcode,watched,"mod=cfunction.ext",0x3F,0x1FF,0x2EB808,0x2ED398
665,0x92CE0,0x12CE0,0x28065C,4,0x8255,0x8256,0x92FE4,0x27F718,during_opcode,watched,"mod=cfunction.ext",0x3F,0x1FF,0x2EB808,0x2ED398
666,0x92CE0,0x12CE0,0x28065C,4,0x8256,0x8257,0xD0158,0x27F718,during_opcode,watched,"mod=cfunction.ext",0x3F,0x1FF,0x2EB808,0x2ED398
667,0x92CE0,0x12CE0,0x28065C,4,0x8257,0x8258,0xD0158,0x27F718,during_opcode,watched,"mod=cfunction.ext",0x3F,0x1FF,0x2EB808,0x2ED398
668,0x92CE0,0x12CE0,0x28065C,4,0x8258,0x8259,0xD0158,0x27F718,during_opcode,watched,"mod=cfunction.ext",0x3F,0x1FF,0x2EB808,0x2ED398
669,0x92CE0,0x12CE0,0x28065C,4,0x8259,0x825A,0xD0158,0x27F718,during_opcode,watched,"mod=cfunction.ext",0x3F,0x1FF,0x2EB808,0x2ED398
670,0x92CE0,0x12CE0,0x28065C,4,0x825A,0x825B,0xD0158,0x27F718,during_opcode,watched,"mod=cfunction.ext",0x3F,0x1FF,0x2EB808,0x2ED398
671,0x92CE0,0x12CE0,0x28065C,4,0x825B,0x825C,0xD0158,0x27F718,during_opcode,watched,"mod=cfunction.ext",0x3F,0x1FF,0x2EB808,0x2ED398
672,0x92CE0,0x12CE0,0x28065C,4,0x825C,0x825D,0xD0158,0x27F718,during_opcode,watched,"mod=cfunction.ext",0x3F,0x1FF,0x2EB808,0x2ED398
673,0x92CE0,0x12CE0,0x28065C,4,0x825D,0x825E,0xD0158,0x27F718,during_opcode,watched,"mod=cfunction.ext",0x3F,0x1FF,0x2EB808,0x2ED398
674,0x92CE0,0x12CE0,0x28065C,4,0x825E,0x825F,0xD0158,0x27F718,during_opcode,watched,"mod=cfunction.ext",0x3F,0x1FF,0x2EB808,0x2ED398
675,0x92CE0,0x12CE0,0x28065C,4,0x825F,0x8260,0xD0158,0x27F718,during_opcode,watched,"mod=cfunction.ext",0x3F,0x1FF,0x2EB808,0x2ED398
676,0x92CE0,0x12CE0,0x28065C,4,0x8260,0x8261,0xD0158,0x27F718,during_opcode,watched,"mod=cfunction.ext",0x3F,0x1FF,0x2EB808,0x2ED398
677,0x92CE0,0x12CE0,0x28065C,4,0x8261,0x8262,0xD0158,0x27F718,during_opcode,watched,"mod=cfunction.ext",0x3F,0x1FF,0x2EB808,0x2ED398
678,0x92CE0,0x12CE0,0x28065C,4,0x8262,0x8263,0xD0158,0x27F718,during_opcode,watched,"mod=cfunction.ext",0x3F,0x1FF,0x2EB808,0x2ED398
679,0x92CE0,0x12CE0,0x28065C,4,0x8263,0x8264,0xD0158,0x27F718,during_opcode,watched,"mod=cfunction.ext",0x3F,0x1FF,0x2EB808,0x2ED398
680,0x92CE0,0x12CE0,0x28065C,4,0x8264,0x8265,0xD0158,0x27F718,during_opcode,watched,"mod=cfunction.ext",0x3F,0x1FF,0x2EB808,0x2ED398
681,0x92CE0,0x12CE0,0x28065C,4,0x8265,0x8266,0xD0158,0x27F718,during_opcode,watched,"mod=cfunction.ext",0x3F,0x1FF,0x2EB808,0x2ED398
682,0x92CE0,0x12CE0,0x28065C,4,0x8266,0x8267,0xD0158,0x27F718,during_opcode,watched,"mod=cfunction.ext",0x3F,0x1FF,0x2EB808,0x2ED398
683,0x92CE0,0x12CE0,0x28065C,4,0x8267,0x8268,0xD0158,0x27F718,during_opcode,watched,"mod=cfunction.ext",0x3F,0x1FF,0x2EB808,0x2ED398
684,0x92F54,0x12F54,0x28065C,4,0x8268,0x8269,0x1,0x27F718,during_opcode,watched,"mod=cfunction.ext",0x3F,0x1FF,0x2EB808,0x2ED398
685,0x92F54,0x12F54,0x28065C,4,0x8269,0x826A,0xB3,0x27F718,during_opcode,watched,"mod=cfunction.ext",0x3F,0x1FF,0x2EB808,0x2ED398
686,0x92CE0,0x12CE0,0x28065C,4,0x826A,0x826B,0x92FE4,0x27F718,during_opcode,watched,"mod=cfunction.ext",0x3F,0x1FF,0x2EB808,0x2ED398
687,0x92CE0,0x12CE0,0x28065C,4,0x826B,0x826C,0x92FE4,0x27F718,during_opcode,watched,"mod=cfunction.ext",0x3F,0x1FF,0x2EB808,0x2ED398
688,0x92CE0,0x12CE0,0x28065C,4,0x826C,0x826D,0x92FE4,0x27F718,during_opcode,watched,"mod=cfunction.ext",0x3F,0x1FF,0x2EB808,0x2ED398
689,0x92CE0,0x12CE0,0x28065C,4,0x826D,0x826E,0x92FE4,0x27F718,during_opcode,watched,"mod=cfunction.ext",0x3F,0x1FF,0x2EB808,0x2ED398
690,0x92CE0,0x12CE0,0x28065C,4,0x826E,0x826F,0x92FE4,0x27F718,during_opcode,watched,"mod=cfunction.ext",0x3F,0x1FF,0x2EB808,0x2ED398
691,0x92CE0,0x12CE0,0x28065C,4,0x826F,0x8270,0x92FE4,0x27F718,during_opcode,watched,"mod=cfunction.ext",0x3F,0x1FF,0x2EB808,0x2ED398
692,0x92CE0,0x12CE0,0x28065C,4,0x8270,0x8271,0x92FE4,0x27F718,during_opcode,watched,"mod=cfunction.ext",0x3F,0x1FF,0x2EB808,0x2ED398
693,0x92CE0,0x12CE0,0x28065C,4,0x8271,0x8272,0x92FE4,0x27F718,during_opcode,watched,"mod=cfunction.ext",0x3F,0x1FF,0x2EB808,0x2ED398
694,0x92CE0,0x12CE0,0x28065C,4,0x8272,0x8273,0x92FE4,0x27F718,during_opcode,watched,"mod=cfunction.ext",0x3F,0x1FF,0x2EB808,0x2ED398
695,0x92CE0,0x12CE0,0x28065C,4,0x8273,0x8274,0x92FE4,0x27F718,during_opcode,watched,"mod=cfunction.ext",0x3F,0x1FF,0x2EB808,0x2ED398
696,0x92CE0,0x12CE0,0x28065C,4,0x8274,0x8275,0x92FE4,0x27F718,during_opcode,watched,"mod=cfunction.ext",0x3F,0x1FF,0x2EB808,0x2ED398
697,0x92CE0,0x12CE0,0x28065C,4,0x8275,0x8276,0xD0158,0x27F718,during_opcode,watched,"mod=cfunction.ext",0x3F,0x1FF,0x2EB808,0x2ED398
698,0x92CE0,0x12CE0,0x28065C,4,0x8276,0x8277,0xD0158,0x27F718,during_opcode,watched,"mod=cfunction.ext",0x3F,0x1FF,0x2EB808,0x2ED398
699,0x92CE0,0x12CE0,0x28065C,4,0x8277,0x8278,0xD0158,0x27F718,during_opcode,watched,"mod=cfunction.ext",0x3F,0x1FF,0x2EB808,0x2ED398
700,0x92CE0,0x12CE0,0x28065C,4,0x8278,0x8279,0xD0158,0x27F718,during_opcode,watched,"mod=cfunction.ext",0x3F,0x1FF,0x2EB808,0x2ED398
701,0x92CE0,0x12CE0,0x28065C,4,0x8279,0x827A,0xD0158,0x27F718,during_opcode,watched,"mod=cfunction.ext",0x3F,0x1FF,0x2EB808,0x2ED398
702,0x92CE0,0x12CE0,0x28065C,4,0x827A,0x827B,0xD0158,0x27F718,during_opcode,watched,"mod=cfunction.ext",0x3F,0x1FF,0x2EB808,0x2ED398
703,0x92CE0,0x12CE0,0x28065C,4,0x827B,0x827C,0xD0158,0x27F718,during_opcode,watched,"mod=cfunction.ext",0x3F,0x1FF,0x2EB808,0x2ED398
704,0x92CE0,0x12CE0,0x28065C,4,0x827C,0x827D,0xD0158,0x27F718,during_opcode,watched,"mod=cfunction.ext",0x3F,0x1FF,0x2EB808,0x2ED398
705,0x92CE0,0x12CE0,0x28065C,4,0x827D,0x827E,0xD0158,0x27F718,during_opcode,watched,"mod=cfunction.ext",0x3F,0x1FF,0x2EB808,0x2ED398
706,0x92CE0,0x12CE0,0x28065C,4,0x827E,0x827F,0xD0158,0x27F718,during_opcode,watched,"mod=cfunction.ext",0x3F,0x1FF,0x2EB808,0x2ED398
707,0x92CE0,0x12CE0,0x28065C,4,0x827F,0x8280,0xD0158,0x27F718,during_opcode,watched,"mod=cfunction.ext",0x3F,0x1FF,0x2EB808,0x2ED398
708,0x92CE0,0x12CE0,0x28065C,4,0x8280,0x8281,0xD0158,0x27F718,during_opcode,watched,"mod=cfunction.ext",0x3F,0x1FF,0x2EB808,0x2ED398
709,0x92D68,0x12D68,0x28065C,4,0x8281,0x8282,0xD0158,0x27F718,during_opcode,watched,"mod=cfunction.ext",0x3F,0x1FF,0x2EB808,0x2ED398
710,0x92CE0,0x12CE0,0x28065C,4,0x8282,0x8283,0xD0158,0x27F718,during_opcode,watched,"mod=cfunction.ext",0x3F,0x1FF,0x2EB808,0x2ED398
711,0x92CE0,0x12CE0,0x28065C,4,0x8283,0x8284,0xD0158,0x27F718,during_opcode,watched,"mod=cfunction.ext",0x3F,0x1FF,0x2EB808,0x2ED398
712,0x92CE0,0x12CE0,0x28065C,4,0x8284,0x8285,0xD0158,0x27F718,during_opcode,watched,"mod=cfunction.ext",0x3F,0x1FF,0x2EB808,0x2ED398
713,0x92CE0,0x12CE0,0x28065C,4,0x8285,0x8286,0xD0158,0x27F718,during_opcode,watched,"mod=cfunction.ext",0x3F,0x1FF,0x2EB808,0x2ED398
714,0x92CE0,0x12CE0,0x28065C,4,0x8286,0x8287,0xD0158,0x27F718,during_opcode,watched,"mod=cfunction.ext",0x3F,0x1FF,0x2EB808,0x2ED398
715,0x92CE0,0x12CE0,0x28065C,4,0x8287,0x8288,0xD0158,0x27F718,during_opcode,watched,"mod=cfunction.ext",0x3F,0x1FF,0x2EB808,0x2ED398
716,0x92CE0,0x12CE0,0x28065C,4,0x8288,0x8289,0xD0158,0x27F718,during_opcode,watched,"mod=cfunction.ext",0x3F,0x1FF,0x2EB808,0x2ED398
717,0x92CE0,0x12CE0,0x28065C,4,0x8289,0x828A,0xD0158,0x27F718,during_opcode,watched,"mod=cfunction.ext",0x3F,0x1FF,0x2EB808,0x2ED398
718,0x92CE0,0x12CE0,0x28065C,4,0x828A,0x828B,0xD0158,0x27F718,during_opcode,watched,"mod=cfunction.ext",0x3F,0x1FF,0x2EB808,0x2ED398
719,0x92CE0,0x12CE0,0x28065C,4,0x828B,0x828C,0xD0158,0x27F718,during_opcode,watched,"mod=cfunction.ext",0x3F,0x1FF,0x2EB808,0x2ED398
720,0x92CE0,0x12CE0,0x28065C,4,0x828C,0x828D,0xD0158,0x27F718,during_opcode,watched,"mod=cfunction.ext",0x3F,0x1FF,0x2EB808,0x2ED398
721,0x92D68,0x12D68,0x28065C,4,0x828D,0x828E,0xD0158,0x27F718,during_opcode,watched,"mod=cfunction.ext",0x3F,0x1FF,0x2EB808,0x2ED398
722,0x92CE0,0x12CE0,0x28065C,4,0x828E,0x828F,0xD0158,0x27F718,during_opcode,watched,"mod=cfunction.ext",0x3F,0x1FF,0x2EB808,0x2ED398
723,0x92D68,0x12D68,0x28065C,4,0x828F,0x8290,0xD0158,0x27F718,during_opcode,watched,"mod=cfunction.ext",0x3F,0x1FF,0x2EB808,0x2ED398
724,0x92CE0,0x12CE0,0x28065C,4,0x8290,0x8291,0xD0158,0x27F718,during_opcode,watched,"mod=cfunction.ext",0x3F,0x1FF,0x2EB808,0x2ED398
725,0x92CE0,0x12CE0,0x28065C,4,0x8291,0x8292,0xD0158,0x27F718,during_opcode,watched,"mod=cfunction.ext",0x3F,0x1FF,0x2EB808,0x2ED398
726,0x92CE0,0x12CE0,0x28065C,4,0x8292,0x8293,0xD0158,0x27F718,during_opcode,watched,"mod=cfunction.ext",0x3F,0x1FF,0x2EB808,0x2ED398
727,0x92CE0,0x12CE0,0x28065C,4,0x8293,0x8294,0xD0158,0x27F718,during_opcode,watched,"mod=cfunction.ext",0x3F,0x1FF,0x2EB808,0x2ED398
728,0x92F54,0x12F54,0x28065C,4,0x8294,0x8295,0xB,0x27F718,during_opcode,watched,"mod=cfunction.ext",0x3F,0x1FF,0x2EB808,0x2ED398
729,0x92CE0,0x12CE0,0x28065C,4,0x8295,0x8296,0x92FE4,0x27F718,during_opcode,watched,"mod=cfunction.ext",0x3F,0x1FF,0x2EB808,0x2ED398
730,0x92CE0,0x12CE0,0x28065C,4,0x8296,0x8297,0xD0158,0x27F718,during_opcode,watched,"mod=cfunction.ext",0x3F,0x1FF,0x2EB808,0x2ED398
731,0x92F54,0x12F54,0x28065C,4,0x8297,0x8298,0x1,0x27F718,during_opcode,watched,"mod=cfunction.ext",0x3F,0x1FF,0x2EB808,0x2ED398
732,0x92CE0,0x12CE0,0x28065C,4,0x8298,0x8299,0x92FE4,0x27F718,during_opcode,watched,"mod=cfunction.ext",0x3F,0x1FF,0x2EB808,0x2ED398
733,0x92CE0,0x12CE0,0x28065C,4,0x8299,0x829A,0x92FE4,0x27F718,during_opcode,watched,"mod=cfunction.ext",0x3F,0x1FF,0x2EB808,0x2ED398
734,0x92CE0,0x12CE0,0x28065C,4,0x829A,0x829B,0x92FE4,0x27F718,during_opcode,watched,"mod=cfunction.ext",0x3F,0x1FF,0x2EB808,0x2ED398
735,0x92CE0,0x12CE0,0x28065C,4,0x829B,0x829C,0x92FE4,0x27F718,during_opcode,watched,"mod=cfunction.ext",0x3F,0x1FF,0x2EB808,0x2ED398
736,0x92CE0,0x12CE0,0x28065C,4,0x829C,0x829D,0x92FE4,0x27F718,during_opcode,watched,"mod=cfunction.ext",0x3F,0x1FF,0x2EB808,0x2ED398
737,0x92CE0,0x12CE0,0x28065C,4,0x829D,0x829E,0x92FE4,0x27F718,during_opcode,watched,"mod=cfunction.ext",0x3F,0x1FF,0x2EB808,0x2ED398
738,0x92CE0,0x12CE0,0x28065C,4,0x829E,0x829F,0x92FE4,0x27F718,during_opcode,watched,"mod=cfunction.ext",0x3F,0x1FF,0x2EB808,0x2ED398
739,0x92CE0,0x12CE0,0x28065C,4,0x829F,0x82A0,0x92FE4,0x27F718,during_opcode,watched,"mod=cfunction.ext",0x3F,0x1FF,0x2EB808,0x2ED398
740,0x92F54,0x12F54,0x28065C,4,0x82A0,0x82A1,0x7,0x27F718,during_opcode,watched,"mod=cfunction.ext",0x3F,0x1FF,0x2EB808,0x2ED398
741,0x92CE0,0x12CE0,0x28065C,4,0x82A1,0x82A2,0x92FE4,0x27F718,during_opcode,watched,"mod=cfunction.ext",0x3F,0x1FF,0x2EB808,0x2ED398
742,0x92CE0,0x12CE0,0x28065C,4,0x82A2,0x82A3,0x92FE4,0x27F718,during_opcode,watched,"mod=cfunction.ext",0x3F,0x1FF,0x2EB808,0x2ED398
743,0x92CE0,0x12CE0,0x28065C,4,0x82A3,0x82A4,0x92FE4,0x27F718,during_opcode,watched,"mod=cfunction.ext",0x3F,0x1FF,0x2EB808,0x2ED398
744,0x92CE0,0x12CE0,0x28065C,4,0x82A4,0x82A5,0x92FE4,0x27F718,during_opcode,watched,"mod=cfunction.ext",0x3F,0x1FF,0x2EB808,0x2ED398
745,0x92CE0,0x12CE0,0x28065C,4,0x82A5,0x82A6,0x92FE4,0x27F718,during_opcode,watched,"mod=cfunction.ext",0x3F,0x1FF,0x2EB808,0x2ED398
746,0x92CE0,0x12CE0,0x28065C,4,0x82A6,0x82A7,0x92FE4,0x27F718,during_opcode,watched,"mod=cfunction.ext",0x3F,0x1FF,0x2EB808,0x2ED398
747,0x92CE0,0x12CE0,0x28065C,4,0x82A7,0x82A8,0x92FE4,0x27F718,during_opcode,watched,"mod=cfunction.ext",0x3F,0x1FF,0x2EB808,0x2ED398
748,0x92F54,0x12F54,0x28065C,4,0x82A8,0x82A9,0x4D,0x27F718,during_opcode,watched,"mod=cfunction.ext",0x3F,0x1FF,0x2EB808,0x2ED398
749,0x92CE0,0x12CE0,0x28065C,4,0x82A9,0x82AA,0x92FE4,0x27F718,during_opcode,watched,"mod=cfunction.ext",0x3F,0x1FF,0x2EB808,0x2ED398
750,0x92CE0,0x12CE0,0x28065C,4,0x82AA,0x82AB,0x92FE4,0x27F718,during_opcode,watched,"mod=cfunction.ext",0x3F,0x1FF,0x2EB808,0x2ED398
751,0x92F54,0x12F54,0x28065C,4,0x82AB,0x82AC,0x9,0x27F718,during_opcode,watched,"mod=cfunction.ext",0x3F,0x1FF,0x2EB808,0x2ED398
752,0x92CE0,0x12CE0,0x28065C,4,0x82AC,0x82AD,0x92FE4,0x27F718,during_opcode,watched,"mod=cfunction.ext",0x3F,0x1FF,0x2EB808,0x2ED398
753,0x92CE0,0x12CE0,0x28065C,4,0x82AD,0x82AE,0x92FE4,0x27F718,during_opcode,watched,"mod=cfunction.ext",0x3F,0x1FF,0x2EB808,0x2ED398
754,0x92F54,0x12F54,0x28065C,4,0x82AE,0x82AF,0x3,0x27F718,during_opcode,watched,"mod=cfunction.ext",0x3F,0x1FF,0x2EB808,0x2ED398
755,0x92F54,0x12F54,0x28065C,4,0x82AF,0x82B0,0xD3,0x27F718,during_opcode,watched,"mod=cfunction.ext",0x3F,0x1FF,0x2EB808,0x2ED398
756,0x92CE0,0x12CE0,0x28065C,4,0x82B0,0x82B1,0x92FE4,0x27F718,during_opcode,watched,"mod=cfunction.ext",0x3F,0x1FF,0x2EB808,0x2ED398
757,0x92F54,0x12F54,0x28065C,4,0x82B1,0x82B2,0x1D,0x27F718,during_opcode,watched,"mod=cfunction.ext",0x3F,0x1FF,0x2EB808,0x2ED398
758,0x92CE0,0x12CE0,0x28065C,4,0x82B2,0x82B3,0x92FE4,0x27F718,during_opcode,watched,"mod=cfunction.ext",0x3F,0x1FF,0x2EB808,0x2ED398
759,0x92CE0,0x12CE0,0x28065C,4,0x82B3,0x82B4,0x92FE4,0x27F718,during_opcode,watched,"mod=cfunction.ext",0x3F,0x1FF,0x2EB808,0x2ED398
760,0x92F54,0x12F54,0x28065C,4,0x82B4,0x82B5,0x1,0x27F718,during_opcode,watched,"mod=cfunction.ext",0x3F,0x1FF,0x2EB808,0x2ED398
761,0x92CE0,0x12CE0,0x28065C,4,0x82B5,0x82B6,0x92FE4,0x27F718,during_opcode,watched,"mod=cfunction.ext",0x3F,0x1FF,0x2EB808,0x2ED398
762,0x92CE0,0x12CE0,0x28065C,4,0x82B6,0x82B7,0x92FE4,0x27F718,during_opcode,watched,"mod=cfunction.ext",0x3F,0x1FF,0x2EB808,0x2ED398
763,0x92CE0,0x12CE0,0x28065C,4,0x82B7,0x82B8,0x92FE4,0x27F718,during_opcode,watched,"mod=cfunction.ext",0x3F,0x1FF,0x2EB808,0x2ED398
764,0x92F54,0x12F54,0x28065C,4,0x82B8,0x82B9,0x5,0x27F718,during_opcode,watched,"mod=cfunction.ext",0x3F,0x1FF,0x2EB808,0x2ED398
765,0x92CE0,0x12CE0,0x28065C,4,0x82B9,0x82BA,0x92FE4,0x27F718,during_opcode,watched,"mod=cfunction.ext",0x3F,0x1FF,0x2EB808,0x2ED398
766,0x92F54,0x12F54,0x28065C,4,0x82BA,0x82BB,0x3,0x27F718,during_opcode,watched,"mod=cfunction.ext",0x3F,0x1FF,0x2EB808,0x2ED398
767,0x92CE0,0x12CE0,0x28065C,4,0x82BB,0x82BC,0x92FE4,0x27F718,during_opcode,watched,"mod=cfunction.ext",0x3F,0x1FF,0x2EB808,0x2ED398
768,0x92CE0,0x12CE0,0x28065C,4,0x82BC,0x82BD,0x92FE4,0x27F718,during_opcode,watched,"mod=cfunction.ext",0x3F,0x1FF,0x2EB808,0x2ED398
769,0x92CE0,0x12CE0,0x28065C,4,0x82BD,0x82BE,0x92FE4,0x27F718,during_opcode,watched,"mod=cfunction.ext",0x3F,0x1FF,0x2EB808,0x2ED398
770,0x92CE0,0x12CE0,0x28065C,4,0x82BE,0x82BF,0x92FE4,0x27F718,during_opcode,watched,"mod=cfunction.ext",0x3F,0x1FF,0x2EB808,0x2ED398
771,0x92CE0,0x12CE0,0x28065C,4,0x82BF,0x82C0,0xD0158,0x27F718,during_opcode,watched,"mod=cfunction.ext",0x3F,0x1FF,0x2EB808,0x2ED398
772,0x92CE0,0x12CE0,0x28065C,4,0x82C0,0x82C1,0xD0158,0x27F718,during_opcode,watched,"mod=cfunction.ext",0x3F,0x1FF,0x2EB808,0x2ED398
773,0x92CE0,0x12CE0,0x28065C,4,0x82C1,0x82C2,0xD0158,0x27F718,during_opcode,watched,"mod=cfunction.ext",0x3F,0x1FF,0x2EB808,0x2ED398
774,0x92CE0,0x12CE0,0x28065C,4,0x82C2,0x82C3,0xD0158,0x27F718,during_opcode,watched,"mod=cfunction.ext",0x3F,0x1FF,0x2EB808,0x2ED398
775,0x92CE0,0x12CE0,0x28065C,4,0x82C3,0x82C4,0xD0158,0x27F718,during_opcode,watched,"mod=cfunction.ext",0x3F,0x1FF,0x2EB808,0x2ED398
776,0x92CE0,0x12CE0,0x28065C,4,0x82C4,0x82C5,0xD0158,0x27F718,during_opcode,watched,"mod=cfunction.ext",0x3F,0x1FF,0x2EB808,0x2ED398
777,0x92CE0,0x12CE0,0x28065C,4,0x82C5,0x82C6,0xD0158,0x27F718,during_opcode,watched,"mod=cfunction.ext",0x3F,0x1FF,0x2EB808,0x2ED398
778,0x92F54,0x12F54,0x28065C,4,0x82C6,0x82C7,0x11,0x27F718,during_opcode,watched,"mod=cfunction.ext",0x3F,0x1FF,0x2EB808,0x2ED398
779,0x92CE0,0x12CE0,0x28065C,4,0x82C7,0x82C8,0x92FE4,0x27F718,during_opcode,watched,"mod=cfunction.ext",0x3F,0x1FF,0x2EB808,0x2ED398
780,0x92CE0,0x12CE0,0x28065C,4,0x82C8,0x82C9,0x92FE4,0x27F718,during_opcode,watched,"mod=cfunction.ext",0x3F,0x1FF,0x2EB808,0x2ED398
781,0x92E6C,0x12E6C,0x28065C,4,0x82C9,0x82CA,0x2AF924,0x27F718,during_opcode,watched,"mod=cfunction.ext",0x3F,0x1FF,0x2EB808,0x2ED398
782,0x92F54,0x12F54,0x28065C,4,0x82CA,0x82CB,0x1B,0x27F718,during_opcode,watched,"mod=cfunction.ext",0x3F,0x1FF,0x2EB808,0x2ED398
783,0x92CE0,0x12CE0,0x28065C,4,0x82CB,0x82CC,0x92FE4,0x27F718,during_opcode,watched,"mod=cfunction.ext",0x3F,0x1FF,0x2EB808,0x2ED398
784,0x92E6C,0x12E6C,0x28065C,4,0x82CC,0x82CD,0x2AF924,0x27F718,during_opcode,watched,"mod=cfunction.ext",0x3F,0x1FF,0x2EB808,0x2ED398
785,0x92CE0,0x12CE0,0x28065C,4,0x82CD,0x82CE,0x92FE4,0x27F718,during_opcode,watched,"mod=cfunction.ext",0x3F,0x1FF,0x2EB808,0x2ED398
786,0x92CE0,0x12CE0,0x28065C,4,0x82CE,0x82CF,0x92FE4,0x27F718,during_opcode,watched,"mod=cfunction.ext",0x3F,0x1FF,0x2EB808,0x2ED398
787,0x92CE0,0x12CE0,0x28065C,4,0x82CF,0x82D0,0xD0158,0x27F718,during_opcode,watched,"mod=cfunction.ext",0x3F,0x1FF,0x2EB808,0x2ED398
788,0x92CE0,0x12CE0,0x28065C,4,0x82D0,0x82D1,0xD0158,0x27F718,during_opcode,watched,"mod=cfunction.ext",0x3F,0x1FF,0x2EB808,0x2ED398
789,0x92CE0,0x12CE0,0x28065C,4,0x82D1,0x82D2,0xD0158,0x27F718,during_opcode,watched,"mod=cfunction.ext",0x3F,0x1FF,0x2EB808,0x2ED398
790,0x92F54,0x12F54,0x28065C,4,0x82D2,0x82D3,0x7,0x27F718,during_opcode,watched,"mod=cfunction.ext",0x3F,0x1FF,0x2EB808,0x2ED398
791,0x92CE0,0x12CE0,0x28065C,4,0x82D3,0x82D4,0x92FE4,0x27F718,during_opcode,watched,"mod=cfunction.ext",0x3F,0x1FF,0x2EB808,0x2ED398
792,0x92E6C,0x12E6C,0x28065C,4,0x82D4,0x82D5,0x2AF924,0x27F718,during_opcode,watched,"mod=cfunction.ext",0x3F,0x1FF,0x2EB808,0x2ED398
793,0x92CE0,0x12CE0,0x28065C,4,0x82D5,0x82D6,0x92FE4,0x27F718,during_opcode,watched,"mod=cfunction.ext",0x3F,0x1FF,0x2EB808,0x2ED398
794,0x92CE0,0x12CE0,0x28065C,4,0x82D6,0x82D7,0xD0158,0x27F718,during_opcode,watched,"mod=cfunction.ext",0x3F,0x1FF,0x2EB808,0x2ED398
795,0x92E6C,0x12E6C,0x28065C,4,0x82D7,0x82D8,0x2AF924,0x27F718,during_opcode,watched,"mod=cfunction.ext",0x3F,0x1FF,0x2EB808,0x2ED398
796,0x92F54,0x12F54,0x28065C,4,0x82D8,0x82D9,0x2F,0x27F718,during_opcode,watched,"mod=cfunction.ext",0x3F,0x1FF,0x2EB808,0x2ED398
797,0x92CE0,0x12CE0,0x28065C,4,0x82D9,0x82DA,0x92FE4,0x27F718,during_opcode,watched,"mod=cfunction.ext",0x3F,0x1FF,0x2EB808,0x2ED398
798,0x92CE0,0x12CE0,0x28065C,4,0x82DA,0x82DB,0x92FE4,0x27F718,during_opcode,watched,"mod=cfunction.ext",0x3F,0x1FF,0x2EB808,0x2ED398
799,0x92CE0,0x12CE0,0x28065C,4,0x82DB,0x82DC,0x92FE4,0x27F718,during_opcode,watched,"mod=cfunction.ext",0x3F,0x1FF,0x2EB808,0x2ED398
800,0x92CE0,0x12CE0,0x28065C,4,0x82DC,0x82DD,0x92FE4,0x27F718,during_opcode,watched,"mod=cfunction.ext",0x3F,0x1FF,0x2EB808,0x2ED398
801,0x92CE0,0x12CE0,0x28065C,4,0x82DD,0x82DE,0x92FE4,0x27F718,during_opcode,watched,"mod=cfunction.ext",0x3F,0x1FF,0x2EB808,0x2ED398
802,0x92CE0,0x12CE0,0x28065C,4,0x82DE,0x82DF,0x92FE4,0x27F718,during_opcode,watched,"mod=cfunction.ext",0x3F,0x1FF,0x2EB808,0x2ED398
803,0x92CE0,0x12CE0,0x28065C,4,0x82DF,0x82E0,0x92FE4,0x27F718,during_opcode,watched,"mod=cfunction.ext",0x3F,0x1FF,0x2EB808,0x2ED398
804,0x92F54,0x12F54,0x28065C,4,0x82E0,0x82E1,0x2D,0x27F718,during_opcode,watched,"mod=cfunction.ext",0x3F,0x1FF,0x2EB808,0x2ED398
805,0x92CE0,0x12CE0,0x28065C,4,0x82E1,0x82E2,0x92FE4,0x27F718,during_opcode,watched,"mod=cfunction.ext",0x3F,0x1FF,0x2EB808,0x2ED398
806,0x92CE0,0x12CE0,0x28065C,4,0x82E2,0x82E3,0x92FE4,0x27F718,during_opcode,watched,"mod=cfunction.ext",0x3F,0x1FF,0x2EB808,0x2ED398
807,0x92CE0,0x12CE0,0x28065C,4,0x82E3,0x82E4,0x92FE4,0x27F718,during_opcode,watched,"mod=cfunction.ext",0x3F,0x1FF,0x2EB808,0x2ED398
808,0x92F54,0x12F54,0x28065C,4,0x82E4,0x82E5,0x2F,0x27F718,during_opcode,watched,"mod=cfunction.ext",0x3F,0x1FF,0x2EB808,0x2ED398
809,0x92CE0,0x12CE0,0x28065C,4,0x82E5,0x82E6,0x92FE4,0x27F718,during_opcode,watched,"mod=cfunction.ext",0x3F,0x1FF,0x2EB808,0x2ED398
810,0x92CE0,0x12CE0,0x28065C,4,0x82E6,0x82E7,0x92FE4,0x27F718,during_opcode,watched,"mod=cfunction.ext",0x3F,0x1FF,0x2EB808,0x2ED398
811,0x92CE0,0x12CE0,0x28065C,4,0x82E7,0x82E8,0x92FE4,0x27F718,during_opcode,watched,"mod=cfunction.ext",0x3F,0x1FF,0x2EB808,0x2ED398
812,0x92F54,0x12F54,0x28065C,4,0x82E8,0x82E9,0x7F,0x27F718,during_opcode,watched,"mod=cfunction.ext",0x3F,0x1FF,0x2EB808,0x2ED398
813,0x92CE0,0x12CE0,0x28065C,4,0x82E9,0x82EA,0x92FE4,0x27F718,during_opcode,watched,"mod=cfunction.ext",0x3F,0x1FF,0x2EB808,0x2ED398
814,0x92F54,0x12F54,0x28065C,4,0x82EA,0x82EB,0x9,0x27F718,during_opcode,watched,"mod=cfunction.ext",0x3F,0x1FF,0x2EB808,0x2ED398
815,0x92CE0,0x12CE0,0x28065C,4,0x82EB,0x82EC,0x92FE4,0x27F718,during_opcode,watched,"mod=cfunction.ext",0x3F,0x1FF,0x2EB808,0x2ED398
816,0x92CE0,0x12CE0,0x28065C,4,0x82EC,0x82ED,0x92FE4,0x27F718,during_opcode,watched,"mod=cfunction.ext",0x3F,0x1FF,0x2EB808,0x2ED398
817,0x92CE0,0x12CE0,0x28065C,4,0x82ED,0x82EE,0x92FE4,0x27F718,during_opcode,watched,"mod=cfunction.ext",0x3F,0x1FF,0x2EB808,0x2ED398
818,0x92CE0,0x12CE0,0x28065C,4,0x82EE,0x82EF,0x92FE4,0x27F718,during_opcode,watched,"mod=cfunction.ext",0x3F,0x1FF,0x2EB808,0x2ED398
819,0x92CE0,0x12CE0,0x28065C,4,0x82EF,0x82F0,0x92FE4,0x27F718,during_opcode,watched,"mod=cfunction.ext",0x3F,0x1FF,0x2EB808,0x2ED398
820,0x92E0C,0x12E0C,0x28065C,4,0x82F0,0x82F1,0x28065C,0x27F718,during_opcode,watched,"mod=cfunction.ext",0x3F,0x1FF,0x2EB808,0x2ED398
821,0x92F54,0x12F54,0x28065C,4,0x82F1,0x82F2,0x5,0x27F718,during_opcode,watched,"mod=cfunction.ext",0x3F,0x1FF,0x2EB808,0x2ED398
822,0x92CE0,0x12CE0,0x28065C,4,0x82F2,0x82F3,0x92FE4,0x27F718,during_opcode,watched,"mod=cfunction.ext",0x3F,0x1FF,0x2EB808,0x2ED398
823,0x92CE0,0x12CE0,0x28065C,4,0x82F3,0x82F4,0x92FE4,0x27F718,during_opcode,watched,"mod=cfunction.ext",0x3F,0x1FF,0x2EB808,0x2ED398
824,0x92CE0,0x12CE0,0x28065C,4,0x82F4,0x82F5,0x92FE4,0x27F718,during_opcode,watched,"mod=cfunction.ext",0x3F,0x1FF,0x2EB808,0x2ED398
825,0x92CE0,0x12CE0,0x28065C,4,0x82F5,0x82F6,0x92FE4,0x27F718,during_opcode,watched,"mod=cfunction.ext",0x3F,0x1FF,0x2EB808,0x2ED398
826,0x92CE0,0x12CE0,0x28065C,4,0x82F6,0x82F7,0x92FE4,0x27F718,during_opcode,watched,"mod=cfunction.ext",0x3F,0x1FF,0x2EB808,0x2ED398
827,0x92CE0,0x12CE0,0x28065C,4,0x82F7,0x82F8,0x92FE4,0x27F718,during_opcode,watched,"mod=cfunction.ext",0x3F,0x1FF,0x2EB808,0x2ED398
828,0x92CE0,0x12CE0,0x28065C,4,0x82F8,0x82F9,0x92FE4,0x27F718,during_opcode,watched,"mod=cfunction.ext",0x3F,0x1FF,0x2EB808,0x2ED398
829,0x92CE0,0x12CE0,0x28065C,4,0x82F9,0x82FA,0x92FE4,0x27F718,during_opcode,watched,"mod=cfunction.ext",0x3F,0x1FF,0x2EB808,0x2ED398
830,0x92CE0,0x12CE0,0x28065C,4,0x82FA,0x82FB,0x92FE4,0x27F718,during_opcode,watched,"mod=cfunction.ext",0x3F,0x1FF,0x2EB808,0x2ED398
831,0x92CE0,0x12CE0,0x28065C,4,0x82FB,0x82FC,0x92FE4,0x27F718,during_opcode,watched,"mod=cfunction.ext",0x3F,0x1FF,0x2EB808,0x2ED398
832,0x92CE0,0x12CE0,0x28065C,4,0x82FC,0x82FD,0x92FE4,0x27F718,during_opcode,watched,"mod=cfunction.ext",0x3F,0x1FF,0x2EB808,0x2ED398
833,0x92F54,0x12F54,0x28065C,4,0x82FD,0x82FE,0x3,0x27F718,during_opcode,watched,"mod=cfunction.ext",0x3F,0x1FF,0x2EB808,0x2ED398
834,0x92CE0,0x12CE0,0x28065C,4,0x82FE,0x82FF,0x92FE4,0x27F718,during_opcode,watched,"mod=cfunction.ext",0x3F,0x1FF,0x2EB808,0x2ED398
835,0x92CE0,0x12CE0,0x28065C,4,0x82FF,0x8300,0xD0158,0x27F718,during_opcode,watched,"mod=cfunction.ext",0x3F,0x1FF,0x2EB808,0x2ED398
836,0x92CE0,0x12CE0,0x28065C,4,0x8300,0x8301,0xD0158,0x27F718,during_opcode,watched,"mod=cfunction.ext",0x3F,0x1FF,0x2EB808,0x2ED398
837,0x92E6C,0x12E6C,0x28065C,4,0x8301,0x8302,0x2AF924,0x27F718,during_opcode,watched,"mod=cfunction.ext",0x3F,0x1FF,0x2EB808,0x2ED398
838,0x92F54,0x12F54,0x28065C,4,0x8302,0x8303,0x16B,0x27F718,during_opcode,watched,"mod=cfunction.ext",0x3F,0x1FF,0x2EB808,0x2ED398
839,0x92CE0,0x12CE0,0x28065C,4,0x8303,0x8304,0x92FE4,0x27F718,during_opcode,watched,"mod=cfunction.ext",0x3F,0x1FF,0x2EB808,0x2ED398
840,0x92F54,0x12F54,0x28065C,4,0x8304,0x8305,0x3,0x27F718,during_opcode,watched,"mod=cfunction.ext",0x3F,0x1FF,0x2EB808,0x2ED398
841,0x92F54,0x12F54,0x28065C,4,0x8305,0x8306,0x3B,0x27F718,during_opcode,watched,"mod=cfunction.ext",0x3F,0x1FF,0x2EB808,0x2ED398
842,0x92CE0,0x12CE0,0x28065C,4,0x8306,0x8307,0x92FE4,0x27F718,during_opcode,watched,"mod=cfunction.ext",0x3F,0x1FF,0x2EB808,0x2ED398
843,0x92F54,0x12F54,0x28065C,4,0x8307,0x8308,0x3,0x27F718,during_opcode,watched,"mod=cfunction.ext",0x3F,0x1FF,0x2EB808,0x2ED398
844,0x92CE0,0x12CE0,0x28065C,4,0x8308,0x8309,0x92FE4,0x27F718,during_opcode,watched,"mod=cfunction.ext",0x3F,0x1FF,0x2EB808,0x2ED398
845,0x92CE0,0x12CE0,0x28065C,4,0x8309,0x830A,0x92FE4,0x27F718,during_opcode,watched,"mod=cfunction.ext",0x3F,0x1FF,0x2EB808,0x2ED398
846,0x92CE0,0x12CE0,0x28065C,4,0x830A,0x830B,0x92FE4,0x27F718,during_opcode,watched,"mod=cfunction.ext",0x3F,0x1FF,0x2EB808,0x2ED398
847,0x92CE0,0x12CE0,0x28065C,4,0x830B,0x830C,0x92FE4,0x27F718,during_opcode,watched,"mod=cfunction.ext",0x3F,0x1FF,0x2EB808,0x2ED398
848,0x92CE0,0x12CE0,0x28065C,4,0x830C,0x830D,0x92FE4,0x27F718,during_opcode,watched,"mod=cfunction.ext",0x3F,0x1FF,0x2EB808,0x2ED398
849,0x92CE0,0x12CE0,0x28065C,4,0x830D,0x830E,0x92FE4,0x27F718,during_opcode,watched,"mod=cfunction.ext",0x3F,0x1FF,0x2EB808,0x2ED398
850,0x92CE0,0x12CE0,0x28065C,4,0x830E,0x830F,0x92FE4,0x27F718,during_opcode,watched,"mod=cfunction.ext",0x3F,0x1FF,0x2EB808,0x2ED398
851,0x92CE0,0x12CE0,0x28065C,4,0x830F,0x8310,0x92FE4,0x27F718,during_opcode,watched,"mod=cfunction.ext",0x3F,0x1FF,0x2EB808,0x2ED398
852,0x92CE0,0x12CE0,0x28065C,4,0x8310,0x8311,0x92FE4,0x27F718,during_opcode,watched,"mod=cfunction.ext",0x3F,0x1FF,0x2EB808,0x2ED398
853,0x92E6C,0x12E6C,0x28065C,4,0x8311,0x8312,0x2AF924,0x27F718,during_opcode,watched,"mod=cfunction.ext",0x3F,0x1FF,0x2EB808,0x2ED398
854,0x92CE0,0x12CE0,0x28065C,4,0x8312,0x8313,0x92FE4,0x27F718,during_opcode,watched,"mod=cfunction.ext",0x3F,0x1FF,0x2EB808,0x2ED398
855,0x92CE0,0x12CE0,0x28065C,4,0x8313,0x8314,0x92FE4,0x27F718,during_opcode,watched,"mod=cfunction.ext",0x3F,0x1FF,0x2EB808,0x2ED398
856,0x92CE0,0x12CE0,0x28065C,4,0x8314,0x8315,0x92FE4,0x27F718,during_opcode,watched,"mod=cfunction.ext",0x3F,0x1FF,0x2EB808,0x2ED398
857,0x92CE0,0x12CE0,0x28065C,4,0x8315,0x8316,0xD0158,0x27F718,during_opcode,watched,"mod=cfunction.ext",0x3F,0x1FF,0x2EB808,0x2ED398
858,0x92E6C,0x12E6C,0x28065C,4,0x8316,0x8317,0x2AF924,0x27F718,during_opcode,watched,"mod=cfunction.ext",0x3F,0x1FF,0x2EB808,0x2ED398
859,0x92CE0,0x12CE0,0x28065C,4,0x8317,0x8318,0x92FE4,0x27F718,during_opcode,watched,"mod=cfunction.ext",0x3F,0x1FF,0x2EB808,0x2ED398
860,0x92F54,0x12F54,0x28065C,4,0x8318,0x8319,0x7,0x27F718,during_opcode,watched,"mod=cfunction.ext",0x3F,0x1FF,0x2EB808,0x2ED398
861,0x92CE0,0x12CE0,0x28065C,4,0x8319,0x831A,0x92FE4,0x27F718,during_opcode,watched,"mod=cfunction.ext",0x3F,0x1FF,0x2EB808,0x2ED398
862,0x92CE0,0x12CE0,0x28065C,4,0x831A,0x831B,0x92FE4,0x27F718,during_opcode,watched,"mod=cfunction.ext",0x3F,0x1FF,0x2EB808,0x2ED398
863,0x92CE0,0x12CE0,0x28065C,4,0x831B,0x831C,0x92FE4,0x27F718,during_opcode,watched,"mod=cfunction.ext",0x3F,0x1FF,0x2EB808,0x2ED398
864,0x92CE0,0x12CE0,0x28065C,4,0x831C,0x831D,0x92FE4,0x27F718,during_opcode,watched,"mod=cfunction.ext",0x3F,0x1FF,0x2EB808,0x2ED398
865,0x92CE0,0x12CE0,0x28065C,4,0x831D,0x831E,0x92FE4,0x27F718,during_opcode,watched,"mod=cfunction.ext",0x3F,0x1FF,0x2EB808,0x2ED398
866,0x92CE0,0x12CE0,0x28065C,4,0x831E,0x831F,0x92FE4,0x27F718,during_opcode,watched,"mod=cfunction.ext",0x3F,0x1FF,0x2EB808,0x2ED398
867,0x92CE0,0x12CE0,0x28065C,4,0x831F,0x8320,0x92FE4,0x27F718,during_opcode,watched,"mod=cfunction.ext",0x3F,0x1FF,0x2EB808,0x2ED398
868,0x92CE0,0x12CE0,0x28065C,4,0x8320,0x8321,0x92FE4,0x27F718,during_opcode,watched,"mod=cfunction.ext",0x3F,0x1FF,0x2EB808,0x2ED398
869,0x92CE0,0x12CE0,0x28065C,4,0x8321,0x8322,0x92FE4,0x27F718,during_opcode,watched,"mod=cfunction.ext",0x3F,0x1FF,0x2EB808,0x2ED398
870,0x92CE0,0x12CE0,0x28065C,4,0x8322,0x8323,0x92FE4,0x27F718,during_opcode,watched,"mod=cfunction.ext",0x3F,0x1FF,0x2EB808,0x2ED398
871,0x92CE0,0x12CE0,0x28065C,4,0x8323,0x8324,0x92FE4,0x27F718,during_opcode,watched,"mod=cfunction.ext",0x3F,0x1FF,0x2EB808,0x2ED398
872,0x92CE0,0x12CE0,0x28065C,4,0x8324,0x8325,0x92FE4,0x27F718,during_opcode,watched,"mod=cfunction.ext",0x3F,0x1FF,0x2EB808,0x2ED398
873,0x92CE0,0x12CE0,0x28065C,4,0x8325,0x8326,0x92FE4,0x27F718,during_opcode,watched,"mod=cfunction.ext",0x3F,0x1FF,0x2EB808,0x2ED398
874,0x92CE0,0x12CE0,0x28065C,4,0x8326,0x8327,0x92FE4,0x27F718,during_opcode,watched,"mod=cfunction.ext",0x3F,0x1FF,0x2EB808,0x2ED398
875,0x92CE0,0x12CE0,0x28065C,4,0x8327,0x8328,0x92FE4,0x27F718,during_opcode,watched,"mod=cfunction.ext",0x3F,0x1FF,0x2EB808,0x2ED398
876,0x92CE0,0x12CE0,0x28065C,4,0x8328,0x8329,0x92FE4,0x27F718,during_opcode,watched,"mod=cfunction.ext",0x3F,0x1FF,0x2EB808,0x2ED398
877,0x92E6C,0x12E6C,0x28065C,4,0x8329,0x832A,0x2AF924,0x27F718,during_opcode,watched,"mod=cfunction.ext",0x3F,0x1FF,0x2EB808,0x2ED398
878,0x92F54,0x12F54,0x28065C,4,0x832A,0x832B,0x45,0x27F718,during_opcode,watched,"mod=cfunction.ext",0x3F,0x1FF,0x2EB808,0x2ED398
879,0x92CE0,0x12CE0,0x28065C,4,0x832B,0x832C,0x92FE4,0x27F718,during_opcode,watched,"mod=cfunction.ext",0x3F,0x1FF,0x2EB808,0x2ED398
880,0x92CE0,0x12CE0,0x28065C,4,0x832C,0x832D,0x92FE4,0x27F718,during_opcode,watched,"mod=cfunction.ext",0x3F,0x1FF,0x2EB808,0x2ED398
881,0x92CE0,0x12CE0,0x28065C,4,0x832D,0x832E,0x92FE4,0x27F718,during_opcode,watched,"mod=cfunction.ext",0x3F,0x1FF,0x2EB808,0x2ED398
882,0x92F54,0x12F54,0x28065C,4,0x832E,0x832F,0x37,0x27F718,during_opcode,watched,"mod=cfunction.ext",0x3F,0x1FF,0x2EB808,0x2ED398
883,0x92CE0,0x12CE0,0x28065C,4,0x832F,0x8330,0x92FE4,0x27F718,during_opcode,watched,"mod=cfunction.ext",0x3F,0x1FF,0x2EB808,0x2ED398
884,0x92CE0,0x12CE0,0x28065C,4,0x8330,0x8331,0x92FE4,0x27F718,during_opcode,watched,"mod=cfunction.ext",0x3F,0x1FF,0x2EB808,0x2ED398
885,0x92CE0,0x12CE0,0x28065C,4,0x8331,0x8332,0x92FE4,0x27F718,during_opcode,watched,"mod=cfunction.ext",0x3F,0x1FF,0x2EB808,0x2ED398
886,0x92CE0,0x12CE0,0x28065C,4,0x8332,0x8333,0x92FE4,0x27F718,during_opcode,watched,"mod=cfunction.ext",0x3F,0x1FF,0x2EB808,0x2ED398
887,0x92F54,0x12F54,0x28065C,4,0x8333,0x8334,0x5,0x27F718,during_opcode,watched,"mod=cfunction.ext",0x3F,0x1FF,0x2EB808,0x2ED398
888,0x92CE0,0x12CE0,0x28065C,4,0x8334,0x8335,0x92FE4,0x27F718,during_opcode,watched,"mod=cfunction.ext",0x3F,0x1FF,0x2EB808,0x2ED398
889,0x92CE0,0x12CE0,0x28065C,4,0x8335,0x8336,0x92FE4,0x27F718,during_opcode,watched,"mod=cfunction.ext",0x3F,0x1FF,0x2EB808,0x2ED398
890,0x92F54,0x12F54,0x28065C,4,0x8336,0x8337,0x1,0x27F718,during_opcode,watched,"mod=cfunction.ext",0x3F,0x1FF,0x2EB808,0x2ED398
891,0x92CE0,0x12CE0,0x28065C,4,0x8337,0x8338,0x92FE4,0x27F718,during_opcode,watched,"mod=cfunction.ext",0x3F,0x1FF,0x2EB808,0x2ED398
892,0x92CE0,0x12CE0,0x28065C,4,0x8338,0x8339,0x92FE4,0x27F718,during_opcode,watched,"mod=cfunction.ext",0x3F,0x1FF,0x2EB808,0x2ED398
893,0x92CE0,0x12CE0,0x28065C,4,0x8339,0x833A,0x92FE4,0x27F718,during_opcode,watched,"mod=cfunction.ext",0x3F,0x1FF,0x2EB808,0x2ED398
894,0x92F54,0x12F54,0x28065C,4,0x833A,0x833B,0x1,0x27F718,during_opcode,watched,"mod=cfunction.ext",0x3F,0x1FF,0x2EB808,0x2ED398
895,0x92F54,0x12F54,0x28065C,4,0x833B,0x833C,0x5D1,0x27F718,during_opcode,watched,"mod=cfunction.ext",0x3F,0x1FF,0x2EB808,0x2ED398
896,0x92CE0,0x12CE0,0x28065C,4,0x833C,0x833D,0x92FE4,0x27F718,during_opcode,watched,"mod=cfunction.ext",0x3F,0x1FF,0x2EB808,0x2ED398
897,0x92CE0,0x12CE0,0x28065C,4,0x833D,0x833E,0x92FE4,0x27F718,during_opcode,watched,"mod=cfunction.ext",0x3F,0x1FF,0x2EB808,0x2ED398
898,0x92CE0,0x12CE0,0x28065C,4,0x833E,0x833F,0x92FE4,0x27F718,during_opcode,watched,"mod=cfunction.ext",0x3F,0x1FF,0x2EB808,0x2ED398
899,0x92CE0,0x12CE0,0x28065C,4,0x833F,0x8340,0x92FE4,0x27F718,during_opcode,watched,"mod=cfunction.ext",0x3F,0x1FF,0x2EB808,0x2ED398
900,0x92E6C,0x12E6C,0x28065C,4,0x8340,0x8341,0x2AF924,0x27F718,during_opcode,watched,"mod=cfunction.ext",0x3F,0x1FF,0x2EB808,0x2ED398
901,0x92CE0,0x12CE0,0x28065C,4,0x8341,0x8342,0x92FE4,0x27F718,during_opcode,watched,"mod=cfunction.ext",0x3F,0x1FF,0x2EB808,0x2ED398
902,0x92CE0,0x12CE0,0x28065C,4,0x8342,0x8343,0x92FE4,0x27F718,during_opcode,watched,"mod=cfunction.ext",0x3F,0x1FF,0x2EB808,0x2ED398
903,0x92F54,0x12F54,0x28065C,4,0x8343,0x8344,0x1,0x27F718,during_opcode,watched,"mod=cfunction.ext",0x3F,0x1FF,0x2EB808,0x2ED398
904,0x92CE0,0x12CE0,0x28065C,4,0x8344,0x8345,0x92FE4,0x27F718,during_opcode,watched,"mod=cfunction.ext",0x3F,0x1FF,0x2EB808,0x2ED398
905,0x92F54,0x12F54,0x28065C,4,0x8345,0x8346,0x17,0x27F718,during_opcode,watched,"mod=cfunction.ext",0x3F,0x1FF,0x2EB808,0x2ED398
906,0x92CE0,0x12CE0,0x28065C,4,0x8346,0x8347,0x92FE4,0x27F718,during_opcode,watched,"mod=cfunction.ext",0x3F,0x1FF,0x2EB808,0x2ED398
907,0x92CE0,0x12CE0,0x28065C,4,0x8347,0x8348,0x92FE4,0x27F718,during_opcode,watched,"mod=cfunction.ext",0x3F,0x1FF,0x2EB808,0x2ED398
908,0x92F54,0x12F54,0x28065C,4,0x8348,0x8349,0x3,0x27F718,during_opcode,watched,"mod=cfunction.ext",0x3F,0x1FF,0x2EB808,0x2ED398
909,0x92CE0,0x12CE0,0x28065C,4,0x8349,0x834A,0x92FE4,0x27F718,during_opcode,watched,"mod=cfunction.ext",0x3F,0x1FF,0x2EB808,0x2ED398
910,0x92CE0,0x12CE0,0x28065C,4,0x834A,0x834B,0x92FE4,0x27F718,during_opcode,watched,"mod=cfunction.ext",0x3F,0x1FF,0x2EB808,0x2ED398
911,0x92CE0,0x12CE0,0x28065C,4,0x834B,0x834C,0x92FE4,0x27F718,during_opcode,watched,"mod=cfunction.ext",0x3F,0x1FF,0x2EB808,0x2ED398
912,0x92F54,0x12F54,0x28065C,4,0x834C,0x834D,0x1F,0x27F718,during_opcode,watched,"mod=cfunction.ext",0x3F,0x1FF,0x2EB808,0x2ED398
913,0x92CE0,0x12CE0,0x28065C,4,0x834D,0x834E,0x92FE4,0x27F718,during_opcode,watched,"mod=cfunction.ext",0x3F,0x1FF,0x2EB808,0x2ED398
914,0x92F54,0x12F54,0x28065C,4,0x834E,0x834F,0x5,0x27F718,during_opcode,watched,"mod=cfunction.ext",0x3F,0x1FF,0x2EB808,0x2ED398
915,0x92CE0,0x12CE0,0x28065C,4,0x834F,0x8350,0x92FE4,0x27F718,during_opcode,watched,"mod=cfunction.ext",0x3F,0x1FF,0x2EB808,0x2ED398
916,0x92F54,0x12F54,0x28065C,4,0x8350,0x8351,0x2B,0x27F718,during_opcode,watched,"mod=cfunction.ext",0x3F,0x1FF,0x2EB808,0x2ED398
917,0x92CE0,0x12CE0,0x28065C,4,0x8351,0x8352,0x92FE4,0x27F718,during_opcode,watched,"mod=cfunction.ext",0x3F,0x1FF,0x2EB808,0x2ED398
918,0x92CE0,0x12CE0,0x28065C,4,0x8352,0x8353,0x92FE4,0x27F718,during_opcode,watched,"mod=cfunction.ext",0x3F,0x1FF,0x2EB808,0x2ED398
919,0x92CE0,0x12CE0,0x28065C,4,0x8353,0x8354,0x92FE4,0x27F718,during_opcode,watched,"mod=cfunction.ext",0x3F,0x1FF,0x2EB808,0x2ED398
920,0x92CE0,0x12CE0,0x28065C,4,0x8354,0x8355,0x92FE4,0x27F718,during_opcode,watched,"mod=cfunction.ext",0x3F,0x1FF,0x2EB808,0x2ED398
921,0x92CE0,0x12CE0,0x28065C,4,0x8355,0x8356,0x92FE4,0x27F718,during_opcode,watched,"mod=cfunction.ext",0x3F,0x1FF,0x2EB808,0x2ED398
922,0x92D68,0x12D68,0x28065C,4,0x8356,0x8357,0xD0158,0x27F718,during_opcode,watched,"mod=cfunction.ext",0x3F,0x1FF,0x2EB808,0x2ED398
923,0x92CE0,0x12CE0,0x28065C,4,0x8357,0x8358,0xD0158,0x27F718,during_opcode,watched,"mod=cfunction.ext",0x3F,0x1FF,0x2EB808,0x2ED398
924,0x92CE0,0x12CE0,0x28065C,4,0x8358,0x8359,0x92FE4,0x27F718,during_opcode,watched,"mod=cfunction.ext",0x3F,0x1FF,0x2EB808,0x2ED398
925,0x92CE0,0x12CE0,0x28065C,4,0x8359,0x835A,0x92FE4,0x27F718,during_opcode,watched,"mod=cfunction.ext",0x3F,0x1FF,0x2EB808,0x2ED398
926,0x92CE0,0x12CE0,0x28065C,4,0x835A,0x835B,0x92FE4,0x27F718,during_opcode,watched,"mod=cfunction.ext",0x3F,0x1FF,0x2EB808,0x2ED398
927,0x92F54,0x12F54,0x28065C,4,0x835B,0x835C,0x3,0x27F718,during_opcode,watched,"mod=cfunction.ext",0x3F,0x1FF,0x2EB808,0x2ED398
928,0x92CE0,0x12CE0,0x28065C,4,0x835C,0x835D,0x92FE4,0x27F718,during_opcode,watched,"mod=cfunction.ext",0x3F,0x1FF,0x2EB808,0x2ED398
929,0x92CE0,0x12CE0,0x28065C,4,0x835D,0x835E,0xD0158,0x27F718,during_opcode,watched,"mod=cfunction.ext",0x3F,0x1FF,0x2EB808,0x2ED398
930,0x92F54,0x12F54,0x28065C,4,0x835E,0x835F,0x5,0x27F718,during_opcode,watched,"mod=cfunction.ext",0x3F,0x1FF,0x2EB808,0x2ED398
931,0x92F54,0x12F54,0x28065C,4,0x835F,0x8360,0x2CD,0x27F718,during_opcode,watched,"mod=cfunction.ext",0x3F,0x1FF,0x2EB808,0x2ED398
932,0x92CE0,0x12CE0,0x28065C,4,0x8360,0x8361,0x92FE4,0x27F718,during_opcode,watched,"mod=cfunction.ext",0x3F,0x1FF,0x2EB808,0x2ED398
933,0x92F54,0x12F54,0x28065C,4,0x8361,0x8362,0x5,0x27F718,during_opcode,watched,"mod=cfunction.ext",0x3F,0x1FF,0x2EB808,0x2ED398
934,0x92CE0,0x12CE0,0x28065C,4,0x8362,0x8363,0x92FE4,0x27F718,during_opcode,watched,"mod=cfunction.ext",0x3F,0x1FF,0x2EB808,0x2ED398
935,0x92CE0,0x12CE0,0x28065C,4,0x8363,0x8364,0xD0158,0x27F718,during_opcode,watched,"mod=cfunction.ext",0x3F,0x1FF,0x2EB808,0x2ED398
936,0x92CE0,0x12CE0,0x28065C,4,0x8364,0x8365,0xD0158,0x27F718,during_opcode,watched,"mod=cfunction.ext",0x3F,0x1FF,0x2EB808,0x2ED398
937,0x92F54,0x12F54,0x28065C,4,0x8365,0x8366,0x9,0x27F718,during_opcode,watched,"mod=cfunction.ext",0x3F,0x1FF,0x2EB808,0x2ED398
938,0x92F54,0x12F54,0x28065C,4,0x8366,0x8367,0xC49,0x27F718,during_opcode,watched,"mod=cfunction.ext",0x3F,0x1FF,0x2EB808,0x2ED398
939,0x92CE0,0x12CE0,0x28065C,4,0x8367,0x8368,0x92FE4,0x27F718,during_opcode,watched,"mod=cfunction.ext",0x3F,0x1FF,0x2EB808,0x2ED398
940,0x92CE0,0x12CE0,0x28065C,4,0x8368,0x8369,0x92FE4,0x27F718,during_opcode,watched,"mod=cfunction.ext",0x3F,0x1FF,0x2EB808,0x2ED398
941,0x92CE0,0x12CE0,0x28065C,4,0x8369,0x836A,0x92FE4,0x27F718,during_opcode,watched,"mod=cfunction.ext",0x3F,0x1FF,0x2EB808,0x2ED398
942,0x92CE0,0x12CE0,0x28065C,4,0x836A,0x836B,0x92FE4,0x27F718,during_opcode,watched,"mod=cfunction.ext",0x3F,0x1FF,0x2EB808,0x2ED398
943,0x92CE0,0x12CE0,0x28065C,4,0x836B,0x836C,0x92FE4,0x27F718,during_opcode,watched,"mod=cfunction.ext",0x3F,0x1FF,0x2EB808,0x2ED398
944,0x92F54,0x12F54,0x28065C,4,0x836C,0x836D,0x7,0x27F718,during_opcode,watched,"mod=cfunction.ext",0x3F,0x1FF,0x2EB808,0x2ED398
945,0x92CE0,0x12CE0,0x28065C,4,0x836D,0x836E,0x92FE4,0x27F718,during_opcode,watched,"mod=cfunction.ext",0x3F,0x1FF,0x2EB808,0x2ED398
946,0x92CE0,0x12CE0,0x28065C,4,0x836E,0x836F,0xD0158,0x27F718,during_opcode,watched,"mod=cfunction.ext",0x3F,0x1FF,0x2EB808,0x2ED398
947,0x92CE0,0x12CE0,0x28065C,4,0x836F,0x8370,0xD0158,0x27F718,during_opcode,watched,"mod=cfunction.ext",0x3F,0x1FF,0x2EB808,0x2ED398
948,0x92D68,0x12D68,0x28065C,4,0x8370,0x8371,0xD0158,0x27F718,during_opcode,watched,"mod=cfunction.ext",0x3F,0x1FF,0x2EB808,0x2ED398
949,0x92CE0,0x12CE0,0x28065C,4,0x8371,0x8372,0xD0158,0x27F718,during_opcode,watched,"mod=cfunction.ext",0x3F,0x1FF,0x2EB808,0x2ED398
950,0x92CE0,0x12CE0,0x28065C,4,0x8372,0x8373,0xD0158,0x27F718,during_opcode,watched,"mod=cfunction.ext",0x3F,0x1FF,0x2EB808,0x2ED398
951,0x92CE0,0x12CE0,0x28065C,4,0x8373,0x8374,0xD0158,0x27F718,during_opcode,watched,"mod=cfunction.ext",0x3F,0x1FF,0x2EB808,0x2ED398
952,0x92E6C,0x12E6C,0x28065C,4,0x8374,0x8375,0x2AF924,0x27F718,during_opcode,watched,"mod=cfunction.ext",0x3F,0x1FF,0x2EB808,0x2ED398
953,0x92F54,0x12F54,0x28065C,4,0x8375,0x8376,0xD3,0x27F718,during_opcode,watched,"mod=cfunction.ext",0x3F,0x1FF,0x2EB808,0x2ED398
954,0x92CE0,0x12CE0,0x28065C,4,0x8376,0x8377,0x92FE4,0x27F718,during_opcode,watched,"mod=cfunction.ext",0x3F,0x1FF,0x2EB808,0x2ED398
955,0x92E6C,0x12E6C,0x28065C,4,0x8377,0x8378,0x2AF924,0x27F718,during_opcode,watched,"mod=cfunction.ext",0x3F,0x1FF,0x2EB808,0x2ED398
956,0x92F54,0x12F54,0x28065C,4,0x8378,0x8379,0x99,0x27F718,during_opcode,watched,"mod=cfunction.ext",0x3F,0x1FF,0x2EB808,0x2ED398
957,0x92CE0,0x12CE0,0x28065C,4,0x8379,0x837A,0x92FE4,0x27F718,during_opcode,watched,"mod=cfunction.ext",0x3F,0x1FF,0x2EB808,0x2ED398
958,0x92F54,0x12F54,0x28065C,4,0x837A,0x837B,0x1,0x27F718,during_opcode,watched,"mod=cfunction.ext",0x3F,0x1FF,0x2EB808,0x2ED398
959,0x92CE0,0x12CE0,0x28065C,4,0x837B,0x837C,0x92FE4,0x27F718,during_opcode,watched,"mod=cfunction.ext",0x3F,0x1FF,0x2EB808,0x2ED398
960,0x92D68,0x12D68,0x28065C,4,0x837C,0x837D,0xD0158,0x27F718,during_opcode,watched,"mod=cfunction.ext",0x3F,0x1FF,0x2EB808,0x2ED398
961,0x92CE0,0x12CE0,0x28065C,4,0x837D,0x837E,0xD0158,0x27F718,during_opcode,watched,"mod=cfunction.ext",0x3F,0x1FF,0x2EB808,0x2ED398
962,0x92F54,0x12F54,0x28065C,4,0x837E,0x837F,0x1B,0x27F718,during_opcode,watched,"mod=cfunction.ext",0x3F,0x1FF,0x2EB808,0x2ED398
963,0x92CE0,0x12CE0,0x28065C,4,0x837F,0x8380,0x92FE4,0x27F718,during_opcode,watched,"mod=cfunction.ext",0x3F,0x1FF,0x2EB808,0x2ED398
964,0x92F54,0x12F54,0x28065C,4,0x8380,0x8381,0x1,0x27F718,during_opcode,watched,"mod=cfunction.ext",0x3F,0x1FF,0x2EB808,0x2ED398
965,0x92F54,0x12F54,0x28065C,4,0x8381,0x8382,0x5F,0x27F718,during_opcode,watched,"mod=cfunction.ext",0x3F,0x1FF,0x2EB808,0x2ED398
966,0x92CE0,0x12CE0,0x28065C,4,0x8382,0x8383,0x92FE4,0x27F718,during_opcode,watched,"mod=cfunction.ext",0x3F,0x1FF,0x2EB808,0x2ED398
967,0x92CE0,0x12CE0,0x28065C,4,0x8383,0x8384,0x92FE4,0x27F718,during_opcode,watched,"mod=cfunction.ext",0x3F,0x1FF,0x2EB808,0x2ED398
968,0x92F54,0x12F54,0x28065C,4,0x8384,0x8385,0xD,0x27F718,during_opcode,watched,"mod=cfunction.ext",0x3F,0x1FF,0x2EB808,0x2ED398
969,0x92CE0,0x12CE0,0x28065C,4,0x8385,0x8386,0x92FE4,0x27F718,during_opcode,watched,"mod=cfunction.ext",0x3F,0x1FF,0x2EB808,0x2ED398
970,0x92CE0,0x12CE0,0x28065C,4,0x8386,0x8387,0x92FE4,0x27F718,during_opcode,watched,"mod=cfunction.ext",0x3F,0x1FF,0x2EB808,0x2ED398
971,0x92CE0,0x12CE0,0x28065C,4,0x8387,0x8388,0x92FE4,0x27F718,during_opcode,watched,"mod=cfunction.ext",0x3F,0x1FF,0x2EB808,0x2ED398
972,0x92F54,0x12F54,0x28065C,4,0x8388,0x8389,0x1,0x27F718,during_opcode,watched,"mod=cfunction.ext",0x3F,0x1FF,0x2EB808,0x2ED398
973,0x92F54,0x12F54,0x28065C,4,0x8389,0x838A,0xED,0x27F718,during_opcode,watched,"mod=cfunction.ext",0x3F,0x1FF,0x2EB808,0x2ED398
974,0x92CE0,0x12CE0,0x28065C,4,0x838A,0x838B,0x92FE4,0x27F718,during_opcode,watched,"mod=cfunction.ext",0x3F,0x1FF,0x2EB808,0x2ED398
975,0x92F54,0x12F54,0x28065C,4,0x838B,0x838C,0x3F,0x27F718,during_opcode,watched,"mod=cfunction.ext",0x3F,0x1FF,0x2EB808,0x2ED398
976,0x92CE0,0x12CE0,0x28065C,4,0x838C,0x838D,0x92FE4,0x27F718,during_opcode,watched,"mod=cfunction.ext",0x3F,0x1FF,0x2EB808,0x2ED398
977,0x92CE0,0x12CE0,0x28065C,4,0x838D,0x838E,0x92FE4,0x27F718,during_opcode,watched,"mod=cfunction.ext",0x3F,0x1FF,0x2EB808,0x2ED398
978,0x92F54,0x12F54,0x28065C,4,0x838E,0x838F,0x9,0x27F718,during_opcode,watched,"mod=cfunction.ext",0x3F,0x1FF,0x2EB808,0x2ED398
979,0x92CE0,0x12CE0,0x28065C,4,0x838F,0x8390,0x92FE4,0x27F718,during_opcode,watched,"mod=cfunction.ext",0x3F,0x1FF,0x2EB808,0x2ED398
980,0x92E6C,0x12E6C,0x28065C,4,0x8390,0x8391,0x2AF924,0x27F718,during_opcode,watched,"mod=cfunction.ext",0x3F,0x1FF,0x2EB808,0x2ED398
981,0x92CE0,0x12CE0,0x28065C,4,0x8391,0x8392,0x92FE4,0x27F718,during_opcode,watched,"mod=cfunction.ext",0x3F,0x1FF,0x2EB808,0x2ED398
982,0x92CE0,0x12CE0,0x28065C,4,0x8392,0x8393,0x92FE4,0x27F718,during_opcode,watched,"mod=cfunction.ext",0x3F,0x1FF,0x2EB808,0x2ED398
983,0x92CE0,0x12CE0,0x28065C,4,0x8393,0x8394,0x92FE4,0x27F718,during_opcode,watched,"mod=cfunction.ext",0x3F,0x1FF,0x2EB808,0x2ED398
984,0x92CE0,0x12CE0,0x28065C,4,0x8394,0x8395,0x92FE4,0x27F718,during_opcode,watched,"mod=cfunction.ext",0x3F,0x1FF,0x2EB808,0x2ED398
985,0x92CE0,0x12CE0,0x28065C,4,0x8395,0x8396,0x92FE4,0x27F718,during_opcode,watched,"mod=cfunction.ext",0x3F,0x1FF,0x2EB808,0x2ED398
986,0x92CE0,0x12CE0,0x28065C,4,0x8396,0x8397,0x92FE4,0x27F718,during_opcode,watched,"mod=cfunction.ext",0x3F,0x1FF,0x2EB808,0x2ED398
987,0x92CE0,0x12CE0,0x28065C,4,0x8397,0x8398,0x92FE4,0x27F718,during_opcode,watched,"mod=cfunction.ext",0x3F,0x1FF,0x2EB808,0x2ED398
988,0x92CE0,0x12CE0,0x28065C,4,0x8398,0x8399,0x92FE4,0x27F718,during_opcode,watched,"mod=cfunction.ext",0x3F,0x1FF,0x2EB808,0x2ED398
989,0x92CE0,0x12CE0,0x28065C,4,0x8399,0x839A,0x92FE4,0x27F718,during_opcode,watched,"mod=cfunction.ext",0x3F,0x1FF,0x2EB808,0x2ED398
990,0x92CE0,0x12CE0,0x28065C,4,0x839A,0x839B,0x92FE4,0x27F718,during_opcode,watched,"mod=cfunction.ext",0x3F,0x1FF,0x2EB808,0x2ED398
991,0x92CE0,0x12CE0,0x28065C,4,0x839B,0x839C,0xD0158,0x27F718,during_opcode,watched,"mod=cfunction.ext",0x3F,0x1FF,0x2EB808,0x2ED398
992,0x92F54,0x12F54,0x28065C,4,0x839C,0x839D,0xF,0x27F718,during_opcode,watched,"mod=cfunction.ext",0x3F,0x1FF,0x2EB808,0x2ED398
993,0x92F54,0x12F54,0x28065C,4,0x839D,0x839E,0x42F,0x27F718,during_opcode,watched,"mod=cfunction.ext",0x3F,0x1FF,0x2EB808,0x2ED398
994,0x92CE0,0x12CE0,0x28065C,4,0x839E,0x839F,0x92FE4,0x27F718,during_opcode,watched,"mod=cfunction.ext",0x3F,0x1FF,0x2EB808,0x2ED398
995,0x92F54,0x12F54,0x28065C,4,0x839F,0x83A0,0x61,0x27F718,during_opcode,watched,"mod=cfunction.ext",0x3F,0x1FF,0x2EB808,0x2ED398
996,0x92CE0,0x12CE0,0x28065C,4,0x83A0,0x83A1,0x92FE4,0x27F718,during_opcode,watched,"mod=cfunction.ext",0x3F,0x1FF,0x2EB808,0x2ED398
997,0x92CE0,0x12CE0,0x28065C,4,0x83A1,0x83A2,0x92FE4,0x27F718,during_opcode,watched,"mod=cfunction.ext",0x3F,0x1FF,0x2EB808,0x2ED398
998,0x92CE0,0x12CE0,0x28065C,4,0x83A2,0x83A3,0x92FE4,0x27F718,during_opcode,watched,"mod=cfunction.ext",0x3F,0x1FF,0x2EB808,0x2ED398
999,0x92CE0,0x12CE0,0x28065C,4,0x83A3,0x83A4,0x92FE4,0x27F718,during_opcode,watched,"mod=cfunction.ext",0x3F,0x1FF,0x2EB808,0x2ED398
1000,0x92CE0,0x12CE0,0x28065C,4,0x83A4,0x83A5,0x92FE4,0x27F718,during_opcode,watched,"mod=cfunction.ext",0x3F,0x1FF,0x2EB808,0x2ED398
1001,0x92CE0,0x12CE0,0x28065C,4,0x83A5,0x83A6,0x92FE4,0x27F718,during_opcode,watched,"mod=cfunction.ext",0x3F,0x1FF,0x2EB808,0x2ED398
1002,0x92CE0,0x12CE0,0x28065C,4,0x83A6,0x83A7,0x92FE4,0x27F718,during_opcode,watched,"mod=cfunction.ext",0x3F,0x1FF,0x2EB808,0x2ED398
1003,0x92CE0,0x12CE0,0x28065C,4,0x83A7,0x83A8,0xD0158,0x27F718,during_opcode,watched,"mod=cfunction.ext",0x3F,0x1FF,0x2EB808,0x2ED398
1004,0x92CE0,0x12CE0,0x28065C,4,0x83A8,0x83A9,0xD0158,0x27F718,during_opcode,watched,"mod=cfunction.ext",0x3F,0x1FF,0x2EB808,0x2ED398
1005,0x92F54,0x12F54,0x28065C,4,0x83A9,0x83AA,0x13,0x27F718,during_opcode,watched,"mod=cfunction.ext",0x3F,0x1FF,0x2EB808,0x2ED398
1006,0x92CE0,0x12CE0,0x28065C,4,0x83AA,0x83AB,0x92FE4,0x27F718,during_opcode,watched,"mod=cfunction.ext",0x3F,0x1FF,0x2EB808,0x2ED398
1007,0x92F54,0x12F54,0x28065C,4,0x83AB,0x83AC,0x1,0x27F718,during_opcode,watched,"mod=cfunction.ext",0x3F,0x1FF,0x2EB808,0x2ED398
1008,0x92F54,0x12F54,0x28065C,4,0x83AC,0x83AD,0xD3,0x27F718,during_opcode,watched,"mod=cfunction.ext",0x3F,0x1FF,0x2EB808,0x2ED398
1009,0x92CE0,0x12CE0,0x28065C,4,0x83AD,0x83AE,0x92FE4,0x27F718,during_opcode,watched,"mod=cfunction.ext",0x3F,0x1FF,0x2EB808,0x2ED398
1010,0x92F54,0x12F54,0x28065C,4,0x83AE,0x83AF,0x3,0x27F718,during_opcode,watched,"mod=cfunction.ext",0x3F,0x1FF,0x2EB808,0x2ED398
1011,0x92CE0,0x12CE0,0x28065C,4,0x83AF,0x83B0,0x92FE4,0x27F718,during_opcode,watched,"mod=cfunction.ext",0x3F,0x1FF,0x2EB808,0x2ED398
1012,0x92CE0,0x12CE0,0x28065C,4,0x83B0,0x83B1,0x92FE4,0x27F718,during_opcode,watched,"mod=cfunction.ext",0x3F,0x1FF,0x2EB808,0x2ED398
1013,0x92CE0,0x12CE0,0x28065C,4,0x83B1,0x83B2,0x92FE4,0x27F718,during_opcode,watched,"mod=cfunction.ext",0x3F,0x1FF,0x2EB808,0x2ED398
1014,0x92F54,0x12F54,0x28065C,4,0x83B2,0x83B3,0x1,0x27F718,during_opcode,watched,"mod=cfunction.ext",0x3F,0x1FF,0x2EB808,0x2ED398
1015,0x92F54,0x12F54,0x28065C,4,0x83B3,0x83B4,0xA3,0x27F718,during_opcode,watched,"mod=cfunction.ext",0x3F,0x1FF,0x2EB808,0x2ED398
1016,0x92CE0,0x12CE0,0x28065C,4,0x83B4,0x83B5,0x92FE4,0x27F718,during_opcode,watched,"mod=cfunction.ext",0x3F,0x1FF,0x2EB808,0x2ED398
1017,0x92CE0,0x12CE0,0x28065C,4,0x83B5,0x83B6,0x92FE4,0x27F718,during_opcode,watched,"mod=cfunction.ext",0x3F,0x1FF,0x2EB808,0x2ED398
1018,0x92CE0,0x12CE0,0x28065C,4,0x83B6,0x83B7,0x92FE4,0x27F718,during_opcode,watched,"mod=cfunction.ext",0x3F,0x1FF,0x2EB808,0x2ED398
1019,0x92CE0,0x12CE0,0x28065C,4,0x83B7,0x83B8,0xD0158,0x27F718,during_opcode,watched,"mod=cfunction.ext",0x3F,0x1FF,0x2EB808,0x2ED398
1020,0x92CE0,0x12CE0,0x28065C,4,0x83B8,0x83B9,0xD0158,0x27F718,during_opcode,watched,"mod=cfunction.ext",0x3F,0x1FF,0x2EB808,0x2ED398
1021,0x92CE0,0x12CE0,0x28065C,4,0x83B9,0x83BA,0xD0158,0x27F718,during_opcode,watched,"mod=cfunction.ext",0x3F,0x1FF,0x2EB808,0x2ED398
1022,0x92CE0,0x12CE0,0x28065C,4,0x83BA,0x83BB,0xD0158,0x27F718,during_opcode,watched,"mod=cfunction.ext",0x3F,0x1FF,0x2EB808,0x2ED398
1023,0x92F54,0x12F54,0x28065C,4,0x83BB,0x83BC,0x7,0x27F718,during_opcode,watched,"mod=cfunction.ext",0x3F,0x1FF,0x2EB808,0x2ED398
1024,0x92CE0,0x12CE0,0x28065C,4,0x83BC,0x83BD,0x92FE4,0x27F718,during_opcode,watched,"mod=cfunction.ext",0x3F,0x1FF,0x2EB808,0x2ED398
1025,0x92CE0,0x12CE0,0x28065C,4,0x83BD,0x83BE,0x92FE4,0x27F718,during_opcode,watched,"mod=cfunction.ext",0x3F,0x1FF,0x2EB808,0x2ED398
1026,0x92F54,0x12F54,0x28065C,4,0x83BE,0x83BF,0x27,0x27F718,during_opcode,watched,"mod=cfunction.ext",0x3F,0x1FF,0x2EB808,0x2ED398
1027,0x92CE0,0x12CE0,0x28065C,4,0x83BF,0x83C0,0x92FE4,0x27F718,during_opcode,watched,"mod=cfunction.ext",0x3F,0x1FF,0x2EB808,0x2ED398
1028,0x92CE0,0x12CE0,0x28065C,4,0x83C0,0x83C1,0x92FE4,0x27F718,during_opcode,watched,"mod=cfunction.ext",0x3F,0x1FF,0x2EB808,0x2ED398
1029,0x92CE0,0x12CE0,0x28065C,4,0x83C1,0x83C2,0x92FE4,0x27F718,during_opcode,watched,"mod=cfunction.ext",0x3F,0x1FF,0x2EB808,0x2ED398
1030,0x92CE0,0x12CE0,0x28065C,4,0x83C2,0x83C3,0x92FE4,0x27F718,during_opcode,watched,"mod=cfunction.ext",0x3F,0x1FF,0x2EB808,0x2ED398
1031,0x92CE0,0x12CE0,0x28065C,4,0x83C3,0x83C4,0x92FE4,0x27F718,during_opcode,watched,"mod=cfunction.ext",0x3F,0x1FF,0x2EB808,0x2ED398
1032,0x92CE0,0x12CE0,0x28065C,4,0x83C4,0x83C5,0x92FE4,0x27F718,during_opcode,watched,"mod=cfunction.ext",0x3F,0x1FF,0x2EB808,0x2ED398
1033,0x92CE0,0x12CE0,0x28065C,4,0x83C5,0x83C6,0x92FE4,0x27F718,during_opcode,watched,"mod=cfunction.ext",0x3F,0x1FF,0x2EB808,0x2ED398
1034,0x92CE0,0x12CE0,0x28065C,4,0x83C6,0x83C7,0xD0158,0x27F718,during_opcode,watched,"mod=cfunction.ext",0x3F,0x1FF,0x2EB808,0x2ED398
1035,0x92CE0,0x12CE0,0x28065C,4,0x83C7,0x83C8,0xD0158,0x27F718,during_opcode,watched,"mod=cfunction.ext",0x3F,0x1FF,0x2EB808,0x2ED398
1036,0x92CE0,0x12CE0,0x28065C,4,0x83C8,0x83C9,0xD0158,0x27F718,during_opcode,watched,"mod=cfunction.ext",0x3F,0x1FF,0x2EB808,0x2ED398
1037,0x92CE0,0x12CE0,0x28065C,4,0x83C9,0x83CA,0xD0158,0x27F718,during_opcode,watched,"mod=cfunction.ext",0x3F,0x1FF,0x2EB808,0x2ED398
1038,0x92CE0,0x12CE0,0x28065C,4,0x83CA,0x83CB,0xD0158,0x27F718,during_opcode,watched,"mod=cfunction.ext",0x3F,0x1FF,0x2EB808,0x2ED398
1039,0x92CE0,0x12CE0,0x28065C,4,0x83CB,0x83CC,0xD0158,0x27F718,during_opcode,watched,"mod=cfunction.ext",0x3F,0x1FF,0x2EB808,0x2ED398
1040,0x92F54,0x12F54,0x28065C,4,0x83CC,0x83CD,0x5,0x27F718,during_opcode,watched,"mod=cfunction.ext",0x3F,0x1FF,0x2EB808,0x2ED398
1041,0x92CE0,0x12CE0,0x28065C,4,0x83CD,0x83CE,0x92FE4,0x27F718,during_opcode,watched,"mod=cfunction.ext",0x3F,0x1FF,0x2EB808,0x2ED398
1042,0x92CE0,0x12CE0,0x28065C,4,0x83CE,0x83CF,0x92FE4,0x27F718,during_opcode,watched,"mod=cfunction.ext",0x3F,0x1FF,0x2EB808,0x2ED398
1043,0x92CE0,0x12CE0,0x28065C,4,0x83CF,0x83D0,0x92FE4,0x27F718,during_opcode,watched,"mod=cfunction.ext",0x3F,0x1FF,0x2EB808,0x2ED398
1044,0x92CE0,0x12CE0,0x28065C,4,0x83D0,0x83D1,0x92FE4,0x27F718,during_opcode,watched,"mod=cfunction.ext",0x3F,0x1FF,0x2EB808,0x2ED398
1045,0x92CE0,0x12CE0,0x28065C,4,0x83D1,0x83D2,0x92FE4,0x27F718,during_opcode,watched,"mod=cfunction.ext",0x3F,0x1FF,0x2EB808,0x2ED398
1046,0x92CE0,0x12CE0,0x28065C,4,0x83D2,0x83D3,0x92FE4,0x27F718,during_opcode,watched,"mod=cfunction.ext",0x3F,0x1FF,0x2EB808,0x2ED398
1047,0x92CE0,0x12CE0,0x28065C,4,0x83D3,0x83D4,0x92FE4,0x27F718,during_opcode,watched,"mod=cfunction.ext",0x3F,0x1FF,0x2EB808,0x2ED398
1048,0x92CE0,0x12CE0,0x28065C,4,0x83D4,0x83D5,0x92FE4,0x27F718,during_opcode,watched,"mod=cfunction.ext",0x3F,0x1FF,0x2EB808,0x2ED398
1049,0x92CE0,0x12CE0,0x28065C,4,0x83D5,0x83D6,0x92FE4,0x27F718,during_opcode,watched,"mod=cfunction.ext",0x3F,0x1FF,0x2EB808,0x2ED398
1050,0x92E6C,0x12E6C,0x28065C,4,0x83D6,0x83D7,0x2AF924,0x27F718,during_opcode,watched,"mod=cfunction.ext",0x3F,0x1FF,0x2EB808,0x2ED398
1051,0x92CE0,0x12CE0,0x28065C,4,0x83D7,0x83D8,0x92FE4,0x27F718,during_opcode,watched,"mod=cfunction.ext",0x3F,0x1FF,0x2EB808,0x2ED398
1052,0x92CE0,0x12CE0,0x28065C,4,0x83D8,0x83D9,0x92FE4,0x27F718,during_opcode,watched,"mod=cfunction.ext",0x3F,0x1FF,0x2EB808,0x2ED398
1053,0x92CE0,0x12CE0,0x28065C,4,0x83D9,0x83DA,0x92FE4,0x27F718,during_opcode,watched,"mod=cfunction.ext",0x3F,0x1FF,0x2EB808,0x2ED398
1054,0x92F54,0x12F54,0x28065C,4,0x83DA,0x83DB,0x1,0x27F718,during_opcode,watched,"mod=cfunction.ext",0x3F,0x1FF,0x2EB808,0x2ED398
1055,0x92CE0,0x12CE0,0x28065C,4,0x83DB,0x83DC,0x92FE4,0x27F718,during_opcode,watched,"mod=cfunction.ext",0x3F,0x1FF,0x2EB808,0x2ED398
1056,0x92CE0,0x12CE0,0x28065C,4,0x83DC,0x83DD,0x92FE4,0x27F718,during_opcode,watched,"mod=cfunction.ext",0x3F,0x1FF,0x2EB808,0x2ED398
1057,0x92CE0,0x12CE0,0x28065C,4,0x83DD,0x83DE,0x92FE4,0x27F718,during_opcode,watched,"mod=cfunction.ext",0x3F,0x1FF,0x2EB808,0x2ED398
1058,0x92CE0,0x12CE0,0x28065C,4,0x83DE,0x83DF,0x92FE4,0x27F718,during_opcode,watched,"mod=cfunction.ext",0x3F,0x1FF,0x2EB808,0x2ED398
1059,0x92CE0,0x12CE0,0x28065C,4,0x83DF,0x83E0,0xD0158,0x27F718,during_opcode,watched,"mod=cfunction.ext",0x3F,0x1FF,0x2EB808,0x2ED398
1060,0x92CE0,0x12CE0,0x28065C,4,0x83E0,0x83E1,0xD0158,0x27F718,during_opcode,watched,"mod=cfunction.ext",0x3F,0x1FF,0x2EB808,0x2ED398
1061,0x92CE0,0x12CE0,0x28065C,4,0x83E1,0x83E2,0xD0158,0x27F718,during_opcode,watched,"mod=cfunction.ext",0x3F,0x1FF,0x2EB808,0x2ED398
1062,0x92CE0,0x12CE0,0x28065C,4,0x83E2,0x83E3,0xD0158,0x27F718,during_opcode,watched,"mod=cfunction.ext",0x3F,0x1FF,0x2EB808,0x2ED398
1063,0x92CE0,0x12CE0,0x28065C,4,0x83E3,0x83E4,0xD0158,0x27F718,during_opcode,watched,"mod=cfunction.ext",0x3F,0x1FF,0x2EB808,0x2ED398
1064,0x92CE0,0x12CE0,0x28065C,4,0x83E4,0x83E5,0xD0158,0x27F718,during_opcode,watched,"mod=cfunction.ext",0x3F,0x1FF,0x2EB808,0x2ED398
1065,0x92CE0,0x12CE0,0x28065C,4,0x83E5,0x83E6,0xD0158,0x27F718,during_opcode,watched,"mod=cfunction.ext",0x3F,0x1FF,0x2EB808,0x2ED398
1066,0x92CE0,0x12CE0,0x28065C,4,0x83E6,0x83E7,0xD0158,0x27F718,during_opcode,watched,"mod=cfunction.ext",0x3F,0x1FF,0x2EB808,0x2ED398
1067,0x92E6C,0x12E6C,0x28065C,4,0x83E7,0x83E8,0x2AF924,0x27F718,during_opcode,watched,"mod=cfunction.ext",0x3F,0x1FF,0x2EB808,0x2ED398
1068,0x92CE0,0x12CE0,0x28065C,4,0x83E8,0x83E9,0x92FE4,0x27F718,during_opcode,watched,"mod=cfunction.ext",0x3F,0x1FF,0x2EB808,0x2ED398
1069,0x92CE0,0x12CE0,0x28065C,4,0x83E9,0x83EA,0xD0158,0x27F718,during_opcode,watched,"mod=cfunction.ext",0x3F,0x1FF,0x2EB808,0x2ED398
1070,0x92F54,0x12F54,0x28065C,4,0x83EA,0x83EB,0x1,0x27F718,during_opcode,watched,"mod=cfunction.ext",0x3F,0x1FF,0x2EB808,0x2ED398
1071,0x92CE0,0x12CE0,0x28065C,4,0x83EB,0x83EC,0x92FE4,0x27F718,during_opcode,watched,"mod=cfunction.ext",0x3F,0x1FF,0x2EB808,0x2ED398
1072,0x92CE0,0x12CE0,0x28065C,4,0x83EC,0x83ED,0x92FE4,0x27F718,during_opcode,watched,"mod=cfunction.ext",0x3F,0x1FF,0x2EB808,0x2ED398
1073,0x92CE0,0x12CE0,0x28065C,4,0x83ED,0x83EE,0x92FE4,0x27F718,during_opcode,watched,"mod=cfunction.ext",0x3F,0x1FF,0x2EB808,0x2ED398
1074,0x92F54,0x12F54,0x28065C,4,0x83EE,0x83EF,0xF,0x27F718,during_opcode,watched,"mod=cfunction.ext",0x3F,0x1FF,0x2EB808,0x2ED398
1075,0x92CE0,0x12CE0,0x28065C,4,0x83EF,0x83F0,0x92FE4,0x27F718,during_opcode,watched,"mod=cfunction.ext",0x3F,0x1FF,0x2EB808,0x2ED398
1076,0x92CE0,0x12CE0,0x28065C,4,0x83F0,0x83F1,0x92FE4,0x27F718,during_opcode,watched,"mod=cfunction.ext",0x3F,0x1FF,0x2EB808,0x2ED398
1077,0x92CE0,0x12CE0,0x28065C,4,0x83F1,0x83F2,0xD0158,0x27F718,during_opcode,watched,"mod=cfunction.ext",0x3F,0x1FF,0x2EB808,0x2ED398
1078,0x92CE0,0x12CE0,0x28065C,4,0x83F2,0x83F3,0xD0158,0x27F718,during_opcode,watched,"mod=cfunction.ext",0x3F,0x1FF,0x2EB808,0x2ED398
1079,0x92CE0,0x12CE0,0x28065C,4,0x83F3,0x83F4,0xD0158,0x27F718,during_opcode,watched,"mod=cfunction.ext",0x3F,0x1FF,0x2EB808,0x2ED398
1080,0x92CE0,0x12CE0,0x28065C,4,0x83F4,0x83F5,0xD0158,0x27F718,during_opcode,watched,"mod=cfunction.ext",0x3F,0x1FF,0x2EB808,0x2ED398
1081,0x92CE0,0x12CE0,0x28065C,4,0x83F5,0x83F6,0xD0158,0x27F718,during_opcode,watched,"mod=cfunction.ext",0x3F,0x1FF,0x2EB808,0x2ED398
1082,0x92F54,0x12F54,0x28065C,4,0x83F6,0x83F7,0x1,0x27F718,during_opcode,watched,"mod=cfunction.ext",0x3F,0x1FF,0x2EB808,0x2ED398
1083,0x92CE0,0x12CE0,0x28065C,4,0x83F7,0x83F8,0x92FE4,0x27F718,during_opcode,watched,"mod=cfunction.ext",0x3F,0x1FF,0x2EB808,0x2ED398
1084,0x92D68,0x12D68,0x28065C,4,0x83F8,0x83F9,0xD0158,0x27F718,during_opcode,watched,"mod=cfunction.ext",0x3F,0x1FF,0x2EB808,0x2ED398
1085,0x92CE0,0x12CE0,0x28065C,4,0x83F9,0x83FA,0xD0158,0x27F718,during_opcode,watched,"mod=cfunction.ext",0x3F,0x1FF,0x2EB808,0x2ED398
1086,0x92CE0,0x12CE0,0x28065C,4,0x83FA,0x83FB,0xD0158,0x27F718,during_opcode,watched,"mod=cfunction.ext",0x3F,0x1FF,0x2EB808,0x2ED398
1087,0x92CE0,0x12CE0,0x28065C,4,0x83FB,0x83FC,0xD0158,0x27F718,during_opcode,watched,"mod=cfunction.ext",0x3F,0x1FF,0x2EB808,0x2ED398
1088,0x92F54,0x12F54,0x28065C,4,0x83FC,0x83FD,0x17,0x27F718,during_opcode,watched,"mod=cfunction.ext",0x3F,0x1FF,0x2EB808,0x2ED398
1089,0x92CE0,0x12CE0,0x28065C,4,0x83FD,0x83FE,0x92FE4,0x27F718,during_opcode,watched,"mod=cfunction.ext",0x3F,0x1FF,0x2EB808,0x2ED398
1090,0x92CE0,0x12CE0,0x28065C,4,0x83FE,0x83FF,0x92FE4,0x27F718,during_opcode,watched,"mod=cfunction.ext",0x3F,0x1FF,0x2EB808,0x2ED398
1091,0x92CE0,0x12CE0,0x28065C,4,0x83FF,0x8400,0x92FE4,0x27F718,during_opcode,watched,"mod=cfunction.ext",0x3F,0x1FF,0x2EB808,0x2ED398
1092,0x92CE0,0x12CE0,0x28065C,4,0x8400,0x8401,0x92FE4,0x27F718,during_opcode,watched,"mod=cfunction.ext",0x3F,0x1FF,0x2EB808,0x2ED398
1093,0x92CE0,0x12CE0,0x28065C,4,0x8401,0x8402,0x92FE4,0x27F718,during_opcode,watched,"mod=cfunction.ext",0x3F,0x1FF,0x2EB808,0x2ED398
1094,0x92CE0,0x12CE0,0x28065C,4,0x8402,0x8403,0x92FE4,0x27F718,during_opcode,watched,"mod=cfunction.ext",0x3F,0x1FF,0x2EB808,0x2ED398
1095,0x92CE0,0x12CE0,0x28065C,4,0x8403,0x8404,0x92FE4,0x27F718,during_opcode,watched,"mod=cfunction.ext",0x3F,0x1FF,0x2EB808,0x2ED398
1096,0x92D68,0x12D68,0x28065C,4,0x8404,0x8405,0xD0158,0x27F718,during_opcode,watched,"mod=cfunction.ext",0x3F,0x1FF,0x2EB808,0x2ED398
1097,0x92CE0,0x12CE0,0x28065C,4,0x8405,0x8406,0xD0158,0x27F718,during_opcode,watched,"mod=cfunction.ext",0x3F,0x1FF,0x2EB808,0x2ED398
1098,0x92CE0,0x12CE0,0x28065C,4,0x8406,0x8407,0xD0158,0x27F718,during_opcode,watched,"mod=cfunction.ext",0x3F,0x1FF,0x2EB808,0x2ED398
1099,0x92F54,0x12F54,0x28065C,4,0x8407,0x8408,0x9,0x27F718,during_opcode,watched,"mod=cfunction.ext",0x3F,0x1FF,0x2EB808,0x2ED398
1100,0x92CE0,0x12CE0,0x28065C,4,0x8408,0x8409,0x92FE4,0x27F718,during_opcode,watched,"mod=cfunction.ext",0x3F,0x1FF,0x2EB808,0x2ED398
1101,0x92CE0,0x12CE0,0x28065C,4,0x8409,0x840A,0x92FE4,0x27F718,during_opcode,watched,"mod=cfunction.ext",0x3F,0x1FF,0x2EB808,0x2ED398
1102,0x92CE0,0x12CE0,0x28065C,4,0x840A,0x840B,0x92FE4,0x27F718,during_opcode,watched,"mod=cfunction.ext",0x3F,0x1FF,0x2EB808,0x2ED398
1103,0x92CE0,0x12CE0,0x28065C,4,0x840B,0x840C,0x92FE4,0x27F718,during_opcode,watched,"mod=cfunction.ext",0x3F,0x1FF,0x2EB808,0x2ED398
1104,0x92CE0,0x12CE0,0x28065C,4,0x840C,0x840D,0x92FE4,0x27F718,during_opcode,watched,"mod=cfunction.ext",0x3F,0x1FF,0x2EB808,0x2ED398
1105,0x92F54,0x12F54,0x28065C,4,0x840D,0x840E,0x1,0x27F718,during_opcode,watched,"mod=cfunction.ext",0x3F,0x1FF,0x2EB808,0x2ED398
1106,0x92F54,0x12F54,0x28065C,4,0x840E,0x840F,0x179,0x27F718,during_opcode,watched,"mod=cfunction.ext",0x3F,0x1FF,0x2EB808,0x2ED398
1107,0x92CE0,0x12CE0,0x28065C,4,0x840F,0x8410,0x92FE4,0x27F718,during_opcode,watched,"mod=cfunction.ext",0x3F,0x1FF,0x2EB808,0x2ED398
1108,0x92CE0,0x12CE0,0x28065C,4,0x8410,0x8411,0x92FE4,0x27F718,during_opcode,watched,"mod=cfunction.ext",0x3F,0x1FF,0x2EB808,0x2ED398
1109,0x92CE0,0x12CE0,0x28065C,4,0x8411,0x8412,0x92FE4,0x27F718,during_opcode,watched,"mod=cfunction.ext",0x3F,0x1FF,0x2EB808,0x2ED398
1110,0x92CE0,0x12CE0,0x28065C,4,0x8412,0x8413,0x92FE4,0x27F718,during_opcode,watched,"mod=cfunction.ext",0x3F,0x1FF,0x2EB808,0x2ED398
1111,0x92CE0,0x12CE0,0x28065C,4,0x8413,0x8414,0x92FE4,0x27F718,during_opcode,watched,"mod=cfunction.ext",0x3F,0x1FF,0x2EB808,0x2ED398
1112,0x92CE0,0x12CE0,0x28065C,4,0x8414,0x8415,0x92FE4,0x27F718,during_opcode,watched,"mod=cfunction.ext",0x3F,0x1FF,0x2EB808,0x2ED398
1113,0x92CE0,0x12CE0,0x28065C,4,0x8415,0x8416,0x92FE4,0x27F718,during_opcode,watched,"mod=cfunction.ext",0x3F,0x1FF,0x2EB808,0x2ED398
1114,0x92CE0,0x12CE0,0x28065C,4,0x8416,0x8417,0x92FE4,0x27F718,during_opcode,watched,"mod=cfunction.ext",0x3F,0x1FF,0x2EB808,0x2ED398
1115,0x92CE0,0x12CE0,0x28065C,4,0x8417,0x8418,0x92FE4,0x27F718,during_opcode,watched,"mod=cfunction.ext",0x3F,0x1FF,0x2EB808,0x2ED398
1116,0x92CE0,0x12CE0,0x28065C,4,0x8418,0x8419,0xD0158,0x27F718,during_opcode,watched,"mod=cfunction.ext",0x3F,0x1FF,0x2EB808,0x2ED398
1117,0x92CE0,0x12CE0,0x28065C,4,0x8419,0x841A,0xD0158,0x27F718,during_opcode,watched,"mod=cfunction.ext",0x3F,0x1FF,0x2EB808,0x2ED398
1118,0x92F54,0x12F54,0x28065C,4,0x841A,0x841B,0x7,0x27F718,during_opcode,watched,"mod=cfunction.ext",0x3F,0x1FF,0x2EB808,0x2ED398
1119,0x92CE0,0x12CE0,0x28065C,4,0x841B,0x841C,0x92FE4,0x27F718,during_opcode,watched,"mod=cfunction.ext",0x3F,0x1FF,0x2EB808,0x2ED398
1120,0x92CE0,0x12CE0,0x28065C,4,0x841C,0x841D,0x92FE4,0x27F718,during_opcode,watched,"mod=cfunction.ext",0x3F,0x1FF,0x2EB808,0x2ED398
1121,0x92CE0,0x12CE0,0x28065C,4,0x841D,0x841E,0x92FE4,0x27F718,during_opcode,watched,"mod=cfunction.ext",0x3F,0x1FF,0x2EB808,0x2ED398
1122,0x92F54,0x12F54,0x28065C,4,0x841E,0x841F,0x2D,0x27F718,during_opcode,watched,"mod=cfunction.ext",0x3F,0x1FF,0x2EB808,0x2ED398
1123,0x92CE0,0x12CE0,0x28065C,4,0x841F,0x8420,0x92FE4,0x27F718,during_opcode,watched,"mod=cfunction.ext",0x3F,0x1FF,0x2EB808,0x2ED398
1124,0x92CE0,0x12CE0,0x28065C,4,0x8420,0x8421,0x92FE4,0x27F718,during_opcode,watched,"mod=cfunction.ext",0x3F,0x1FF,0x2EB808,0x2ED398
1125,0x92CE0,0x12CE0,0x28065C,4,0x8421,0x8422,0x92FE4,0x27F718,during_opcode,watched,"mod=cfunction.ext",0x3F,0x1FF,0x2EB808,0x2ED398
1126,0x92E6C,0x12E6C,0x28065C,4,0x8422,0x8423,0x2AF924,0x27F718,during_opcode,watched,"mod=cfunction.ext",0x3F,0x1FF,0x2EB808,0x2ED398
1127,0x92CE0,0x12CE0,0x28065C,4,0x8423,0x8424,0x92FE4,0x27F718,during_opcode,watched,"mod=cfunction.ext",0x3F,0x1FF,0x2EB808,0x2ED398
1128,0x92CE0,0x12CE0,0x28065C,4,0x8424,0x8425,0x92FE4,0x27F718,during_opcode,watched,"mod=cfunction.ext",0x3F,0x1FF,0x2EB808,0x2ED398
1129,0x92CE0,0x12CE0,0x28065C,4,0x8425,0x8426,0x92FE4,0x27F718,during_opcode,watched,"mod=cfunction.ext",0x3F,0x1FF,0x2EB808,0x2ED398
1130,0x92CE0,0x12CE0,0x28065C,4,0x8426,0x8427,0xD0158,0x27F718,during_opcode,watched,"mod=cfunction.ext",0x3F,0x1FF,0x2EB808,0x2ED398
1131,0x92F54,0x12F54,0x28065C,4,0x8427,0x8428,0x1,0x27F718,during_opcode,watched,"mod=cfunction.ext",0x3F,0x1FF,0x2EB808,0x2ED398
1132,0x92CE0,0x12CE0,0x28065C,4,0x8428,0x8429,0x92FE4,0x27F718,during_opcode,watched,"mod=cfunction.ext",0x3F,0x1FF,0x2EB808,0x2ED398
1133,0x92CE0,0x12CE0,0x28065C,4,0x8429,0x842A,0xD0158,0x27F718,during_opcode,watched,"mod=cfunction.ext",0x3F,0x1FF,0x2EB808,0x2ED398
1134,0x92F54,0x12F54,0x28065C,4,0x842A,0x842B,0x1,0x27F718,during_opcode,watched,"mod=cfunction.ext",0x3F,0x1FF,0x2EB808,0x2ED398
1135,0x92CE0,0x12CE0,0x28065C,4,0x842B,0x842C,0x92FE4,0x27F718,during_opcode,watched,"mod=cfunction.ext",0x3F,0x1FF,0x2EB808,0x2ED398
1136,0x92CE0,0x12CE0,0x28065C,4,0x842C,0x842D,0x92FE4,0x27F718,during_opcode,watched,"mod=cfunction.ext",0x3F,0x1FF,0x2EB808,0x2ED398
1137,0x92CE0,0x12CE0,0x28065C,4,0x842D,0x842E,0xD0158,0x27F718,during_opcode,watched,"mod=cfunction.ext",0x3F,0x1FF,0x2EB808,0x2ED398
1138,0x92F54,0x12F54,0x28065C,4,0x842E,0x842F,0x3,0x27F718,during_opcode,watched,"mod=cfunction.ext",0x3F,0x1FF,0x2EB808,0x2ED398
1139,0x92CE0,0x12CE0,0x28065C,4,0x842F,0x8430,0x92FE4,0x27F718,during_opcode,watched,"mod=cfunction.ext",0x3F,0x1FF,0x2EB808,0x2ED398
1140,0x92CE0,0x12CE0,0x28065C,4,0x8430,0x8431,0x92FE4,0x27F718,during_opcode,watched,"mod=cfunction.ext",0x3F,0x1FF,0x2EB808,0x2ED398
1141,0x92F54,0x12F54,0x28065C,4,0x8431,0x8432,0x1,0x27F718,during_opcode,watched,"mod=cfunction.ext",0x3F,0x1FF,0x2EB808,0x2ED398
1142,0x92CE0,0x12CE0,0x28065C,4,0x8432,0x8433,0x92FE4,0x27F718,during_opcode,watched,"mod=cfunction.ext",0x3F,0x1FF,0x2EB808,0x2ED398
1143,0x92CE0,0x12CE0,0x28065C,4,0x8433,0x8434,0x92FE4,0x27F718,during_opcode,watched,"mod=cfunction.ext",0x3F,0x1FF,0x2EB808,0x2ED398
1144,0x92CE0,0x12CE0,0x28065C,4,0x8434,0x8435,0x92FE4,0x27F718,during_opcode,watched,"mod=cfunction.ext",0x3F,0x1FF,0x2EB808,0x2ED398
1145,0x92CE0,0x12CE0,0x28065C,4,0x8435,0x8436,0x92FE4,0x27F718,during_opcode,watched,"mod=cfunction.ext",0x3F,0x1FF,0x2EB808,0x2ED398
1146,0x92CE0,0x12CE0,0x28065C,4,0x8436,0x8437,0x92FE4,0x27F718,during_opcode,watched,"mod=cfunction.ext",0x3F,0x1FF,0x2EB808,0x2ED398
1147,0x92CE0,0x12CE0,0x28065C,4,0x8437,0x8438,0x92FE4,0x27F718,during_opcode,watched,"mod=cfunction.ext",0x3F,0x1FF,0x2EB808,0x2ED398
1148,0x92CE0,0x12CE0,0x28065C,4,0x8438,0x8439,0x92FE4,0x27F718,during_opcode,watched,"mod=cfunction.ext",0x3F,0x1FF,0x2EB808,0x2ED398
1149,0x92CE0,0x12CE0,0x28065C,4,0x8439,0x843A,0x92FE4,0x27F718,during_opcode,watched,"mod=cfunction.ext",0x3F,0x1FF,0x2EB808,0x2ED398
1150,0x92CE0,0x12CE0,0x28065C,4,0x843A,0x843B,0x92FE4,0x27F718,during_opcode,watched,"mod=cfunction.ext",0x3F,0x1FF,0x2EB808,0x2ED398
1151,0x92F54,0x12F54,0x28065C,4,0x843B,0x843C,0x3,0x27F718,during_opcode,watched,"mod=cfunction.ext",0x3F,0x1FF,0x2EB808,0x2ED398
1152,0x92CE0,0x12CE0,0x28065C,4,0x843C,0x843D,0x92FE4,0x27F718,during_opcode,watched,"mod=cfunction.ext",0x3F,0x1FF,0x2EB808,0x2ED398
1153,0x92CE0,0x12CE0,0x28065C,4,0x843D,0x843E,0x92FE4,0x27F718,during_opcode,watched,"mod=cfunction.ext",0x3F,0x1FF,0x2EB808,0x2ED398
1154,0x92F54,0x12F54,0x28065C,4,0x843E,0x843F,0x3,0x27F718,during_opcode,watched,"mod=cfunction.ext",0x3F,0x1FF,0x2EB808,0x2ED398
1155,0x92F54,0x12F54,0x28065C,4,0x843F,0x8440,0x8B,0x27F718,during_opcode,watched,"mod=cfunction.ext",0x3F,0x1FF,0x2EB808,0x2ED398
1156,0x92CE0,0x12CE0,0x28065C,4,0x8440,0x8441,0x92FE4,0x27F718,during_opcode,watched,"mod=cfunction.ext",0x3F,0x1FF,0x2EB808,0x2ED398
1157,0x92CE0,0x12CE0,0x28065C,4,0x8441,0x8442,0x92FE4,0x27F718,during_opcode,watched,"mod=cfunction.ext",0x3F,0x1FF,0x2EB808,0x2ED398
1158,0x92CE0,0x12CE0,0x28065C,4,0x8442,0x8443,0x92FE4,0x27F718,during_opcode,watched,"mod=cfunction.ext",0x3F,0x1FF,0x2EB808,0x2ED398
1159,0x92CE0,0x12CE0,0x28065C,4,0x8443,0x8444,0x92FE4,0x27F718,during_opcode,watched,"mod=cfunction.ext",0x3F,0x1FF,0x2EB808,0x2ED398
1160,0x92F54,0x12F54,0x28065C,4,0x8444,0x8445,0x3,0x27F718,during_opcode,watched,"mod=cfunction.ext",0x3F,0x1FF,0x2EB808,0x2ED398
1161,0x92CE0,0x12CE0,0x28065C,4,0x8445,0x8446,0x92FE4,0x27F718,during_opcode,watched,"mod=cfunction.ext",0x3F,0x1FF,0x2EB808,0x2ED398
1162,0x92CE0,0x12CE0,0x28065C,4,0x8446,0x8447,0x92FE4,0x27F718,during_opcode,watched,"mod=cfunction.ext",0x3F,0x1FF,0x2EB808,0x2ED398
1163,0x92CE0,0x12CE0,0x28065C,4,0x8447,0x8448,0x92FE4,0x27F718,during_opcode,watched,"mod=cfunction.ext",0x3F,0x1FF,0x2EB808,0x2ED398
1164,0x92CE0,0x12CE0,0x28065C,4,0x8448,0x8449,0x92FE4,0x27F718,during_opcode,watched,"mod=cfunction.ext",0x3F,0x1FF,0x2EB808,0x2ED398
1165,0x92CE0,0x12CE0,0x28065C,4,0x8449,0x844A,0x92FE4,0x27F718,during_opcode,watched,"mod=cfunction.ext",0x3F,0x1FF,0x2EB808,0x2ED398
1166,0x92F54,0x12F54,0x28065C,4,0x844A,0x844B,0xF,0x27F718,during_opcode,watched,"mod=cfunction.ext",0x3F,0x1FF,0x2EB808,0x2ED398
1167,0x92CE0,0x12CE0,0x28065C,4,0x844B,0x844C,0x92FE4,0x27F718,during_opcode,watched,"mod=cfunction.ext",0x3F,0x1FF,0x2EB808,0x2ED398
1168,0x92CE0,0x12CE0,0x28065C,4,0x844C,0x844D,0x92FE4,0x27F718,during_opcode,watched,"mod=cfunction.ext",0x3F,0x1FF,0x2EB808,0x2ED398
1169,0x92CE0,0x12CE0,0x28065C,4,0x844D,0x844E,0x92FE4,0x27F718,during_opcode,watched,"mod=cfunction.ext",0x3F,0x1FF,0x2EB808,0x2ED398
1170,0x92CE0,0x12CE0,0x28065C,4,0x844E,0x844F,0x92FE4,0x27F718,during_opcode,watched,"mod=cfunction.ext",0x3F,0x1FF,0x2EB808,0x2ED398
1171,0x92CE0,0x12CE0,0x28065C,4,0x844F,0x8450,0x92FE4,0x27F718,during_opcode,watched,"mod=cfunction.ext",0x3F,0x1FF,0x2EB808,0x2ED398
1172,0x92F54,0x12F54,0x28065C,4,0x8450,0x8451,0x1,0x27F718,during_opcode,watched,"mod=cfunction.ext",0x3F,0x1FF,0x2EB808,0x2ED398
1173,0x92F54,0x12F54,0x28065C,4,0x8451,0x8452,0xF3,0x27F718,during_opcode,watched,"mod=cfunction.ext",0x3F,0x1FF,0x2EB808,0x2ED398
1174,0x92CE0,0x12CE0,0x28065C,4,0x8452,0x8453,0x92FE4,0x27F718,during_opcode,watched,"mod=cfunction.ext",0x3F,0x1FF,0x2EB808,0x2ED398
1175,0x92CE0,0x12CE0,0x28065C,4,0x8453,0x8454,0x92FE4,0x27F718,during_opcode,watched,"mod=cfunction.ext",0x3F,0x1FF,0x2EB808,0x2ED398
1176,0x92E6C,0x12E6C,0x28065C,4,0x8454,0x8455,0x2AF924,0x27F718,during_opcode,watched,"mod=cfunction.ext",0x3F,0x1FF,0x2EB808,0x2ED398
1177,0x92F54,0x12F54,0x28065C,4,0x8455,0x8456,0x9B,0x27F718,during_opcode,watched,"mod=cfunction.ext",0x3F,0x1FF,0x2EB808,0x2ED398
1178,0x92CE0,0x12CE0,0x28065C,4,0x8456,0x8457,0x92FE4,0x27F718,during_opcode,watched,"mod=cfunction.ext",0x3F,0x1FF,0x2EB808,0x2ED398
1179,0x92CE0,0x12CE0,0x28065C,4,0x8457,0x8458,0x92FE4,0x27F718,during_opcode,watched,"mod=cfunction.ext",0x3F,0x1FF,0x2EB808,0x2ED398
1180,0x92F54,0x12F54,0x28065C,4,0x8458,0x8459,0x13,0x27F718,during_opcode,watched,"mod=cfunction.ext",0x3F,0x1FF,0x2EB808,0x2ED398
1181,0x92CE0,0x12CE0,0x28065C,4,0x8459,0x845A,0x92FE4,0x27F718,during_opcode,watched,"mod=cfunction.ext",0x3F,0x1FF,0x2EB808,0x2ED398
1182,0x92F54,0x12F54,0x28065C,4,0x845A,0x845B,0x1,0x27F718,during_opcode,watched,"mod=cfunction.ext",0x3F,0x1FF,0x2EB808,0x2ED398
1183,0x92CE0,0x12CE0,0x28065C,4,0x845B,0x845C,0x92FE4,0x27F718,during_opcode,watched,"mod=cfunction.ext",0x3F,0x1FF,0x2EB808,0x2ED398
1184,0x92CE0,0x12CE0,0x28065C,4,0x845C,0x845D,0x92FE4,0x27F718,during_opcode,watched,"mod=cfunction.ext",0x3F,0x1FF,0x2EB808,0x2ED398
1185,0x92CE0,0x12CE0,0x28065C,4,0x845D,0x845E,0x92FE4,0x27F718,during_opcode,watched,"mod=cfunction.ext",0x3F,0x1FF,0x2EB808,0x2ED398
1186,0x92CE0,0x12CE0,0x28065C,4,0x845E,0x845F,0x92FE4,0x27F718,during_opcode,watched,"mod=cfunction.ext",0x3F,0x1FF,0x2EB808,0x2ED398
1187,0x92CE0,0x12CE0,0x28065C,4,0x845F,0x8460,0x92FE4,0x27F718,during_opcode,watched,"mod=cfunction.ext",0x3F,0x1FF,0x2EB808,0x2ED398
1188,0x92CE0,0x12CE0,0x28065C,4,0x8460,0x8461,0x92FE4,0x27F718,during_opcode,watched,"mod=cfunction.ext",0x3F,0x1FF,0x2EB808,0x2ED398
1189,0x92CE0,0x12CE0,0x28065C,4,0x8461,0x8462,0x92FE4,0x27F718,during_opcode,watched,"mod=cfunction.ext",0x3F,0x1FF,0x2EB808,0x2ED398
1190,0x92CE0,0x12CE0,0x28065C,4,0x8462,0x8463,0xD0158,0x27F718,during_opcode,watched,"mod=cfunction.ext",0x3F,0x1FF,0x2EB808,0x2ED398
1191,0x92CE0,0x12CE0,0x28065C,4,0x8463,0x8464,0xD0158,0x27F718,during_opcode,watched,"mod=cfunction.ext",0x3F,0x1FF,0x2EB808,0x2ED398
1192,0x92CE0,0x12CE0,0x28065C,4,0x8464,0x8465,0xD0158,0x27F718,during_opcode,watched,"mod=cfunction.ext",0x3F,0x1FF,0x2EB808,0x2ED398
1193,0x92CE0,0x12CE0,0x28065C,4,0x8465,0x8466,0xD0158,0x27F718,during_opcode,watched,"mod=cfunction.ext",0x3F,0x1FF,0x2EB808,0x2ED398
1194,0x92CE0,0x12CE0,0x28065C,4,0x8466,0x8467,0xD0158,0x27F718,during_opcode,watched,"mod=cfunction.ext",0x3F,0x1FF,0x2EB808,0x2ED398
1195,0x92CE0,0x12CE0,0x28065C,4,0x8467,0x8468,0xD0158,0x27F718,during_opcode,watched,"mod=cfunction.ext",0x3F,0x1FF,0x2EB808,0x2ED398
1196,0x92CE0,0x12CE0,0x28065C,4,0x8468,0x8469,0xD0158,0x27F718,during_opcode,watched,"mod=cfunction.ext",0x3F,0x1FF,0x2EB808,0x2ED398
1197,0x92F54,0x12F54,0x28065C,4,0x8469,0x846A,0x13,0x27F718,during_opcode,watched,"mod=cfunction.ext",0x3F,0x1FF,0x2EB808,0x2ED398
1198,0x92CE0,0x12CE0,0x28065C,4,0x846A,0x846B,0x92FE4,0x27F718,during_opcode,watched,"mod=cfunction.ext",0x3F,0x1FF,0x2EB808,0x2ED398
1199,0x92CE0,0x12CE0,0x28065C,4,0x846B,0x846C,0x92FE4,0x27F718,during_opcode,watched,"mod=cfunction.ext",0x3F,0x1FF,0x2EB808,0x2ED398
1200,0x92CE0,0x12CE0,0x28065C,4,0x846C,0x846D,0x92FE4,0x27F718,during_opcode,watched,"mod=cfunction.ext",0x3F,0x1FF,0x2EB808,0x2ED398
1201,0x92CE0,0x12CE0,0x28065C,4,0x846D,0x846E,0x92FE4,0x27F718,during_opcode,watched,"mod=cfunction.ext",0x3F,0x1FF,0x2EB808,0x2ED398
1202,0x92F54,0x12F54,0x28065C,4,0x846E,0x846F,0x3,0x27F718,during_opcode,watched,"mod=cfunction.ext",0x3F,0x1FF,0x2EB808,0x2ED398
1203,0x92CE0,0x12CE0,0x28065C,4,0x846F,0x8470,0x92FE4,0x27F718,during_opcode,watched,"mod=cfunction.ext",0x3F,0x1FF,0x2EB808,0x2ED398
1204,0x92CE0,0x12CE0,0x28065C,4,0x8470,0x8471,0xD0158,0x27F718,during_opcode,watched,"mod=cfunction.ext",0x3F,0x1FF,0x2EB808,0x2ED398
1205,0x92CE0,0x12CE0,0x28065C,4,0x8471,0x8472,0xD0158,0x27F718,during_opcode,watched,"mod=cfunction.ext",0x3F,0x1FF,0x2EB808,0x2ED398
1206,0x92F54,0x12F54,0x28065C,4,0x8472,0x8473,0x7,0x27F718,during_opcode,watched,"mod=cfunction.ext",0x3F,0x1FF,0x2EB808,0x2ED398
1207,0x92CE0,0x12CE0,0x28065C,4,0x8473,0x8474,0x92FE4,0x27F718,during_opcode,watched,"mod=cfunction.ext",0x3F,0x1FF,0x2EB808,0x2ED398
1208,0x92CE0,0x12CE0,0x28065C,4,0x8474,0x8475,0x92FE4,0x27F718,during_opcode,watched,"mod=cfunction.ext",0x3F,0x1FF,0x2EB808,0x2ED398
1209,0x92CE0,0x12CE0,0x28065C,4,0x8475,0x8476,0x92FE4,0x27F718,during_opcode,watched,"mod=cfunction.ext",0x3F,0x1FF,0x2EB808,0x2ED398
1210,0x92CE0,0x12CE0,0x28065C,4,0x8476,0x8477,0xD0158,0x27F718,during_opcode,watched,"mod=cfunction.ext",0x3F,0x1FF,0x2EB808,0x2ED398
1211,0x92CE0,0x12CE0,0x28065C,4,0x8477,0x8478,0xD0158,0x27F718,during_opcode,watched,"mod=cfunction.ext",0x3F,0x1FF,0x2EB808,0x2ED398
1212,0x92CE0,0x12CE0,0x28065C,4,0x8478,0x8479,0xD0158,0x27F718,during_opcode,watched,"mod=cfunction.ext",0x3F,0x1FF,0x2EB808,0x2ED398
1213,0x92CE0,0x12CE0,0x28065C,4,0x8479,0x847A,0xD0158,0x27F718,during_opcode,watched,"mod=cfunction.ext",0x3F,0x1FF,0x2EB808,0x2ED398
1214,0x92CE0,0x12CE0,0x28065C,4,0x847A,0x847B,0xD0158,0x27F718,during_opcode,watched,"mod=cfunction.ext",0x3F,0x1FF,0x2EB808,0x2ED398
1215,0x92CE0,0x12CE0,0x28065C,4,0x847B,0x847C,0xD0158,0x27F718,during_opcode,watched,"mod=cfunction.ext",0x3F,0x1FF,0x2EB808,0x2ED398
1216,0x92CE0,0x12CE0,0x28065C,4,0x847C,0x847D,0xD0158,0x27F718,during_opcode,watched,"mod=cfunction.ext",0x3F,0x1FF,0x2EB808,0x2ED398
1217,0x92CE0,0x12CE0,0x28065C,4,0x847D,0x847E,0xD0158,0x27F718,during_opcode,watched,"mod=cfunction.ext",0x3F,0x1FF,0x2EB808,0x2ED398
1218,0x92D68,0x12D68,0x28065C,4,0x847E,0x847F,0xD0158,0x27F718,during_opcode,watched,"mod=cfunction.ext",0x3F,0x1FF,0x2EB808,0x2ED398
1219,0x92CE0,0x12CE0,0x28065C,4,0x847F,0x8480,0xD0158,0x27F718,during_opcode,watched,"mod=cfunction.ext",0x3F,0x1FF,0x2EB808,0x2ED398
1220,0x92CE0,0x12CE0,0x28065C,4,0x8480,0x8481,0xD0158,0x27F718,during_opcode,watched,"mod=cfunction.ext",0x3F,0x1FF,0x2EB808,0x2ED398
1221,0x92CE0,0x12CE0,0x28065C,4,0x8481,0x8482,0xD0158,0x27F718,during_opcode,watched,"mod=cfunction.ext",0x3F,0x1FF,0x2EB808,0x2ED398
1222,0x92CE0,0x12CE0,0x28065C,4,0x8482,0x8483,0xD0158,0x27F718,during_opcode,watched,"mod=cfunction.ext",0x3F,0x1FF,0x2EB808,0x2ED398
1223,0x92CE0,0x12CE0,0x28065C,4,0x8483,0x8484,0xD0158,0x27F718,during_opcode,watched,"mod=cfunction.ext",0x3F,0x1FF,0x2EB808,0x2ED398
1224,0x92CE0,0x12CE0,0x28065C,4,0x8484,0x8485,0xD0158,0x27F718,during_opcode,watched,"mod=cfunction.ext",0x3F,0x1FF,0x2EB808,0x2ED398
1225,0x92CE0,0x12CE0,0x28065C,4,0x8485,0x8486,0xD0158,0x27F718,during_opcode,watched,"mod=cfunction.ext",0x3F,0x1FF,0x2EB808,0x2ED398
1226,0x92CE0,0x12CE0,0x28065C,4,0x8486,0x8487,0xD0158,0x27F718,during_opcode,watched,"mod=cfunction.ext",0x3F,0x1FF,0x2EB808,0x2ED398
1227,0x92CE0,0x12CE0,0x28065C,4,0x8487,0x8488,0xD0158,0x27F718,during_opcode,watched,"mod=cfunction.ext",0x3F,0x1FF,0x2EB808,0x2ED398
1228,0x92CE0,0x12CE0,0x28065C,4,0x8488,0x8489,0xD0158,0x27F718,during_opcode,watched,"mod=cfunction.ext",0x3F,0x1FF,0x2EB808,0x2ED398
1229,0x92CE0,0x12CE0,0x28065C,4,0x8489,0x848A,0xD0158,0x27F718,during_opcode,watched,"mod=cfunction.ext",0x3F,0x1FF,0x2EB808,0x2ED398
1230,0x92CE0,0x12CE0,0x28065C,4,0x848A,0x848B,0xD0158,0x27F718,during_opcode,watched,"mod=cfunction.ext",0x3F,0x1FF,0x2EB808,0x2ED398
1231,0x92CE0,0x12CE0,0x28065C,4,0x848B,0x848C,0xD0158,0x27F718,during_opcode,watched,"mod=cfunction.ext",0x3F,0x1FF,0x2EB808,0x2ED398
1232,0x92CE0,0x12CE0,0x28065C,4,0x848C,0x848D,0xD0158,0x27F718,during_opcode,watched,"mod=cfunction.ext",0x3F,0x1FF,0x2EB808,0x2ED398
1233,0x92CE0,0x12CE0,0x28065C,4,0x848D,0x848E,0xD0158,0x27F718,during_opcode,watched,"mod=cfunction.ext",0x3F,0x1FF,0x2EB808,0x2ED398
1234,0x92CE0,0x12CE0,0x28065C,4,0x848E,0x848F,0xD0158,0x27F718,during_opcode,watched,"mod=cfunction.ext",0x3F,0x1FF,0x2EB808,0x2ED398
1235,0x92CE0,0x12CE0,0x28065C,4,0x848F,0x8490,0xD0158,0x27F718,during_opcode,watched,"mod=cfunction.ext",0x3F,0x1FF,0x2EB808,0x2ED398
1236,0x92E6C,0x12E6C,0x28065C,4,0x8490,0x8491,0x2AF924,0x27F718,during_opcode,watched,"mod=cfunction.ext",0x3F,0x1FF,0x2EB808,0x2ED398
1237,0x92CE0,0x12CE0,0x28065C,4,0x8491,0x8492,0x92FE4,0x27F718,during_opcode,watched,"mod=cfunction.ext",0x3F,0x1FF,0x2EB808,0x2ED398
1238,0x92CE0,0x12CE0,0x28065C,4,0x8492,0x8493,0x92FE4,0x27F718,during_opcode,watched,"mod=cfunction.ext",0x3F,0x1FF,0x2EB808,0x2ED398
1239,0x92CE0,0x12CE0,0x28065C,4,0x8493,0x8494,0x92FE4,0x27F718,during_opcode,watched,"mod=cfunction.ext",0x3F,0x1FF,0x2EB808,0x2ED398
1240,0x92CE0,0x12CE0,0x28065C,4,0x8494,0x8495,0x92FE4,0x27F718,during_opcode,watched,"mod=cfunction.ext",0x3F,0x1FF,0x2EB808,0x2ED398
1241,0x92CE0,0x12CE0,0x28065C,4,0x8495,0x8496,0xD0158,0x27F718,during_opcode,watched,"mod=cfunction.ext",0x3F,0x1FF,0x2EB808,0x2ED398
1242,0x92CE0,0x12CE0,0x28065C,4,0x8496,0x8497,0xD0158,0x27F718,during_opcode,watched,"mod=cfunction.ext",0x3F,0x1FF,0x2EB808,0x2ED398
1243,0x92CE0,0x12CE0,0x28065C,4,0x8497,0x8498,0xD0158,0x27F718,during_opcode,watched,"mod=cfunction.ext",0x3F,0x1FF,0x2EB808,0x2ED398
1244,0x92CE0,0x12CE0,0x28065C,4,0x8498,0x8499,0xD0158,0x27F718,during_opcode,watched,"mod=cfunction.ext",0x3F,0x1FF,0x2EB808,0x2ED398
1245,0x92CE0,0x12CE0,0x28065C,4,0x8499,0x849A,0xD0158,0x27F718,during_opcode,watched,"mod=cfunction.ext",0x3F,0x1FF,0x2EB808,0x2ED398
1246,0x92CE0,0x12CE0,0x28065C,4,0x849A,0x849B,0xD0158,0x27F718,during_opcode,watched,"mod=cfunction.ext",0x3F,0x1FF,0x2EB808,0x2ED398
1247,0x92CE0,0x12CE0,0x28065C,4,0x849B,0x849C,0xD0158,0x27F718,during_opcode,watched,"mod=cfunction.ext",0x3F,0x1FF,0x2EB808,0x2ED398
1248,0x92CE0,0x12CE0,0x28065C,4,0x849C,0x849D,0xD0158,0x27F718,during_opcode,watched,"mod=cfunction.ext",0x3F,0x1FF,0x2EB808,0x2ED398
1249,0x92CE0,0x12CE0,0x28065C,4,0x849D,0x849E,0xD0158,0x27F718,during_opcode,watched,"mod=cfunction.ext",0x3F,0x1FF,0x2EB808,0x2ED398
1250,0x92CE0,0x12CE0,0x28065C,4,0x849E,0x849F,0xD0158,0x27F718,during_opcode,watched,"mod=cfunction.ext",0x3F,0x1FF,0x2EB808,0x2ED398
1251,0x92CE0,0x12CE0,0x28065C,4,0x849F,0x84A0,0xD0158,0x27F718,during_opcode,watched,"mod=cfunction.ext",0x3F,0x1FF,0x2EB808,0x2ED398
1252,0x92CE0,0x12CE0,0x28065C,4,0x84A0,0x84A1,0xD0158,0x27F718,during_opcode,watched,"mod=cfunction.ext",0x3F,0x1FF,0x2EB808,0x2ED398
1253,0x92CE0,0x12CE0,0x28065C,4,0x84A1,0x84A2,0xD0158,0x27F718,during_opcode,watched,"mod=cfunction.ext",0x3F,0x1FF,0x2EB808,0x2ED398
1254,0x92CE0,0x12CE0,0x28065C,4,0x84A2,0x84A3,0xD0158,0x27F718,during_opcode,watched,"mod=cfunction.ext",0x3F,0x1FF,0x2EB808,0x2ED398
1255,0x92CE0,0x12CE0,0x28065C,4,0x84A3,0x84A4,0xD0158,0x27F718,during_opcode,watched,"mod=cfunction.ext",0x3F,0x1FF,0x2EB808,0x2ED398
1256,0x92CE0,0x12CE0,0x28065C,4,0x84A4,0x84A5,0xD0158,0x27F718,during_opcode,watched,"mod=cfunction.ext",0x3F,0x1FF,0x2EB808,0x2ED398
1257,0x92CE0,0x12CE0,0x28065C,4,0x84A5,0x84A6,0xD0158,0x27F718,during_opcode,watched,"mod=cfunction.ext",0x3F,0x1FF,0x2EB808,0x2ED398
1258,0x92CE0,0x12CE0,0x28065C,4,0x84A6,0x84A7,0xD0158,0x27F718,during_opcode,watched,"mod=cfunction.ext",0x3F,0x1FF,0x2EB808,0x2ED398
1259,0x92CE0,0x12CE0,0x28065C,4,0x84A7,0x84A8,0xD0158,0x27F718,during_opcode,watched,"mod=cfunction.ext",0x3F,0x1FF,0x2EB808,0x2ED398
1260,0x92F54,0x12F54,0x28065C,4,0x84A8,0x84A9,0xD1,0x27F718,during_opcode,watched,"mod=cfunction.ext",0x3F,0x1FF,0x2EB808,0x2ED398
1261,0x92CE0,0x12CE0,0x28065C,4,0x84A9,0x84AA,0x92FE4,0x27F718,during_opcode,watched,"mod=cfunction.ext",0x3F,0x1FF,0x2EB808,0x2ED398
1262,0x92CE0,0x12CE0,0x28065C,4,0x84AA,0x84AB,0x92FE4,0x27F718,during_opcode,watched,"mod=cfunction.ext",0x3F,0x1FF,0x2EB808,0x2ED398
1263,0x92CE0,0x12CE0,0x28065C,4,0x84AB,0x84AC,0xD0158,0x27F718,during_opcode,watched,"mod=cfunction.ext",0x3F,0x1FF,0x2EB808,0x2ED398
1264,0x92CE0,0x12CE0,0x28065C,4,0x84AC,0x84AD,0xD0158,0x27F718,during_opcode,watched,"mod=cfunction.ext",0x3F,0x1FF,0x2EB808,0x2ED398
1265,0x92CE0,0x12CE0,0x28065C,4,0x84AD,0x84AE,0xD0158,0x27F718,during_opcode,watched,"mod=cfunction.ext",0x3F,0x1FF,0x2EB808,0x2ED398
1266,0x92CE0,0x12CE0,0x28065C,4,0x84AE,0x84AF,0xD0158,0x27F718,during_opcode,watched,"mod=cfunction.ext",0x3F,0x1FF,0x2EB808,0x2ED398
1267,0x92CE0,0x12CE0,0x28065C,4,0x84AF,0x84B0,0xD0158,0x27F718,during_opcode,watched,"mod=cfunction.ext",0x3F,0x1FF,0x2EB808,0x2ED398
1268,0x92CE0,0x12CE0,0x28065C,4,0x84B0,0x84B1,0xD0158,0x27F718,during_opcode,watched,"mod=cfunction.ext",0x3F,0x1FF,0x2EB808,0x2ED398
1269,0x92CE0,0x12CE0,0x28065C,4,0x84B1,0x84B2,0xD0158,0x27F718,during_opcode,watched,"mod=cfunction.ext",0x3F,0x1FF,0x2EB808,0x2ED398
1270,0x92CE0,0x12CE0,0x28065C,4,0x84B2,0x84B3,0xD0158,0x27F718,during_opcode,watched,"mod=cfunction.ext",0x3F,0x1FF,0x2EB808,0x2ED398
1271,0x92CE0,0x12CE0,0x28065C,4,0x84B3,0x84B4,0xD0158,0x27F718,during_opcode,watched,"mod=cfunction.ext",0x3F,0x1FF,0x2EB808,0x2ED398
1272,0x92E6C,0x12E6C,0x28065C,4,0x84B4,0x84B5,0x2AF924,0x27F718,during_opcode,watched,"mod=cfunction.ext",0x3F,0x1FF,0x2EB808,0x2ED398
1273,0x92CE0,0x12CE0,0x28065C,4,0x84B5,0x84B6,0x92FE4,0x27F718,during_opcode,watched,"mod=cfunction.ext",0x3F,0x1FF,0x2EB808,0x2ED398
1274,0x92CE0,0x12CE0,0x28065C,4,0x84B6,0x84B7,0x92FE4,0x27F718,during_opcode,watched,"mod=cfunction.ext",0x3F,0x1FF,0x2EB808,0x2ED398
1275,0x92F54,0x12F54,0x28065C,4,0x84B7,0x84B8,0x1,0x27F718,during_opcode,watched,"mod=cfunction.ext",0x3F,0x1FF,0x2EB808,0x2ED398
1276,0x92CE0,0x12CE0,0x28065C,4,0x84B8,0x84B9,0x92FE4,0x27F718,during_opcode,watched,"mod=cfunction.ext",0x3F,0x1FF,0x2EB808,0x2ED398
1277,0x92CE0,0x12CE0,0x28065C,4,0x84B9,0x84BA,0x92FE4,0x27F718,during_opcode,watched,"mod=cfunction.ext",0x3F,0x1FF,0x2EB808,0x2ED398
1278,0x92CE0,0x12CE0,0x28065C,4,0x84BA,0x84BB,0x92FE4,0x27F718,during_opcode,watched,"mod=cfunction.ext",0x3F,0x1FF,0x2EB808,0x2ED398
1279,0x92CE0,0x12CE0,0x28065C,4,0x84BB,0x84BC,0x92FE4,0x27F718,during_opcode,watched,"mod=cfunction.ext",0x3F,0x1FF,0x2EB808,0x2ED398
1280,0x92CE0,0x12CE0,0x28065C,4,0x84BC,0x84BD,0x92FE4,0x27F718,during_opcode,watched,"mod=cfunction.ext",0x3F,0x1FF,0x2EB808,0x2ED398
1281,0x92CE0,0x12CE0,0x28065C,4,0x84BD,0x84BE,0x92FE4,0x27F718,during_opcode,watched,"mod=cfunction.ext",0x3F,0x1FF,0x2EB808,0x2ED398
1282,0x92CE0,0x12CE0,0x28065C,4,0x84BE,0x84BF,0x92FE4,0x27F718,during_opcode,watched,"mod=cfunction.ext",0x3F,0x1FF,0x2EB808,0x2ED398
1283,0x92CE0,0x12CE0,0x28065C,4,0x84BF,0x84C0,0x92FE4,0x27F718,during_opcode,watched,"mod=cfunction.ext",0x3F,0x1FF,0x2EB808,0x2ED398
1284,0x92CE0,0x12CE0,0x28065C,4,0x84C0,0x84C1,0x92FE4,0x27F718,during_opcode,watched,"mod=cfunction.ext",0x3F,0x1FF,0x2EB808,0x2ED398
1285,0x92CE0,0x12CE0,0x28065C,4,0x84C1,0x84C2,0x92FE4,0x27F718,during_opcode,watched,"mod=cfunction.ext",0x3F,0x1FF,0x2EB808,0x2ED398
1286,0x92CE0,0x12CE0,0x28065C,4,0x84C2,0x84C3,0x92FE4,0x27F718,during_opcode,watched,"mod=cfunction.ext",0x3F,0x1FF,0x2EB808,0x2ED398
1287,0x92CE0,0x12CE0,0x28065C,4,0x84C3,0x84C4,0x92FE4,0x27F718,during_opcode,watched,"mod=cfunction.ext",0x3F,0x1FF,0x2EB808,0x2ED398
1288,0x92CE0,0x12CE0,0x28065C,4,0x84C4,0x84C5,0x92FE4,0x27F718,during_opcode,watched,"mod=cfunction.ext",0x3F,0x1FF,0x2EB808,0x2ED398
1289,0x92F54,0x12F54,0x28065C,4,0x84C5,0x84C6,0x1,0x27F718,during_opcode,watched,"mod=cfunction.ext",0x3F,0x1FF,0x2EB808,0x2ED398
1290,0x92CE0,0x12CE0,0x28065C,4,0x84C6,0x84C7,0x92FE4,0x27F718,during_opcode,watched,"mod=cfunction.ext",0x3F,0x1FF,0x2EB808,0x2ED398
1291,0x92CE0,0x12CE0,0x28065C,4,0x84C7,0x84C8,0x92FE4,0x27F718,during_opcode,watched,"mod=cfunction.ext",0x3F,0x1FF,0x2EB808,0x2ED398
1292,0x92CE0,0x12CE0,0x28065C,4,0x84C8,0x84C9,0x92FE4,0x27F718,during_opcode,watched,"mod=cfunction.ext",0x3F,0x1FF,0x2EB808,0x2ED398
1293,0x92CE0,0x12CE0,0x28065C,4,0x84C9,0x84CA,0xD0158,0x27F718,during_opcode,watched,"mod=cfunction.ext",0x3F,0x1FF,0x2EB808,0x2ED398
1294,0x92CE0,0x12CE0,0x28065C,4,0x84CA,0x84CB,0xD0158,0x27F718,during_opcode,watched,"mod=cfunction.ext",0x3F,0x1FF,0x2EB808,0x2ED398
1295,0x92CE0,0x12CE0,0x28065C,4,0x84CB,0x84CC,0xD0158,0x27F718,during_opcode,watched,"mod=cfunction.ext",0x3F,0x1FF,0x2EB808,0x2ED398
1296,0x92CE0,0x12CE0,0x28065C,4,0x84CC,0x84CD,0xD0158,0x27F718,during_opcode,watched,"mod=cfunction.ext",0x3F,0x1FF,0x2EB808,0x2ED398
1297,0x92CE0,0x12CE0,0x28065C,4,0x84CD,0x84CE,0xD0158,0x27F718,during_opcode,watched,"mod=cfunction.ext",0x3F,0x1FF,0x2EB808,0x2ED398
1298,0x92F54,0x12F54,0x28065C,4,0x84CE,0x84CF,0xC7,0x27F718,during_opcode,watched,"mod=cfunction.ext",0x3F,0x1FF,0x2EB808,0x2ED398
1299,0x92CE0,0x12CE0,0x28065C,4,0x84CF,0x84D0,0x92FE4,0x27F718,during_opcode,watched,"mod=cfunction.ext",0x3F,0x1FF,0x2EB808,0x2ED398
1300,0x92CE0,0x12CE0,0x28065C,4,0x84D0,0x84D1,0x92FE4,0x27F718,during_opcode,watched,"mod=cfunction.ext",0x3F,0x1FF,0x2EB808,0x2ED398
1301,0x92CE0,0x12CE0,0x28065C,4,0x84D1,0x84D2,0x92FE4,0x27F718,during_opcode,watched,"mod=cfunction.ext",0x3F,0x1FF,0x2EB808,0x2ED398
1302,0x92F54,0x12F54,0x28065C,4,0x84D2,0x84D3,0xF,0x27F718,during_opcode,watched,"mod=cfunction.ext",0x3F,0x1FF,0x2EB808,0x2ED398
1303,0x92CE0,0x12CE0,0x28065C,4,0x84D3,0x84D4,0x92FE4,0x27F718,during_opcode,watched,"mod=cfunction.ext",0x3F,0x1FF,0x2EB808,0x2ED398
1304,0x92CE0,0x12CE0,0x28065C,4,0x84D4,0x84D5,0x92FE4,0x27F718,during_opcode,watched,"mod=cfunction.ext",0x3F,0x1FF,0x2EB808,0x2ED398
1305,0x92CE0,0x12CE0,0x28065C,4,0x84D5,0x84D6,0x92FE4,0x27F718,during_opcode,watched,"mod=cfunction.ext",0x3F,0x1FF,0x2EB808,0x2ED398
1306,0x92CE0,0x12CE0,0x28065C,4,0x84D6,0x84D7,0x92FE4,0x27F718,during_opcode,watched,"mod=cfunction.ext",0x3F,0x1FF,0x2EB808,0x2ED398
1307,0x92F54,0x12F54,0x28065C,4,0x84D7,0x84D8,0x71,0x27F718,during_opcode,watched,"mod=cfunction.ext",0x3F,0x1FF,0x2EB808,0x2ED398
1308,0x92CE0,0x12CE0,0x28065C,4,0x84D8,0x84D9,0x92FE4,0x27F718,during_opcode,watched,"mod=cfunction.ext",0x3F,0x1FF,0x2EB808,0x2ED398
1309,0x92CE0,0x12CE0,0x28065C,4,0x84D9,0x84DA,0x92FE4,0x27F718,during_opcode,watched,"mod=cfunction.ext",0x3F,0x1FF,0x2EB808,0x2ED398
1310,0x92CE0,0x12CE0,0x28065C,4,0x84DA,0x84DB,0x92FE4,0x27F718,during_opcode,watched,"mod=cfunction.ext",0x3F,0x1FF,0x2EB808,0x2ED398
1311,0x92F54,0x12F54,0x28065C,4,0x84DB,0x84DC,0x1F,0x27F718,during_opcode,watched,"mod=cfunction.ext",0x3F,0x1FF,0x2EB808,0x2ED398
1312,0x92CE0,0x12CE0,0x28065C,4,0x84DC,0x84DD,0x92FE4,0x27F718,during_opcode,watched,"mod=cfunction.ext",0x3F,0x1FF,0x2EB808,0x2ED398
1313,0x92D68,0x12D68,0x28065C,4,0x84DD,0x84DE,0xD0158,0x27F718,during_opcode,watched,"mod=cfunction.ext",0x3F,0x1FF,0x2EB808,0x2ED398
1314,0x92CE0,0x12CE0,0x28065C,4,0x84DE,0x84DF,0xD0158,0x27F718,during_opcode,watched,"mod=cfunction.ext",0x3F,0x1FF,0x2EB808,0x2ED398
1315,0x92CE0,0x12CE0,0x28065C,4,0x84DF,0x84E0,0xD0158,0x27F718,during_opcode,watched,"mod=cfunction.ext",0x3F,0x1FF,0x2EB808,0x2ED398
1316,0x92CE0,0x12CE0,0x28065C,4,0x84E0,0x84E1,0xD0158,0x27F718,during_opcode,watched,"mod=cfunction.ext",0x3F,0x1FF,0x2EB808,0x2ED398
1317,0x92CE0,0x12CE0,0x28065C,4,0x84E1,0x84E2,0xD0158,0x27F718,during_opcode,watched,"mod=cfunction.ext",0x3F,0x1FF,0x2EB808,0x2ED398
1318,0x92CE0,0x12CE0,0x28065C,4,0x84E2,0x84E3,0xD0158,0x27F718,during_opcode,watched,"mod=cfunction.ext",0x3F,0x1FF,0x2EB808,0x2ED398
1319,0x92CE0,0x12CE0,0x28065C,4,0x84E3,0x84E4,0xD0158,0x27F718,during_opcode,watched,"mod=cfunction.ext",0x3F,0x1FF,0x2EB808,0x2ED398
1320,0x92CE0,0x12CE0,0x28065C,4,0x84E4,0x84E5,0xD0158,0x27F718,during_opcode,watched,"mod=cfunction.ext",0x3F,0x1FF,0x2EB808,0x2ED398
1321,0x92CE0,0x12CE0,0x28065C,4,0x84E5,0x84E6,0xD0158,0x27F718,during_opcode,watched,"mod=cfunction.ext",0x3F,0x1FF,0x2EB808,0x2ED398
1322,0x92CE0,0x12CE0,0x28065C,4,0x84E6,0x84E7,0xD0158,0x27F718,during_opcode,watched,"mod=cfunction.ext",0x3F,0x1FF,0x2EB808,0x2ED398
1323,0x92CE0,0x12CE0,0x28065C,4,0x84E7,0x84E8,0xD0158,0x27F718,during_opcode,watched,"mod=cfunction.ext",0x3F,0x1FF,0x2EB808,0x2ED398
1324,0x92CE0,0x12CE0,0x28065C,4,0x84E8,0x84E9,0xD0158,0x27F718,during_opcode,watched,"mod=cfunction.ext",0x3F,0x1FF,0x2EB808,0x2ED398
1325,0x92CE0,0x12CE0,0x28065C,4,0x84E9,0x84EA,0xD0158,0x27F718,during_opcode,watched,"mod=cfunction.ext",0x3F,0x1FF,0x2EB808,0x2ED398
1326,0x92CE0,0x12CE0,0x28065C,4,0x84EA,0x84EB,0xD0158,0x27F718,during_opcode,watched,"mod=cfunction.ext",0x3F,0x1FF,0x2EB808,0x2ED398
1327,0x92CE0,0x12CE0,0x28065C,4,0x84EB,0x84EC,0xD0158,0x27F718,during_opcode,watched,"mod=cfunction.ext",0x3F,0x1FF,0x2EB808,0x2ED398
1328,0x92CE0,0x12CE0,0x28065C,4,0x84EC,0x84ED,0xD0158,0x27F718,during_opcode,watched,"mod=cfunction.ext",0x3F,0x1FF,0x2EB808,0x2ED398
1329,0x92D68,0x12D68,0x28065C,4,0x84ED,0x84EE,0xD0158,0x27F718,during_opcode,watched,"mod=cfunction.ext",0x3F,0x1FF,0x2EB808,0x2ED398
1330,0x92CE0,0x12CE0,0x28065C,4,0x84EE,0x84EF,0xD0158,0x27F718,during_opcode,watched,"mod=cfunction.ext",0x3F,0x1FF,0x2EB808,0x2ED398
1331,0x92CE0,0x12CE0,0x28065C,4,0x84EF,0x84F0,0xD0158,0x27F718,during_opcode,watched,"mod=cfunction.ext",0x3F,0x1FF,0x2EB808,0x2ED398
1332,0x92F54,0x12F54,0x28065C,4,0x84F0,0x84F1,0x7,0x27F718,during_opcode,watched,"mod=cfunction.ext",0x3F,0x1FF,0x2EB808,0x2ED398
1333,0x92CE0,0x12CE0,0x28065C,4,0x84F1,0x84F2,0x92FE4,0x27F718,during_opcode,watched,"mod=cfunction.ext",0x3F,0x1FF,0x2EB808,0x2ED398
1334,0x92CE0,0x12CE0,0x28065C,4,0x84F2,0x84F3,0x92FE4,0x27F718,during_opcode,watched,"mod=cfunction.ext",0x3F,0x1FF,0x2EB808,0x2ED398
1335,0x92CE0,0x12CE0,0x28065C,4,0x84F3,0x84F4,0x92FE4,0x27F718,during_opcode,watched,"mod=cfunction.ext",0x3F,0x1FF,0x2EB808,0x2ED398
1336,0x92CE0,0x12CE0,0x28065C,4,0x84F4,0x84F5,0x92FE4,0x27F718,during_opcode,watched,"mod=cfunction.ext",0x3F,0x1FF,0x2EB808,0x2ED398
1337,0x92CE0,0x12CE0,0x28065C,4,0x84F5,0x84F6,0x92FE4,0x27F718,during_opcode,watched,"mod=cfunction.ext",0x3F,0x1FF,0x2EB808,0x2ED398
1338,0x92F54,0x12F54,0x28065C,4,0x84F6,0x84F7,0x4B,0x27F718,during_opcode,watched,"mod=cfunction.ext",0x3F,0x1FF,0x2EB808,0x2ED398
1339,0x92CE0,0x12CE0,0x28065C,4,0x84F7,0x84F8,0x92FE4,0x27F718,during_opcode,watched,"mod=cfunction.ext",0x3F,0x1FF,0x2EB808,0x2ED398
1340,0x92CE0,0x12CE0,0x28065C,4,0x84F8,0x84F9,0x92FE4,0x27F718,during_opcode,watched,"mod=cfunction.ext",0x3F,0x1FF,0x2EB808,0x2ED398
1341,0x92CE0,0x12CE0,0x28065C,4,0x84F9,0x84FA,0x92FE4,0x27F718,during_opcode,watched,"mod=cfunction.ext",0x3F,0x1FF,0x2EB808,0x2ED398
1342,0x92CE0,0x12CE0,0x28065C,4,0x84FA,0x84FB,0x92FE4,0x27F718,during_opcode,watched,"mod=cfunction.ext",0x3F,0x1FF,0x2EB808,0x2ED398
1343,0x92CE0,0x12CE0,0x28065C,4,0x84FB,0x84FC,0x92FE4,0x27F718,during_opcode,watched,"mod=cfunction.ext",0x3F,0x1FF,0x2EB808,0x2ED398
1344,0x92CE0,0x12CE0,0x28065C,4,0x84FC,0x84FD,0x92FE4,0x27F718,during_opcode,watched,"mod=cfunction.ext",0x3F,0x1FF,0x2EB808,0x2ED398
1345,0x92CE0,0x12CE0,0x28065C,4,0x84FD,0x84FE,0x92FE4,0x27F718,during_opcode,watched,"mod=cfunction.ext",0x3F,0x1FF,0x2EB808,0x2ED398
1346,0x92CE0,0x12CE0,0x28065C,4,0x84FE,0x84FF,0x92FE4,0x27F718,during_opcode,watched,"mod=cfunction.ext",0x3F,0x1FF,0x2EB808,0x2ED398
1347,0x92CE0,0x12CE0,0x28065C,4,0x84FF,0x8500,0x92FE4,0x27F718,during_opcode,watched,"mod=cfunction.ext",0x3F,0x1FF,0x2EB808,0x2ED398
1348,0x92CE0,0x12CE0,0x28065C,4,0x8500,0x8501,0x92FE4,0x27F718,during_opcode,watched,"mod=cfunction.ext",0x3F,0x1FF,0x2EB808,0x2ED398
1349,0x92CE0,0x12CE0,0x28065C,4,0x8501,0x8502,0x92FE4,0x27F718,during_opcode,watched,"mod=cfunction.ext",0x3F,0x1FF,0x2EB808,0x2ED398
1350,0x92CE0,0x12CE0,0x28065C,4,0x8502,0x8503,0x92FE4,0x27F718,during_opcode,watched,"mod=cfunction.ext",0x3F,0x1FF,0x2EB808,0x2ED398
1351,0x92CE0,0x12CE0,0x28065C,4,0x8503,0x8504,0x92FE4,0x27F718,during_opcode,watched,"mod=cfunction.ext",0x3F,0x1FF,0x2EB808,0x2ED398
1352,0x92CE0,0x12CE0,0x28065C,4,0x8504,0x8505,0x92FE4,0x27F718,during_opcode,watched,"mod=cfunction.ext",0x3F,0x1FF,0x2EB808,0x2ED398
1353,0x92CE0,0x12CE0,0x28065C,4,0x8505,0x8506,0x92FE4,0x27F718,during_opcode,watched,"mod=cfunction.ext",0x3F,0x1FF,0x2EB808,0x2ED398
1354,0x92CE0,0x12CE0,0x28065C,4,0x8506,0x8507,0x92FE4,0x27F718,during_opcode,watched,"mod=cfunction.ext",0x3F,0x1FF,0x2EB808,0x2ED398
1355,0x92CE0,0x12CE0,0x28065C,4,0x8507,0x8508,0x92FE4,0x27F718,during_opcode,watched,"mod=cfunction.ext",0x3F,0x1FF,0x2EB808,0x2ED398
1356,0x92CE0,0x12CE0,0x28065C,4,0x8508,0x8509,0x92FE4,0x27F718,during_opcode,watched,"mod=cfunction.ext",0x3F,0x1FF,0x2EB808,0x2ED398
1357,0x92CE0,0x12CE0,0x28065C,4,0x8509,0x850A,0x92FE4,0x27F718,during_opcode,watched,"mod=cfunction.ext",0x3F,0x1FF,0x2EB808,0x2ED398
1358,0x92CE0,0x12CE0,0x28065C,4,0x850A,0x850B,0x92FE4,0x27F718,during_opcode,watched,"mod=cfunction.ext",0x3F,0x1FF,0x2EB808,0x2ED398
1359,0x92CE0,0x12CE0,0x28065C,4,0x850B,0x850C,0x92FE4,0x27F718,during_opcode,watched,"mod=cfunction.ext",0x3F,0x1FF,0x2EB808,0x2ED398
1360,0x92CE0,0x12CE0,0x28065C,4,0x850C,0x850D,0x92FE4,0x27F718,during_opcode,watched,"mod=cfunction.ext",0x3F,0x1FF,0x2EB808,0x2ED398
1361,0x92CE0,0x12CE0,0x28065C,4,0x850D,0x850E,0x92FE4,0x27F718,during_opcode,watched,"mod=cfunction.ext",0x3F,0x1FF,0x2EB808,0x2ED398
1362,0x92CE0,0x12CE0,0x28065C,4,0x850E,0x850F,0x92FE4,0x27F718,during_opcode,watched,"mod=cfunction.ext",0x3F,0x1FF,0x2EB808,0x2ED398
1363,0x92CE0,0x12CE0,0x28065C,4,0x850F,0x8510,0x92FE4,0x27F718,during_opcode,watched,"mod=cfunction.ext",0x3F,0x1FF,0x2EB808,0x2ED398
1364,0x92CE0,0x12CE0,0x28065C,4,0x8510,0x8511,0x92FE4,0x27F718,during_opcode,watched,"mod=cfunction.ext",0x3F,0x1FF,0x2EB808,0x2ED398
1365,0x92CE0,0x12CE0,0x28065C,4,0x8511,0x8512,0x92FE4,0x27F718,during_opcode,watched,"mod=cfunction.ext",0x3F,0x1FF,0x2EB808,0x2ED398
1366,0x92CE0,0x12CE0,0x28065C,4,0x8512,0x8513,0x92FE4,0x27F718,during_opcode,watched,"mod=cfunction.ext",0x3F,0x1FF,0x2EB808,0x2ED398
1367,0x92CE0,0x12CE0,0x28065C,4,0x8513,0x8514,0x92FE4,0x27F718,during_opcode,watched,"mod=cfunction.ext",0x3F,0x1FF,0x2EB808,0x2ED398
1368,0x92CE0,0x12CE0,0x28065C,4,0x8514,0x8515,0x92FE4,0x27F718,during_opcode,watched,"mod=cfunction.ext",0x3F,0x1FF,0x2EB808,0x2ED398
1369,0x92CE0,0x12CE0,0x28065C,4,0x8515,0x8516,0x92FE4,0x27F718,during_opcode,watched,"mod=cfunction.ext",0x3F,0x1FF,0x2EB808,0x2ED398
1370,0x92E0C,0x12E0C,0x28065C,4,0x8516,0x8517,0x28065C,0x27F718,during_opcode,watched,"mod=cfunction.ext",0x3F,0x1FF,0x2EB808,0x2ED398
1371,0x92F54,0x12F54,0x28065C,4,0x8517,0x8518,0x1,0x27F718,during_opcode,watched,"mod=cfunction.ext",0x3F,0x1FF,0x2EB808,0x2ED398
1372,0x92CE0,0x12CE0,0x28065C,4,0x8518,0x8519,0x92FE4,0x27F718,during_opcode,watched,"mod=cfunction.ext",0x3F,0x1FF,0x2EB808,0x2ED398
1373,0x92E6C,0x12E6C,0x28065C,4,0x8519,0x851A,0x2AF924,0x27F718,during_opcode,watched,"mod=cfunction.ext",0x3F,0x1FF,0x2EB808,0x2ED398
1374,0x92CE0,0x12CE0,0x28065C,4,0x851A,0x851B,0x92FE4,0x27F718,during_opcode,watched,"mod=cfunction.ext",0x3F,0x1FF,0x2EB808,0x2ED398
1375,0x92CE0,0x12CE0,0x28065C,4,0x851B,0x851C,0x92FE4,0x27F718,during_opcode,watched,"mod=cfunction.ext",0x3F,0x1FF,0x2EB808,0x2ED398
1376,0x92F54,0x12F54,0x28065C,4,0x851C,0x851D,0x3,0x27F718,during_opcode,watched,"mod=cfunction.ext",0x3F,0x1FF,0x2EB808,0x2ED398
1377,0x92CE0,0x12CE0,0x28065C,4,0x851D,0x851E,0x92FE4,0x27F718,during_opcode,watched,"mod=cfunction.ext",0x3F,0x1FF,0x2EB808,0x2ED398
1378,0x92CE0,0x12CE0,0x28065C,4,0x851E,0x851F,0x92FE4,0x27F718,during_opcode,watched,"mod=cfunction.ext",0x3F,0x1FF,0x2EB808,0x2ED398
1379,0x92CE0,0x12CE0,0x28065C,4,0x851F,0x8520,0x92FE4,0x27F718,during_opcode,watched,"mod=cfunction.ext",0x3F,0x1FF,0x2EB808,0x2ED398
1380,0x92CE0,0x12CE0,0x28065C,4,0x8520,0x8521,0x92FE4,0x27F718,during_opcode,watched,"mod=cfunction.ext",0x3F,0x1FF,0x2EB808,0x2ED398
1381,0x92CE0,0x12CE0,0x28065C,4,0x8521,0x8522,0x92FE4,0x27F718,during_opcode,watched,"mod=cfunction.ext",0x3F,0x1FF,0x2EB808,0x2ED398
1382,0x92CE0,0x12CE0,0x28065C,4,0x8522,0x8523,0x92FE4,0x27F718,during_opcode,watched,"mod=cfunction.ext",0x3F,0x1FF,0x2EB808,0x2ED398
1383,0x92CE0,0x12CE0,0x28065C,4,0x8523,0x8524,0x92FE4,0x27F718,during_opcode,watched,"mod=cfunction.ext",0x3F,0x1FF,0x2EB808,0x2ED398
1384,0x92CE0,0x12CE0,0x28065C,4,0x8524,0x8525,0x92FE4,0x27F718,during_opcode,watched,"mod=cfunction.ext",0x3F,0x1FF,0x2EB808,0x2ED398
1385,0x92CE0,0x12CE0,0x28065C,4,0x8525,0x8526,0x92FE4,0x27F718,during_opcode,watched,"mod=cfunction.ext",0x3F,0x1FF,0x2EB808,0x2ED398
1386,0x92CE0,0x12CE0,0x28065C,4,0x8526,0x8527,0x92FE4,0x27F718,during_opcode,watched,"mod=cfunction.ext",0x3F,0x1FF,0x2EB808,0x2ED398
1387,0x92CE0,0x12CE0,0x28065C,4,0x8527,0x8528,0x92FE4,0x27F718,during_opcode,watched,"mod=cfunction.ext",0x3F,0x1FF,0x2EB808,0x2ED398
1388,0x92CE0,0x12CE0,0x28065C,4,0x8528,0x8529,0x92FE4,0x27F718,during_opcode,watched,"mod=cfunction.ext",0x3F,0x1FF,0x2EB808,0x2ED398
1389,0x92CE0,0x12CE0,0x28065C,4,0x8529,0x852A,0x92FE4,0x27F718,during_opcode,watched,"mod=cfunction.ext",0x3F,0x1FF,0x2EB808,0x2ED398
1390,0x92CE0,0x12CE0,0x28065C,4,0x852A,0x852B,0x92FE4,0x27F718,during_opcode,watched,"mod=cfunction.ext",0x3F,0x1FF,0x2EB808,0x2ED398
1391,0x92CE0,0x12CE0,0x28065C,4,0x852B,0x852C,0x92FE4,0x27F718,during_opcode,watched,"mod=cfunction.ext",0x3F,0x1FF,0x2EB808,0x2ED398
1392,0x92CE0,0x12CE0,0x28065C,4,0x852C,0x852D,0x92FE4,0x27F718,during_opcode,watched,"mod=cfunction.ext",0x3F,0x1FF,0x2EB808,0x2ED398
1393,0x92CE0,0x12CE0,0x28065C,4,0x852D,0x852E,0x92FE4,0x27F718,during_opcode,watched,"mod=cfunction.ext",0x3F,0x1FF,0x2EB808,0x2ED398
1394,0x92CE0,0x12CE0,0x28065C,4,0x852E,0x852F,0x92FE4,0x27F718,during_opcode,watched,"mod=cfunction.ext",0x3F,0x1FF,0x2EB808,0x2ED398
1395,0x92CE0,0x12CE0,0x28065C,4,0x852F,0x8530,0x92FE4,0x27F718,during_opcode,watched,"mod=cfunction.ext",0x3F,0x1FF,0x2EB808,0x2ED398
1396,0x92CE0,0x12CE0,0x28065C,4,0x8530,0x8531,0x92FE4,0x27F718,during_opcode,watched,"mod=cfunction.ext",0x3F,0x1FF,0x2EB808,0x2ED398
1397,0x92CE0,0x12CE0,0x28065C,4,0x8531,0x8532,0x92FE4,0x27F718,during_opcode,watched,"mod=cfunction.ext",0x3F,0x1FF,0x2EB808,0x2ED398
1398,0x92CE0,0x12CE0,0x28065C,4,0x8532,0x8533,0x92FE4,0x27F718,during_opcode,watched,"mod=cfunction.ext",0x3F,0x1FF,0x2EB808,0x2ED398
1399,0x92CE0,0x12CE0,0x28065C,4,0x8533,0x8534,0x92FE4,0x27F718,during_opcode,watched,"mod=cfunction.ext",0x3F,0x1FF,0x2EB808,0x2ED398
1400,0x92CE0,0x12CE0,0x28065C,4,0x8534,0x8535,0x92FE4,0x27F718,during_opcode,watched,"mod=cfunction.ext",0x3F,0x1FF,0x2EB808,0x2ED398
1401,0x92CE0,0x12CE0,0x28065C,4,0x8535,0x8536,0x92FE4,0x27F718,during_opcode,watched,"mod=cfunction.ext",0x3F,0x1FF,0x2EB808,0x2ED398
1402,0x92F54,0x12F54,0x28065C,4,0x8536,0x8537,0x1,0x27F718,during_opcode,watched,"mod=cfunction.ext",0x3F,0x1FF,0x2EB808,0x2ED398
1403,0x92F54,0x12F54,0x28065C,4,0x8537,0x8538,0xB9,0x27F718,during_opcode,watched,"mod=cfunction.ext",0x3F,0x1FF,0x2EB808,0x2ED398
1404,0x92CE0,0x12CE0,0x28065C,4,0x8538,0x8539,0x92FE4,0x27F718,during_opcode,watched,"mod=cfunction.ext",0x3F,0x1FF,0x2EB808,0x2ED398
1405,0x92F54,0x12F54,0x28065C,4,0x8539,0x853A,0x5,0x27F718,during_opcode,watched,"mod=cfunction.ext",0x3F,0x1FF,0x2EB808,0x2ED398
1406,0x92CE0,0x12CE0,0x28065C,4,0x853A,0x853B,0x92FE4,0x27F718,during_opcode,watched,"mod=cfunction.ext",0x3F,0x1FF,0x2EB808,0x2ED398
1407,0x92CE0,0x12CE0,0x28065C,4,0x853B,0x853C,0x92FE4,0x27F718,during_opcode,watched,"mod=cfunction.ext",0x3F,0x1FF,0x2EB808,0x2ED398
1408,0x92CE0,0x12CE0,0x28065C,4,0x853C,0x853D,0x92FE4,0x27F718,during_opcode,watched,"mod=cfunction.ext",0x3F,0x1FF,0x2EB808,0x2ED398
1409,0x92CE0,0x12CE0,0x28065C,4,0x853D,0x853E,0x92FE4,0x27F718,during_opcode,watched,"mod=cfunction.ext",0x3F,0x1FF,0x2EB808,0x2ED398
1410,0x92CE0,0x12CE0,0x28065C,4,0x853E,0x853F,0x92FE4,0x27F718,during_opcode,watched,"mod=cfunction.ext",0x3F,0x1FF,0x2EB808,0x2ED398
1411,0x92CE0,0x12CE0,0x28065C,4,0x853F,0x8540,0x92FE4,0x27F718,during_opcode,watched,"mod=cfunction.ext",0x3F,0x1FF,0x2EB808,0x2ED398
1412,0x92F54,0x12F54,0x28065C,4,0x8540,0x8541,0x1,0x27F718,during_opcode,watched,"mod=cfunction.ext",0x3F,0x1FF,0x2EB808,0x2ED398
1413,0x92CE0,0x12CE0,0x28065C,4,0x8541,0x8542,0x92FE4,0x27F718,during_opcode,watched,"mod=cfunction.ext",0x3F,0x1FF,0x2EB808,0x2ED398
1414,0x92CE0,0x12CE0,0x28065C,4,0x8542,0x8543,0x92FE4,0x27F718,during_opcode,watched,"mod=cfunction.ext",0x3F,0x1FF,0x2EB808,0x2ED398
1415,0x92CE0,0x12CE0,0x28065C,4,0x8543,0x8544,0x92FE4,0x27F718,during_opcode,watched,"mod=cfunction.ext",0x3F,0x1FF,0x2EB808,0x2ED398
1416,0x92CE0,0x12CE0,0x28065C,4,0x8544,0x8545,0x92FE4,0x27F718,during_opcode,watched,"mod=cfunction.ext",0x3F,0x1FF,0x2EB808,0x2ED398
1417,0x92CE0,0x12CE0,0x28065C,4,0x8545,0x8546,0x92FE4,0x27F718,during_opcode,watched,"mod=cfunction.ext",0x3F,0x1FF,0x2EB808,0x2ED398
1418,0x92CE0,0x12CE0,0x28065C,4,0x8546,0x8547,0x92FE4,0x27F718,during_opcode,watched,"mod=cfunction.ext",0x3F,0x1FF,0x2EB808,0x2ED398
1419,0x92CE0,0x12CE0,0x28065C,4,0x8547,0x8548,0x92FE4,0x27F718,during_opcode,watched,"mod=cfunction.ext",0x3F,0x1FF,0x2EB808,0x2ED398
1420,0x92F54,0x12F54,0x28065C,4,0x8548,0x8549,0x3,0x27F718,during_opcode,watched,"mod=cfunction.ext",0x3F,0x1FF,0x2EB808,0x2ED398
1421,0x92CE0,0x12CE0,0x28065C,4,0x8549,0x854A,0x92FE4,0x27F718,during_opcode,watched,"mod=cfunction.ext",0x3F,0x1FF,0x2EB808,0x2ED398
1422,0x92CE0,0x12CE0,0x28065C,4,0x854A,0x854B,0x92FE4,0x27F718,during_opcode,watched,"mod=cfunction.ext",0x3F,0x1FF,0x2EB808,0x2ED398
1423,0x92CE0,0x12CE0,0x28065C,4,0x854B,0x854C,0x92FE4,0x27F718,during_opcode,watched,"mod=cfunction.ext",0x3F,0x1FF,0x2EB808,0x2ED398
1424,0x92CE0,0x12CE0,0x28065C,4,0x854C,0x854D,0x92FE4,0x27F718,during_opcode,watched,"mod=cfunction.ext",0x3F,0x1FF,0x2EB808,0x2ED398
1425,0x92F54,0x12F54,0x28065C,4,0x854D,0x854E,0x3,0x27F718,during_opcode,watched,"mod=cfunction.ext",0x3F,0x1FF,0x2EB808,0x2ED398
1426,0x92CE0,0x12CE0,0x28065C,4,0x854E,0x854F,0x92FE4,0x27F718,during_opcode,watched,"mod=cfunction.ext",0x3F,0x1FF,0x2EB808,0x2ED398
1427,0x92CE0,0x12CE0,0x28065C,4,0x854F,0x8550,0x92FE4,0x27F718,during_opcode,watched,"mod=cfunction.ext",0x3F,0x1FF,0x2EB808,0x2ED398
1428,0x92CE0,0x12CE0,0x28065C,4,0x8550,0x8551,0x92FE4,0x27F718,during_opcode,watched,"mod=cfunction.ext",0x3F,0x1FF,0x2EB808,0x2ED398
1429,0x92CE0,0x12CE0,0x28065C,4,0x8551,0x8552,0x92FE4,0x27F718,during_opcode,watched,"mod=cfunction.ext",0x3F,0x1FF,0x2EB808,0x2ED398
1430,0x92CE0,0x12CE0,0x28065C,4,0x8552,0x8553,0x92FE4,0x27F718,during_opcode,watched,"mod=cfunction.ext",0x3F,0x1FF,0x2EB808,0x2ED398
1431,0x92CE0,0x12CE0,0x28065C,4,0x8553,0x8554,0x92FE4,0x27F718,during_opcode,watched,"mod=cfunction.ext",0x3F,0x1FF,0x2EB808,0x2ED398
1432,0x92CE0,0x12CE0,0x28065C,4,0x8554,0x8555,0x92FE4,0x27F718,during_opcode,watched,"mod=cfunction.ext",0x3F,0x1FF,0x2EB808,0x2ED398
1433,0x92CE0,0x12CE0,0x28065C,4,0x8555,0x8556,0x92FE4,0x27F718,during_opcode,watched,"mod=cfunction.ext",0x3F,0x1FF,0x2EB808,0x2ED398
1434,0x92CE0,0x12CE0,0x28065C,4,0x8556,0x8557,0x92FE4,0x27F718,during_opcode,watched,"mod=cfunction.ext",0x3F,0x1FF,0x2EB808,0x2ED398
1435,0x92CE0,0x12CE0,0x28065C,4,0x8557,0x8558,0x92FE4,0x27F718,during_opcode,watched,"mod=cfunction.ext",0x3F,0x1FF,0x2EB808,0x2ED398
1436,0x92CE0,0x12CE0,0x28065C,4,0x8558,0x8559,0x92FE4,0x27F718,during_opcode,watched,"mod=cfunction.ext",0x3F,0x1FF,0x2EB808,0x2ED398
1437,0x92CE0,0x12CE0,0x28065C,4,0x8559,0x855A,0xD0158,0x27F718,during_opcode,watched,"mod=cfunction.ext",0x3F,0x1FF,0x2EB808,0x2ED398
1438,0x92CE0,0x12CE0,0x28065C,4,0x855A,0x855B,0xD0158,0x27F718,during_opcode,watched,"mod=cfunction.ext",0x3F,0x1FF,0x2EB808,0x2ED398
1439,0x92CE0,0x12CE0,0x28065C,4,0x855B,0x855C,0xD0158,0x27F718,during_opcode,watched,"mod=cfunction.ext",0x3F,0x1FF,0x2EB808,0x2ED398
1440,0x92CE0,0x12CE0,0x28065C,4,0x855C,0x855D,0xD0158,0x27F718,during_opcode,watched,"mod=cfunction.ext",0x3F,0x1FF,0x2EB808,0x2ED398
1441,0x92CE0,0x12CE0,0x28065C,4,0x855D,0x855E,0xD0158,0x27F718,during_opcode,watched,"mod=cfunction.ext",0x3F,0x1FF,0x2EB808,0x2ED398
1442,0x92CE0,0x12CE0,0x28065C,4,0x855E,0x855F,0xD0158,0x27F718,during_opcode,watched,"mod=cfunction.ext",0x3F,0x1FF,0x2EB808,0x2ED398
1443,0x92CE0,0x12CE0,0x28065C,4,0x855F,0x8560,0xD0158,0x27F718,during_opcode,watched,"mod=cfunction.ext",0x3F,0x1FF,0x2EB808,0x2ED398
1444,0x92CE0,0x12CE0,0x28065C,4,0x8560,0x8561,0x92FE4,0x27F718,during_opcode,watched,"mod=cfunction.ext",0x3F,0x1FF,0x2EB808,0x2ED398
1445,0x92F54,0x12F54,0x28065C,4,0x8561,0x8562,0x3,0x27F718,during_opcode,watched,"mod=cfunction.ext",0x3F,0x1FF,0x2EB808,0x2ED398
1446,0x92CE0,0x12CE0,0x28065C,4,0x8562,0x8563,0x92FE4,0x27F718,during_opcode,watched,"mod=cfunction.ext",0x3F,0x1FF,0x2EB808,0x2ED398
1447,0x92F54,0x12F54,0x28065C,4,0x8563,0x8564,0x1,0x27F718,during_opcode,watched,"mod=cfunction.ext",0x3F,0x1FF,0x2EB808,0x2ED398
1448,0x92CE0,0x12CE0,0x28065C,4,0x8564,0x8565,0x92FE4,0x27F718,during_opcode,watched,"mod=cfunction.ext",0x3F,0x1FF,0x2EB808,0x2ED398
1449,0x92CE0,0x12CE0,0x28065C,4,0x8565,0x8566,0xD0158,0x27F718,during_opcode,watched,"mod=cfunction.ext",0x3F,0x1FF,0x2EB808,0x2ED398
1450,0x92CE0,0x12CE0,0x28065C,4,0x8566,0x8567,0xD0158,0x27F718,during_opcode,watched,"mod=cfunction.ext",0x3F,0x1FF,0x2EB808,0x2ED398
1451,0x92CE0,0x12CE0,0x28065C,4,0x8567,0x8568,0xD0158,0x27F718,during_opcode,watched,"mod=cfunction.ext",0x3F,0x1FF,0x2EB808,0x2ED398
1452,0x92CE0,0x12CE0,0x28065C,4,0x8568,0x8569,0xD0158,0x27F718,during_opcode,watched,"mod=cfunction.ext",0x3F,0x1FF,0x2EB808,0x2ED398
1453,0x92CE0,0x12CE0,0x28065C,4,0x8569,0x856A,0xD0158,0x27F718,during_opcode,watched,"mod=cfunction.ext",0x3F,0x1FF,0x2EB808,0x2ED398
1454,0x92CE0,0x12CE0,0x28065C,4,0x856A,0x856B,0xD0158,0x27F718,during_opcode,watched,"mod=cfunction.ext",0x3F,0x1FF,0x2EB808,0x2ED398
1455,0x92E6C,0x12E6C,0x28065C,4,0x856B,0x856C,0x2AF924,0x27F718,during_opcode,watched,"mod=cfunction.ext",0x3F,0x1FF,0x2EB808,0x2ED398
1456,0x92CE0,0x12CE0,0x28065C,4,0x856C,0x856D,0x92FE4,0x27F718,during_opcode,watched,"mod=cfunction.ext",0x3F,0x1FF,0x2EB808,0x2ED398
1457,0x92CE0,0x12CE0,0x28065C,4,0x856D,0x856E,0x92FE4,0x27F718,during_opcode,watched,"mod=cfunction.ext",0x3F,0x1FF,0x2EB808,0x2ED398
1458,0x92CE0,0x12CE0,0x28065C,4,0x856E,0x856F,0x92FE4,0x27F718,during_opcode,watched,"mod=cfunction.ext",0x3F,0x1FF,0x2EB808,0x2ED398
1459,0x92CE0,0x12CE0,0x28065C,4,0x856F,0x8570,0x92FE4,0x27F718,during_opcode,watched,"mod=cfunction.ext",0x3F,0x1FF,0x2EB808,0x2ED398
1460,0x92CE0,0x12CE0,0x28065C,4,0x8570,0x8571,0x92FE4,0x27F718,during_opcode,watched,"mod=cfunction.ext",0x3F,0x1FF,0x2EB808,0x2ED398
1461,0x92CE0,0x12CE0,0x28065C,4,0x8571,0x8572,0x92FE4,0x27F718,during_opcode,watched,"mod=cfunction.ext",0x3F,0x1FF,0x2EB808,0x2ED398
1462,0x92CE0,0x12CE0,0x28065C,4,0x8572,0x8573,0x92FE4,0x27F718,during_opcode,watched,"mod=cfunction.ext",0x3F,0x1FF,0x2EB808,0x2ED398
1463,0x92CE0,0x12CE0,0x28065C,4,0x8573,0x8574,0x92FE4,0x27F718,during_opcode,watched,"mod=cfunction.ext",0x3F,0x1FF,0x2EB808,0x2ED398
1464,0x92CE0,0x12CE0,0x28065C,4,0x8574,0x8575,0x92FE4,0x27F718,during_opcode,watched,"mod=cfunction.ext",0x3F,0x1FF,0x2EB808,0x2ED398
1465,0x92E6C,0x12E6C,0x28065C,4,0x8575,0x8576,0x2AF924,0x27F718,during_opcode,watched,"mod=cfunction.ext",0x3F,0x1FF,0x2EB808,0x2ED398
1466,0x92CE0,0x12CE0,0x28065C,4,0x8576,0x8577,0x92FE4,0x27F718,during_opcode,watched,"mod=cfunction.ext",0x3F,0x1FF,0x2EB808,0x2ED398
1467,0x92F54,0x12F54,0x28065C,4,0x8577,0x8578,0x1,0x27F718,during_opcode,watched,"mod=cfunction.ext",0x3F,0x1FF,0x2EB808,0x2ED398
1468,0x92F54,0x12F54,0x28065C,4,0x8578,0x8579,0xB1,0x27F718,during_opcode,watched,"mod=cfunction.ext",0x3F,0x1FF,0x2EB808,0x2ED398
1469,0x92CE0,0x12CE0,0x28065C,4,0x8579,0x857A,0x92FE4,0x27F718,during_opcode,watched,"mod=cfunction.ext",0x3F,0x1FF,0x2EB808,0x2ED398
1470,0x92CE0,0x12CE0,0x28065C,4,0x857A,0x857B,0x92FE4,0x27F718,during_opcode,watched,"mod=cfunction.ext",0x3F,0x1FF,0x2EB808,0x2ED398
1471,0x92CE0,0x12CE0,0x28065C,4,0x857B,0x857C,0x92FE4,0x27F718,during_opcode,watched,"mod=cfunction.ext",0x3F,0x1FF,0x2EB808,0x2ED398
1472,0x92CE0,0x12CE0,0x28065C,4,0x857C,0x857D,0x92FE4,0x27F718,during_opcode,watched,"mod=cfunction.ext",0x3F,0x1FF,0x2EB808,0x2ED398
1473,0x92CE0,0x12CE0,0x28065C,4,0x857D,0x857E,0x92FE4,0x27F718,during_opcode,watched,"mod=cfunction.ext",0x3F,0x1FF,0x2EB808,0x2ED398
1474,0x92CE0,0x12CE0,0x28065C,4,0x857E,0x857F,0x92FE4,0x27F718,during_opcode,watched,"mod=cfunction.ext",0x3F,0x1FF,0x2EB808,0x2ED398
1475,0x92CE0,0x12CE0,0x28065C,4,0x857F,0x8580,0x92FE4,0x27F718,during_opcode,watched,"mod=cfunction.ext",0x3F,0x1FF,0x2EB808,0x2ED398
1476,0x92CE0,0x12CE0,0x28065C,4,0x8580,0x8581,0x92FE4,0x27F718,during_opcode,watched,"mod=cfunction.ext",0x3F,0x1FF,0x2EB808,0x2ED398
1477,0x92E6C,0x12E6C,0x28065C,4,0x8581,0x8582,0x2AF924,0x27F718,during_opcode,watched,"mod=cfunction.ext",0x3F,0x1FF,0x2EB808,0x2ED398
1478,0x92CE0,0x12CE0,0x28065C,4,0x8582,0x8583,0x92FE4,0x27F718,during_opcode,watched,"mod=cfunction.ext",0x3F,0x1FF,0x2EB808,0x2ED398
1479,0x92E6C,0x12E6C,0x28065C,4,0x8583,0x8584,0x2AF924,0x27F718,during_opcode,watched,"mod=cfunction.ext",0x3F,0x1FF,0x2EB808,0x2ED398
1480,0x92CE0,0x12CE0,0x28065C,4,0x8584,0x8585,0x92FE4,0x27F718,during_opcode,watched,"mod=cfunction.ext",0x3F,0x1FF,0x2EB808,0x2ED398
1481,0x92CE0,0x12CE0,0x28065C,4,0x8585,0x8586,0x92FE4,0x27F718,during_opcode,watched,"mod=cfunction.ext",0x3F,0x1FF,0x2EB808,0x2ED398
1482,0x92CE0,0x12CE0,0x28065C,4,0x8586,0x8587,0x92FE4,0x27F718,during_opcode,watched,"mod=cfunction.ext",0x3F,0x1FF,0x2EB808,0x2ED398
1483,0x92E6C,0x12E6C,0x28065C,4,0x8587,0x8588,0x2AF924,0x27F718,during_opcode,watched,"mod=cfunction.ext",0x3F,0x1FF,0x2EB808,0x2ED398
1484,0x92CE0,0x12CE0,0x28065C,4,0x8588,0x8589,0x92FE4,0x27F718,during_opcode,watched,"mod=cfunction.ext",0x3F,0x1FF,0x2EB808,0x2ED398
1485,0x92CE0,0x12CE0,0x28065C,4,0x8589,0x858A,0xD0158,0x27F718,during_opcode,watched,"mod=cfunction.ext",0x3F,0x1FF,0x2EB808,0x2ED398
1486,0x92CE0,0x12CE0,0x28065C,4,0x858A,0x858B,0xD0158,0x27F718,during_opcode,watched,"mod=cfunction.ext",0x3F,0x1FF,0x2EB808,0x2ED398
1487,0x92CE0,0x12CE0,0x28065C,4,0x858B,0x858C,0xD0158,0x27F718,during_opcode,watched,"mod=cfunction.ext",0x3F,0x1FF,0x2EB808,0x2ED398
1488,0x92CE0,0x12CE0,0x28065C,4,0x858C,0x858D,0xD0158,0x27F718,during_opcode,watched,"mod=cfunction.ext",0x3F,0x1FF,0x2EB808,0x2ED398
1489,0x92CE0,0x12CE0,0x28065C,4,0x858D,0x858E,0xD0158,0x27F718,during_opcode,watched,"mod=cfunction.ext",0x3F,0x1FF,0x2EB808,0x2ED398
1490,0x92CE0,0x12CE0,0x28065C,4,0x858E,0x858F,0xD0158,0x27F718,during_opcode,watched,"mod=cfunction.ext",0x3F,0x1FF,0x2EB808,0x2ED398
1491,0x92CE0,0x12CE0,0x28065C,4,0x858F,0x8590,0xD0158,0x27F718,during_opcode,watched,"mod=cfunction.ext",0x3F,0x1FF,0x2EB808,0x2ED398
1492,0x92CE0,0x12CE0,0x28065C,4,0x8590,0x8591,0xD0158,0x27F718,during_opcode,watched,"mod=cfunction.ext",0x3F,0x1FF,0x2EB808,0x2ED398
1493,0x92F54,0x12F54,0x28065C,4,0x8591,0x8592,0x3,0x27F718,during_opcode,watched,"mod=cfunction.ext",0x3F,0x1FF,0x2EB808,0x2ED398
1494,0x92F54,0x12F54,0x28065C,4,0x8592,0x8593,0x217,0x27F718,during_opcode,watched,"mod=cfunction.ext",0x3F,0x1FF,0x2EB808,0x2ED398
1495,0x92CE0,0x12CE0,0x28065C,4,0x8593,0x8594,0x92FE4,0x27F718,during_opcode,watched,"mod=cfunction.ext",0x3F,0x1FF,0x2EB808,0x2ED398
1496,0x92CE0,0x12CE0,0x28065C,4,0x8594,0x8595,0x92FE4,0x27F718,during_opcode,watched,"mod=cfunction.ext",0x3F,0x1FF,0x2EB808,0x2ED398
1497,0x92CE0,0x12CE0,0x28065C,4,0x8595,0x8596,0xD0158,0x27F718,during_opcode,watched,"mod=cfunction.ext",0x3F,0x1FF,0x2EB808,0x2ED398
1498,0x92CE0,0x12CE0,0x28065C,4,0x8596,0x8597,0xD0158,0x27F718,during_opcode,watched,"mod=cfunction.ext",0x3F,0x1FF,0x2EB808,0x2ED398
1499,0x92CE0,0x12CE0,0x28065C,4,0x8597,0x8598,0xD0158,0x27F718,during_opcode,watched,"mod=cfunction.ext",0x3F,0x1FF,0x2EB808,0x2ED398
1500,0x92CE0,0x12CE0,0x28065C,4,0x8598,0x8599,0xD0158,0x27F718,during_opcode,watched,"mod=cfunction.ext",0x3F,0x1FF,0x2EB808,0x2ED398
1501,0x92CE0,0x12CE0,0x28065C,4,0x8599,0x859A,0xD0158,0x27F718,during_opcode,watched,"mod=cfunction.ext",0x3F,0x1FF,0x2EB808,0x2ED398
1502,0x92CE0,0x12CE0,0x28065C,4,0x859A,0x859B,0xD0158,0x27F718,during_opcode,watched,"mod=cfunction.ext",0x3F,0x1FF,0x2EB808,0x2ED398
1503,0x92CE0,0x12CE0,0x28065C,4,0x859B,0x859C,0xD0158,0x27F718,during_opcode,watched,"mod=cfunction.ext",0x3F,0x1FF,0x2EB808,0x2ED398
1504,0x92CE0,0x12CE0,0x28065C,4,0x859C,0x859D,0xD0158,0x27F718,during_opcode,watched,"mod=cfunction.ext",0x3F,0x1FF,0x2EB808,0x2ED398
1505,0x92CE0,0x12CE0,0x28065C,4,0x859D,0x859E,0xD0158,0x27F718,during_opcode,watched,"mod=cfunction.ext",0x3F,0x1FF,0x2EB808,0x2ED398
1506,0x92CE0,0x12CE0,0x28065C,4,0x859E,0x859F,0xD0158,0x27F718,during_opcode,watched,"mod=cfunction.ext",0x3F,0x1FF,0x2EB808,0x2ED398
1507,0x92CE0,0x12CE0,0x28065C,4,0x859F,0x85A0,0xD0158,0x27F718,during_opcode,watched,"mod=cfunction.ext",0x3F,0x1FF,0x2EB808,0x2ED398
1508,0x92CE0,0x12CE0,0x28065C,4,0x85A0,0x85A1,0xD0158,0x27F718,during_opcode,watched,"mod=cfunction.ext",0x3F,0x1FF,0x2EB808,0x2ED398
1509,0x92F54,0x12F54,0x28065C,4,0x85A1,0x85A2,0x1,0x27F718,during_opcode,watched,"mod=cfunction.ext",0x3F,0x1FF,0x2EB808,0x2ED398
1510,0x92CE0,0x12CE0,0x28065C,4,0x85A2,0x85A3,0x92FE4,0x27F718,during_opcode,watched,"mod=cfunction.ext",0x3F,0x1FF,0x2EB808,0x2ED398
1511,0x92CE0,0x12CE0,0x28065C,4,0x85A3,0x85A4,0x92FE4,0x27F718,during_opcode,watched,"mod=cfunction.ext",0x3F,0x1FF,0x2EB808,0x2ED398
1512,0x92CE0,0x12CE0,0x28065C,4,0x85A4,0x85A5,0x92FE4,0x27F718,during_opcode,watched,"mod=cfunction.ext",0x3F,0x1FF,0x2EB808,0x2ED398
1513,0x92CE0,0x12CE0,0x28065C,4,0x85A5,0x85A6,0x92FE4,0x27F718,during_opcode,watched,"mod=cfunction.ext",0x3F,0x1FF,0x2EB808,0x2ED398
1514,0x92CE0,0x12CE0,0x28065C,4,0x85A6,0x85A7,0x92FE4,0x27F718,during_opcode,watched,"mod=cfunction.ext",0x3F,0x1FF,0x2EB808,0x2ED398
1515,0x92CE0,0x12CE0,0x28065C,4,0x85A7,0x85A8,0x92FE4,0x27F718,during_opcode,watched,"mod=cfunction.ext",0x3F,0x1FF,0x2EB808,0x2ED398
1516,0x92CE0,0x12CE0,0x28065C,4,0x85A8,0x85A9,0x92FE4,0x27F718,during_opcode,watched,"mod=cfunction.ext",0x3F,0x1FF,0x2EB808,0x2ED398
1517,0x92F54,0x12F54,0x28065C,4,0x85A9,0x85AA,0x1,0x27F718,during_opcode,watched,"mod=cfunction.ext",0x3F,0x1FF,0x2EB808,0x2ED398
1518,0x92CE0,0x12CE0,0x28065C,4,0x85AA,0x85AB,0x92FE4,0x27F718,during_opcode,watched,"mod=cfunction.ext",0x3F,0x1FF,0x2EB808,0x2ED398
1519,0x92CE0,0x12CE0,0x28065C,4,0x85AB,0x85AC,0x92FE4,0x27F718,during_opcode,watched,"mod=cfunction.ext",0x3F,0x1FF,0x2EB808,0x2ED398
1520,0x92CE0,0x12CE0,0x28065C,4,0x85AC,0x85AD,0x92FE4,0x27F718,during_opcode,watched,"mod=cfunction.ext",0x3F,0x1FF,0x2EB808,0x2ED398
1521,0x92CE0,0x12CE0,0x28065C,4,0x85AD,0x85AE,0x92FE4,0x27F718,during_opcode,watched,"mod=cfunction.ext",0x3F,0x1FF,0x2EB808,0x2ED398
1522,0x92CE0,0x12CE0,0x28065C,4,0x85AE,0x85AF,0x92FE4,0x27F718,during_opcode,watched,"mod=cfunction.ext",0x3F,0x1FF,0x2EB808,0x2ED398
1523,0x92CE0,0x12CE0,0x28065C,4,0x85AF,0x85B0,0x92FE4,0x27F718,during_opcode,watched,"mod=cfunction.ext",0x3F,0x1FF,0x2EB808,0x2ED398
1524,0x92EE8,0x12EE8,0x28065C,4,0x85B0,0x85B1,0x2AF924,0x27F718,during_opcode,watched,"mod=cfunction.ext",0x3F,0x1FF,0x2EB808,0x2ED398
1525,0x92CE0,0x12CE0,0x28065C,4,0x85B1,0x85B2,0x92FE4,0x27F718,during_opcode,watched,"mod=cfunction.ext",0x3F,0x1FF,0x2EB808,0x2ED398
1526,0x92F54,0x12F54,0x28065C,4,0x85B2,0x85B3,0x1,0x27F718,during_opcode,watched,"mod=cfunction.ext",0x3F,0x1FF,0x2EB808,0x2ED398
1527,0x92CE0,0x12CE0,0x28065C,4,0x85B3,0x85B4,0x92FE4,0x27F718,during_opcode,watched,"mod=cfunction.ext",0x3F,0x1FF,0x2EB808,0x2ED398
1528,0x92CE0,0x12CE0,0x28065C,4,0x85B4,0x85B5,0x92FE4,0x27F718,during_opcode,watched,"mod=cfunction.ext",0x3F,0x1FF,0x2EB808,0x2ED398
1529,0x92CE0,0x12CE0,0x28065C,4,0x85B5,0x85B6,0x92FE4,0x27F718,during_opcode,watched,"mod=cfunction.ext",0x3F,0x1FF,0x2EB808,0x2ED398
1530,0x92CE0,0x12CE0,0x28065C,4,0x85B6,0x85B7,0x92FE4,0x27F718,during_opcode,watched,"mod=cfunction.ext",0x3F,0x1FF,0x2EB808,0x2ED398
1531,0x92F54,0x12F54,0x28065C,4,0x85B7,0x85B8,0xD,0x27F718,during_opcode,watched,"mod=cfunction.ext",0x3F,0x1FF,0x2EB808,0x2ED398
1532,0x92CE0,0x12CE0,0x28065C,4,0x85B8,0x85B9,0x92FE4,0x27F718,during_opcode,watched,"mod=cfunction.ext",0x3F,0x1FF,0x2EB808,0x2ED398
1533,0x92CE0,0x12CE0,0x28065C,4,0x85B9,0x85BA,0x92FE4,0x27F718,during_opcode,watched,"mod=cfunction.ext",0x3F,0x1FF,0x2EB808,0x2ED398
1534,0x92CE0,0x12CE0,0x28065C,4,0x85BA,0x85BB,0x92FE4,0x27F718,during_opcode,watched,"mod=cfunction.ext",0x3F,0x1FF,0x2EB808,0x2ED398
1535,0x92CE0,0x12CE0,0x28065C,4,0x85BB,0x85BC,0x92FE4,0x27F718,during_opcode,watched,"mod=cfunction.ext",0x3F,0x1FF,0x2EB808,0x2ED398
1536,0x92CE0,0x12CE0,0x28065C,4,0x85BC,0x85BD,0xD0158,0x27F718,during_opcode,watched,"mod=cfunction.ext",0x3F,0x1FF,0x2EB808,0x2ED398
1537,0x92CE0,0x12CE0,0x28065C,4,0x85BD,0x85BE,0xD0158,0x27F718,during_opcode,watched,"mod=cfunction.ext",0x3F,0x1FF,0x2EB808,0x2ED398
1538,0x92CE0,0x12CE0,0x28065C,4,0x85BE,0x85BF,0xD0158,0x27F718,during_opcode,watched,"mod=cfunction.ext",0x3F,0x1FF,0x2EB808,0x2ED398
1539,0x92D68,0x12D68,0x28065C,4,0x85BF,0x85C0,0xD0158,0x27F718,during_opcode,watched,"mod=cfunction.ext",0x3F,0x1FF,0x2EB808,0x2ED398
1540,0x92CE0,0x12CE0,0x28065C,4,0x85C0,0x85C1,0xD0158,0x27F718,during_opcode,watched,"mod=cfunction.ext",0x3F,0x1FF,0x2EB808,0x2ED398
1541,0x92CE0,0x12CE0,0x28065C,4,0x85C1,0x85C2,0xD0158,0x27F718,during_opcode,watched,"mod=cfunction.ext",0x3F,0x1FF,0x2EB808,0x2ED398
1542,0x92CE0,0x12CE0,0x28065C,4,0x85C2,0x85C3,0xD0158,0x27F718,during_opcode,watched,"mod=cfunction.ext",0x3F,0x1FF,0x2EB808,0x2ED398
1543,0x92CE0,0x12CE0,0x28065C,4,0x85C3,0x85C4,0xD0158,0x27F718,during_opcode,watched,"mod=cfunction.ext",0x3F,0x1FF,0x2EB808,0x2ED398
1544,0x92F54,0x12F54,0x28065C,4,0x85C4,0x85C5,0x1,0x27F718,during_opcode,watched,"mod=cfunction.ext",0x3F,0x1FF,0x2EB808,0x2ED398
1545,0x92CE0,0x12CE0,0x28065C,4,0x85C5,0x85C6,0x92FE4,0x27F718,during_opcode,watched,"mod=cfunction.ext",0x3F,0x1FF,0x2EB808,0x2ED398
1546,0x92CE0,0x12CE0,0x28065C,4,0x85C6,0x85C7,0x92FE4,0x27F718,during_opcode,watched,"mod=cfunction.ext",0x3F,0x1FF,0x2EB808,0x2ED398
1547,0x92CE0,0x12CE0,0x28065C,4,0x85C7,0x85C8,0xD0158,0x27F718,during_opcode,watched,"mod=cfunction.ext",0x3F,0x1FF,0x2EB808,0x2ED398
1548,0x92D68,0x12D68,0x28065C,4,0x85C8,0x85C9,0xD0158,0x27F718,during_opcode,watched,"mod=cfunction.ext",0x3F,0x1FF,0x2EB808,0x2ED398
1549,0x92F54,0x12F54,0x28065C,4,0x85C9,0x85CA,0x1,0x27F718,during_opcode,watched,"mod=cfunction.ext",0x3F,0x1FF,0x2EB808,0x2ED398
1550,0x92CE0,0x12CE0,0x28065C,4,0x85CA,0x85CB,0x92FE4,0x27F718,during_opcode,watched,"mod=cfunction.ext",0x3F,0x1FF,0x2EB808,0x2ED398
1551,0x92CE0,0x12CE0,0x28065C,4,0x85CB,0x85CC,0x92FE4,0x27F718,during_opcode,watched,"mod=cfunction.ext",0x3F,0x1FF,0x2EB808,0x2ED398
1552,0x92CE0,0x12CE0,0x28065C,4,0x85CC,0x85CD,0x92FE4,0x27F718,during_opcode,watched,"mod=cfunction.ext",0x3F,0x1FF,0x2EB808,0x2ED398
1553,0x92CE0,0x12CE0,0x28065C,4,0x85CD,0x85CE,0x92FE4,0x27F718,during_opcode,watched,"mod=cfunction.ext",0x3F,0x1FF,0x2EB808,0x2ED398
1554,0x92CE0,0x12CE0,0x28065C,4,0x85CE,0x85CF,0x92FE4,0x27F718,during_opcode,watched,"mod=cfunction.ext",0x3F,0x1FF,0x2EB808,0x2ED398
1555,0x92CE0,0x12CE0,0x28065C,4,0x85CF,0x85D0,0x92FE4,0x27F718,during_opcode,watched,"mod=cfunction.ext",0x3F,0x1FF,0x2EB808,0x2ED398
1556,0x92CE0,0x12CE0,0x28065C,4,0x85D0,0x85D1,0x92FE4,0x27F718,during_opcode,watched,"mod=cfunction.ext",0x3F,0x1FF,0x2EB808,0x2ED398
1557,0x92CE0,0x12CE0,0x28065C,4,0x85D1,0x85D2,0x92FE4,0x27F718,during_opcode,watched,"mod=cfunction.ext",0x3F,0x1FF,0x2EB808,0x2ED398
1558,0x92E6C,0x12E6C,0x28065C,4,0x85D2,0x85D3,0x2AF924,0x27F718,during_opcode,watched,"mod=cfunction.ext",0x3F,0x1FF,0x2EB808,0x2ED398
1559,0x92CE0,0x12CE0,0x28065C,4,0x85D3,0x85D4,0x92FE4,0x27F718,during_opcode,watched,"mod=cfunction.ext",0x3F,0x1FF,0x2EB808,0x2ED398
1560,0x92CE0,0x12CE0,0x28065C,4,0x85D4,0x85D5,0x92FE4,0x27F718,during_opcode,watched,"mod=cfunction.ext",0x3F,0x1FF,0x2EB808,0x2ED398
1561,0x92E6C,0x12E6C,0x28065C,4,0x85D5,0x85D6,0x2AF924,0x27F718,during_opcode,watched,"mod=cfunction.ext",0x3F,0x1FF,0x2EB808,0x2ED398
1562,0x92CE0,0x12CE0,0x28065C,4,0x85D6,0x85D7,0x92FE4,0x27F718,during_opcode,watched,"mod=cfunction.ext",0x3F,0x1FF,0x2EB808,0x2ED398
1563,0x92CE0,0x12CE0,0x28065C,4,0x85D7,0x85D8,0x92FE4,0x27F718,during_opcode,watched,"mod=cfunction.ext",0x3F,0x1FF,0x2EB808,0x2ED398
1564,0x92F54,0x12F54,0x28065C,4,0x85D8,0x85D9,0x1,0x27F718,during_opcode,watched,"mod=cfunction.ext",0x3F,0x1FF,0x2EB808,0x2ED398
1565,0x92CE0,0x12CE0,0x28065C,4,0x85D9,0x85DA,0x92FE4,0x27F718,during_opcode,watched,"mod=cfunction.ext",0x3F,0x1FF,0x2EB808,0x2ED398
1566,0x92E6C,0x12E6C,0x28065C,4,0x85DA,0x85DB,0x2AF924,0x27F718,during_opcode,watched,"mod=cfunction.ext",0x3F,0x1FF,0x2EB808,0x2ED398
1567,0x92CE0,0x12CE0,0x28065C,4,0x85DB,0x85DC,0x92FE4,0x27F718,during_opcode,watched,"mod=cfunction.ext",0x3F,0x1FF,0x2EB808,0x2ED398
1568,0x92CE0,0x12CE0,0x28065C,4,0x85DC,0x85DD,0x92FE4,0x27F718,during_opcode,watched,"mod=cfunction.ext",0x3F,0x1FF,0x2EB808,0x2ED398
1569,0x92CE0,0x12CE0,0x28065C,4,0x85DD,0x85DE,0x92FE4,0x27F718,during_opcode,watched,"mod=cfunction.ext",0x3F,0x1FF,0x2EB808,0x2ED398
1570,0x92CE0,0x12CE0,0x28065C,4,0x85DE,0x85DF,0x92FE4,0x27F718,during_opcode,watched,"mod=cfunction.ext",0x3F,0x1FF,0x2EB808,0x2ED398
1571,0x92CE0,0x12CE0,0x28065C,4,0x85DF,0x85E0,0x92FE4,0x27F718,during_opcode,watched,"mod=cfunction.ext",0x3F,0x1FF,0x2EB808,0x2ED398
1572,0x92CE0,0x12CE0,0x28065C,4,0x85E0,0x85E1,0xD0158,0x27F718,during_opcode,watched,"mod=cfunction.ext",0x3F,0x1FF,0x2EB808,0x2ED398
1573,0x92CE0,0x12CE0,0x28065C,4,0x85E1,0x85E2,0xD0158,0x27F718,during_opcode,watched,"mod=cfunction.ext",0x3F,0x1FF,0x2EB808,0x2ED398
1574,0x92F54,0x12F54,0x28065C,4,0x85E2,0x85E3,0x5,0x27F718,during_opcode,watched,"mod=cfunction.ext",0x3F,0x1FF,0x2EB808,0x2ED398
1575,0x92CE0,0x12CE0,0x28065C,4,0x85E3,0x85E4,0x92FE4,0x27F718,during_opcode,watched,"mod=cfunction.ext",0x3F,0x1FF,0x2EB808,0x2ED398
1576,0x92CE0,0x12CE0,0x28065C,4,0x85E4,0x85E5,0x92FE4,0x27F718,during_opcode,watched,"mod=cfunction.ext",0x3F,0x1FF,0x2EB808,0x2ED398
1577,0x92CE0,0x12CE0,0x28065C,4,0x85E5,0x85E6,0x92FE4,0x27F718,during_opcode,watched,"mod=cfunction.ext",0x3F,0x1FF,0x2EB808,0x2ED398
1578,0x92CE0,0x12CE0,0x28065C,4,0x85E6,0x85E7,0x92FE4,0x27F718,during_opcode,watched,"mod=cfunction.ext",0x3F,0x1FF,0x2EB808,0x2ED398
1579,0x92CE0,0x12CE0,0x28065C,4,0x85E7,0x85E8,0x92FE4,0x27F718,during_opcode,watched,"mod=cfunction.ext",0x3F,0x1FF,0x2EB808,0x2ED398
1580,0x92CE0,0x12CE0,0x28065C,4,0x85E8,0x85E9,0x92FE4,0x27F718,during_opcode,watched,"mod=cfunction.ext",0x3F,0x1FF,0x2EB808,0x2ED398
1581,0x92CE0,0x12CE0,0x28065C,4,0x85E9,0x85EA,0x92FE4,0x27F718,during_opcode,watched,"mod=cfunction.ext",0x3F,0x1FF,0x2EB808,0x2ED398
1582,0x92CE0,0x12CE0,0x28065C,4,0x85EA,0x85EB,0x92FE4,0x27F718,during_opcode,watched,"mod=cfunction.ext",0x3F,0x1FF,0x2EB808,0x2ED398
1583,0x92CE0,0x12CE0,0x28065C,4,0x85EB,0x85EC,0x92FE4,0x27F718,during_opcode,watched,"mod=cfunction.ext",0x3F,0x1FF,0x2EB808,0x2ED398
1584,0x92CE0,0x12CE0,0x28065C,4,0x85EC,0x85ED,0x92FE4,0x27F718,during_opcode,watched,"mod=cfunction.ext",0x3F,0x1FF,0x2EB808,0x2ED398
1585,0x92CE0,0x12CE0,0x28065C,4,0x85ED,0x85EE,0x92FE4,0x27F718,during_opcode,watched,"mod=cfunction.ext",0x3F,0x1FF,0x2EB808,0x2ED398
1586,0x92CE0,0x12CE0,0x28065C,4,0x85EE,0x85EF,0x92FE4,0x27F718,during_opcode,watched,"mod=cfunction.ext",0x3F,0x1FF,0x2EB808,0x2ED398
1587,0x92CE0,0x12CE0,0x28065C,4,0x85EF,0x85F0,0x92FE4,0x27F718,during_opcode,watched,"mod=cfunction.ext",0x3F,0x1FF,0x2EB808,0x2ED398
1588,0x92CE0,0x12CE0,0x28065C,4,0x85F0,0x85F1,0x92FE4,0x27F718,during_opcode,watched,"mod=cfunction.ext",0x3F,0x1FF,0x2EB808,0x2ED398
1589,0x92CE0,0x12CE0,0x28065C,4,0x85F1,0x85F2,0x92FE4,0x27F718,during_opcode,watched,"mod=cfunction.ext",0x3F,0x1FF,0x2EB808,0x2ED398
1590,0x92CE0,0x12CE0,0x28065C,4,0x85F2,0x85F3,0x92FE4,0x27F718,during_opcode,watched,"mod=cfunction.ext",0x3F,0x1FF,0x2EB808,0x2ED398
1591,0x92CE0,0x12CE0,0x28065C,4,0x85F3,0x85F4,0x92FE4,0x27F718,during_opcode,watched,"mod=cfunction.ext",0x3F,0x1FF,0x2EB808,0x2ED398
1592,0x92CE0,0x12CE0,0x28065C,4,0x85F4,0x85F5,0x92FE4,0x27F718,during_opcode,watched,"mod=cfunction.ext",0x3F,0x1FF,0x2EB808,0x2ED398
1593,0x92E6C,0x12E6C,0x28065C,4,0x85F5,0x85F6,0x2AF924,0x27F718,during_opcode,watched,"mod=cfunction.ext",0x3F,0x1FF,0x2EB808,0x2ED398
1594,0x92F54,0x12F54,0x28065C,4,0x85F6,0x85F7,0xF3,0x27F718,during_opcode,watched,"mod=cfunction.ext",0x3F,0x1FF,0x2EB808,0x2ED398
1595,0x92CE0,0x12CE0,0x28065C,4,0x85F7,0x85F8,0x92FE4,0x27F718,during_opcode,watched,"mod=cfunction.ext",0x3F,0x1FF,0x2EB808,0x2ED398
1596,0x92CE0,0x12CE0,0x28065C,4,0x85F8,0x85F9,0x92FE4,0x27F718,during_opcode,watched,"mod=cfunction.ext",0x3F,0x1FF,0x2EB808,0x2ED398
1597,0x92CE0,0x12CE0,0x28065C,4,0x85F9,0x85FA,0x92FE4,0x27F718,during_opcode,watched,"mod=cfunction.ext",0x3F,0x1FF,0x2EB808,0x2ED398
1598,0x92CE0,0x12CE0,0x28065C,4,0x85FA,0x85FB,0x92FE4,0x27F718,during_opcode,watched,"mod=cfunction.ext",0x3F,0x1FF,0x2EB808,0x2ED398
1599,0x92CE0,0x12CE0,0x28065C,4,0x85FB,0x85FC,0x92FE4,0x27F718,during_opcode,watched,"mod=cfunction.ext",0x3F,0x1FF,0x2EB808,0x2ED398
1600,0x92F54,0x12F54,0x28065C,4,0x85FC,0x85FD,0xB,0x27F718,during_opcode,watched,"mod=cfunction.ext",0x3F,0x1FF,0x2EB808,0x2ED398
1601,0x92CE0,0x12CE0,0x28065C,4,0x85FD,0x85FE,0x92FE4,0x27F718,during_opcode,watched,"mod=cfunction.ext",0x3F,0x1FF,0x2EB808,0x2ED398
1602,0x92F54,0x12F54,0x28065C,4,0x85FE,0x85FF,0x7,0x27F718,during_opcode,watched,"mod=cfunction.ext",0x3F,0x1FF,0x2EB808,0x2ED398
1603,0x92CE0,0x12CE0,0x28065C,4,0x85FF,0x8600,0x92FE4,0x27F718,during_opcode,watched,"mod=cfunction.ext",0x3F,0x1FF,0x2EB808,0x2ED398
1604,0x92E6C,0x12E6C,0x28065C,4,0x8600,0x8601,0x2AF924,0x27F718,during_opcode,watched,"mod=cfunction.ext",0x3F,0x1FF,0x2EB808,0x2ED398
1605,0x92F54,0x12F54,0x28065C,4,0x8601,0x8602,0x3B,0x27F718,during_opcode,watched,"mod=cfunction.ext",0x3F,0x1FF,0x2EB808,0x2ED398
1606,0x92CE0,0x12CE0,0x28065C,4,0x8602,0x8603,0x92FE4,0x27F718,during_opcode,watched,"mod=cfunction.ext",0x3F,0x1FF,0x2EB808,0x2ED398
1607,0x92F54,0x12F54,0x28065C,4,0x8603,0x8604,0x5,0x27F718,during_opcode,watched,"mod=cfunction.ext",0x3F,0x1FF,0x2EB808,0x2ED398
1608,0x92CE0,0x12CE0,0x28065C,4,0x8604,0x8605,0x92FE4,0x27F718,during_opcode,watched,"mod=cfunction.ext",0x3F,0x1FF,0x2EB808,0x2ED398
1609,0x92D68,0x12D68,0x28065C,4,0x8605,0x8606,0xD0158,0x27F718,during_opcode,watched,"mod=cfunction.ext",0x3F,0x1FF,0x2EB808,0x2ED398
1610,0x92CE0,0x12CE0,0x28065C,4,0x8606,0x8607,0xD0158,0x27F718,during_opcode,watched,"mod=cfunction.ext",0x3F,0x1FF,0x2EB808,0x2ED398
1611,0x92CE0,0x12CE0,0x28065C,4,0x8607,0x8608,0xD0158,0x27F718,during_opcode,watched,"mod=cfunction.ext",0x3F,0x1FF,0x2EB808,0x2ED398
1612,0x92F54,0x12F54,0x28065C,4,0x8608,0x8609,0x5,0x27F718,during_opcode,watched,"mod=cfunction.ext",0x3F,0x1FF,0x2EB808,0x2ED398
1613,0x92CE0,0x12CE0,0x28065C,4,0x8609,0x860A,0x92FE4,0x27F718,during_opcode,watched,"mod=cfunction.ext",0x3F,0x1FF,0x2EB808,0x2ED398
1614,0x92F54,0x12F54,0x28065C,4,0x860A,0x860B,0x1,0x27F718,during_opcode,watched,"mod=cfunction.ext",0x3F,0x1FF,0x2EB808,0x2ED398
1615,0x92CE0,0x12CE0,0x28065C,4,0x860B,0x860C,0x92FE4,0x27F718,during_opcode,watched,"mod=cfunction.ext",0x3F,0x1FF,0x2EB808,0x2ED398
1616,0x92F54,0x12F54,0x28065C,4,0x860C,0x860D,0x3,0x27F718,during_opcode,watched,"mod=cfunction.ext",0x3F,0x1FF,0x2EB808,0x2ED398
1617,0x92F54,0x12F54,0x28065C,4,0x860D,0x860E,0x397,0x27F718,during_opcode,watched,"mod=cfunction.ext",0x3F,0x1FF,0x2EB808,0x2ED398
1618,0x92CE0,0x12CE0,0x28065C,4,0x860E,0x860F,0x92FE4,0x27F718,during_opcode,watched,"mod=cfunction.ext",0x3F,0x1FF,0x2EB808,0x2ED398
1619,0x92CE0,0x12CE0,0x28065C,4,0x860F,0x8610,0x92FE4,0x27F718,during_opcode,watched,"mod=cfunction.ext",0x3F,0x1FF,0x2EB808,0x2ED398
1620,0x92CE0,0x12CE0,0x28065C,4,0x8610,0x8611,0x92FE4,0x27F718,during_opcode,watched,"mod=cfunction.ext",0x3F,0x1FF,0x2EB808,0x2ED398
1621,0x92F54,0x12F54,0x28065C,4,0x8611,0x8612,0xD,0x27F718,during_opcode,watched,"mod=cfunction.ext",0x3F,0x1FF,0x2EB808,0x2ED398
1622,0x92CE0,0x12CE0,0x28065C,4,0x8612,0x8613,0x92FE4,0x27F718,during_opcode,watched,"mod=cfunction.ext",0x3F,0x1FF,0x2EB808,0x2ED398
1623,0x92F54,0x12F54,0x28065C,4,0x8613,0x8614,0xF,0x27F718,during_opcode,watched,"mod=cfunction.ext",0x3F,0x1FF,0x2EB808,0x2ED398
1624,0x92CE0,0x12CE0,0x28065C,4,0x8614,0x8615,0x92FE4,0x27F718,during_opcode,watched,"mod=cfunction.ext",0x3F,0x1FF,0x2EB808,0x2ED398
1625,0x92CE0,0x12CE0,0x28065C,4,0x8615,0x8616,0x92FE4,0x27F718,during_opcode,watched,"mod=cfunction.ext",0x3F,0x1FF,0x2EB808,0x2ED398
1626,0x92CE0,0x12CE0,0x28065C,4,0x8616,0x8617,0x92FE4,0x27F718,during_opcode,watched,"mod=cfunction.ext",0x3F,0x1FF,0x2EB808,0x2ED398
1627,0x92E6C,0x12E6C,0x28065C,4,0x8617,0x8618,0x2AF924,0x27F718,during_opcode,watched,"mod=cfunction.ext",0x3F,0x1FF,0x2EB808,0x2ED398
1628,0x92F54,0x12F54,0x28065C,4,0x8618,0x8619,0x55,0x27F718,during_opcode,watched,"mod=cfunction.ext",0x3F,0x1FF,0x2EB808,0x2ED398
1629,0x92CE0,0x12CE0,0x28065C,4,0x8619,0x861A,0x92FE4,0x27F718,during_opcode,watched,"mod=cfunction.ext",0x3F,0x1FF,0x2EB808,0x2ED398
1630,0x92CE0,0x12CE0,0x28065C,4,0x861A,0x861B,0x92FE4,0x27F718,during_opcode,watched,"mod=cfunction.ext",0x3F,0x1FF,0x2EB808,0x2ED398
1631,0x92E6C,0x12E6C,0x28065C,4,0x861B,0x861C,0x2AF924,0x27F718,during_opcode,watched,"mod=cfunction.ext",0x3F,0x1FF,0x2EB808,0x2ED398
1632,0x92F54,0x12F54,0x28065C,4,0x861C,0x861D,0x75,0x27F718,during_opcode,watched,"mod=cfunction.ext",0x3F,0x1FF,0x2EB808,0x2ED398
1633,0x92CE0,0x12CE0,0x28065C,4,0x861D,0x861E,0x92FE4,0x27F718,during_opcode,watched,"mod=cfunction.ext",0x3F,0x1FF,0x2EB808,0x2ED398
1634,0x92F54,0x12F54,0x28065C,4,0x861E,0x861F,0x17,0x27F718,during_opcode,watched,"mod=cfunction.ext",0x3F,0x1FF,0x2EB808,0x2ED398
1635,0x92CE0,0x12CE0,0x28065C,4,0x861F,0x8620,0x92FE4,0x27F718,during_opcode,watched,"mod=cfunction.ext",0x3F,0x1FF,0x2EB808,0x2ED398
1636,0x92E6C,0x12E6C,0x28065C,4,0x8620,0x8621,0x2AF924,0x27F718,during_opcode,watched,"mod=cfunction.ext",0x3F,0x1FF,0x2EB808,0x2ED398
1637,0x92CE0,0x12CE0,0x28065C,4,0x8621,0x8622,0x92FE4,0x27F718,during_opcode,watched,"mod=cfunction.ext",0x3F,0x1FF,0x2EB808,0x2ED398
1638,0x92CE0,0x12CE0,0x28065C,4,0x8622,0x8623,0x92FE4,0x27F718,during_opcode,watched,"mod=cfunction.ext",0x3F,0x1FF,0x2EB808,0x2ED398
1639,0x92CE0,0x12CE0,0x28065C,4,0x8623,0x8624,0x92FE4,0x27F718,during_opcode,watched,"mod=cfunction.ext",0x3F,0x1FF,0x2EB808,0x2ED398
1640,0x92F54,0x12F54,0x28065C,4,0x8624,0x8625,0x0,0x27F718,during_opcode,watched,"mod=cfunction.ext",0x3F,0x1FF,0x2EB808,0x2ED398
1641,0x92CE0,0x12CE0,0x28065C,4,0x8625,0x8626,0x92FE4,0x27F718,during_opcode,watched,"mod=cfunction.ext",0x3F,0x1FF,0x2EB808,0x2ED398
1642,0x92CE0,0x12CE0,0x28065C,4,0x8626,0x8627,0x92FE4,0x27F718,during_opcode,watched,"mod=cfunction.ext",0x3F,0x1FF,0x2EB808,0x2ED398
1643,0x92CE0,0x12CE0,0x28065C,4,0x8627,0x8628,0x92FE4,0x27F718,during_opcode,watched,"mod=cfunction.ext",0x3F,0x1FF,0x2EB808,0x2ED398
1644,0x92CE0,0x12CE0,0x28065C,4,0x8628,0x8629,0x92FE4,0x27F718,during_opcode,watched,"mod=cfunction.ext",0x3F,0x1FF,0x2EB808,0x2ED398
1645,0x92CE0,0x12CE0,0x28065C,4,0x8629,0x862A,0x92FE4,0x27F718,during_opcode,watched,"mod=cfunction.ext",0x3F,0x1FF,0x2EB808,0x2ED398
1646,0x92CE0,0x12CE0,0x28065C,4,0x862A,0x862B,0x92FE4,0x27F718,during_opcode,watched,"mod=cfunction.ext",0x3F,0x1FF,0x2EB808,0x2ED398
1647,0x92D68,0x12D68,0x28065C,4,0x862B,0x862C,0xD0158,0x27F718,during_opcode,watched,"mod=cfunction.ext",0x3F,0x1FF,0x2EB808,0x2ED398
1648,0x92CE0,0x12CE0,0x28065C,4,0x862C,0x862D,0xD0158,0x27F718,during_opcode,watched,"mod=cfunction.ext",0x3F,0x1FF,0x2EB808,0x2ED398
1649,0x92CE0,0x12CE0,0x28065C,4,0x862D,0x862E,0xD0158,0x27F718,during_opcode,watched,"mod=cfunction.ext",0x3F,0x1FF,0x2EB808,0x2ED398
1650,0x92CE0,0x12CE0,0x28065C,4,0x862E,0x862F,0xD0158,0x27F718,during_opcode,watched,"mod=cfunction.ext",0x3F,0x1FF,0x2EB808,0x2ED398
1651,0x92CE0,0x12CE0,0x28065C,4,0x862F,0x8630,0xD0158,0x27F718,during_opcode,watched,"mod=cfunction.ext",0x3F,0x1FF,0x2EB808,0x2ED398
1652,0x92CE0,0x12CE0,0x28065C,4,0x8630,0x8631,0xD0158,0x27F718,during_opcode,watched,"mod=cfunction.ext",0x3F,0x1FF,0x2EB808,0x2ED398
1653,0x92F54,0x12F54,0x28065C,4,0x8631,0x8632,0x4B,0x27F718,during_opcode,watched,"mod=cfunction.ext",0x3F,0x1FF,0x2EB808,0x2ED398
1654,0x92CE0,0x12CE0,0x28065C,4,0x8632,0x8633,0x92FE4,0x27F718,during_opcode,watched,"mod=cfunction.ext",0x3F,0x1FF,0x2EB808,0x2ED398
1655,0x92CE0,0x12CE0,0x28065C,4,0x8633,0x8634,0x92FE4,0x27F718,during_opcode,watched,"mod=cfunction.ext",0x3F,0x1FF,0x2EB808,0x2ED398
1656,0x92CE0,0x12CE0,0x28065C,4,0x8634,0x8635,0x92FE4,0x27F718,during_opcode,watched,"mod=cfunction.ext",0x3F,0x1FF,0x2EB808,0x2ED398
1657,0x92CE0,0x12CE0,0x28065C,4,0x8635,0x8636,0x92FE4,0x27F718,during_opcode,watched,"mod=cfunction.ext",0x3F,0x1FF,0x2EB808,0x2ED398
1658,0x92CE0,0x12CE0,0x28065C,4,0x8636,0x8637,0xD0158,0x27F718,during_opcode,watched,"mod=cfunction.ext",0x3F,0x1FF,0x2EB808,0x2ED398
1659,0x92D68,0x12D68,0x28065C,4,0x8637,0x8638,0xD0158,0x27F718,during_opcode,watched,"mod=cfunction.ext",0x3F,0x1FF,0x2EB808,0x2ED398
1660,0x92CE0,0x12CE0,0x28065C,4,0x8638,0x8639,0xD0158,0x27F718,during_opcode,watched,"mod=cfunction.ext",0x3F,0x1FF,0x2EB808,0x2ED398
1661,0x92CE0,0x12CE0,0x28065C,4,0x8639,0x863A,0xD0158,0x27F718,during_opcode,watched,"mod=cfunction.ext",0x3F,0x1FF,0x2EB808,0x2ED398
1662,0x92F54,0x12F54,0x28065C,4,0x863A,0x863B,0x37,0x27F718,during_opcode,watched,"mod=cfunction.ext",0x3F,0x1FF,0x2EB808,0x2ED398
1663,0x92CE0,0x12CE0,0x28065C,4,0x863B,0x863C,0x92FE4,0x27F718,during_opcode,watched,"mod=cfunction.ext",0x3F,0x1FF,0x2EB808,0x2ED398
1664,0x92CE0,0x12CE0,0x28065C,4,0x863C,0x863D,0x92FE4,0x27F718,during_opcode,watched,"mod=cfunction.ext",0x3F,0x1FF,0x2EB808,0x2ED398
1665,0x92CE0,0x12CE0,0x28065C,4,0x863D,0x863E,0x92FE4,0x27F718,during_opcode,watched,"mod=cfunction.ext",0x3F,0x1FF,0x2EB808,0x2ED398
1666,0x92CE0,0x12CE0,0x28065C,4,0x863E,0x863F,0xD0158,0x27F718,during_opcode,watched,"mod=cfunction.ext",0x3F,0x1FF,0x2EB808,0x2ED398
1667,0x92CE0,0x12CE0,0x28065C,4,0x863F,0x8640,0xD0158,0x27F718,during_opcode,watched,"mod=cfunction.ext",0x3F,0x1FF,0x2EB808,0x2ED398
1668,0x92CE0,0x12CE0,0x28065C,4,0x8640,0x8641,0xD0158,0x27F718,during_opcode,watched,"mod=cfunction.ext",0x3F,0x1FF,0x2EB808,0x2ED398
1669,0x92CE0,0x12CE0,0x28065C,4,0x8641,0x8642,0xD0158,0x27F718,during_opcode,watched,"mod=cfunction.ext",0x3F,0x1FF,0x2EB808,0x2ED398
1670,0x92F54,0x12F54,0x28065C,4,0x8642,0x8643,0x3B,0x27F718,during_opcode,watched,"mod=cfunction.ext",0x3F,0x1FF,0x2EB808,0x2ED398
1671,0x92CE0,0x12CE0,0x28065C,4,0x8643,0x8644,0x92FE4,0x27F718,during_opcode,watched,"mod=cfunction.ext",0x3F,0x1FF,0x2EB808,0x2ED398
1672,0x92CE0,0x12CE0,0x28065C,4,0x8644,0x8645,0x92FE4,0x27F718,during_opcode,watched,"mod=cfunction.ext",0x3F,0x1FF,0x2EB808,0x2ED398
1673,0x92CE0,0x12CE0,0x28065C,4,0x8645,0x8646,0x92FE4,0x27F718,during_opcode,watched,"mod=cfunction.ext",0x3F,0x1FF,0x2EB808,0x2ED398
1674,0x92CE0,0x12CE0,0x28065C,4,0x8646,0x8647,0x92FE4,0x27F718,during_opcode,watched,"mod=cfunction.ext",0x3F,0x1FF,0x2EB808,0x2ED398
1675,0x92CE0,0x12CE0,0x28065C,4,0x8647,0x8648,0x92FE4,0x27F718,during_opcode,watched,"mod=cfunction.ext",0x3F,0x1FF,0x2EB808,0x2ED398
1676,0x92CE0,0x12CE0,0x28065C,4,0x8648,0x8649,0x92FE4,0x27F718,during_opcode,watched,"mod=cfunction.ext",0x3F,0x1FF,0x2EB808,0x2ED398
1677,0x92CE0,0x12CE0,0x28065C,4,0x8649,0x864A,0x92FE4,0x27F718,during_opcode,watched,"mod=cfunction.ext",0x3F,0x1FF,0x2EB808,0x2ED398
1678,0x92CE0,0x12CE0,0x28065C,4,0x864A,0x864B,0x92FE4,0x27F718,during_opcode,watched,"mod=cfunction.ext",0x3F,0x1FF,0x2EB808,0x2ED398
1679,0x92CE0,0x12CE0,0x28065C,4,0x864B,0x864C,0x92FE4,0x27F718,during_opcode,watched,"mod=cfunction.ext",0x3F,0x1FF,0x2EB808,0x2ED398
1680,0x92CE0,0x12CE0,0x28065C,4,0x864C,0x864D,0x92FE4,0x27F718,during_opcode,watched,"mod=cfunction.ext",0x3F,0x1FF,0x2EB808,0x2ED398
1681,0x92CE0,0x12CE0,0x28065C,4,0x864D,0x864E,0x92FE4,0x27F718,during_opcode,watched,"mod=cfunction.ext",0x3F,0x1FF,0x2EB808,0x2ED398
1682,0x92D68,0x12D68,0x28065C,4,0x864E,0x864F,0xD0158,0x27F718,during_opcode,watched,"mod=cfunction.ext",0x3F,0x1FF,0x2EB808,0x2ED398
1683,0x92CE0,0x12CE0,0x28065C,4,0x864F,0x8650,0xD0158,0x27F718,during_opcode,watched,"mod=cfunction.ext",0x3F,0x1FF,0x2EB808,0x2ED398
1684,0x92CE0,0x12CE0,0x28065C,4,0x8650,0x8651,0xD0158,0x27F718,during_opcode,watched,"mod=cfunction.ext",0x3F,0x1FF,0x2EB808,0x2ED398
1685,0x92CE0,0x12CE0,0x28065C,4,0x8651,0x8652,0xD0158,0x27F718,during_opcode,watched,"mod=cfunction.ext",0x3F,0x1FF,0x2EB808,0x2ED398
1686,0x92CE0,0x12CE0,0x28065C,4,0x8652,0x8653,0xD0158,0x27F718,during_opcode,watched,"mod=cfunction.ext",0x3F,0x1FF,0x2EB808,0x2ED398
1687,0x92CE0,0x12CE0,0x28065C,4,0x8653,0x8654,0xD0158,0x27F718,during_opcode,watched,"mod=cfunction.ext",0x3F,0x1FF,0x2EB808,0x2ED398
1688,0x92CE0,0x12CE0,0x28065C,4,0x8654,0x8655,0xD0158,0x27F718,during_opcode,watched,"mod=cfunction.ext",0x3F,0x1FF,0x2EB808,0x2ED398
1689,0x92F54,0x12F54,0x28065C,4,0x8655,0x8656,0x1,0x27F718,during_opcode,watched,"mod=cfunction.ext",0x3F,0x1FF,0x2EB808,0x2ED398
1690,0x92CE0,0x12CE0,0x28065C,4,0x8656,0x8657,0x92FE4,0x27F718,during_opcode,watched,"mod=cfunction.ext",0x3F,0x1FF,0x2EB808,0x2ED398
1691,0x92CE0,0x12CE0,0x28065C,4,0x8657,0x8658,0x92FE4,0x27F718,during_opcode,watched,"mod=cfunction.ext",0x3F,0x1FF,0x2EB808,0x2ED398
1692,0x92CE0,0x12CE0,0x28065C,4,0x8658,0x8659,0x92FE4,0x27F718,during_opcode,watched,"mod=cfunction.ext",0x3F,0x1FF,0x2EB808,0x2ED398
1693,0x92F54,0x12F54,0x28065C,4,0x8659,0x865A,0x25,0x27F718,during_opcode,watched,"mod=cfunction.ext",0x3F,0x1FF,0x2EB808,0x2ED398
1694,0x92CE0,0x12CE0,0x28065C,4,0x865A,0x865B,0x92FE4,0x27F718,during_opcode,watched,"mod=cfunction.ext",0x3F,0x1FF,0x2EB808,0x2ED398
1695,0x92CE0,0x12CE0,0x28065C,4,0x865B,0x865C,0x92FE4,0x27F718,during_opcode,watched,"mod=cfunction.ext",0x3F,0x1FF,0x2EB808,0x2ED398
1696,0x92F54,0x12F54,0x28065C,4,0x865C,0x865D,0xB,0x27F718,during_opcode,watched,"mod=cfunction.ext",0x3F,0x1FF,0x2EB808,0x2ED398
1697,0x92CE0,0x12CE0,0x28065C,4,0x865D,0x865E,0x92FE4,0x27F718,during_opcode,watched,"mod=cfunction.ext",0x3F,0x1FF,0x2EB808,0x2ED398
1698,0x92CE0,0x12CE0,0x28065C,4,0x865E,0x865F,0x92FE4,0x27F718,during_opcode,watched,"mod=cfunction.ext",0x3F,0x1FF,0x2EB808,0x2ED398
1699,0x92CE0,0x12CE0,0x28065C,4,0x865F,0x8660,0x92FE4,0x27F718,during_opcode,watched,"mod=cfunction.ext",0x3F,0x1FF,0x2EB808,0x2ED398
1700,0x92CE0,0x12CE0,0x28065C,4,0x8660,0x8661,0x92FE4,0x27F718,during_opcode,watched,"mod=cfunction.ext",0x3F,0x1FF,0x2EB808,0x2ED398
1701,0x92CE0,0x12CE0,0x28065C,4,0x8661,0x8662,0x92FE4,0x27F718,during_opcode,watched,"mod=cfunction.ext",0x3F,0x1FF,0x2EB808,0x2ED398
1702,0x92CE0,0x12CE0,0x28065C,4,0x8662,0x8663,0x92FE4,0x27F718,during_opcode,watched,"mod=cfunction.ext",0x3F,0x1FF,0x2EB808,0x2ED398
1703,0x92CE0,0x12CE0,0x28065C,4,0x8663,0x8664,0x92FE4,0x27F718,during_opcode,watched,"mod=cfunction.ext",0x3F,0x1FF,0x2EB808,0x2ED398
1704,0x92E6C,0x12E6C,0x28065C,4,0x8664,0x8665,0x2AF924,0x27F718,during_opcode,watched,"mod=cfunction.ext",0x3F,0x1FF,0x2EB808,0x2ED398
1705,0x92CE0,0x12CE0,0x28065C,4,0x8665,0x8666,0x92FE4,0x27F718,during_opcode,watched,"mod=cfunction.ext",0x3F,0x1FF,0x2EB808,0x2ED398
1706,0x92CE0,0x12CE0,0x28065C,4,0x8666,0x8667,0x92FE4,0x27F718,during_opcode,watched,"mod=cfunction.ext",0x3F,0x1FF,0x2EB808,0x2ED398
1707,0x92CE0,0x12CE0,0x28065C,4,0x8667,0x8668,0x92FE4,0x27F718,during_opcode,watched,"mod=cfunction.ext",0x3F,0x1FF,0x2EB808,0x2ED398
1708,0x92CE0,0x12CE0,0x28065C,4,0x8668,0x8669,0x92FE4,0x27F718,during_opcode,watched,"mod=cfunction.ext",0x3F,0x1FF,0x2EB808,0x2ED398
1709,0x92CE0,0x12CE0,0x28065C,4,0x8669,0x866A,0x92FE4,0x27F718,during_opcode,watched,"mod=cfunction.ext",0x3F,0x1FF,0x2EB808,0x2ED398
1710,0x92CE0,0x12CE0,0x28065C,4,0x866A,0x866B,0x92FE4,0x27F718,during_opcode,watched,"mod=cfunction.ext",0x3F,0x1FF,0x2EB808,0x2ED398
1711,0x92CE0,0x12CE0,0x28065C,4,0x866B,0x866C,0x92FE4,0x27F718,during_opcode,watched,"mod=cfunction.ext",0x3F,0x1FF,0x2EB808,0x2ED398
1712,0x92CE0,0x12CE0,0x28065C,4,0x866C,0x866D,0x92FE4,0x27F718,during_opcode,watched,"mod=cfunction.ext",0x3F,0x1FF,0x2EB808,0x2ED398
1713,0x92CE0,0x12CE0,0x28065C,4,0x866D,0x866E,0x92FE4,0x27F718,during_opcode,watched,"mod=cfunction.ext",0x3F,0x1FF,0x2EB808,0x2ED398
1714,0x92CE0,0x12CE0,0x28065C,4,0x866E,0x866F,0x92FE4,0x27F718,during_opcode,watched,"mod=cfunction.ext",0x3F,0x1FF,0x2EB808,0x2ED398
1715,0x92CE0,0x12CE0,0x28065C,4,0x866F,0x8670,0x92FE4,0x27F718,during_opcode,watched,"mod=cfunction.ext",0x3F,0x1FF,0x2EB808,0x2ED398
1716,0x92CE0,0x12CE0,0x28065C,4,0x8670,0x8671,0x92FE4,0x27F718,during_opcode,watched,"mod=cfunction.ext",0x3F,0x1FF,0x2EB808,0x2ED398
1717,0x92CE0,0x12CE0,0x28065C,4,0x8671,0x8672,0x92FE4,0x27F718,during_opcode,watched,"mod=cfunction.ext",0x3F,0x1FF,0x2EB808,0x2ED398
1718,0x92F54,0x12F54,0x28065C,4,0x8672,0x8673,0x1,0x27F718,during_opcode,watched,"mod=cfunction.ext",0x3F,0x1FF,0x2EB808,0x2ED398
1719,0x92CE0,0x12CE0,0x28065C,4,0x8673,0x8674,0x92FE4,0x27F718,during_opcode,watched,"mod=cfunction.ext",0x3F,0x1FF,0x2EB808,0x2ED398
1720,0x92E6C,0x12E6C,0x28065C,4,0x8674,0x8675,0x2AF924,0x27F718,during_opcode,watched,"mod=cfunction.ext",0x3F,0x1FF,0x2EB808,0x2ED398
1721,0x92CE0,0x12CE0,0x28065C,4,0x8675,0x8676,0x92FE4,0x27F718,during_opcode,watched,"mod=cfunction.ext",0x3F,0x1FF,0x2EB808,0x2ED398
1722,0x92CE0,0x12CE0,0x28065C,4,0x8676,0x8677,0x92FE4,0x27F718,during_opcode,watched,"mod=cfunction.ext",0x3F,0x1FF,0x2EB808,0x2ED398
1723,0x92CE0,0x12CE0,0x28065C,4,0x8677,0x8678,0x92FE4,0x27F718,during_opcode,watched,"mod=cfunction.ext",0x3F,0x1FF,0x2EB808,0x2ED398
1724,0x92CE0,0x12CE0,0x28065C,4,0x8678,0x8679,0x92FE4,0x27F718,during_opcode,watched,"mod=cfunction.ext",0x3F,0x1FF,0x2EB808,0x2ED398
1725,0x92E6C,0x12E6C,0x28065C,4,0x8679,0x867A,0x2AF924,0x27F718,during_opcode,watched,"mod=cfunction.ext",0x3F,0x1FF,0x2EB808,0x2ED398
1726,0x92CE0,0x12CE0,0x28065C,4,0x867A,0x867B,0x92FE4,0x27F718,during_opcode,watched,"mod=cfunction.ext",0x3F,0x1FF,0x2EB808,0x2ED398
1727,0x92CE0,0x12CE0,0x28065C,4,0x867B,0x867C,0x92FE4,0x27F718,during_opcode,watched,"mod=cfunction.ext",0x3F,0x1FF,0x2EB808,0x2ED398
1728,0x92CE0,0x12CE0,0x28065C,4,0x867C,0x867D,0x92FE4,0x27F718,during_opcode,watched,"mod=cfunction.ext",0x3F,0x1FF,0x2EB808,0x2ED398
1729,0x92CE0,0x12CE0,0x28065C,4,0x867D,0x867E,0x92FE4,0x27F718,during_opcode,watched,"mod=cfunction.ext",0x3F,0x1FF,0x2EB808,0x2ED398
1730,0x92E6C,0x12E6C,0x28065C,4,0x867E,0x867F,0x2AF924,0x27F718,during_opcode,watched,"mod=cfunction.ext",0x3F,0x1FF,0x2EB808,0x2ED398
1731,0x92CE0,0x12CE0,0x28065C,4,0x867F,0x8680,0x92FE4,0x27F718,during_opcode,watched,"mod=cfunction.ext",0x3F,0x1FF,0x2EB808,0x2ED398
1732,0x92CE0,0x12CE0,0x28065C,4,0x8680,0x8681,0x92FE4,0x27F718,during_opcode,watched,"mod=cfunction.ext",0x3F,0x1FF,0x2EB808,0x2ED398
1733,0x92CE0,0x12CE0,0x28065C,4,0x8681,0x8682,0xD0158,0x27F718,during_opcode,watched,"mod=cfunction.ext",0x3F,0x1FF,0x2EB808,0x2ED398
1734,0x92F54,0x12F54,0x28065C,4,0x8682,0x8683,0x1,0x27F718,during_opcode,watched,"mod=cfunction.ext",0x3F,0x1FF,0x2EB808,0x2ED398
1735,0x92CE0,0x12CE0,0x28065C,4,0x8683,0x8684,0x92FE4,0x27F718,during_opcode,watched,"mod=cfunction.ext",0x3F,0x1FF,0x2EB808,0x2ED398
1736,0x92D68,0x12D68,0x28065C,4,0x8684,0x8685,0xD0158,0x27F718,during_opcode,watched,"mod=cfunction.ext",0x3F,0x1FF,0x2EB808,0x2ED398
1737,0x92CE0,0x12CE0,0x28065C,4,0x8685,0x8686,0xD0158,0x27F718,during_opcode,watched,"mod=cfunction.ext",0x3F,0x1FF,0x2EB808,0x2ED398
1738,0x92CE0,0x12CE0,0x28065C,4,0x8686,0x8687,0xD0158,0x27F718,during_opcode,watched,"mod=cfunction.ext",0x3F,0x1FF,0x2EB808,0x2ED398
1739,0x92CE0,0x12CE0,0x28065C,4,0x8687,0x8688,0xD0158,0x27F718,during_opcode,watched,"mod=cfunction.ext",0x3F,0x1FF,0x2EB808,0x2ED398
1740,0x92E6C,0x12E6C,0x28065C,4,0x8688,0x8689,0x2AF924,0x27F718,during_opcode,watched,"mod=cfunction.ext",0x3F,0x1FF,0x2EB808,0x2ED398
1741,0x92F54,0x12F54,0x28065C,4,0x8689,0x868A,0x1E3,0x27F718,during_opcode,watched,"mod=cfunction.ext",0x3F,0x1FF,0x2EB808,0x2ED398
1742,0x92CE0,0x12CE0,0x28065C,4,0x868A,0x868B,0x92FE4,0x27F718,during_opcode,watched,"mod=cfunction.ext",0x3F,0x1FF,0x2EB808,0x2ED398
1743,0x92CE0,0x12CE0,0x28065C,4,0x868B,0x868C,0xD0158,0x27F718,during_opcode,watched,"mod=cfunction.ext",0x3F,0x1FF,0x2EB808,0x2ED398
1744,0x92CE0,0x12CE0,0x28065C,4,0x868C,0x868D,0xD0158,0x27F718,during_opcode,watched,"mod=cfunction.ext",0x3F,0x1FF,0x2EB808,0x2ED398
1745,0x92CE0,0x12CE0,0x28065C,4,0x868D,0x868E,0xD0158,0x27F718,during_opcode,watched,"mod=cfunction.ext",0x3F,0x1FF,0x2EB808,0x2ED398
1746,0x92CE0,0x12CE0,0x28065C,4,0x868E,0x868F,0xD0158,0x27F718,during_opcode,watched,"mod=cfunction.ext",0x3F,0x1FF,0x2EB808,0x2ED398
1747,0x92CE0,0x12CE0,0x28065C,4,0x868F,0x8690,0xD0158,0x27F718,during_opcode,watched,"mod=cfunction.ext",0x3F,0x1FF,0x2EB808,0x2ED398
1748,0x92CE0,0x12CE0,0x28065C,4,0x8690,0x8691,0xD0158,0x27F718,during_opcode,watched,"mod=cfunction.ext",0x3F,0x1FF,0x2EB808,0x2ED398
1749,0x92CE0,0x12CE0,0x28065C,4,0x8691,0x8692,0xD0158,0x27F718,during_opcode,watched,"mod=cfunction.ext",0x3F,0x1FF,0x2EB808,0x2ED398
1750,0x92CE0,0x12CE0,0x28065C,4,0x8692,0x8693,0xD0158,0x27F718,during_opcode,watched,"mod=cfunction.ext",0x3F,0x1FF,0x2EB808,0x2ED398
1751,0x92CE0,0x12CE0,0x28065C,4,0x8693,0x8694,0xD0158,0x27F718,during_opcode,watched,"mod=cfunction.ext",0x3F,0x1FF,0x2EB808,0x2ED398
1752,0x92E6C,0x12E6C,0x28065C,4,0x8694,0x8695,0x2AF924,0x27F718,during_opcode,watched,"mod=cfunction.ext",0x3F,0x1FF,0x2EB808,0x2ED398
1753,0x92F54,0x12F54,0x28065C,4,0x8695,0x8696,0x7,0x27F718,during_opcode,watched,"mod=cfunction.ext",0x3F,0x1FF,0x2EB808,0x2ED398
1754,0x92CE0,0x12CE0,0x28065C,4,0x8696,0x8697,0x92FE4,0x27F718,during_opcode,watched,"mod=cfunction.ext",0x3F,0x1FF,0x2EB808,0x2ED398
1755,0x92E6C,0x12E6C,0x28065C,4,0x8697,0x8698,0x2AF924,0x27F718,during_opcode,watched,"mod=cfunction.ext",0x3F,0x1FF,0x2EB808,0x2ED398
1756,0x92F54,0x12F54,0x28065C,4,0x8698,0x8699,0x8B,0x27F718,during_opcode,watched,"mod=cfunction.ext",0x3F,0x1FF,0x2EB808,0x2ED398
1757,0x92CE0,0x12CE0,0x28065C,4,0x8699,0x869A,0x92FE4,0x27F718,during_opcode,watched,"mod=cfunction.ext",0x3F,0x1FF,0x2EB808,0x2ED398
1758,0x92F54,0x12F54,0x28065C,4,0x869A,0x869B,0x3,0x27F718,during_opcode,watched,"mod=cfunction.ext",0x3F,0x1FF,0x2EB808,0x2ED398
1759,0x92CE0,0x12CE0,0x28065C,4,0x869B,0x869C,0x92FE4,0x27F718,during_opcode,watched,"mod=cfunction.ext",0x3F,0x1FF,0x2EB808,0x2ED398
1760,0x92CE0,0x12CE0,0x28065C,4,0x869C,0x869D,0x92FE4,0x27F718,during_opcode,watched,"mod=cfunction.ext",0x3F,0x1FF,0x2EB808,0x2ED398
1761,0x92CE0,0x12CE0,0x28065C,4,0x869D,0x869E,0x92FE4,0x27F718,during_opcode,watched,"mod=cfunction.ext",0x3F,0x1FF,0x2EB808,0x2ED398
1762,0x92F54,0x12F54,0x28065C,4,0x869E,0x869F,0x3,0x27F718,during_opcode,watched,"mod=cfunction.ext",0x3F,0x1FF,0x2EB808,0x2ED398
1763,0x92CE0,0x12CE0,0x28065C,4,0x869F,0x86A0,0x92FE4,0x27F718,during_opcode,watched,"mod=cfunction.ext",0x3F,0x1FF,0x2EB808,0x2ED398
1764,0x92CE0,0x12CE0,0x28065C,4,0x86A0,0x86A1,0x92FE4,0x27F718,during_opcode,watched,"mod=cfunction.ext",0x3F,0x1FF,0x2EB808,0x2ED398
1765,0x92E6C,0x12E6C,0x28065C,4,0x86A1,0x86A2,0x2AF924,0x27F718,during_opcode,watched,"mod=cfunction.ext",0x3F,0x1FF,0x2EB808,0x2ED398
1766,0x92F54,0x12F54,0x28065C,4,0x86A2,0x86A3,0x53,0x27F718,during_opcode,watched,"mod=cfunction.ext",0x3F,0x1FF,0x2EB808,0x2ED398
1767,0x92CE0,0x12CE0,0x28065C,4,0x86A3,0x86A4,0x92FE4,0x27F718,during_opcode,watched,"mod=cfunction.ext",0x3F,0x1FF,0x2EB808,0x2ED398
1768,0x92CE0,0x12CE0,0x28065C,4,0x86A4,0x86A5,0x92FE4,0x27F718,during_opcode,watched,"mod=cfunction.ext",0x3F,0x1FF,0x2EB808,0x2ED398
1769,0x92CE0,0x12CE0,0x28065C,4,0x86A5,0x86A6,0x92FE4,0x27F718,during_opcode,watched,"mod=cfunction.ext",0x3F,0x1FF,0x2EB808,0x2ED398
1770,0x92CE0,0x12CE0,0x28065C,4,0x86A6,0x86A7,0xD0158,0x27F718,during_opcode,watched,"mod=cfunction.ext",0x3F,0x1FF,0x2EB808,0x2ED398
1771,0x92CE0,0x12CE0,0x28065C,4,0x86A7,0x86A8,0xD0158,0x27F718,during_opcode,watched,"mod=cfunction.ext",0x3F,0x1FF,0x2EB808,0x2ED398
1772,0x92E6C,0x12E6C,0x28065C,4,0x86A8,0x86A9,0x2AF924,0x27F718,during_opcode,watched,"mod=cfunction.ext",0x3F,0x1FF,0x2EB808,0x2ED398
1773,0x92F54,0x12F54,0x28065C,4,0x86A9,0x86AA,0x1,0x27F718,during_opcode,watched,"mod=cfunction.ext",0x3F,0x1FF,0x2EB808,0x2ED398
1774,0x92CE0,0x12CE0,0x28065C,4,0x86AA,0x86AB,0x92FE4,0x27F718,during_opcode,watched,"mod=cfunction.ext",0x3F,0x1FF,0x2EB808,0x2ED398
1775,0x92CE0,0x12CE0,0x28065C,4,0x86AB,0x86AC,0x92FE4,0x27F718,during_opcode,watched,"mod=cfunction.ext",0x3F,0x1FF,0x2EB808,0x2ED398
1776,0x92CE0,0x12CE0,0x28065C,4,0x86AC,0x86AD,0x92FE4,0x27F718,during_opcode,watched,"mod=cfunction.ext",0x3F,0x1FF,0x2EB808,0x2ED398
1777,0x92CE0,0x12CE0,0x28065C,4,0x86AD,0x86AE,0xD0158,0x27F718,during_opcode,watched,"mod=cfunction.ext",0x3F,0x1FF,0x2EB808,0x2ED398
1778,0x92CE0,0x12CE0,0x28065C,4,0x86AE,0x86AF,0xD0158,0x27F718,during_opcode,watched,"mod=cfunction.ext",0x3F,0x1FF,0x2EB808,0x2ED398
1779,0x92CE0,0x12CE0,0x28065C,4,0x86AF,0x86B0,0xD0158,0x27F718,during_opcode,watched,"mod=cfunction.ext",0x3F,0x1FF,0x2EB808,0x2ED398
1780,0x92CE0,0x12CE0,0x28065C,4,0x86B0,0x86B1,0xD0158,0x27F718,during_opcode,watched,"mod=cfunction.ext",0x3F,0x1FF,0x2EB808,0x2ED398
1781,0x92E6C,0x12E6C,0x28065C,4,0x86B1,0x86B2,0x2AF924,0x27F718,during_opcode,watched,"mod=cfunction.ext",0x3F,0x1FF,0x2EB808,0x2ED398
1782,0x92F54,0x12F54,0x28065C,4,0x86B2,0x86B3,0x5B,0x27F718,during_opcode,watched,"mod=cfunction.ext",0x3F,0x1FF,0x2EB808,0x2ED398
1783,0x92CE0,0x12CE0,0x28065C,4,0x86B3,0x86B4,0x92FE4,0x27F718,during_opcode,watched,"mod=cfunction.ext",0x3F,0x1FF,0x2EB808,0x2ED398
1784,0x92CE0,0x12CE0,0x28065C,4,0x86B4,0x86B5,0x92FE4,0x27F718,during_opcode,watched,"mod=cfunction.ext",0x3F,0x1FF,0x2EB808,0x2ED398
1785,0x92CE0,0x12CE0,0x28065C,4,0x86B5,0x86B6,0x92FE4,0x27F718,during_opcode,watched,"mod=cfunction.ext",0x3F,0x1FF,0x2EB808,0x2ED398
1786,0x92CE0,0x12CE0,0x28065C,4,0x86B6,0x86B7,0x92FE4,0x27F718,during_opcode,watched,"mod=cfunction.ext",0x3F,0x1FF,0x2EB808,0x2ED398
1787,0x92CE0,0x12CE0,0x28065C,4,0x86B7,0x86B8,0x92FE4,0x27F718,during_opcode,watched,"mod=cfunction.ext",0x3F,0x1FF,0x2EB808,0x2ED398
1788,0x92CE0,0x12CE0,0x28065C,4,0x86B8,0x86B9,0x92FE4,0x27F718,during_opcode,watched,"mod=cfunction.ext",0x3F,0x1FF,0x2EB808,0x2ED398
1789,0x92F54,0x12F54,0x28065C,4,0x86B9,0x86BA,0x49,0x27F718,during_opcode,watched,"mod=cfunction.ext",0x3F,0x1FF,0x2EB808,0x2ED398
1790,0x92CE0,0x12CE0,0x28065C,4,0x86BA,0x86BB,0x92FE4,0x27F718,during_opcode,watched,"mod=cfunction.ext",0x3F,0x1FF,0x2EB808,0x2ED398
1791,0x92CE0,0x12CE0,0x28065C,4,0x86BB,0x86BC,0xD0158,0x27F718,during_opcode,watched,"mod=cfunction.ext",0x3F,0x1FF,0x2EB808,0x2ED398
1792,0x92CE0,0x12CE0,0x28065C,4,0x86BC,0x86BD,0xD0158,0x27F718,during_opcode,watched,"mod=cfunction.ext",0x3F,0x1FF,0x2EB808,0x2ED398
1793,0x92CE0,0x12CE0,0x28065C,4,0x86BD,0x86BE,0xD0158,0x27F718,during_opcode,watched,"mod=cfunction.ext",0x3F,0x1FF,0x2EB808,0x2ED398
1794,0x92CE0,0x12CE0,0x28065C,4,0x86BE,0x86BF,0xD0158,0x27F718,during_opcode,watched,"mod=cfunction.ext",0x3F,0x1FF,0x2EB808,0x2ED398
1795,0x92CE0,0x12CE0,0x28065C,4,0x86BF,0x86C0,0xD0158,0x27F718,during_opcode,watched,"mod=cfunction.ext",0x3F,0x1FF,0x2EB808,0x2ED398
1796,0x92CE0,0x12CE0,0x28065C,4,0x86C0,0x86C1,0xD0158,0x27F718,during_opcode,watched,"mod=cfunction.ext",0x3F,0x1FF,0x2EB808,0x2ED398
1797,0x92CE0,0x12CE0,0x28065C,4,0x86C1,0x86C2,0xD0158,0x27F718,during_opcode,watched,"mod=cfunction.ext",0x3F,0x1FF,0x2EB808,0x2ED398
1798,0x92CE0,0x12CE0,0x28065C,4,0x86C2,0x86C3,0xD0158,0x27F718,during_opcode,watched,"mod=cfunction.ext",0x3F,0x1FF,0x2EB808,0x2ED398
1799,0x92CE0,0x12CE0,0x28065C,4,0x86C3,0x86C4,0xD0158,0x27F718,during_opcode,watched,"mod=cfunction.ext",0x3F,0x1FF,0x2EB808,0x2ED398
1800,0x92CE0,0x12CE0,0x28065C,4,0x86C4,0x86C5,0xD0158,0x27F718,during_opcode,watched,"mod=cfunction.ext",0x3F,0x1FF,0x2EB808,0x2ED398
1801,0x92CE0,0x12CE0,0x28065C,4,0x86C5,0x86C6,0xD0158,0x27F718,during_opcode,watched,"mod=cfunction.ext",0x3F,0x1FF,0x2EB808,0x2ED398
1802,0x92CE0,0x12CE0,0x28065C,4,0x86C6,0x86C7,0xD0158,0x27F718,during_opcode,watched,"mod=cfunction.ext",0x3F,0x1FF,0x2EB808,0x2ED398
1803,0x92CE0,0x12CE0,0x28065C,4,0x86C7,0x86C8,0xD0158,0x27F718,during_opcode,watched,"mod=cfunction.ext",0x3F,0x1FF,0x2EB808,0x2ED398
1804,0x92F54,0x12F54,0x28065C,4,0x86C8,0x86C9,0xD,0x27F718,during_opcode,watched,"mod=cfunction.ext",0x3F,0x1FF,0x2EB808,0x2ED398
1805,0x92CE0,0x12CE0,0x28065C,4,0x86C9,0x86CA,0x92FE4,0x27F718,during_opcode,watched,"mod=cfunction.ext",0x3F,0x1FF,0x2EB808,0x2ED398
1806,0x92CE0,0x12CE0,0x28065C,4,0x86CA,0x86CB,0x92FE4,0x27F718,during_opcode,watched,"mod=cfunction.ext",0x3F,0x1FF,0x2EB808,0x2ED398
1807,0x92CE0,0x12CE0,0x28065C,4,0x86CB,0x86CC,0x92FE4,0x27F718,during_opcode,watched,"mod=cfunction.ext",0x3F,0x1FF,0x2EB808,0x2ED398
1808,0x92CE0,0x12CE0,0x28065C,4,0x86CC,0x86CD,0xD0158,0x27F718,during_opcode,watched,"mod=cfunction.ext",0x3F,0x1FF,0x2EB808,0x2ED398
1809,0x92CE0,0x12CE0,0x28065C,4,0x86CD,0x86CE,0xD0158,0x27F718,during_opcode,watched,"mod=cfunction.ext",0x3F,0x1FF,0x2EB808,0x2ED398
1810,0x92F54,0x12F54,0x28065C,4,0x86CE,0x86CF,0x5,0x27F718,during_opcode,watched,"mod=cfunction.ext",0x3F,0x1FF,0x2EB808,0x2ED398
1811,0x92CE0,0x12CE0,0x28065C,4,0x86CF,0x86D0,0x92FE4,0x27F718,during_opcode,watched,"mod=cfunction.ext",0x3F,0x1FF,0x2EB808,0x2ED398
1812,0x92CE0,0x12CE0,0x28065C,4,0x86D0,0x86D1,0x92FE4,0x27F718,during_opcode,watched,"mod=cfunction.ext",0x3F,0x1FF,0x2EB808,0x2ED398
1813,0x92CE0,0x12CE0,0x28065C,4,0x86D1,0x86D2,0x92FE4,0x27F718,during_opcode,watched,"mod=cfunction.ext",0x3F,0x1FF,0x2EB808,0x2ED398
1814,0x92E6C,0x12E6C,0x28065C,4,0x86D2,0x86D3,0x2AF924,0x27F718,during_opcode,watched,"mod=cfunction.ext",0x3F,0x1FF,0x2EB808,0x2ED398
1815,0x92F54,0x12F54,0x28065C,4,0x86D3,0x86D4,0x1D,0x27F718,during_opcode,watched,"mod=cfunction.ext",0x3F,0x1FF,0x2EB808,0x2ED398
1816,0x92CE0,0x12CE0,0x28065C,4,0x86D4,0x86D5,0x92FE4,0x27F718,during_opcode,watched,"mod=cfunction.ext",0x3F,0x1FF,0x2EB808,0x2ED398
1817,0x92CE0,0x12CE0,0x28065C,4,0x86D5,0x86D6,0x92FE4,0x27F718,during_opcode,watched,"mod=cfunction.ext",0x3F,0x1FF,0x2EB808,0x2ED398
1818,0x92CE0,0x12CE0,0x28065C,4,0x86D6,0x86D7,0x92FE4,0x27F718,during_opcode,watched,"mod=cfunction.ext",0x3F,0x1FF,0x2EB808,0x2ED398
1819,0x92CE0,0x12CE0,0x28065C,4,0x86D7,0x86D8,0x92FE4,0x27F718,during_opcode,watched,"mod=cfunction.ext",0x3F,0x1FF,0x2EB808,0x2ED398
1820,0x92E6C,0x12E6C,0x28065C,4,0x86D8,0x86D9,0x2AF924,0x27F718,during_opcode,watched,"mod=cfunction.ext",0x3F,0x1FF,0x2EB808,0x2ED398
1821,0x92F54,0x12F54,0x28065C,4,0x86D9,0x86DA,0x55,0x27F718,during_opcode,watched,"mod=cfunction.ext",0x3F,0x1FF,0x2EB808,0x2ED398
1822,0x92CE0,0x12CE0,0x28065C,4,0x86DA,0x86DB,0x92FE4,0x27F718,during_opcode,watched,"mod=cfunction.ext",0x3F,0x1FF,0x2EB808,0x2ED398
1823,0x92CE0,0x12CE0,0x28065C,4,0x86DB,0x86DC,0x92FE4,0x27F718,during_opcode,watched,"mod=cfunction.ext",0x3F,0x1FF,0x2EB808,0x2ED398
1824,0x92CE0,0x12CE0,0x28065C,4,0x86DC,0x86DD,0x92FE4,0x27F718,during_opcode,watched,"mod=cfunction.ext",0x3F,0x1FF,0x2EB808,0x2ED398
1825,0x92CE0,0x12CE0,0x28065C,4,0x86DD,0x86DE,0x92FE4,0x27F718,during_opcode,watched,"mod=cfunction.ext",0x3F,0x1FF,0x2EB808,0x2ED398
1826,0x92CE0,0x12CE0,0x28065C,4,0x86DE,0x86DF,0x92FE4,0x27F718,during_opcode,watched,"mod=cfunction.ext",0x3F,0x1FF,0x2EB808,0x2ED398
1827,0x92CE0,0x12CE0,0x28065C,4,0x86DF,0x86E0,0x92FE4,0x27F718,during_opcode,watched,"mod=cfunction.ext",0x3F,0x1FF,0x2EB808,0x2ED398
1828,0x92F54,0x12F54,0x28065C,4,0x86E0,0x86E1,0x1F,0x27F718,during_opcode,watched,"mod=cfunction.ext",0x3F,0x1FF,0x2EB808,0x2ED398
1829,0x92CE0,0x12CE0,0x28065C,4,0x86E1,0x86E2,0x92FE4,0x27F718,during_opcode,watched,"mod=cfunction.ext",0x3F,0x1FF,0x2EB808,0x2ED398
1830,0x92CE0,0x12CE0,0x28065C,4,0x86E2,0x86E3,0xD0158,0x27F718,during_opcode,watched,"mod=cfunction.ext",0x3F,0x1FF,0x2EB808,0x2ED398
1831,0x92CE0,0x12CE0,0x28065C,4,0x86E3,0x86E4,0xD0158,0x27F718,during_opcode,watched,"mod=cfunction.ext",0x3F,0x1FF,0x2EB808,0x2ED398
1832,0x92CE0,0x12CE0,0x28065C,4,0x86E4,0x86E5,0xD0158,0x27F718,during_opcode,watched,"mod=cfunction.ext",0x3F,0x1FF,0x2EB808,0x2ED398
1833,0x92CE0,0x12CE0,0x28065C,4,0x86E5,0x86E6,0xD0158,0x27F718,during_opcode,watched,"mod=cfunction.ext",0x3F,0x1FF,0x2EB808,0x2ED398
1834,0x92CE0,0x12CE0,0x28065C,4,0x86E6,0x86E7,0xD0158,0x27F718,during_opcode,watched,"mod=cfunction.ext",0x3F,0x1FF,0x2EB808,0x2ED398
1835,0x92CE0,0x12CE0,0x28065C,4,0x86E7,0x86E8,0xD0158,0x27F718,during_opcode,watched,"mod=cfunction.ext",0x3F,0x1FF,0x2EB808,0x2ED398
1836,0x92CE0,0x12CE0,0x28065C,4,0x86E8,0x86E9,0xD0158,0x27F718,during_opcode,watched,"mod=cfunction.ext",0x3F,0x1FF,0x2EB808,0x2ED398
1837,0x92F54,0x12F54,0x28065C,4,0x86E9,0x86EA,0x89,0x27F718,during_opcode,watched,"mod=cfunction.ext",0x3F,0x1FF,0x2EB808,0x2ED398
1838,0x92CE0,0x12CE0,0x28065C,4,0x86EA,0x86EB,0x92FE4,0x27F718,during_opcode,watched,"mod=cfunction.ext",0x3F,0x1FF,0x2EB808,0x2ED398
1839,0x92CE0,0x12CE0,0x28065C,4,0x86EB,0x86EC,0x92FE4,0x27F718,during_opcode,watched,"mod=cfunction.ext",0x3F,0x1FF,0x2EB808,0x2ED398
1840,0x92CE0,0x12CE0,0x28065C,4,0x86EC,0x86ED,0x92FE4,0x27F718,during_opcode,watched,"mod=cfunction.ext",0x3F,0x1FF,0x2EB808,0x2ED398
1841,0x92CE0,0x12CE0,0x28065C,4,0x86ED,0x86EE,0x92FE4,0x27F718,during_opcode,watched,"mod=cfunction.ext",0x3F,0x1FF,0x2EB808,0x2ED398
1842,0x92CE0,0x12CE0,0x28065C,4,0x86EE,0x86EF,0x92FE4,0x27F718,during_opcode,watched,"mod=cfunction.ext",0x3F,0x1FF,0x2EB808,0x2ED398
1843,0x92F54,0x12F54,0x28065C,4,0x86EF,0x86F0,0x7,0x27F718,during_opcode,watched,"mod=cfunction.ext",0x3F,0x1FF,0x2EB808,0x2ED398
1844,0x92CE0,0x12CE0,0x28065C,4,0x86F0,0x86F1,0x92FE4,0x27F718,during_opcode,watched,"mod=cfunction.ext",0x3F,0x1FF,0x2EB808,0x2ED398
1845,0x92CE0,0x12CE0,0x28065C,4,0x86F1,0x86F2,0x92FE4,0x27F718,during_opcode,watched,"mod=cfunction.ext",0x3F,0x1FF,0x2EB808,0x2ED398
1846,0x92CE0,0x12CE0,0x28065C,4,0x86F2,0x86F3,0x92FE4,0x27F718,during_opcode,watched,"mod=cfunction.ext",0x3F,0x1FF,0x2EB808,0x2ED398
1847,0x92CE0,0x12CE0,0x28065C,4,0x86F3,0x86F4,0x92FE4,0x27F718,during_opcode,watched,"mod=cfunction.ext",0x3F,0x1FF,0x2EB808,0x2ED398
1848,0x92F54,0x12F54,0x28065C,4,0x86F4,0x86F5,0xB,0x27F718,during_opcode,watched,"mod=cfunction.ext",0x3F,0x1FF,0x2EB808,0x2ED398
1849,0x92CE0,0x12CE0,0x28065C,4,0x86F5,0x86F6,0x92FE4,0x27F718,during_opcode,watched,"mod=cfunction.ext",0x3F,0x1FF,0x2EB808,0x2ED398
1850,0x92CE0,0x12CE0,0x28065C,4,0x86F6,0x86F7,0xD0158,0x27F718,during_opcode,watched,"mod=cfunction.ext",0x3F,0x1FF,0x2EB808,0x2ED398
1851,0x92CE0,0x12CE0,0x28065C,4,0x86F7,0x86F8,0xD0158,0x27F718,during_opcode,watched,"mod=cfunction.ext",0x3F,0x1FF,0x2EB808,0x2ED398
1852,0x92CE0,0x12CE0,0x28065C,4,0x86F8,0x86F9,0xD0158,0x27F718,during_opcode,watched,"mod=cfunction.ext",0x3F,0x1FF,0x2EB808,0x2ED398
1853,0x92D68,0x12D68,0x28065C,4,0x86F9,0x86FA,0xD0158,0x27F718,during_opcode,watched,"mod=cfunction.ext",0x3F,0x1FF,0x2EB808,0x2ED398
1854,0x92CE0,0x12CE0,0x28065C,4,0x86FA,0x86FB,0xD0158,0x27F718,during_opcode,watched,"mod=cfunction.ext",0x3F,0x1FF,0x2EB808,0x2ED398
1855,0x92CE0,0x12CE0,0x28065C,4,0x86FB,0x86FC,0xD0158,0x27F718,during_opcode,watched,"mod=cfunction.ext",0x3F,0x1FF,0x2EB808,0x2ED398
1856,0x92CE0,0x12CE0,0x28065C,4,0x86FC,0x86FD,0xD0158,0x27F718,during_opcode,watched,"mod=cfunction.ext",0x3F,0x1FF,0x2EB808,0x2ED398
1857,0x92CE0,0x12CE0,0x28065C,4,0x86FD,0x86FE,0xD0158,0x27F718,during_opcode,watched,"mod=cfunction.ext",0x3F,0x1FF,0x2EB808,0x2ED398
1858,0x92CE0,0x12CE0,0x28065C,4,0x86FE,0x86FF,0xD0158,0x27F718,during_opcode,watched,"mod=cfunction.ext",0x3F,0x1FF,0x2EB808,0x2ED398
1859,0x92CE0,0x12CE0,0x28065C,4,0x86FF,0x8700,0xD0158,0x27F718,during_opcode,watched,"mod=cfunction.ext",0x3F,0x1FF,0x2EB808,0x2ED398
1860,0x92CE0,0x12CE0,0x28065C,4,0x8700,0x8701,0xD0158,0x27F718,during_opcode,watched,"mod=cfunction.ext",0x3F,0x1FF,0x2EB808,0x2ED398
1861,0x92F54,0x12F54,0x28065C,4,0x8701,0x8702,0x1,0x27F718,during_opcode,watched,"mod=cfunction.ext",0x3F,0x1FF,0x2EB808,0x2ED398
1862,0x92F54,0x12F54,0x28065C,4,0x8702,0x8703,0xF1,0x27F718,during_opcode,watched,"mod=cfunction.ext",0x3F,0x1FF,0x2EB808,0x2ED398
1863,0x92CE0,0x12CE0,0x28065C,4,0x8703,0x8704,0x92FE4,0x27F718,during_opcode,watched,"mod=cfunction.ext",0x3F,0x1FF,0x2EB808,0x2ED398
1864,0x92F54,0x12F54,0x28065C,4,0x8704,0x8705,0x1F,0x27F718,during_opcode,watched,"mod=cfunction.ext",0x3F,0x1FF,0x2EB808,0x2ED398
1865,0x92CE0,0x12CE0,0x28065C,4,0x8705,0x8706,0x92FE4,0x27F718,during_opcode,watched,"mod=cfunction.ext",0x3F,0x1FF,0x2EB808,0x2ED398
1866,0x92CE0,0x12CE0,0x28065C,4,0x8706,0x8707,0x92FE4,0x27F718,during_opcode,watched,"mod=cfunction.ext",0x3F,0x1FF,0x2EB808,0x2ED398
1867,0x92CE0,0x12CE0,0x28065C,4,0x8707,0x8708,0x92FE4,0x27F718,during_opcode,watched,"mod=cfunction.ext",0x3F,0x1FF,0x2EB808,0x2ED398
1868,0x92CE0,0x12CE0,0x28065C,4,0x8708,0x8709,0x92FE4,0x27F718,during_opcode,watched,"mod=cfunction.ext",0x3F,0x1FF,0x2EB808,0x2ED398
1869,0x92F54,0x12F54,0x28065C,4,0x8709,0x870A,0xD,0x27F718,during_opcode,watched,"mod=cfunction.ext",0x3F,0x1FF,0x2EB808,0x2ED398
1870,0x92CE0,0x12CE0,0x28065C,4,0x870A,0x870B,0x92FE4,0x27F718,during_opcode,watched,"mod=cfunction.ext",0x3F,0x1FF,0x2EB808,0x2ED398
1871,0x92CE0,0x12CE0,0x28065C,4,0x870B,0x870C,0x92FE4,0x27F718,during_opcode,watched,"mod=cfunction.ext",0x3F,0x1FF,0x2EB808,0x2ED398
1872,0x92E6C,0x12E6C,0x28065C,4,0x870C,0x870D,0x2AF924,0x27F718,during_opcode,watched,"mod=cfunction.ext",0x3F,0x1FF,0x2EB808,0x2ED398
1873,0x92CE0,0x12CE0,0x28065C,4,0x870D,0x870E,0x92FE4,0x27F718,during_opcode,watched,"mod=cfunction.ext",0x3F,0x1FF,0x2EB808,0x2ED398
1874,0x92CE0,0x12CE0,0x28065C,4,0x870E,0x870F,0x92FE4,0x27F718,during_opcode,watched,"mod=cfunction.ext",0x3F,0x1FF,0x2EB808,0x2ED398
1875,0x92CE0,0x12CE0,0x28065C,4,0x870F,0x8710,0x92FE4,0x27F718,during_opcode,watched,"mod=cfunction.ext",0x3F,0x1FF,0x2EB808,0x2ED398
1876,0x92CE0,0x12CE0,0x28065C,4,0x8710,0x8711,0xD0158,0x27F718,during_opcode,watched,"mod=cfunction.ext",0x3F,0x1FF,0x2EB808,0x2ED398
1877,0x92E6C,0x12E6C,0x28065C,4,0x8711,0x8712,0x2AF924,0x27F718,during_opcode,watched,"mod=cfunction.ext",0x3F,0x1FF,0x2EB808,0x2ED398
1878,0x92CE0,0x12CE0,0x28065C,4,0x8712,0x8713,0x92FE4,0x27F718,during_opcode,watched,"mod=cfunction.ext",0x3F,0x1FF,0x2EB808,0x2ED398
1879,0x92CE0,0x12CE0,0x28065C,4,0x8713,0x8714,0x92FE4,0x27F718,during_opcode,watched,"mod=cfunction.ext",0x3F,0x1FF,0x2EB808,0x2ED398
1880,0x92CE0,0x12CE0,0x28065C,4,0x8714,0x8715,0x92FE4,0x27F718,during_opcode,watched,"mod=cfunction.ext",0x3F,0x1FF,0x2EB808,0x2ED398
1881,0x92F54,0x12F54,0x28065C,4,0x8715,0x8716,0x1,0x27F718,during_opcode,watched,"mod=cfunction.ext",0x3F,0x1FF,0x2EB808,0x2ED398
1882,0x92F54,0x12F54,0x28065C,4,0x8716,0x8717,0x345,0x27F718,during_opcode,watched,"mod=cfunction.ext",0x3F,0x1FF,0x2EB808,0x2ED398
1883,0x92CE0,0x12CE0,0x28065C,4,0x8717,0x8718,0x92FE4,0x27F718,during_opcode,watched,"mod=cfunction.ext",0x3F,0x1FF,0x2EB808,0x2ED398
1884,0x92CE0,0x12CE0,0x28065C,4,0x8718,0x8719,0x92FE4,0x27F718,during_opcode,watched,"mod=cfunction.ext",0x3F,0x1FF,0x2EB808,0x2ED398
1885,0x92CE0,0x12CE0,0x28065C,4,0x8719,0x871A,0x92FE4,0x27F718,during_opcode,watched,"mod=cfunction.ext",0x3F,0x1FF,0x2EB808,0x2ED398
1886,0x92CE0,0x12CE0,0x28065C,4,0x871A,0x871B,0x92FE4,0x27F718,during_opcode,watched,"mod=cfunction.ext",0x3F,0x1FF,0x2EB808,0x2ED398
1887,0x92CE0,0x12CE0,0x28065C,4,0x871B,0x871C,0x92FE4,0x27F718,during_opcode,watched,"mod=cfunction.ext",0x3F,0x1FF,0x2EB808,0x2ED398
1888,0x92CE0,0x12CE0,0x28065C,4,0x871C,0x871D,0xD0158,0x27F718,during_opcode,watched,"mod=cfunction.ext",0x3F,0x1FF,0x2EB808,0x2ED398
1889,0x92CE0,0x12CE0,0x28065C,4,0x871D,0x871E,0xD0158,0x27F718,during_opcode,watched,"mod=cfunction.ext",0x3F,0x1FF,0x2EB808,0x2ED398
1890,0x92CE0,0x12CE0,0x28065C,4,0x871E,0x871F,0xD0158,0x27F718,during_opcode,watched,"mod=cfunction.ext",0x3F,0x1FF,0x2EB808,0x2ED398
1891,0x92CE0,0x12CE0,0x28065C,4,0x871F,0x8720,0xD0158,0x27F718,during_opcode,watched,"mod=cfunction.ext",0x3F,0x1FF,0x2EB808,0x2ED398
1892,0x92F54,0x12F54,0x28065C,4,0x8720,0x8721,0x1,0x27F718,during_opcode,watched,"mod=cfunction.ext",0x3F,0x1FF,0x2EB808,0x2ED398
1893,0x92F54,0x12F54,0x28065C,4,0x8721,0x8722,0xA9,0x27F718,during_opcode,watched,"mod=cfunction.ext",0x3F,0x1FF,0x2EB808,0x2ED398
1894,0x92CE0,0x12CE0,0x28065C,4,0x8722,0x8723,0x92FE4,0x27F718,during_opcode,watched,"mod=cfunction.ext",0x3F,0x1FF,0x2EB808,0x2ED398
1895,0x92CE0,0x12CE0,0x28065C,4,0x8723,0x8724,0x92FE4,0x27F718,during_opcode,watched,"mod=cfunction.ext",0x3F,0x1FF,0x2EB808,0x2ED398
1896,0x92F54,0x12F54,0x28065C,4,0x8724,0x8725,0x1B,0x27F718,during_opcode,watched,"mod=cfunction.ext",0x3F,0x1FF,0x2EB808,0x2ED398
1897,0x92CE0,0x12CE0,0x28065C,4,0x8725,0x8726,0x92FE4,0x27F718,during_opcode,watched,"mod=cfunction.ext",0x3F,0x1FF,0x2EB808,0x2ED398
1898,0x92CE0,0x12CE0,0x28065C,4,0x8726,0x8727,0xD0158,0x27F718,during_opcode,watched,"mod=cfunction.ext",0x3F,0x1FF,0x2EB808,0x2ED398
1899,0x92CE0,0x12CE0,0x28065C,4,0x8727,0x8728,0xD0158,0x27F718,during_opcode,watched,"mod=cfunction.ext",0x3F,0x1FF,0x2EB808,0x2ED398
1900,0x92D68,0x12D68,0x28065C,4,0x8728,0x8729,0xD0158,0x27F718,during_opcode,watched,"mod=cfunction.ext",0x3F,0x1FF,0x2EB808,0x2ED398
1901,0x92CE0,0x12CE0,0x28065C,4,0x8729,0x872A,0xD0158,0x27F718,during_opcode,watched,"mod=cfunction.ext",0x3F,0x1FF,0x2EB808,0x2ED398
1902,0x92F54,0x12F54,0x28065C,4,0x872A,0x872B,0x4F,0x27F718,during_opcode,watched,"mod=cfunction.ext",0x3F,0x1FF,0x2EB808,0x2ED398
1903,0x92CE0,0x12CE0,0x28065C,4,0x872B,0x872C,0x92FE4,0x27F718,during_opcode,watched,"mod=cfunction.ext",0x3F,0x1FF,0x2EB808,0x2ED398
1904,0x92CE0,0x12CE0,0x28065C,4,0x872C,0x872D,0x92FE4,0x27F718,during_opcode,watched,"mod=cfunction.ext",0x3F,0x1FF,0x2EB808,0x2ED398
1905,0x92CE0,0x12CE0,0x28065C,4,0x872D,0x872E,0x92FE4,0x27F718,during_opcode,watched,"mod=cfunction.ext",0x3F,0x1FF,0x2EB808,0x2ED398
1906,0x92CE0,0x12CE0,0x28065C,4,0x872E,0x872F,0x92FE4,0x27F718,during_opcode,watched,"mod=cfunction.ext",0x3F,0x1FF,0x2EB808,0x2ED398
1907,0x92CE0,0x12CE0,0x28065C,4,0x872F,0x8730,0x92FE4,0x27F718,during_opcode,watched,"mod=cfunction.ext",0x3F,0x1FF,0x2EB808,0x2ED398
1908,0x92CE0,0x12CE0,0x28065C,4,0x8730,0x8731,0xD0158,0x27F718,during_opcode,watched,"mod=cfunction.ext",0x3F,0x1FF,0x2EB808,0x2ED398
1909,0x92CE0,0x12CE0,0x28065C,4,0x8731,0x8732,0xD0158,0x27F718,during_opcode,watched,"mod=cfunction.ext",0x3F,0x1FF,0x2EB808,0x2ED398
1910,0x92CE0,0x12CE0,0x28065C,4,0x8732,0x8733,0xD0158,0x27F718,during_opcode,watched,"mod=cfunction.ext",0x3F,0x1FF,0x2EB808,0x2ED398
1911,0x92CE0,0x12CE0,0x28065C,4,0x8733,0x8734,0xD0158,0x27F718,during_opcode,watched,"mod=cfunction.ext",0x3F,0x1FF,0x2EB808,0x2ED398
1912,0x92CE0,0x12CE0,0x28065C,4,0x8734,0x8735,0xD0158,0x27F718,during_opcode,watched,"mod=cfunction.ext",0x3F,0x1FF,0x2EB808,0x2ED398
1913,0x92CE0,0x12CE0,0x28065C,4,0x8735,0x8736,0xD0158,0x27F718,during_opcode,watched,"mod=cfunction.ext",0x3F,0x1FF,0x2EB808,0x2ED398
1914,0x92CE0,0x12CE0,0x28065C,4,0x8736,0x8737,0xD0158,0x27F718,during_opcode,watched,"mod=cfunction.ext",0x3F,0x1FF,0x2EB808,0x2ED398
1915,0x92CE0,0x12CE0,0x28065C,4,0x8737,0x8738,0xD0158,0x27F718,during_opcode,watched,"mod=cfunction.ext",0x3F,0x1FF,0x2EB808,0x2ED398
1916,0x92CE0,0x12CE0,0x28065C,4,0x8738,0x8739,0xD0158,0x27F718,during_opcode,watched,"mod=cfunction.ext",0x3F,0x1FF,0x2EB808,0x2ED398
1917,0x92CE0,0x12CE0,0x28065C,4,0x8739,0x873A,0xD0158,0x27F718,during_opcode,watched,"mod=cfunction.ext",0x3F,0x1FF,0x2EB808,0x2ED398
1918,0x92CE0,0x12CE0,0x28065C,4,0x873A,0x873B,0xD0158,0x27F718,during_opcode,watched,"mod=cfunction.ext",0x3F,0x1FF,0x2EB808,0x2ED398
1919,0x92CE0,0x12CE0,0x28065C,4,0x873B,0x873C,0xD0158,0x27F718,during_opcode,watched,"mod=cfunction.ext",0x3F,0x1FF,0x2EB808,0x2ED398
1920,0x92CE0,0x12CE0,0x28065C,4,0x873C,0x873D,0xD0158,0x27F718,during_opcode,watched,"mod=cfunction.ext",0x3F,0x1FF,0x2EB808,0x2ED398
1921,0x92CE0,0x12CE0,0x28065C,4,0x873D,0x873E,0xD0158,0x27F718,during_opcode,watched,"mod=cfunction.ext",0x3F,0x1FF,0x2EB808,0x2ED398
1922,0x92CE0,0x12CE0,0x28065C,4,0x873E,0x873F,0xD0158,0x27F718,during_opcode,watched,"mod=cfunction.ext",0x3F,0x1FF,0x2EB808,0x2ED398
1923,0x92CE0,0x12CE0,0x28065C,4,0x873F,0x8740,0xD0158,0x27F718,during_opcode,watched,"mod=cfunction.ext",0x3F,0x1FF,0x2EB808,0x2ED398
1924,0x92CE0,0x12CE0,0x28065C,4,0x8740,0x8741,0xD0158,0x27F718,during_opcode,watched,"mod=cfunction.ext",0x3F,0x1FF,0x2EB808,0x2ED398
1925,0x92CE0,0x12CE0,0x28065C,4,0x8741,0x8742,0xD0158,0x27F718,during_opcode,watched,"mod=cfunction.ext",0x3F,0x1FF,0x2EB808,0x2ED398
1926,0x92D68,0x12D68,0x28065C,4,0x8742,0x8743,0xD0158,0x27F718,during_opcode,watched,"mod=cfunction.ext",0x3F,0x1FF,0x2EB808,0x2ED398
1927,0x92CE0,0x12CE0,0x28065C,4,0x8743,0x8744,0xD0158,0x27F718,during_opcode,watched,"mod=cfunction.ext",0x3F,0x1FF,0x2EB808,0x2ED398
1928,0x92CE0,0x12CE0,0x28065C,4,0x8744,0x8745,0xD0158,0x27F718,during_opcode,watched,"mod=cfunction.ext",0x3F,0x1FF,0x2EB808,0x2ED398
1929,0x92CE0,0x12CE0,0x28065C,4,0x8745,0x8746,0xD0158,0x27F718,during_opcode,watched,"mod=cfunction.ext",0x3F,0x1FF,0x2EB808,0x2ED398
1930,0x92CE0,0x12CE0,0x28065C,4,0x8746,0x8747,0xD0158,0x27F718,during_opcode,watched,"mod=cfunction.ext",0x3F,0x1FF,0x2EB808,0x2ED398
1931,0x92CE0,0x12CE0,0x28065C,4,0x8747,0x8748,0xD0158,0x27F718,during_opcode,watched,"mod=cfunction.ext",0x3F,0x1FF,0x2EB808,0x2ED398
1932,0x92CE0,0x12CE0,0x28065C,4,0x8748,0x8749,0xD0158,0x27F718,during_opcode,watched,"mod=cfunction.ext",0x3F,0x1FF,0x2EB808,0x2ED398
1933,0x92CE0,0x12CE0,0x28065C,4,0x8749,0x874A,0xD0158,0x27F718,during_opcode,watched,"mod=cfunction.ext",0x3F,0x1FF,0x2EB808,0x2ED398
1934,0x92CE0,0x12CE0,0x28065C,4,0x874A,0x874B,0xD0158,0x27F718,during_opcode,watched,"mod=cfunction.ext",0x3F,0x1FF,0x2EB808,0x2ED398
1935,0x92CE0,0x12CE0,0x28065C,4,0x874B,0x874C,0xD0158,0x27F718,during_opcode,watched,"mod=cfunction.ext",0x3F,0x1FF,0x2EB808,0x2ED398
1936,0x92CE0,0x12CE0,0x28065C,4,0x874C,0x874D,0xD0158,0x27F718,during_opcode,watched,"mod=cfunction.ext",0x3F,0x1FF,0x2EB808,0x2ED398
1937,0x92CE0,0x12CE0,0x28065C,4,0x874D,0x874E,0xD0158,0x27F718,during_opcode,watched,"mod=cfunction.ext",0x3F,0x1FF,0x2EB808,0x2ED398
1938,0x92CE0,0x12CE0,0x28065C,4,0x874E,0x874F,0xD0158,0x27F718,during_opcode,watched,"mod=cfunction.ext",0x3F,0x1FF,0x2EB808,0x2ED398
1939,0x92CE0,0x12CE0,0x28065C,4,0x874F,0x8750,0xD0158,0x27F718,during_opcode,watched,"mod=cfunction.ext",0x3F,0x1FF,0x2EB808,0x2ED398
1940,0x92CE0,0x12CE0,0x28065C,4,0x8750,0x8751,0xD0158,0x27F718,during_opcode,watched,"mod=cfunction.ext",0x3F,0x1FF,0x2EB808,0x2ED398
1941,0x92CE0,0x12CE0,0x28065C,4,0x8751,0x8752,0xD0158,0x27F718,during_opcode,watched,"mod=cfunction.ext",0x3F,0x1FF,0x2EB808,0x2ED398
1942,0x92CE0,0x12CE0,0x28065C,4,0x8752,0x8753,0xD0158,0x27F718,during_opcode,watched,"mod=cfunction.ext",0x3F,0x1FF,0x2EB808,0x2ED398
1943,0x92CE0,0x12CE0,0x28065C,4,0x8753,0x8754,0xD0158,0x27F718,during_opcode,watched,"mod=cfunction.ext",0x3F,0x1FF,0x2EB808,0x2ED398
1944,0x92CE0,0x12CE0,0x28065C,4,0x8754,0x8755,0xD0158,0x27F718,during_opcode,watched,"mod=cfunction.ext",0x3F,0x1FF,0x2EB808,0x2ED398
1945,0x92CE0,0x12CE0,0x28065C,4,0x8755,0x8756,0xD0158,0x27F718,during_opcode,watched,"mod=cfunction.ext",0x3F,0x1FF,0x2EB808,0x2ED398
1946,0x92CE0,0x12CE0,0x28065C,4,0x8756,0x8757,0x92FE4,0x27F718,during_opcode,watched,"mod=cfunction.ext",0x3F,0x1FF,0x2EB808,0x2ED398
1947,0x92CE0,0x12CE0,0x28065C,4,0x8757,0x8758,0x92FE4,0x27F718,during_opcode,watched,"mod=cfunction.ext",0x3F,0x1FF,0x2EB808,0x2ED398
1948,0x92CE0,0x12CE0,0x28065C,4,0x8758,0x8759,0x92FE4,0x27F718,during_opcode,watched,"mod=cfunction.ext",0x3F,0x1FF,0x2EB808,0x2ED398
1949,0x92CE0,0x12CE0,0x28065C,4,0x8759,0x875A,0x92FE4,0x27F718,during_opcode,watched,"mod=cfunction.ext",0x3F,0x1FF,0x2EB808,0x2ED398
1950,0x92CE0,0x12CE0,0x28065C,4,0x875A,0x875B,0x92FE4,0x27F718,during_opcode,watched,"mod=cfunction.ext",0x3F,0x1FF,0x2EB808,0x2ED398
1951,0x92CE0,0x12CE0,0x28065C,4,0x875B,0x875C,0x92FE4,0x27F718,during_opcode,watched,"mod=cfunction.ext",0x3F,0x1FF,0x2EB808,0x2ED398
1952,0x92CE0,0x12CE0,0x28065C,4,0x875C,0x875D,0x92FE4,0x27F718,during_opcode,watched,"mod=cfunction.ext",0x3F,0x1FF,0x2EB808,0x2ED398
1953,0x92CE0,0x12CE0,0x28065C,4,0x875D,0x875E,0x92FE4,0x27F718,during_opcode,watched,"mod=cfunction.ext",0x3F,0x1FF,0x2EB808,0x2ED398
1954,0x92CE0,0x12CE0,0x28065C,4,0x875E,0x875F,0x92FE4,0x27F718,during_opcode,watched,"mod=cfunction.ext",0x3F,0x1FF,0x2EB808,0x2ED398
1955,0x92CE0,0x12CE0,0x28065C,4,0x875F,0x8760,0x92FE4,0x27F718,during_opcode,watched,"mod=cfunction.ext",0x3F,0x1FF,0x2EB808,0x2ED398
1956,0x92CE0,0x12CE0,0x28065C,4,0x8760,0x8761,0x92FE4,0x27F718,during_opcode,watched,"mod=cfunction.ext",0x3F,0x1FF,0x2EB808,0x2ED398
1957,0x92F54,0x12F54,0x28065C,4,0x8761,0x8762,0x2D,0x27F718,during_opcode,watched,"mod=cfunction.ext",0x3F,0x1FF,0x2EB808,0x2ED398
1958,0x92CE0,0x12CE0,0x28065C,4,0x8762,0x8763,0x92FE4,0x27F718,during_opcode,watched,"mod=cfunction.ext",0x3F,0x1FF,0x2EB808,0x2ED398
1959,0x92CE0,0x12CE0,0x28065C,4,0x8763,0x8764,0x92FE4,0x27F718,during_opcode,watched,"mod=cfunction.ext",0x3F,0x1FF,0x2EB808,0x2ED398
1960,0x92CE0,0x12CE0,0x28065C,4,0x8764,0x8765,0xD0158,0x27F718,during_opcode,watched,"mod=cfunction.ext",0x3F,0x1FF,0x2EB808,0x2ED398
1961,0x92CE0,0x12CE0,0x28065C,4,0x8765,0x8766,0xD0158,0x27F718,during_opcode,watched,"mod=cfunction.ext",0x3F,0x1FF,0x2EB808,0x2ED398
1962,0x92CE0,0x12CE0,0x28065C,4,0x8766,0x8767,0xD0158,0x27F718,during_opcode,watched,"mod=cfunction.ext",0x3F,0x1FF,0x2EB808,0x2ED398
1963,0x92CE0,0x12CE0,0x28065C,4,0x8767,0x8768,0xD0158,0x27F718,during_opcode,watched,"mod=cfunction.ext",0x3F,0x1FF,0x2EB808,0x2ED398
1964,0x92CE0,0x12CE0,0x28065C,4,0x8768,0x8769,0xD0158,0x27F718,during_opcode,watched,"mod=cfunction.ext",0x3F,0x1FF,0x2EB808,0x2ED398
1965,0x92CE0,0x12CE0,0x28065C,4,0x8769,0x876A,0xD0158,0x27F718,during_opcode,watched,"mod=cfunction.ext",0x3F,0x1FF,0x2EB808,0x2ED398
1966,0x92CE0,0x12CE0,0x28065C,4,0x876A,0x876B,0xD0158,0x27F718,during_opcode,watched,"mod=cfunction.ext",0x3F,0x1FF,0x2EB808,0x2ED398
1967,0x92CE0,0x12CE0,0x28065C,4,0x876B,0x876C,0xD0158,0x27F718,during_opcode,watched,"mod=cfunction.ext",0x3F,0x1FF,0x2EB808,0x2ED398
1968,0x92CE0,0x12CE0,0x28065C,4,0x876C,0x876D,0xD0158,0x27F718,during_opcode,watched,"mod=cfunction.ext",0x3F,0x1FF,0x2EB808,0x2ED398
1969,0x92CE0,0x12CE0,0x28065C,4,0x876D,0x876E,0xD0158,0x27F718,during_opcode,watched,"mod=cfunction.ext",0x3F,0x1FF,0x2EB808,0x2ED398
1970,0x92CE0,0x12CE0,0x28065C,4,0x876E,0x876F,0xD0158,0x27F718,during_opcode,watched,"mod=cfunction.ext",0x3F,0x1FF,0x2EB808,0x2ED398
1971,0x92CE0,0x12CE0,0x28065C,4,0x876F,0x8770,0xD0158,0x27F718,during_opcode,watched,"mod=cfunction.ext",0x3F,0x1FF,0x2EB808,0x2ED398
1972,0x92CE0,0x12CE0,0x28065C,4,0x8770,0x8771,0xD0158,0x27F718,during_opcode,watched,"mod=cfunction.ext",0x3F,0x1FF,0x2EB808,0x2ED398
1973,0x92CE0,0x12CE0,0x28065C,4,0x8771,0x8772,0xD0158,0x27F718,during_opcode,watched,"mod=cfunction.ext",0x3F,0x1FF,0x2EB808,0x2ED398
1974,0x92CE0,0x12CE0,0x28065C,4,0x8772,0x8773,0xD0158,0x27F718,during_opcode,watched,"mod=cfunction.ext",0x3F,0x1FF,0x2EB808,0x2ED398
1975,0x92CE0,0x12CE0,0x28065C,4,0x8773,0x8774,0xD0158,0x27F718,during_opcode,watched,"mod=cfunction.ext",0x3F,0x1FF,0x2EB808,0x2ED398
1976,0x92CE0,0x12CE0,0x28065C,4,0x8774,0x8775,0xD0158,0x27F718,during_opcode,watched,"mod=cfunction.ext",0x3F,0x1FF,0x2EB808,0x2ED398
1977,0x92CE0,0x12CE0,0x28065C,4,0x8775,0x8776,0xD0158,0x27F718,during_opcode,watched,"mod=cfunction.ext",0x3F,0x1FF,0x2EB808,0x2ED398
1978,0x92CE0,0x12CE0,0x28065C,4,0x8776,0x8777,0xD0158,0x27F718,during_opcode,watched,"mod=cfunction.ext",0x3F,0x1FF,0x2EB808,0x2ED398
1979,0x92CE0,0x12CE0,0x28065C,4,0x8777,0x8778,0xD0158,0x27F718,during_opcode,watched,"mod=cfunction.ext",0x3F,0x1FF,0x2EB808,0x2ED398
1980,0x92CE0,0x12CE0,0x28065C,4,0x8778,0x8779,0xD0158,0x27F718,during_opcode,watched,"mod=cfunction.ext",0x3F,0x1FF,0x2EB808,0x2ED398
1981,0x92CE0,0x12CE0,0x28065C,4,0x8779,0x877A,0xD0158,0x27F718,during_opcode,watched,"mod=cfunction.ext",0x3F,0x1FF,0x2EB808,0x2ED398
1982,0x92CE0,0x12CE0,0x28065C,4,0x877A,0x877B,0xD0158,0x27F718,during_opcode,watched,"mod=cfunction.ext",0x3F,0x1FF,0x2EB808,0x2ED398
1983,0x92E6C,0x12E6C,0x28065C,4,0x877B,0x877C,0x2AF924,0x27F718,during_opcode,watched,"mod=cfunction.ext",0x3F,0x1FF,0x2EB808,0x2ED398
1984,0x92CE0,0x12CE0,0x28065C,4,0x877C,0x877D,0x92FE4,0x27F718,during_opcode,watched,"mod=cfunction.ext",0x3F,0x1FF,0x2EB808,0x2ED398
1985,0x92CE0,0x12CE0,0x28065C,4,0x877D,0x877E,0x92FE4,0x27F718,during_opcode,watched,"mod=cfunction.ext",0x3F,0x1FF,0x2EB808,0x2ED398
1986,0x92CE0,0x12CE0,0x28065C,4,0x877E,0x877F,0x92FE4,0x27F718,during_opcode,watched,"mod=cfunction.ext",0x3F,0x1FF,0x2EB808,0x2ED398
1987,0x92CE0,0x12CE0,0x28065C,4,0x877F,0x8780,0x92FE4,0x27F718,during_opcode,watched,"mod=cfunction.ext",0x3F,0x1FF,0x2EB808,0x2ED398
1988,0x92CE0,0x12CE0,0x28065C,4,0x8780,0x8781,0x92FE4,0x27F718,during_opcode,watched,"mod=cfunction.ext",0x3F,0x1FF,0x2EB808,0x2ED398
1989,0x92CE0,0x12CE0,0x28065C,4,0x8781,0x8782,0x92FE4,0x27F718,during_opcode,watched,"mod=cfunction.ext",0x3F,0x1FF,0x2EB808,0x2ED398
1990,0x92CE0,0x12CE0,0x28065C,4,0x8782,0x8783,0x92FE4,0x27F718,during_opcode,watched,"mod=cfunction.ext",0x3F,0x1FF,0x2EB808,0x2ED398
1991,0x92E6C,0x12E6C,0x28065C,4,0x8783,0x8784,0x2AF924,0x27F718,during_opcode,watched,"mod=cfunction.ext",0x3F,0x1FF,0x2EB808,0x2ED398
1992,0x92CE0,0x12CE0,0x28065C,4,0x8784,0x8785,0x92FE4,0x27F718,during_opcode,watched,"mod=cfunction.ext",0x3F,0x1FF,0x2EB808,0x2ED398
1993,0x92CE0,0x12CE0,0x28065C,4,0x8785,0x8786,0x92FE4,0x27F718,during_opcode,watched,"mod=cfunction.ext",0x3F,0x1FF,0x2EB808,0x2ED398
1994,0x92CE0,0x12CE0,0x28065C,4,0x8786,0x8787,0x92FE4,0x27F718,during_opcode,watched,"mod=cfunction.ext",0x3F,0x1FF,0x2EB808,0x2ED398
1995,0x92CE0,0x12CE0,0x28065C,4,0x8787,0x8788,0x92FE4,0x27F718,during_opcode,watched,"mod=cfunction.ext",0x3F,0x1FF,0x2EB808,0x2ED398
1996,0x92CE0,0x12CE0,0x28065C,4,0x8788,0x8789,0x92FE4,0x27F718,during_opcode,watched,"mod=cfunction.ext",0x3F,0x1FF,0x2EB808,0x2ED398
1997,0x92CE0,0x12CE0,0x28065C,4,0x8789,0x878A,0xD0158,0x27F718,during_opcode,watched,"mod=cfunction.ext",0x3F,0x1FF,0x2EB808,0x2ED398
1998,0x92CE0,0x12CE0,0x28065C,4,0x878A,0x878B,0xD0158,0x27F718,during_opcode,watched,"mod=cfunction.ext",0x3F,0x1FF,0x2EB808,0x2ED398
1999,0x92CE0,0x12CE0,0x28065C,4,0x878B,0x878C,0xD0158,0x27F718,during_opcode,watched,"mod=cfunction.ext",0x3F,0x1FF,0x2EB808,0x2ED398
2000,0x92CE0,0x12CE0,0x28065C,4,0x878C,0x878D,0xD0158,0x27F718,during_opcode,watched,"mod=cfunction.ext",0x3F,0x1FF,0x2EB808,0x2ED398
2001,0x92CE0,0x12CE0,0x28065C,4,0x878D,0x878E,0xD0158,0x27F718,during_opcode,watched,"mod=cfunction.ext",0x3F,0x1FF,0x2EB808,0x2ED398
2002,0x92CE0,0x12CE0,0x28065C,4,0x878E,0x878F,0xD0158,0x27F718,during_opcode,watched,"mod=cfunction.ext",0x3F,0x1FF,0x2EB808,0x2ED398
2003,0x92CE0,0x12CE0,0x28065C,4,0x878F,0x8790,0xD0158,0x27F718,during_opcode,watched,"mod=cfunction.ext",0x3F,0x1FF,0x2EB808,0x2ED398
2004,0x92CE0,0x12CE0,0x28065C,4,0x8790,0x8791,0xD0158,0x27F718,during_opcode,watched,"mod=cfunction.ext",0x3F,0x1FF,0x2EB808,0x2ED398
2005,0x92CE0,0x12CE0,0x28065C,4,0x8791,0x8792,0xD0158,0x27F718,during_opcode,watched,"mod=cfunction.ext",0x3F,0x1FF,0x2EB808,0x2ED398
2006,0x92CE0,0x12CE0,0x28065C,4,0x8792,0x8793,0xD0158,0x27F718,during_opcode,watched,"mod=cfunction.ext",0x3F,0x1FF,0x2EB808,0x2ED398
2007,0x92F54,0x12F54,0x28065C,4,0x8793,0x8794,0x13,0x27F718,during_opcode,watched,"mod=cfunction.ext",0x3F,0x1FF,0x2EB808,0x2ED398
2008,0x92CE0,0x12CE0,0x28065C,4,0x8794,0x8795,0x92FE4,0x27F718,during_opcode,watched,"mod=cfunction.ext",0x3F,0x1FF,0x2EB808,0x2ED398
2009,0x92CE0,0x12CE0,0x28065C,4,0x8795,0x8796,0x92FE4,0x27F718,during_opcode,watched,"mod=cfunction.ext",0x3F,0x1FF,0x2EB808,0x2ED398
2010,0x92CE0,0x12CE0,0x28065C,4,0x8796,0x8797,0x92FE4,0x27F718,during_opcode,watched,"mod=cfunction.ext",0x3F,0x1FF,0x2EB808,0x2ED398
2011,0x92CE0,0x12CE0,0x28065C,4,0x8797,0x8798,0x92FE4,0x27F718,during_opcode,watched,"mod=cfunction.ext",0x3F,0x1FF,0x2EB808,0x2ED398
2012,0x92CE0,0x12CE0,0x28065C,4,0x8798,0x8799,0x92FE4,0x27F718,during_opcode,watched,"mod=cfunction.ext",0x3F,0x1FF,0x2EB808,0x2ED398
2013,0x92CE0,0x12CE0,0x28065C,4,0x8799,0x879A,0x92FE4,0x27F718,during_opcode,watched,"mod=cfunction.ext",0x3F,0x1FF,0x2EB808,0x2ED398
2014,0x92F54,0x12F54,0x28065C,4,0x879A,0x879B,0x1,0x27F718,during_opcode,watched,"mod=cfunction.ext",0x3F,0x1FF,0x2EB808,0x2ED398
2015,0x92CE0,0x12CE0,0x28065C,4,0x879B,0x879C,0x92FE4,0x27F718,during_opcode,watched,"mod=cfunction.ext",0x3F,0x1FF,0x2EB808,0x2ED398
2016,0x92CE0,0x12CE0,0x28065C,4,0x879C,0x879D,0x92FE4,0x27F718,during_opcode,watched,"mod=cfunction.ext",0x3F,0x1FF,0x2EB808,0x2ED398
2017,0x92CE0,0x12CE0,0x28065C,4,0x879D,0x879E,0x92FE4,0x27F718,during_opcode,watched,"mod=cfunction.ext",0x3F,0x1FF,0x2EB808,0x2ED398
2018,0x92CE0,0x12CE0,0x28065C,4,0x879E,0x879F,0x92FE4,0x27F718,during_opcode,watched,"mod=cfunction.ext",0x3F,0x1FF,0x2EB808,0x2ED398
2019,0x92F54,0x12F54,0x28065C,4,0x879F,0x87A0,0x3,0x27F718,during_opcode,watched,"mod=cfunction.ext",0x3F,0x1FF,0x2EB808,0x2ED398
2020,0x92F54,0x12F54,0x28065C,4,0x87A0,0x87A1,0x2F7,0x27F718,during_opcode,watched,"mod=cfunction.ext",0x3F,0x1FF,0x2EB808,0x2ED398
2021,0x92CE0,0x12CE0,0x28065C,4,0x87A1,0x87A2,0x92FE4,0x27F718,during_opcode,watched,"mod=cfunction.ext",0x3F,0x1FF,0x2EB808,0x2ED398
2022,0x92F54,0x12F54,0x28065C,4,0x87A2,0x87A3,0x19,0x27F718,during_opcode,watched,"mod=cfunction.ext",0x3F,0x1FF,0x2EB808,0x2ED398
2023,0x92CE0,0x12CE0,0x28065C,4,0x87A3,0x87A4,0x92FE4,0x27F718,during_opcode,watched,"mod=cfunction.ext",0x3F,0x1FF,0x2EB808,0x2ED398
2024,0x92CE0,0x12CE0,0x28065C,4,0x87A4,0x87A5,0x92FE4,0x27F718,during_opcode,watched,"mod=cfunction.ext",0x3F,0x1FF,0x2EB808,0x2ED398
2025,0x92CE0,0x12CE0,0x28065C,4,0x87A5,0x87A6,0x92FE4,0x27F718,during_opcode,watched,"mod=cfunction.ext",0x3F,0x1FF,0x2EB808,0x2ED398
2026,0x92CE0,0x12CE0,0x28065C,4,0x87A6,0x87A7,0x92FE4,0x27F718,during_opcode,watched,"mod=cfunction.ext",0x3F,0x1FF,0x2EB808,0x2ED398
2027,0x92D68,0x12D68,0x28065C,4,0x87A7,0x87A8,0xD0158,0x27F718,during_opcode,watched,"mod=cfunction.ext",0x3F,0x1FF,0x2EB808,0x2ED398
2028,0x92CE0,0x12CE0,0x28065C,4,0x87A8,0x87A9,0xD0158,0x27F718,during_opcode,watched,"mod=cfunction.ext",0x3F,0x1FF,0x2EB808,0x2ED398
2029,0x92CE0,0x12CE0,0x28065C,4,0x87A9,0x87AA,0xD0158,0x27F718,during_opcode,watched,"mod=cfunction.ext",0x3F,0x1FF,0x2EB808,0x2ED398
2030,0x92CE0,0x12CE0,0x28065C,4,0x87AA,0x87AB,0xD0158,0x27F718,during_opcode,watched,"mod=cfunction.ext",0x3F,0x1FF,0x2EB808,0x2ED398
2031,0x92E6C,0x12E6C,0x28065C,4,0x87AB,0x87AC,0x2AF924,0x27F718,during_opcode,watched,"mod=cfunction.ext",0x3F,0x1FF,0x2EB808,0x2ED398
2032,0x92F54,0x12F54,0x28065C,4,0x87AC,0x87AD,0x41,0x27F718,during_opcode,watched,"mod=cfunction.ext",0x3F,0x1FF,0x2EB808,0x2ED398
2033,0x92CE0,0x12CE0,0x28065C,4,0x87AD,0x87AE,0x92FE4,0x27F718,during_opcode,watched,"mod=cfunction.ext",0x3F,0x1FF,0x2EB808,0x2ED398
2034,0x92CE0,0x12CE0,0x28065C,4,0x87AE,0x87AF,0x92FE4,0x27F718,during_opcode,watched,"mod=cfunction.ext",0x3F,0x1FF,0x2EB808,0x2ED398
2035,0x92CE0,0x12CE0,0x28065C,4,0x87AF,0x87B0,0x92FE4,0x27F718,during_opcode,watched,"mod=cfunction.ext",0x3F,0x1FF,0x2EB808,0x2ED398
2036,0x92CE0,0x12CE0,0x28065C,4,0x87B0,0x87B1,0x92FE4,0x27F718,during_opcode,watched,"mod=cfunction.ext",0x3F,0x1FF,0x2EB808,0x2ED398
2037,0x92CE0,0x12CE0,0x28065C,4,0x87B1,0x87B2,0x92FE4,0x27F718,during_opcode,watched,"mod=cfunction.ext",0x3F,0x1FF,0x2EB808,0x2ED398
2038,0x92CE0,0x12CE0,0x28065C,4,0x87B2,0x87B3,0xD0158,0x27F718,during_opcode,watched,"mod=cfunction.ext",0x3F,0x1FF,0x2EB808,0x2ED398
2039,0x92CE0,0x12CE0,0x28065C,4,0x87B3,0x87B4,0xD0158,0x27F718,during_opcode,watched,"mod=cfunction.ext",0x3F,0x1FF,0x2EB808,0x2ED398
2040,0x92CE0,0x12CE0,0x28065C,4,0x87B4,0x87B5,0xD0158,0x27F718,during_opcode,watched,"mod=cfunction.ext",0x3F,0x1FF,0x2EB808,0x2ED398
2041,0x92CE0,0x12CE0,0x28065C,4,0x87B5,0x87B6,0xD0158,0x27F718,during_opcode,watched,"mod=cfunction.ext",0x3F,0x1FF,0x2EB808,0x2ED398
2042,0x92CE0,0x12CE0,0x28065C,4,0x87B6,0x87B7,0xD0158,0x27F718,during_opcode,watched,"mod=cfunction.ext",0x3F,0x1FF,0x2EB808,0x2ED398
2043,0x92CE0,0x12CE0,0x28065C,4,0x87B7,0x87B8,0xD0158,0x27F718,during_opcode,watched,"mod=cfunction.ext",0x3F,0x1FF,0x2EB808,0x2ED398
2044,0x92CE0,0x12CE0,0x28065C,4,0x87B8,0x87B9,0xD0158,0x27F718,during_opcode,watched,"mod=cfunction.ext",0x3F,0x1FF,0x2EB808,0x2ED398
2045,0x92CE0,0x12CE0,0x28065C,4,0x87B9,0x87BA,0xD0158,0x27F718,during_opcode,watched,"mod=cfunction.ext",0x3F,0x1FF,0x2EB808,0x2ED398
2046,0x92CE0,0x12CE0,0x28065C,4,0x87BA,0x87BB,0xD0158,0x27F718,during_opcode,watched,"mod=cfunction.ext",0x3F,0x1FF,0x2EB808,0x2ED398
2047,0x92CE0,0x12CE0,0x28065C,4,0x87BB,0x87BC,0xD0158,0x27F718,during_opcode,watched,"mod=cfunction.ext",0x3F,0x1FF,0x2EB808,0x2ED398
2048,0x92CE0,0x12CE0,0x28065C,4,0x87BC,0x87BD,0xD0158,0x27F718,during_opcode,watched,"mod=cfunction.ext",0x3F,0x1FF,0x2EB808,0x2ED398
