run_id,seq,timer_id,owner_module,owner_module_id,owner_generation,source,handler,pc,lr,sp,r9,cpsr,guest_depth,forced,ok,uc_err,end_reason,ret,draw_count,refresh_count,fb_sha256,class
p3_validate_20260723_015539_39363,1,1,robotol.ext,3,3,1,0x30630D,0x30630D,0x80000,0x0,0x2B1854,0x0,2,0,1,0,stop_at_base,0,0,0,,CALLBACK_RETURN_SENTINEL_OK
p3_validate_20260723_015539_39363,2,2,robotol.ext,3,3,1,0x30630D,0x30630D,0x80000,0x0,0x2B1854,0x0,2,0,1,0,stop_at_base,0,0,0,,CALLBACK_RETURN_SENTINEL_OK
p3_validate_20260723_015539_39363,3,3,robotol.ext,3,3,1,0x30630D,0x30630D,0x80000,0x0,0x2B1854,0x0,2,0,1,0,stop_at_base,0,0,0,,CALLBACK_RETURN_SENTINEL_OK
p3_validate_20260723_015539_39363,4,4,robotol.ext,3,3,1,0x30630D,0x30630D,0x80000,0x0,0x2B1854,0x0,2,0,1,0,stop_at_base,0,0,0,,CALLBACK_RETURN_SENTINEL_OK
p3_validate_20260723_015539_39363,5,5,robotol.ext,3,3,1,0x30630D,0x30630D,0x80000,0x0,0x2B1854,0x0,2,0,1,0,stop_at_base,0,0,0,,CALLBACK_RETURN_SENTINEL_OK
p3_validate_20260723_015539_39363,6,6,robotol.ext,3,3,1,0x30630D,0x30630D,0x80000,0x0,0x2B1854,0x0,2,0,1,0,stop_at_base,0,0,0,,CALLBACK_RETURN_SENTINEL_OK
p3_validate_20260723_015539_39363,7,7,robotol.ext,3,3,1,0x30630D,0x30630D,0x80000,0x0,0x2B1854,0x0,2,0,1,0,stop_at_base,0,0,0,,CALLBACK_RETURN_SENTINEL_OK
p3_validate_20260723_015539_39363,8,8,robotol.ext,3,3,1,0x30630D,0x30630D,0x80000,0x0,0x2B1854,0x0,2,0,1,0,stop_at_base,0,0,0,,CALLBACK_RETURN_SENTINEL_OK
p3_validate_20260723_015539_39363,9,9,robotol.ext,3,3,1,0x30630D,0x30630D,0x80000,0x0,0x2B1854,0x0,2,0,1,0,stop_at_base,0,0,0,,CALLBACK_RETURN_SENTINEL_OK
p3_validate_20260723_015539_39363,10,10,robotol.ext,3,3,1,0x30630D,0x30630D,0x80000,0x0,0x2B1854,0x0,2,0,1,0,stop_at_base,0,0,0,,CALLBACK_RETURN_SENTINEL_OK
p3_validate_20260723_015539_39363,11,11,robotol.ext,3,3,1,0x30630D,0x30630D,0x80000,0x0,0x2B1854,0x0,2,0,1,0,stop_at_base,0,0,0,,CALLBACK_RETURN_SENTINEL_OK
p3_validate_20260723_015539_39363,12,12,robotol.ext,3,3,1,0x30630D,0x30630D,0x80000,0x0,0x2B1854,0x0,2,0,1,0,stop_at_base,0,0,0,,CALLBACK_RETURN_SENTINEL_OK
p3_validate_20260723_015539_39363,13,13,robotol.ext,3,3,1,0x30630D,0x30630D,0x80000,0x0,0x2B1854,0x0,2,0,1,0,stop_at_base,0,0,0,,CALLBACK_RETURN_SENTINEL_OK
p3_validate_20260723_015539_39363,14,14,robotol.ext,3,3,1,0x30630D,0x30630D,0x80000,0x0,0x2B1854,0x0,2,0,1,0,stop_at_base,0,0,0,,CALLBACK_RETURN_SENTINEL_OK
p3_validate_20260723_015539_39363,15,15,robotol.ext,3,3,1,0x30630D,0x30630D,0x80000,0x0,0x2B1854,0x0,2,0,1,0,stop_at_base,0,0,0,,CALLBACK_RETURN_SENTINEL_OK
p3_validate_20260723_015539_39363,16,16,robotol.ext,3,3,1,0x30630D,0x30630D,0x80000,0x0,0x2B1854,0x0,2,0,1,0,stop_at_base,0,0,0,,CALLBACK_RETURN_SENTINEL_OK
p4_progress_map_20260723_022018_93276,1,1,robotol.ext,3,3,1,0x30630D,0x30630D,0x80000,0x0,0x2B1854,0x0,2,0,1,0,stop_at_base,0,0,0,,CALLBACK_RETURN_SENTINEL_OK
p4_progress_map_20260723_022018_93276,2,2,robotol.ext,3,3,1,0x30630D,0x30630D,0x80000,0x0,0x2B1854,0x0,2,0,1,0,stop_at_base,0,0,0,,CALLBACK_RETURN_SENTINEL_OK
p4_progress_map_20260723_022018_93276,3,3,robotol.ext,3,3,1,0x30630D,0x30630D,0x80000,0x0,0x2B1854,0x0,2,0,1,0,stop_at_base,0,0,0,,CALLBACK_RETURN_SENTINEL_OK
p4_progress_map_20260723_022018_93276,4,4,robotol.ext,3,3,1,0x30630D,0x30630D,0x80000,0x0,0x2B1854,0x0,2,0,1,0,stop_at_base,0,0,0,,CALLBACK_RETURN_SENTINEL_OK
p4_progress_map_20260723_022018_93276,5,5,robotol.ext,3,3,1,0x30630D,0x30630D,0x80000,0x0,0x2B1854,0x0,2,0,1,0,stop_at_base,0,0,0,,CALLBACK_RETURN_SENTINEL_OK
p4_progress_map_20260723_022018_93276,6,6,robotol.ext,3,3,1,0x30630D,0x30630D,0x80000,0x0,0x2B1854,0x0,2,0,1,0,stop_at_base,0,0,0,,CALLBACK_RETURN_SENTINEL_OK
p4_progress_map_20260723_022018_93276,7,7,robotol.ext,3,3,1,0x30630D,0x30630D,0x80000,0x0,0x2B1854,0x0,2,0,1,0,stop_at_base,0,0,0,,CALLBACK_RETURN_SENTINEL_OK
p4_progress_map_20260723_022018_93276,8,8,robotol.ext,3,3,1,0x30630D,0x30630D,0x80000,0x0,0x2B1854,0x0,2,0,1,0,stop_at_base,0,0,0,,CALLBACK_RETURN_SENTINEL_OK
p4_progress_map_20260723_022018_93276,9,9,robotol.ext,3,3,1,0x30630D,0x30630D,0x80000,0x0,0x2B1854,0x0,2,0,1,0,stop_at_base,0,0,0,,CALLBACK_RETURN_SENTINEL_OK
p4_progress_map_20260723_022018_93276,10,10,robotol.ext,3,3,1,0x30630D,0x30630D,0x80000,0x0,0x2B1854,0x0,2,0,1,0,stop_at_base,0,0,0,,CALLBACK_RETURN_SENTINEL_OK
p4_progress_map_20260723_022412_1489,1,1,robotol.ext,3,3,1,0x30630D,0x30630D,0x80000,0x0,0x2B1854,0x0,2,0,1,0,stop_at_base,0,0,0,,CALLBACK_RETURN_SENTINEL_OK
p4_progress_map_20260723_022412_1489,2,2,robotol.ext,3,3,1,0x30630D,0x30630D,0x80000,0x0,0x2B1854,0x0,2,0,1,0,stop_at_base,0,0,0,,CALLBACK_RETURN_SENTINEL_OK
p4_progress_map_20260723_022412_1489,3,3,robotol.ext,3,3,1,0x30630D,0x30630D,0x80000,0x0,0x2B1854,0x0,2,0,1,0,stop_at_base,0,0,0,,CALLBACK_RETURN_SENTINEL_OK
p4_progress_map_20260723_022412_1489,4,4,robotol.ext,3,3,1,0x30630D,0x30630D,0x80000,0x0,0x2B1854,0x0,2,0,1,0,stop_at_base,0,0,0,,CALLBACK_RETURN_SENTINEL_OK
p4_progress_map_20260723_022412_1489,5,5,robotol.ext,3,3,1,0x30630D,0x30630D,0x80000,0x0,0x2B1854,0x0,2,0,1,0,stop_at_base,0,0,0,,CALLBACK_RETURN_SENTINEL_OK
p4_progress_map_20260723_022412_1489,6,6,robotol.ext,3,3,1,0x30630D,0x30630D,0x80000,0x0,0x2B1854,0x0,2,0,1,0,stop_at_base,0,0,0,,CALLBACK_RETURN_SENTINEL_OK
p4_progress_map_20260723_022412_1489,7,7,robotol.ext,3,3,1,0x30630D,0x30630D,0x80000,0x0,0x2B1854,0x0,2,0,1,0,stop_at_base,0,0,0,,CALLBACK_RETURN_SENTINEL_OK
p4_progress_map_20260723_022412_1489,8,8,robotol.ext,3,3,1,0x30630D,0x30630D,0x80000,0x0,0x2B1854,0x0,2,0,1,0,stop_at_base,0,0,0,,CALLBACK_RETURN_SENTINEL_OK
p4_progress_map_20260723_022412_1489,9,9,robotol.ext,3,3,1,0x30630D,0x30630D,0x80000,0x0,0x2B1854,0x0,2,0,1,0,stop_at_base,0,0,0,,CALLBACK_RETURN_SENTINEL_OK
p4_progress_map_20260723_022412_1489,10,10,robotol.ext,3,3,1,0x30630D,0x30630D,0x80000,0x0,0x2B1854,0x0,2,0,1,0,stop_at_base,0,0,0,,CALLBACK_RETURN_SENTINEL_OK
p4_progress_map_20260723_022412_1489,11,11,robotol.ext,3,3,1,0x30630D,0x30630D,0x80000,0x0,0x2B1854,0x0,2,0,1,0,stop_at_base,0,0,0,,CALLBACK_RETURN_SENTINEL_OK
p4_progress_map_20260723_022412_1489,12,12,robotol.ext,3,3,1,0x30630D,0x30630D,0x80000,0x0,0x2B1854,0x0,2,0,1,0,stop_at_base,0,0,0,,CALLBACK_RETURN_SENTINEL_OK
p4_progress_map_20260723_022412_1489,13,13,robotol.ext,3,3,1,0x30630D,0x30630D,0x80000,0x0,0x2B1854,0x0,2,0,1,0,stop_at_base,0,0,0,,CALLBACK_RETURN_SENTINEL_OK
p4_progress_map_20260723_022412_1489,14,14,robotol.ext,3,3,1,0x30630D,0x30630D,0x80000,0x0,0x2B1854,0x0,2,0,1,0,stop_at_base,0,0,0,,CALLBACK_RETURN_SENTINEL_OK
p4_progress_map_20260723_022412_1489,15,15,robotol.ext,3,3,1,0x30630D,0x30630D,0x80000,0x0,0x2B1854,0x0,2,0,1,0,stop_at_base,0,0,0,,CALLBACK_RETURN_SENTINEL_OK
p4_progress_map_20260723_022412_1489,16,16,robotol.ext,3,3,1,0x30630D,0x30630D,0x80000,0x0,0x2B1854,0x0,2,0,1,0,stop_at_base,0,0,0,,CALLBACK_RETURN_SENTINEL_OK
p4_progress_map_20260723_022412_1489,17,17,robotol.ext,3,3,1,0x30630D,0x30630D,0x80000,0x0,0x2B1854,0x0,2,0,1,0,stop_at_base,0,0,0,,CALLBACK_RETURN_SENTINEL_OK
p4_progress_map_20260723_022412_1489,18,18,robotol.ext,3,3,1,0x30630D,0x30630D,0x80000,0x0,0x2B1854,0x0,2,0,1,0,stop_at_base,0,0,0,,CALLBACK_RETURN_SENTINEL_OK
p4_progress_map_20260723_022412_1489,19,19,robotol.ext,3,3,1,0x30630D,0x30630D,0x80000,0x0,0x2B1854,0x0,2,0,1,0,stop_at_base,0,0,0,,CALLBACK_RETURN_SENTINEL_OK
p4_validate_20260723_022813_22133,1,1,robotol.ext,3,3,1,0x30630D,0x30630D,0x80000,0x0,0x2B1854,0x0,2,0,1,0,stop_at_base,0,0,0,,CALLBACK_RETURN_SENTINEL_OK
p4_validate_20260723_022813_22133,2,2,robotol.ext,3,3,1,0x30630D,0x30630D,0x80000,0x0,0x2B1854,0x0,2,0,1,0,stop_at_base,0,0,0,,CALLBACK_RETURN_SENTINEL_OK
p4_validate_20260723_022813_22133,3,3,robotol.ext,3,3,1,0x30630D,0x30630D,0x80000,0x0,0x2B1854,0x0,2,0,1,0,stop_at_base,0,0,0,,CALLBACK_RETURN_SENTINEL_OK
p4_validate_20260723_022813_22133,4,4,robotol.ext,3,3,1,0x30630D,0x30630D,0x80000,0x0,0x2B1854,0x0,2,0,1,0,stop_at_base,0,0,0,,CALLBACK_RETURN_SENTINEL_OK
p4_validate_20260723_022813_22133,5,5,robotol.ext,3,3,1,0x30630D,0x30630D,0x80000,0x0,0x2B1854,0x0,2,0,1,0,stop_at_base,0,0,0,,CALLBACK_RETURN_SENTINEL_OK
p4_validate_20260723_022813_22133,6,6,robotol.ext,3,3,1,0x30630D,0x30630D,0x80000,0x0,0x2B1854,0x0,2,0,1,0,stop_at_base,0,0,0,,CALLBACK_RETURN_SENTINEL_OK
p4_validate_20260723_022813_22133,7,7,robotol.ext,3,3,1,0x30630D,0x30630D,0x80000,0x0,0x2B1854,0x0,2,0,1,0,stop_at_base,0,0,0,,CALLBACK_RETURN_SENTINEL_OK
p4_validate_20260723_022813_22133,8,8,robotol.ext,3,3,1,0x30630D,0x30630D,0x80000,0x0,0x2B1854,0x0,2,0,1,0,stop_at_base,0,0,0,,CALLBACK_RETURN_SENTINEL_OK
p4_validate_20260723_022813_22133,9,9,robotol.ext,3,3,1,0x30630D,0x30630D,0x80000,0x0,0x2B1854,0x0,2,0,1,0,stop_at_base,0,0,0,,CALLBACK_RETURN_SENTINEL_OK
p4_validate_20260723_022813_22133,10,10,robotol.ext,3,3,1,0x30630D,0x30630D,0x80000,0x0,0x2B1854,0x0,2,0,1,0,stop_at_base,0,0,0,,CALLBACK_RETURN_SENTINEL_OK
p4_validate_20260723_022813_22133,11,11,robotol.ext,3,3,1,0x30630D,0x30630D,0x80000,0x0,0x2B1854,0x0,2,0,1,0,stop_at_base,0,0,0,,CALLBACK_RETURN_SENTINEL_OK
p4_validate_20260723_022813_22133,12,12,robotol.ext,3,3,1,0x30630D,0x30630D,0x80000,0x0,0x2B1854,0x0,2,0,1,0,stop_at_base,0,0,0,,CALLBACK_RETURN_SENTINEL_OK
p4_validate_20260723_022813_22133,13,13,robotol.ext,3,3,1,0x30630D,0x30630D,0x80000,0x0,0x2B1854,0x0,2,0,1,0,stop_at_base,0,0,0,,CALLBACK_RETURN_SENTINEL_OK
p4_validate_20260723_022813_22133,14,14,robotol.ext,3,3,1,0x30630D,0x30630D,0x80000,0x0,0x2B1854,0x0,2,0,1,0,stop_at_base,0,0,0,,CALLBACK_RETURN_SENTINEL_OK
p4_validate_20260723_022813_22133,15,15,robotol.ext,3,3,1,0x30630D,0x30630D,0x80000,0x0,0x2B1854,0x0,2,0,1,0,stop_at_base,0,0,0,,CALLBACK_RETURN_SENTINEL_OK
p4_validate_20260723_022813_22133,16,16,robotol.ext,3,3,1,0x30630D,0x30630D,0x80000,0x0,0x2B1854,0x0,2,0,1,0,stop_at_base,0,0,0,,CALLBACK_RETURN_SENTINEL_OK
p4_validate_20260723_022813_22133,17,17,robotol.ext,3,3,1,0x30630D,0x30630D,0x80000,0x0,0x2B1854,0x0,2,0,1,0,stop_at_base,0,0,0,,CALLBACK_RETURN_SENTINEL_OK
p4_validate_20260723_022942_12599,1,1,robotol.ext,3,3,1,0x30630D,0x30630D,0x80000,0x0,0x2B1854,0x0,2,0,1,0,stop_at_base,0,0,0,,CALLBACK_RETURN_SENTINEL_OK
p4_validate_20260723_022942_12599,2,2,robotol.ext,3,3,1,0x30630D,0x30630D,0x80000,0x0,0x2B1854,0x0,0,0,1,0,stop_at_base,0,0,0,,CALLBACK_RETURN_SENTINEL_OK
p4_validate_20260723_022942_12599,3,3,robotol.ext,3,3,1,0x30630D,0x30630D,0x80000,0x0,0x2B1854,0x0,0,0,1,0,stop_at_base,0,0,0,,CALLBACK_RETURN_SENTINEL_OK
p4_validate_20260723_022942_12599,4,4,robotol.ext,3,3,1,0x30630D,0x30630D,0x80000,0x0,0x2B1854,0x0,0,0,1,0,stop_at_base,0,0,0,,CALLBACK_RETURN_SENTINEL_OK
p4_validate_20260723_022942_12599,5,5,robotol.ext,3,3,1,0x30630D,0x30630D,0x80000,0x0,0x2B1854,0x0,0,0,1,0,stop_at_base,0,0,0,,CALLBACK_RETURN_SENTINEL_OK
p4_validate_20260723_023127_72008,1,1,robotol.ext,3,3,1,0x30630D,0x30630D,0x80000,0x0,0x2B1854,0x0,2,0,1,0,stop_at_base,0,0,0,,CALLBACK_RETURN_SENTINEL_OK
p4_validate_20260723_023127_72008,2,2,robotol.ext,3,3,1,0x30630D,0x30630D,0x80000,0x0,0x2B1854,0x0,2,0,1,0,stop_at_base,0,0,0,,CALLBACK_RETURN_SENTINEL_OK
p4_validate_20260723_023127_72008,3,3,robotol.ext,3,3,1,0x30630D,0x30630D,0x80000,0x0,0x2B1854,0x0,2,0,1,0,stop_at_base,0,0,0,,CALLBACK_RETURN_SENTINEL_OK
p4_validate_20260723_023127_72008,4,4,robotol.ext,3,3,1,0x30630D,0x30630D,0x80000,0x0,0x2B1854,0x0,2,0,1,0,stop_at_base,0,0,0,,CALLBACK_RETURN_SENTINEL_OK
p4_validate_20260723_023127_72008,5,5,robotol.ext,3,3,1,0x30630D,0x30630D,0x80000,0x0,0x2B1854,0x0,2,0,1,0,stop_at_base,0,0,0,,CALLBACK_RETURN_SENTINEL_OK
p4_validate_20260723_023127_72008,6,6,robotol.ext,3,3,1,0x30630D,0x30630D,0x80000,0x0,0x2B1854,0x0,2,0,1,0,stop_at_base,0,0,0,,CALLBACK_RETURN_SENTINEL_OK
p4_validate_20260723_023127_72008,7,7,robotol.ext,3,3,1,0x30630D,0x30630D,0x80000,0x0,0x2B1854,0x0,2,0,1,0,stop_at_base,0,0,0,,CALLBACK_RETURN_SENTINEL_OK
p4_validate_20260723_023127_72008,8,8,robotol.ext,3,3,1,0x30630D,0x30630D,0x80000,0x0,0x2B1854,0x0,2,0,1,0,stop_at_base,0,0,0,,CALLBACK_RETURN_SENTINEL_OK
p4_validate_20260723_023127_72008,9,9,robotol.ext,3,3,1,0x30630D,0x30630D,0x80000,0x0,0x2B1854,0x0,2,0,1,0,stop_at_base,0,0,0,,CALLBACK_RETURN_SENTINEL_OK
p4_validate_20260723_023127_72008,10,10,robotol.ext,3,3,1,0x30630D,0x30630D,0x80000,0x0,0x2B1854,0x0,2,0,1,0,stop_at_base,0,0,0,,CALLBACK_RETURN_SENTINEL_OK
p4_validate_20260723_023127_72008,11,11,robotol.ext,3,3,1,0x30630D,0x30630D,0x80000,0x0,0x2B1854,0x0,2,0,1,0,stop_at_base,0,0,0,,CALLBACK_RETURN_SENTINEL_OK
p4_validate_20260723_023320_78643,1,1,robotol.ext,3,3,1,0x30630D,0x30630D,0x80000,0x0,0x2B1854,0x0,2,0,1,0,stop_at_base,0,0,0,,CALLBACK_RETURN_SENTINEL_OK
p4_validate_20260723_023320_78643,2,2,robotol.ext,3,3,1,0x30630D,0x30630D,0x80000,0x0,0x2B1854,0x0,2,0,1,0,stop_at_base,0,0,0,,CALLBACK_RETURN_SENTINEL_OK
p4_validate_20260723_023320_78643,3,3,robotol.ext,3,3,1,0x30630D,0x30630D,0x80000,0x0,0x2B1854,0x0,2,0,1,0,stop_at_base,0,0,0,,CALLBACK_RETURN_SENTINEL_OK
p4_validate_20260723_023320_78643,4,4,robotol.ext,3,3,1,0x30630D,0x30630D,0x80000,0x0,0x2B1854,0x0,2,0,1,0,stop_at_base,0,0,0,,CALLBACK_RETURN_SENTINEL_OK
p4_validate_20260723_023320_78643,5,5,robotol.ext,3,3,1,0x30630D,0x30630D,0x80000,0x0,0x2B1854,0x0,2,0,1,0,stop_at_base,0,0,0,,CALLBACK_RETURN_SENTINEL_OK
p4_validate_20260723_023320_78643,6,6,robotol.ext,3,3,1,0x30630D,0x30630D,0x80000,0x0,0x2B1854,0x0,2,0,1,0,stop_at_base,0,0,0,,CALLBACK_RETURN_SENTINEL_OK
p4_validate_20260723_023320_78643,7,7,robotol.ext,3,3,1,0x30630D,0x30630D,0x80000,0x0,0x2B1854,0x0,2,0,1,0,stop_at_base,0,0,0,,CALLBACK_RETURN_SENTINEL_OK
p4_validate_20260723_023320_78643,8,8,robotol.ext,3,3,1,0x30630D,0x30630D,0x80000,0x0,0x2B1854,0x0,2,0,1,0,stop_at_base,0,0,0,,CALLBACK_RETURN_SENTINEL_OK
p4_validate_20260723_023320_78643,9,9,robotol.ext,3,3,1,0x30630D,0x30630D,0x80000,0x0,0x2B1854,0x0,2,0,1,0,stop_at_base,0,0,0,,CALLBACK_RETURN_SENTINEL_OK
p4_validate_20260723_023320_78643,10,10,robotol.ext,3,3,1,0x30630D,0x30630D,0x80000,0x0,0x2B1854,0x0,2,0,1,0,stop_at_base,0,0,0,,CALLBACK_RETURN_SENTINEL_OK
p4_validate_20260723_023320_78643,11,11,robotol.ext,3,3,1,0x30630D,0x30630D,0x80000,0x0,0x2B1854,0x0,2,0,1,0,stop_at_base,0,0,0,,CALLBACK_RETURN_SENTINEL_OK
p4_validate_20260723_023320_78643,12,12,robotol.ext,3,3,1,0x30630D,0x30630D,0x80000,0x0,0x2B1854,0x0,2,0,1,0,stop_at_base,0,0,0,,CALLBACK_RETURN_SENTINEL_OK
p4_validate_20260723_023320_78643,13,13,robotol.ext,3,3,1,0x30630D,0x30630D,0x80000,0x0,0x2B1854,0x0,2,0,1,0,stop_at_base,0,0,0,,CALLBACK_RETURN_SENTINEL_OK
p4_validate_20260723_023320_78643,14,14,robotol.ext,3,3,1,0x30630D,0x30630D,0x80000,0x0,0x2B1854,0x0,2,0,1,0,stop_at_base,0,0,0,,CALLBACK_RETURN_SENTINEL_OK
p4_validate_20260723_023558_96760,1,1,robotol.ext,3,3,1,0x30630D,0x30630D,0x80000,0x0,0x2B1854,0x0,2,0,1,0,stop_at_base,0,0,0,,CALLBACK_RETURN_SENTINEL_OK
p4_validate_20260723_023558_96760,2,2,robotol.ext,3,3,1,0x30630D,0x30630D,0x80000,0x0,0x2B1854,0x0,2,0,1,0,stop_at_base,0,0,0,,CALLBACK_RETURN_SENTINEL_OK
p4_validate_20260723_023558_96760,3,3,robotol.ext,3,3,1,0x30630D,0x30630D,0x80000,0x0,0x2B1854,0x0,2,0,1,0,stop_at_base,0,0,0,,CALLBACK_RETURN_SENTINEL_OK
p4_validate_20260723_023558_96760,4,4,robotol.ext,3,3,1,0x30630D,0x30630D,0x80000,0x0,0x2B1854,0x0,2,0,1,0,stop_at_base,0,0,0,,CALLBACK_RETURN_SENTINEL_OK
p4_validate_20260723_023558_96760,5,5,robotol.ext,3,3,1,0x30630D,0x30630D,0x80000,0x0,0x2B1854,0x0,2,0,1,0,stop_at_base,0,0,0,,CALLBACK_RETURN_SENTINEL_OK
p4_validate_20260723_023558_96760,6,6,robotol.ext,3,3,1,0x30630D,0x30630D,0x80000,0x0,0x2B1854,0x0,2,0,1,0,stop_at_base,0,0,0,,CALLBACK_RETURN_SENTINEL_OK
p4_validate_20260723_023558_96760,7,7,robotol.ext,3,3,1,0x30630D,0x30630D,0x80000,0x0,0x2B1854,0x0,2,0,1,0,stop_at_base,0,0,0,,CALLBACK_RETURN_SENTINEL_OK
p4_validate_20260723_023558_96760,8,8,robotol.ext,3,3,1,0x30630D,0x30630D,0x80000,0x0,0x2B1854,0x0,2,0,1,0,stop_at_base,0,0,0,,CALLBACK_RETURN_SENTINEL_OK
p4_validate_20260723_023558_96760,9,9,robotol.ext,3,3,1,0x30630D,0x30630D,0x80000,0x0,0x2B1854,0x0,2,0,1,0,stop_at_base,0,0,0,,CALLBACK_RETURN_SENTINEL_OK
p4_validate_20260723_023558_96760,10,10,robotol.ext,3,3,1,0x30630D,0x30630D,0x80000,0x0,0x2B1854,0x0,2,0,1,0,stop_at_base,0,0,0,,CALLBACK_RETURN_SENTINEL_OK
p4_validate_20260723_023558_96760,11,11,robotol.ext,3,3,1,0x30630D,0x30630D,0x80000,0x0,0x2B1854,0x0,2,0,1,0,stop_at_base,0,0,0,,CALLBACK_RETURN_SENTINEL_OK
p4_validate_20260723_023558_96760,12,12,robotol.ext,3,3,1,0x30630D,0x30630D,0x80000,0x0,0x2B1854,0x0,2,0,1,0,stop_at_base,0,0,0,,CALLBACK_RETURN_SENTINEL_OK
p5_transaction_20260723_033052_37039,1,1,robotol.ext,3,3,1,0x30630D,0x30630D,0x80000,0x0,0x2B1854,0x0,2,0,1,0,stop_at_base,0,0,0,,CALLBACK_RETURN_SENTINEL_OK
p5_transaction_20260723_033052_37039,2,2,robotol.ext,3,3,1,0x30630D,0x30630D,0x80000,0x0,0x2B1854,0x0,2,0,1,0,stop_at_base,0,0,0,,CALLBACK_RETURN_SENTINEL_OK
p5_transaction_20260723_033052_37039,3,3,robotol.ext,3,3,1,0x30630D,0x30630D,0x80000,0x0,0x2B1854,0x0,2,0,1,0,stop_at_base,0,0,0,,CALLBACK_RETURN_SENTINEL_OK
p5_transaction_20260723_033052_37039,4,4,robotol.ext,3,3,1,0x30630D,0x30630D,0x80000,0x0,0x2B1854,0x0,2,0,1,0,stop_at_base,0,0,0,,CALLBACK_RETURN_SENTINEL_OK
p5_transaction_20260723_033052_37039,5,5,robotol.ext,3,3,1,0x30630D,0x30630D,0x80000,0x0,0x2B1854,0x0,2,0,1,0,stop_at_base,0,0,0,,CALLBACK_RETURN_SENTINEL_OK
p5_validate_20260723_033710_58895,1,1,robotol.ext,3,3,1,0x30630D,0x30630D,0x80000,0x0,0x2B1854,0x0,2,0,1,0,stop_at_base,0,0,0,,CALLBACK_RETURN_SENTINEL_OK
p5_validate_20260723_033710_58895,2,2,robotol.ext,3,3,1,0x30630D,0x30630D,0x80000,0x0,0x2B1854,0x0,2,0,1,0,stop_at_base,0,0,0,,CALLBACK_RETURN_SENTINEL_OK
p5_validate_20260723_033710_58895,3,3,robotol.ext,3,3,1,0x30630D,0x30630D,0x80000,0x0,0x2B1854,0x0,2,0,1,0,stop_at_base,0,0,0,,CALLBACK_RETURN_SENTINEL_OK
p5_validate_20260723_033710_58895,4,4,robotol.ext,3,3,1,0x30630D,0x30630D,0x80000,0x0,0x2B1854,0x0,2,0,1,0,stop_at_base,0,0,0,,CALLBACK_RETURN_SENTINEL_OK
p5_validate_20260723_033710_58895,5,5,robotol.ext,3,3,1,0x30630D,0x30630D,0x80000,0x0,0x2B1854,0x0,2,0,1,0,stop_at_base,0,0,0,,CALLBACK_RETURN_SENTINEL_OK
p5_validate_20260723_033710_58895,6,6,robotol.ext,3,3,1,0x30630D,0x30630D,0x80000,0x0,0x2B1854,0x0,2,0,1,0,stop_at_base,0,0,0,,CALLBACK_RETURN_SENTINEL_OK
p5_validate_20260723_033710_58895,7,7,robotol.ext,3,3,1,0x30630D,0x30630D,0x80000,0x0,0x2B1854,0x0,2,0,1,0,stop_at_base,0,0,0,,CALLBACK_RETURN_SENTINEL_OK
p5_validate_20260723_033710_58895,8,8,robotol.ext,3,3,1,0x30630D,0x30630D,0x80000,0x0,0x2B1854,0x0,2,0,1,0,stop_at_base,0,0,0,,CALLBACK_RETURN_SENTINEL_OK
p5_validate_20260723_033710_58895,9,9,robotol.ext,3,3,1,0x30630D,0x30630D,0x80000,0x0,0x2B1854,0x0,2,0,1,0,stop_at_base,0,0,0,,CALLBACK_RETURN_SENTINEL_OK
p5_validate_20260723_033710_58895,10,10,robotol.ext,3,3,1,0x30630D,0x30630D,0x80000,0x0,0x2B1854,0x0,2,0,1,0,stop_at_base,0,0,0,,CALLBACK_RETURN_SENTINEL_OK
p5_validate_20260723_033710_58895,11,11,robotol.ext,3,3,1,0x30630D,0x30630D,0x80000,0x0,0x2B1854,0x0,2,0,1,0,stop_at_base,0,0,0,,CALLBACK_RETURN_SENTINEL_OK
p5_validate_20260723_033710_58895,12,12,robotol.ext,3,3,1,0x30630D,0x30630D,0x80000,0x0,0x2B1854,0x0,2,0,1,0,stop_at_base,0,0,0,,CALLBACK_RETURN_SENTINEL_OK
p5_validate_20260723_033710_58895,13,13,robotol.ext,3,3,1,0x30630D,0x30630D,0x80000,0x0,0x2B1854,0x0,2,0,1,0,stop_at_base,0,0,0,,CALLBACK_RETURN_SENTINEL_OK
p5_validate_20260723_033710_58895,14,14,robotol.ext,3,3,1,0x30630D,0x30630D,0x80000,0x0,0x2B1854,0x0,2,0,1,0,stop_at_base,0,0,0,,CALLBACK_RETURN_SENTINEL_OK
p5_validate_20260723_033710_58895,15,15,robotol.ext,3,3,1,0x30630D,0x30630D,0x80000,0x0,0x2B1854,0x0,2,0,1,0,stop_at_base,0,0,0,,CALLBACK_RETURN_SENTINEL_OK
p5_validate_20260723_033710_58895,16,16,robotol.ext,3,3,1,0x30630D,0x30630D,0x80000,0x0,0x2B1854,0x0,2,0,1,0,stop_at_base,0,0,0,,CALLBACK_RETURN_SENTINEL_OK
p5_validate_20260723_033710_58895,17,17,robotol.ext,3,3,1,0x30630D,0x30630D,0x80000,0x0,0x2B1854,0x0,2,0,1,0,stop_at_base,0,0,0,,CALLBACK_RETURN_SENTINEL_OK
p5_validate_20260723_033710_58895,18,18,robotol.ext,3,3,1,0x30630D,0x30630D,0x80000,0x0,0x2B1854,0x0,2,0,1,0,stop_at_base,0,0,0,,CALLBACK_RETURN_SENTINEL_OK
p5_validate_20260723_033710_58895,19,19,robotol.ext,3,3,1,0x30630D,0x30630D,0x80000,0x0,0x2B1854,0x0,2,0,1,0,stop_at_base,0,0,0,,CALLBACK_RETURN_SENTINEL_OK
p5_validate_20260723_033710_58895,20,20,robotol.ext,3,3,1,0x30630D,0x30630D,0x80000,0x0,0x2B1854,0x0,2,0,1,0,stop_at_base,0,0,0,,CALLBACK_RETURN_SENTINEL_OK
p5_validate_20260723_033710_58895,21,21,robotol.ext,3,3,1,0x30630D,0x30630D,0x80000,0x0,0x2B1854,0x0,2,0,1,0,stop_at_base,0,0,0,,CALLBACK_RETURN_SENTINEL_OK
p5_validate_20260723_033710_58895,22,22,robotol.ext,3,3,1,0x30630D,0x30630D,0x80000,0x0,0x2B1854,0x0,2,0,1,0,stop_at_base,0,0,0,,CALLBACK_RETURN_SENTINEL_OK
p5_validate_20260723_033710_58895,23,23,robotol.ext,3,3,1,0x30630D,0x30630D,0x80000,0x0,0x2B1854,0x0,2,0,1,0,stop_at_base,0,0,0,,CALLBACK_RETURN_SENTINEL_OK
p5_validate_20260723_033710_58895,24,24,robotol.ext,3,3,1,0x30630D,0x30630D,0x80000,0x0,0x2B1854,0x0,2,0,1,0,stop_at_base,0,0,0,,CALLBACK_RETURN_SENTINEL_OK
p5_validate_20260723_033710_58895,25,25,robotol.ext,3,3,1,0x30630D,0x30630D,0x80000,0x0,0x2B1854,0x0,2,0,1,0,stop_at_base,0,0,0,,CALLBACK_RETURN_SENTINEL_OK
p5_validate_20260723_033710_58895,26,26,robotol.ext,3,3,1,0x30630D,0x30630D,0x80000,0x0,0x2B1854,0x0,2,0,1,0,stop_at_base,0,0,0,,CALLBACK_RETURN_SENTINEL_OK
p5_validate_20260723_033710_58895,27,27,robotol.ext,3,3,1,0x30630D,0x30630D,0x80000,0x0,0x2B1854,0x0,2,0,1,0,stop_at_base,0,0,0,,CALLBACK_RETURN_SENTINEL_OK
p5_validate_20260723_033710_58895,28,28,robotol.ext,3,3,1,0x30630D,0x30630D,0x80000,0x0,0x2B1854,0x0,2,0,1,0,stop_at_base,0,0,0,,CALLBACK_RETURN_SENTINEL_OK
p5_validate_20260723_033710_58895,29,29,robotol.ext,3,3,1,0x30630D,0x30630D,0x80000,0x0,0x2B1854,0x0,2,0,1,0,stop_at_base,0,0,0,,CALLBACK_RETURN_SENTINEL_OK
p5_validate_20260723_033710_58895,30,30,robotol.ext,3,3,1,0x30630D,0x30630D,0x80000,0x0,0x2B1854,0x0,2,0,1,0,stop_at_base,0,0,0,,CALLBACK_RETURN_SENTINEL_OK
p5_validate_20260723_033710_58895,31,31,robotol.ext,3,3,1,0x30630D,0x30630D,0x80000,0x0,0x2B1854,0x0,2,0,1,0,stop_at_base,0,0,0,,CALLBACK_RETURN_SENTINEL_OK
p5_validate_20260723_033710_58895,32,32,robotol.ext,3,3,1,0x30630D,0x30630D,0x80000,0x0,0x2B1854,0x0,2,0,1,0,stop_at_base,0,0,0,,CALLBACK_RETURN_SENTINEL_OK
p5_validate_20260723_033710_58895,33,33,robotol.ext,3,3,1,0x30630D,0x30630D,0x80000,0x0,0x2B1854,0x0,2,0,1,0,stop_at_base,0,0,0,,CALLBACK_RETURN_SENTINEL_OK
ffp_event_20260724_010009_88618,1,1,robotol.ext,3,3,1,0x30630D,0x30630D,0x80000,0x0,0x2B1854,0x0,2,0,1,0,stop_at_base,0,0,0,,CALLBACK_RETURN_SENTINEL_OK
ffp_event_20260724_010009_88618,2,2,robotol.ext,3,3,1,0x30630D,0x30630D,0x80000,0x0,0x2B1854,0x0,2,0,1,0,stop_at_base,0,0,0,,CALLBACK_RETURN_SENTINEL_OK
ffp_event_20260724_010420_70488,1,1,robotol.ext,3,3,1,0x30630D,0x30630D,0x80000,0x0,0x2B1854,0x0,2,0,1,0,stop_at_base,0,0,0,,CALLBACK_RETURN_SENTINEL_OK
ffp_event_20260724_010420_70488,2,2,robotol.ext,3,3,1,0x30630D,0x30630D,0x80000,0x0,0x2B1854,0x0,2,0,1,0,stop_at_base,0,0,0,,CALLBACK_RETURN_SENTINEL_OK
ffp_event_20260724_010420_70488,3,3,robotol.ext,3,3,1,0x30630D,0x30630D,0x80000,0x0,0x2B1854,0x0,2,0,1,0,stop_at_base,0,0,0,,CALLBACK_RETURN_SENTINEL_OK
ffp_event_20260724_010420_70488,4,4,robotol.ext,3,3,1,0x30630D,0x30630D,0x80000,0x0,0x2B1854,0x0,2,0,1,0,stop_at_base,0,0,0,,CALLBACK_RETURN_SENTINEL_OK
ffp_event_20260724_010631_8498,1,1,robotol.ext,3,3,1,0x30630D,0x30630D,0x80000,0x0,0x2B1854,0x0,2,0,1,0,stop_at_base,0,0,0,,CALLBACK_RETURN_SENTINEL_OK
ffp_event_20260724_010631_8498,2,2,robotol.ext,3,3,1,0x30630D,0x30630D,0x80000,0x0,0x2B1854,0x0,2,0,1,0,stop_at_base,0,0,0,,CALLBACK_RETURN_SENTINEL_OK
ffp_event_20260724_010631_8498,3,3,robotol.ext,3,3,1,0x30630D,0x30630D,0x80000,0x0,0x2B1854,0x0,2,0,1,0,stop_at_base,0,0,0,,CALLBACK_RETURN_SENTINEL_OK
ffp_event_20260724_010631_8498,4,4,robotol.ext,3,3,1,0x30630D,0x30630D,0x80000,0x0,0x2B1854,0x0,2,0,1,0,stop_at_base,0,0,0,,CALLBACK_RETURN_SENTINEL_OK
ffp_event_20260724_010631_8498,5,5,robotol.ext,3,3,1,0x30630D,0x30630D,0x80000,0x0,0x2B1854,0x0,2,0,1,0,stop_at_base,0,0,0,,CALLBACK_RETURN_SENTINEL_OK
ffp_event_20260724_010631_8498,6,6,robotol.ext,3,3,1,0x30630D,0x30630D,0x80000,0x0,0x2B1854,0x0,2,0,1,0,stop_at_base,0,0,0,,CALLBACK_RETURN_SENTINEL_OK
ffp_event_20260724_010631_8498,7,7,robotol.ext,3,3,1,0x30630D,0x30630D,0x80000,0x0,0x2B1854,0x0,2,0,1,0,stop_at_base,0,0,0,,CALLBACK_RETURN_SENTINEL_OK
ffp_event_20260724_010631_8498,8,8,robotol.ext,3,3,1,0x30630D,0x30630D,0x80000,0x0,0x2B1854,0x0,2,0,1,0,stop_at_base,0,0,0,,CALLBACK_RETURN_SENTINEL_OK
ffp_event_20260724_010631_8498,9,9,robotol.ext,3,3,1,0x30630D,0x30630D,0x80000,0x0,0x2B1854,0x0,2,0,1,0,stop_at_base,0,0,0,,CALLBACK_RETURN_SENTINEL_OK
ffp_event_20260724_010631_8498,10,10,robotol.ext,3,3,1,0x30630D,0x30630D,0x80000,0x0,0x2B1854,0x0,2,0,1,0,stop_at_base,0,0,0,,CALLBACK_RETURN_SENTINEL_OK
ffp_event_20260724_010631_8498,11,11,robotol.ext,3,3,1,0x30630D,0x30630D,0x80000,0x0,0x2B1854,0x0,2,0,1,0,stop_at_base,0,0,0,,CALLBACK_RETURN_SENTINEL_OK
ffp_event_20260724_010820_81327,1,1,robotol.ext,3,3,1,0x30630D,0x30630D,0x80000,0x0,0x2B1854,0x0,2,0,1,0,stop_at_base,0,0,0,,CALLBACK_RETURN_SENTINEL_OK
ffp_event_20260724_010820_81327,2,2,robotol.ext,3,3,1,0x30630D,0x30630D,0x80000,0x0,0x2B1854,0x0,2,0,1,0,stop_at_base,0,0,0,,CALLBACK_RETURN_SENTINEL_OK
ffp_event_20260724_010820_81327,3,3,robotol.ext,3,3,1,0x30630D,0x30630D,0x80000,0x0,0x2B1854,0x0,2,0,1,0,stop_at_base,0,0,0,,CALLBACK_RETURN_SENTINEL_OK
ffp_event_20260724_010820_81327,4,4,robotol.ext,3,3,1,0x30630D,0x30630D,0x80000,0x0,0x2B1854,0x0,2,0,1,0,stop_at_base,0,0,0,,CALLBACK_RETURN_SENTINEL_OK
ffp_event_20260724_010820_81327,5,5,robotol.ext,3,3,1,0x30630D,0x30630D,0x80000,0x0,0x2B1854,0x0,2,0,1,0,stop_at_base,0,0,0,,CALLBACK_RETURN_SENTINEL_OK
ffp_event_20260724_010820_81327,6,6,robotol.ext,3,3,1,0x30630D,0x30630D,0x80000,0x0,0x2B1854,0x0,2,0,1,0,stop_at_base,0,0,0,,CALLBACK_RETURN_SENTINEL_OK
ffp_event_20260724_010820_81327,7,7,robotol.ext,3,3,1,0x30630D,0x30630D,0x80000,0x0,0x2B1854,0x0,2,0,1,0,stop_at_base,0,0,0,,CALLBACK_RETURN_SENTINEL_OK
ffp_event_20260724_010820_81327,8,8,robotol.ext,3,3,1,0x30630D,0x30630D,0x80000,0x0,0x2B1854,0x0,2,0,1,0,stop_at_base,0,0,0,,CALLBACK_RETURN_SENTINEL_OK
ffp_event_20260724_013931_45777,1,1,robotol.ext,3,3,1,0x30630D,0x30630D,0x80000,0x0,0x2B1854,0x0,2,0,1,0,stop_at_base,0,0,0,,CALLBACK_RETURN_SENTINEL_OK
ffp_event_20260724_013931_45777,2,2,robotol.ext,3,3,1,0x30630D,0x30630D,0x80000,0x0,0x2B1854,0x0,0,0,1,0,stop_at_base,0,0,0,,CALLBACK_RETURN_SENTINEL_OK
ffp_event_20260724_014334_31387,1,1,robotol.ext,3,3,1,0x30630D,0x30630D,0x80000,0x0,0x2B1854,0x0,2,0,1,0,stop_at_base,0,0,0,,CALLBACK_RETURN_SENTINEL_OK
ffp_event_20260724_014334_31387,2,2,robotol.ext,3,3,1,0x30630D,0x30630D,0x80000,0x0,0x2B1854,0x0,0,0,1,0,stop_at_base,0,0,0,,CALLBACK_RETURN_SENTINEL_OK
ffp_event_20260724_014705_31801,1,1,robotol.ext,3,3,1,0x30630D,0x30630D,0x80000,0x0,0x2B1854,0x0,2,0,1,0,stop_at_base,0,0,0,,CALLBACK_RETURN_SENTINEL_OK
ffp_event_20260724_014705_31801,2,2,robotol.ext,3,3,1,0x30630D,0x30630D,0x80000,0x0,0x2B1854,0x0,2,0,1,0,stop_at_base,0,0,0,,CALLBACK_RETURN_SENTINEL_OK
ffp_event_20260724_014705_31801,3,3,robotol.ext,3,3,1,0x30630D,0x30630D,0x80000,0x0,0x2B1854,0x0,2,0,1,0,stop_at_base,0,0,0,,CALLBACK_RETURN_SENTINEL_OK
ffp_event_20260724_014705_31801,4,4,robotol.ext,3,3,1,0x30630D,0x30630D,0x80000,0x0,0x2B1854,0x0,2,0,1,0,stop_at_base,0,0,0,,CALLBACK_RETURN_SENTINEL_OK
ffp_event_20260724_014705_31801,5,5,robotol.ext,3,3,1,0x30630D,0x30630D,0x80000,0x0,0x2B1854,0x0,2,0,1,0,stop_at_base,0,0,0,,CALLBACK_RETURN_SENTINEL_OK
ffp_event_20260724_014705_31801,6,6,robotol.ext,3,3,1,0x30630D,0x30630D,0x80000,0x0,0x2B1854,0x0,2,0,1,0,stop_at_base,0,0,0,,CALLBACK_RETURN_SENTINEL_OK
ffp_event_20260724_023751_93193,1,1,robotol.ext,3,3,1,0x30630D,0x30630D,0x80000,0x0,0x2B1854,0x0,2,0,1,0,stop_at_base,0,0,0,,CALLBACK_RETURN_SENTINEL_OK
ffp_event_20260724_023751_93193,2,2,robotol.ext,3,3,1,0x30630D,0x30630D,0x80000,0x0,0x2B1854,0x0,2,0,1,0,stop_at_base,0,0,0,,CALLBACK_RETURN_SENTINEL_OK
ffp_event_20260724_023751_93193,3,3,robotol.ext,3,3,1,0x30630D,0x30630D,0x80000,0x0,0x2B1854,0x0,2,0,1,0,stop_at_base,0,0,0,,CALLBACK_RETURN_SENTINEL_OK
ffp_event_20260724_023751_93193,4,4,robotol.ext,3,3,1,0x30630D,0x30630D,0x80000,0x0,0x2B1854,0x0,2,0,1,0,stop_at_base,0,0,0,,CALLBACK_RETURN_SENTINEL_OK
ffp_event_20260724_023751_93193,5,5,robotol.ext,3,3,1,0x30630D,0x30630D,0x80000,0x0,0x2B1854,0x0,2,0,1,0,stop_at_base,0,0,0,,CALLBACK_RETURN_SENTINEL_OK
ffp_event_20260724_023751_93193,6,6,robotol.ext,3,3,1,0x30630D,0x30630D,0x80000,0x0,0x2B1854,0x0,2,0,1,0,stop_at_base,0,0,0,,CALLBACK_RETURN_SENTINEL_OK
ffp_event_20260724_023751_93193,7,7,robotol.ext,3,3,1,0x30630D,0x30630D,0x80000,0x0,0x2B1854,0x0,2,0,1,0,stop_at_base,0,0,0,,CALLBACK_RETURN_SENTINEL_OK
ffp_event_20260724_023751_93193,8,8,robotol.ext,3,3,1,0x30630D,0x30630D,0x80000,0x0,0x2B1854,0x0,2,0,1,0,stop_at_base,0,0,0,,CALLBACK_RETURN_SENTINEL_OK
ffp_event_20260724_023751_93193,9,9,robotol.ext,3,3,1,0x30630D,0x30630D,0x80000,0x0,0x2B1854,0x0,2,0,1,0,stop_at_base,0,0,0,,CALLBACK_RETURN_SENTINEL_OK
ffp_event_20260724_023751_93193,10,10,robotol.ext,3,3,1,0x30630D,0x30630D,0x80000,0x0,0x2B1854,0x0,2,0,1,0,stop_at_base,0,0,0,,CALLBACK_RETURN_SENTINEL_OK
ffp_event_20260724_023751_93193,11,11,robotol.ext,3,3,1,0x30630D,0x30630D,0x80000,0x0,0x2B1854,0x0,2,0,1,0,stop_at_base,0,0,0,,CALLBACK_RETURN_SENTINEL_OK
ffp_event_20260724_023751_93193,12,12,robotol.ext,3,3,1,0x30630D,0x30630D,0x80000,0x0,0x2B1854,0x0,2,0,1,0,stop_at_base,0,0,0,,CALLBACK_RETURN_SENTINEL_OK
ffp_event_20260724_023956_17141,1,1,robotol.ext,3,3,1,0x30630D,0x30630D,0x80000,0x0,0x2B1854,0x0,2,0,1,0,stop_at_base,0,0,0,,CALLBACK_RETURN_SENTINEL_OK
ffp_event_20260724_023956_17141,2,2,robotol.ext,3,3,1,0x30630D,0x30630D,0x80000,0x0,0x2B1854,0x0,2,0,1,0,stop_at_base,0,0,0,,CALLBACK_RETURN_SENTINEL_OK
ffp_event_20260724_023956_17141,3,3,robotol.ext,3,3,1,0x30630D,0x30630D,0x80000,0x0,0x2B1854,0x0,2,0,1,0,stop_at_base,0,0,0,,CALLBACK_RETURN_SENTINEL_OK
ffp_event_20260724_023956_17141,4,4,robotol.ext,3,3,1,0x30630D,0x30630D,0x80000,0x0,0x2B1854,0x0,2,0,1,0,stop_at_base,0,0,0,,CALLBACK_RETURN_SENTINEL_OK
ffp_event_20260724_023956_17141,5,5,robotol.ext,3,3,1,0x30630D,0x30630D,0x80000,0x0,0x2B1854,0x0,2,0,1,0,stop_at_base,0,0,0,,CALLBACK_RETURN_SENTINEL_OK
ffp_event_20260724_023956_17141,6,6,robotol.ext,3,3,1,0x30630D,0x30630D,0x80000,0x0,0x2B1854,0x0,2,0,1,0,stop_at_base,0,0,0,,CALLBACK_RETURN_SENTINEL_OK
ffp_event_20260724_023956_17141,7,7,robotol.ext,3,3,1,0x30630D,0x30630D,0x80000,0x0,0x2B1854,0x0,2,0,1,0,stop_at_base,0,0,0,,CALLBACK_RETURN_SENTINEL_OK
ffp_event_20260724_023956_17141,8,8,robotol.ext,3,3,1,0x30630D,0x30630D,0x80000,0x0,0x2B1854,0x0,2,0,1,0,stop_at_base,0,0,0,,CALLBACK_RETURN_SENTINEL_OK
ffp_event_20260724_023956_17141,9,9,robotol.ext,3,3,1,0x30630D,0x30630D,0x80000,0x0,0x2B1854,0x0,2,0,1,0,stop_at_base,0,0,0,,CALLBACK_RETURN_SENTINEL_OK
ffp_validate_20260724_024141_66224,1,1,robotol.ext,3,3,1,0x30630D,0x30630D,0x80000,0x0,0x2B1854,0x0,2,0,1,0,stop_at_base,0,0,0,,CALLBACK_RETURN_SENTINEL_OK
ffp_validate_20260724_024141_66224,2,2,robotol.ext,3,3,1,0x30630D,0x30630D,0x80000,0x0,0x2B1854,0x0,0,0,1,0,stop_at_base,0,0,0,,CALLBACK_RETURN_SENTINEL_OK
ffp_validate_20260724_024141_66224,3,3,robotol.ext,3,3,1,0x30630D,0x30630D,0x80000,0x0,0x2B1854,0x0,0,0,1,0,stop_at_base,0,0,0,,CALLBACK_RETURN_SENTINEL_OK
ffp_validate_20260724_024141_66224,4,4,robotol.ext,3,3,1,0x30630D,0x30630D,0x80000,0x0,0x2B1854,0x0,0,0,1,0,stop_at_base,0,0,0,,CALLBACK_RETURN_SENTINEL_OK
ffp_validate_20260724_024141_66224,5,5,robotol.ext,3,3,1,0x30630D,0x30630D,0x80000,0x0,0x2B1854,0x0,0,0,1,0,stop_at_base,0,0,0,,CALLBACK_RETURN_SENTINEL_OK
ffp_validate_20260724_024141_66224,6,6,robotol.ext,3,3,1,0x30630D,0x30630D,0x80000,0x0,0x2B1854,0x0,0,0,1,0,stop_at_base,0,0,0,,CALLBACK_RETURN_SENTINEL_OK
ffp_validate_20260724_024141_66224,7,7,robotol.ext,3,3,1,0x30630D,0x30630D,0x80000,0x0,0x2B1854,0x0,0,0,1,0,stop_at_base,0,0,0,,CALLBACK_RETURN_SENTINEL_OK
ffp_validate_20260724_024141_66224,8,8,robotol.ext,3,3,1,0x30630D,0x30630D,0x80000,0x0,0x2B1854,0x0,0,0,1,0,stop_at_base,0,0,0,,CALLBACK_RETURN_SENTINEL_OK
ffp_validate_20260724_024141_66224,9,9,robotol.ext,3,3,1,0x30630D,0x30630D,0x80000,0x0,0x2B1854,0x0,0,0,1,0,stop_at_base,0,0,0,,CALLBACK_RETURN_SENTINEL_OK
ffp_event_20260724_031234_16254,1,1,robotol.ext,3,3,1,0x30630D,0x30630D,0x80000,0x0,0x2B1854,0x0,2,0,1,0,stop_at_base,0,0,0,,CALLBACK_RETURN_SENTINEL_OK
ffp_event_20260724_031234_16254,2,2,robotol.ext,3,3,1,0x30630D,0x30630D,0x80000,0x0,0x2B1854,0x0,0,0,1,0,stop_at_base,0,0,0,,CALLBACK_RETURN_SENTINEL_OK
ffp_event_20260724_031234_16254,3,3,robotol.ext,3,3,1,0x30630D,0x30630D,0x80000,0x0,0x2B1854,0x0,0,0,1,0,stop_at_base,0,0,0,,CALLBACK_RETURN_SENTINEL_OK
ffp_validate_20260724_032130_65314,1,1,robotol.ext,3,3,1,0x30630D,0x30630D,0x80000,0x0,0x2B1854,0x0,2,0,1,0,stop_at_base,0,0,0,,CALLBACK_RETURN_SENTINEL_OK
ffp_validate_20260724_032130_65314,2,2,robotol.ext,3,3,1,0x30630D,0x30630D,0x80000,0x0,0x2B1854,0x0,2,0,1,0,stop_at_base,0,0,0,,CALLBACK_RETURN_SENTINEL_OK
ffp_validate_20260724_032130_65314,3,3,robotol.ext,3,3,1,0x30630D,0x30630D,0x80000,0x0,0x2B1854,0x0,2,0,1,0,stop_at_base,0,0,0,,CALLBACK_RETURN_SENTINEL_OK
ffp_validate_20260724_032130_65314,4,4,robotol.ext,3,3,1,0x30630D,0x30630D,0x80000,0x0,0x2B1854,0x0,2,0,1,0,stop_at_base,0,0,0,,CALLBACK_RETURN_SENTINEL_OK
ffp_validate_20260724_032130_65314,5,5,robotol.ext,3,3,1,0x30630D,0x30630D,0x80000,0x0,0x2B1854,0x0,2,0,1,0,stop_at_base,0,0,0,,CALLBACK_RETURN_SENTINEL_OK
ffp_validate_20260724_032130_65314,6,6,robotol.ext,3,3,1,0x30630D,0x30630D,0x80000,0x0,0x2B1854,0x0,2,0,1,0,stop_at_base,0,0,0,,CALLBACK_RETURN_SENTINEL_OK
ffp_validate_20260724_032130_65314,7,7,robotol.ext,3,3,1,0x30630D,0x30630D,0x80000,0x0,0x2B1854,0x0,2,0,1,0,stop_at_base,0,0,0,,CALLBACK_RETURN_SENTINEL_OK
ffp_validate_20260724_033038_62546,1,1,robotol.ext,3,3,1,0x30630D,0x30630D,0x80000,0x0,0x2B1854,0x0,2,0,1,0,stop_at_base,0,0,0,,CALLBACK_RETURN_SENTINEL_OK
ffp_validate_20260724_033038_62546,2,2,robotol.ext,3,3,1,0x30630D,0x30630D,0x80000,0x0,0x2B1854,0x0,0,0,1,0,stop_at_base,0,0,0,,CALLBACK_RETURN_SENTINEL_OK
ffp_validate_20260724_033038_62546,3,3,robotol.ext,3,3,1,0x30630D,0x30630D,0x80000,0x0,0x2B1854,0x0,0,0,1,0,stop_at_base,0,0,0,,CALLBACK_RETURN_SENTINEL_OK
ffp_validate_20260724_033038_62546,4,4,robotol.ext,3,3,1,0x30630D,0x30630D,0x80000,0x0,0x2B1854,0x0,0,0,1,0,stop_at_base,0,0,0,,CALLBACK_RETURN_SENTINEL_OK
ffp_validate_20260724_033038_62546,5,5,robotol.ext,3,3,1,0x30630D,0x30630D,0x80000,0x0,0x2B1854,0x0,0,0,1,0,stop_at_base,0,0,0,,CALLBACK_RETURN_SENTINEL_OK
ffp_validate_20260724_033038_62546,6,6,robotol.ext,3,3,1,0x30630D,0x30630D,0x80000,0x0,0x2B1854,0x0,0,0,1,0,stop_at_base,0,0,0,,CALLBACK_RETURN_SENTINEL_OK
ffp_validate_20260724_033038_62546,7,7,robotol.ext,3,3,1,0x30630D,0x30630D,0x80000,0x0,0x2B1854,0x0,0,0,1,0,stop_at_base,0,0,0,,CALLBACK_RETURN_SENTINEL_OK
ffp_validate_20260724_033038_62546,8,8,robotol.ext,3,3,1,0x30630D,0x30630D,0x80000,0x0,0x2B1854,0x0,0,0,1,0,stop_at_base,0,0,0,,CALLBACK_RETURN_SENTINEL_OK
ffp_validate_20260724_033521_83268,1,1,robotol.ext,3,3,1,0x30630D,0x30630D,0x80000,0x0,0x2B1854,0x0,2,0,1,0,stop_at_base,0,0,0,,CALLBACK_RETURN_SENTINEL_OK
ffp_validate_20260724_033705_36171,1,1,robotol.ext,3,3,1,0x30630D,0x30630D,0x80000,0x0,0x2B1854,0x0,2,0,1,0,stop_at_base,0,0,0,,CALLBACK_RETURN_SENTINEL_OK
ffp_validate_20260724_033705_36171,2,2,robotol.ext,3,3,1,0x30630D,0x30630D,0x80000,0x0,0x2B1854,0x0,2,0,1,0,stop_at_base,0,0,0,,CALLBACK_RETURN_SENTINEL_OK
ffp_validate_20260724_033705_36171,3,3,robotol.ext,3,3,1,0x30630D,0x30630D,0x80000,0x0,0x2B1854,0x0,2,0,1,0,stop_at_base,0,0,0,,CALLBACK_RETURN_SENTINEL_OK
ffp_validate_20260724_033705_36171,4,4,robotol.ext,3,3,1,0x30630D,0x30630D,0x80000,0x0,0x2B1854,0x0,2,0,1,0,stop_at_base,0,0,0,,CALLBACK_RETURN_SENTINEL_OK
ffp_validate_20260724_033705_36171,5,5,robotol.ext,3,3,1,0x30630D,0x30630D,0x80000,0x0,0x2B1854,0x0,2,0,1,0,stop_at_base,0,0,0,,CALLBACK_RETURN_SENTINEL_OK
ffp_validate_20260724_033705_36171,6,6,robotol.ext,3,3,1,0x30630D,0x30630D,0x80000,0x0,0x2B1854,0x0,2,0,1,0,stop_at_base,0,0,0,,CALLBACK_RETURN_SENTINEL_OK
ffp_validate_20260724_033705_36171,7,7,robotol.ext,3,3,1,0x30630D,0x30630D,0x80000,0x0,0x2B1854,0x0,2,0,1,0,stop_at_base,0,0,0,,CALLBACK_RETURN_SENTINEL_OK
ffp_validate_20260724_033705_36171,8,8,robotol.ext,3,3,1,0x30630D,0x30630D,0x80000,0x0,0x2B1854,0x0,2,0,1,0,stop_at_base,0,0,0,,CALLBACK_RETURN_SENTINEL_OK
ffp_event_20260724_035819_17108,1,1,robotol.ext,3,3,1,0x30630D,0x30630D,0x80000,0x0,0x2B1854,0x0,2,0,1,0,stop_at_base,0,0,0,,CALLBACK_RETURN_SENTINEL_OK
ffp_event_20260724_035819_17108,2,2,robotol.ext,3,3,1,0x30630D,0x30630D,0x80000,0x0,0x2B1854,0x0,2,0,1,0,stop_at_base,0,0,0,,CALLBACK_RETURN_SENTINEL_OK
ffp_event_20260724_035819_17108,3,3,robotol.ext,3,3,1,0x30630D,0x30630D,0x80000,0x0,0x2B1854,0x0,2,0,1,0,stop_at_base,0,0,0,,CALLBACK_RETURN_SENTINEL_OK
ffp_event_20260724_035819_17108,4,4,robotol.ext,3,3,1,0x30630D,0x30630D,0x80000,0x0,0x2B1854,0x0,2,0,1,0,stop_at_base,0,0,0,,CALLBACK_RETURN_SENTINEL_OK
ffp_event_20260724_035819_17108,5,5,robotol.ext,3,3,1,0x30630D,0x30630D,0x80000,0x0,0x2B1854,0x0,2,0,1,0,stop_at_base,0,0,0,,CALLBACK_RETURN_SENTINEL_OK
ffp_event_20260724_035819_17108,6,6,robotol.ext,3,3,1,0x30630D,0x30630D,0x80000,0x0,0x2B1854,0x0,2,0,1,0,stop_at_base,0,0,0,,CALLBACK_RETURN_SENTINEL_OK
ffp_event_20260724_035819_17108,7,7,robotol.ext,3,3,1,0x30630D,0x30630D,0x80000,0x0,0x2B1854,0x0,2,0,1,0,stop_at_base,0,0,0,,CALLBACK_RETURN_SENTINEL_OK
ffp_event_20260724_035819_17108,8,8,robotol.ext,3,3,1,0x30630D,0x30630D,0x80000,0x0,0x2B1854,0x0,2,0,1,0,stop_at_base,0,0,0,,CALLBACK_RETURN_SENTINEL_OK
ffp_event_20260724_035819_17108,9,9,robotol.ext,3,3,1,0x30630D,0x30630D,0x80000,0x0,0x2B1854,0x0,2,0,1,0,stop_at_base,0,0,0,,CALLBACK_RETURN_SENTINEL_OK
ffp_event_20260724_035819_17108,10,10,robotol.ext,3,3,1,0x30630D,0x30630D,0x80000,0x0,0x2B1854,0x0,2,0,1,0,stop_at_base,0,0,0,,CALLBACK_RETURN_SENTINEL_OK
ffp_event_20260724_035947_56314,1,1,robotol.ext,3,3,1,0x30630D,0x30630D,0x80000,0x0,0x2B1854,0x0,2,0,1,0,stop_at_base,0,0,0,,CALLBACK_RETURN_SENTINEL_OK
ffp_event_20260724_035947_56314,2,2,robotol.ext,3,3,1,0x30630D,0x30630D,0x80000,0x0,0x2B1854,0x0,2,0,1,0,stop_at_base,0,0,0,,CALLBACK_RETURN_SENTINEL_OK
ffp_event_20260724_040212_43578,1,1,robotol.ext,3,3,1,0x30630D,0x30630D,0x80000,0x0,0x2B1854,0x0,2,0,1,0,stop_at_base,0,0,0,,CALLBACK_RETURN_SENTINEL_OK
ffp_event_20260724_040212_43578,2,2,robotol.ext,3,3,1,0x30630D,0x30630D,0x80000,0x0,0x2B1854,0x0,2,0,1,0,stop_at_base,0,0,0,,CALLBACK_RETURN_SENTINEL_OK
ffp_event_20260724_040452_4557,1,1,robotol.ext,3,3,1,0x30630D,0x30630D,0x80000,0x0,0x2B1854,0x0,2,0,1,0,stop_at_base,0,0,0,,CALLBACK_RETURN_SENTINEL_OK
ffp_event_20260724_040452_4557,2,2,robotol.ext,3,3,1,0x30630D,0x30630D,0x80000,0x0,0x2B1854,0x0,2,0,1,0,stop_at_base,0,0,0,,CALLBACK_RETURN_SENTINEL_OK
ffp_validate_20260724_040748_40125,1,1,robotol.ext,3,3,1,0x30630D,0x30630D,0x80000,0x0,0x2B1854,0x0,2,0,1,0,stop_at_base,0,0,0,,CALLBACK_RETURN_SENTINEL_OK
ffp_validate_20260724_040748_40125,2,2,robotol.ext,3,3,1,0x30630D,0x30630D,0x80000,0x0,0x2B1854,0x0,2,0,1,0,stop_at_base,0,0,0,,CALLBACK_RETURN_SENTINEL_OK
ffp_validate_20260724_040748_40125,3,3,robotol.ext,3,3,1,0x30630D,0x30630D,0x80000,0x0,0x2B1854,0x0,2,0,1,0,stop_at_base,0,0,0,,CALLBACK_RETURN_SENTINEL_OK
ffp_validate_20260724_040748_40125,4,4,robotol.ext,3,3,1,0x30630D,0x30630D,0x80000,0x0,0x2B1854,0x0,2,0,1,0,stop_at_base,0,0,0,,CALLBACK_RETURN_SENTINEL_OK
ffp_validate_20260724_040748_40125,5,5,robotol.ext,3,3,1,0x30630D,0x30630D,0x80000,0x0,0x2B1854,0x0,2,0,1,0,stop_at_base,0,0,0,,CALLBACK_RETURN_SENTINEL_OK
ffp_validate_20260724_040748_40125,6,6,robotol.ext,3,3,1,0x30630D,0x30630D,0x80000,0x0,0x2B1854,0x0,2,0,1,0,stop_at_base,0,0,0,,CALLBACK_RETURN_SENTINEL_OK
ffp_validate_20260724_040748_40125,7,7,robotol.ext,3,3,1,0x30630D,0x30630D,0x80000,0x0,0x2B1854,0x0,2,0,1,0,stop_at_base,0,0,0,,CALLBACK_RETURN_SENTINEL_OK
ffp_validate_20260724_040748_40125,8,8,robotol.ext,3,3,1,0x30630D,0x30630D,0x80000,0x0,0x2B1854,0x0,2,0,1,0,stop_at_base,0,0,0,,CALLBACK_RETURN_SENTINEL_OK
ffp_event_20260724_042300_25225,1,1,robotol.ext,3,3,1,0x30630D,0x30630D,0x80000,0x0,0x2B1854,0x0,2,0,1,0,stop_at_base,0,0,0,,CALLBACK_RETURN_SENTINEL_OK
ffp_event_20260724_042300_25225,2,2,robotol.ext,3,3,1,0x30630D,0x30630D,0x80000,0x0,0x2B1854,0x0,2,0,1,0,stop_at_base,0,0,0,,CALLBACK_RETURN_SENTINEL_OK
ffp_event_20260724_042300_25225,3,3,robotol.ext,3,3,1,0x30630D,0x30630D,0x80000,0x0,0x2B1854,0x0,0,0,1,0,stop_at_base,0,0,0,,CALLBACK_RETURN_SENTINEL_OK
ffp_event_20260724_153850_23768,1,1,robotol.ext,3,3,1,0x30630D,0x30630D,0x80000,0x0,0x2B1854,0x0,2,0,1,0,stop_at_base,0,0,0,,CALLBACK_RETURN_SENTINEL_OK
ffp_event_20260724_153850_23768,2,2,robotol.ext,3,3,1,0x30630D,0x30630D,0x80000,0x0,0x2B1854,0x0,2,0,1,0,stop_at_base,0,0,0,,CALLBACK_RETURN_SENTINEL_OK
ffp_event_20260724_153850_23768,3,3,robotol.ext,3,3,1,0x30630D,0x30630D,0x80000,0x0,0x2B1854,0x0,0,0,1,0,stop_at_base,0,0,0,,CALLBACK_RETURN_SENTINEL_OK
ffp_event_20260724_154141_30347,1,1,robotol.ext,3,3,1,0x30630D,0x30630D,0x80000,0x0,0x2B1854,0x0,2,0,1,0,stop_at_base,0,0,0,,CALLBACK_RETURN_SENTINEL_OK
ffp_event_20260724_154141_30347,2,2,robotol.ext,3,3,1,0x30630D,0x30630D,0x80000,0x0,0x2B1854,0x0,2,0,1,0,stop_at_base,0,0,0,,CALLBACK_RETURN_SENTINEL_OK
ffp_event_20260724_154141_30347,3,3,robotol.ext,3,3,1,0x30630D,0x30630D,0x80000,0x0,0x2B1854,0x0,0,0,1,0,stop_at_base,0,0,0,,CALLBACK_RETURN_SENTINEL_OK
ffp_event_20260724_155025_4016,1,1,robotol.ext,3,3,1,0x30630D,0x30630D,0x80000,0x0,0x2B1854,0x0,2,0,1,0,stop_at_base,0,0,0,,CALLBACK_RETURN_SENTINEL_OK
ffp_event_20260724_155025_4016,2,2,robotol.ext,3,3,1,0x30630D,0x30630D,0x80000,0x0,0x2B1854,0x0,2,0,1,0,stop_at_base,0,0,0,,CALLBACK_RETURN_SENTINEL_OK
ffp_event_20260724_155025_4016,3,3,robotol.ext,3,3,1,0x30630D,0x30630D,0x80000,0x0,0x2B1854,0x0,0,0,1,0,stop_at_base,0,0,0,,CALLBACK_RETURN_SENTINEL_OK
ffp_event_20260724_185427_35943,1,1,robotol.ext,3,3,1,0x30630D,0x30630D,0x80000,0x0,0x2B1854,0x0,2,0,1,0,stop_at_base,0,0,0,,CALLBACK_RETURN_SENTINEL_OK
ffp_event_20260724_185427_35943,2,2,robotol.ext,3,3,1,0x30630D,0x30630D,0x80000,0x0,0x2B1854,0x0,2,0,1,0,stop_at_base,0,0,0,,CALLBACK_RETURN_SENTINEL_OK
ffp_event_20260724_185427_35943,3,3,robotol.ext,3,3,1,0x30630D,0x30630D,0x80000,0x0,0x2B1854,0x0,2,0,1,0,stop_at_base,0,0,0,,CALLBACK_RETURN_SENTINEL_OK
ffp_event_20260724_185427_35943,4,4,robotol.ext,3,3,1,0x30630D,0x30630D,0x80000,0x0,0x2B1854,0x0,2,0,1,0,stop_at_base,0,0,0,,CALLBACK_RETURN_SENTINEL_OK
ffp_event_20260724_185427_35943,5,5,robotol.ext,3,3,1,0x30630D,0x30630D,0x80000,0x0,0x2B1854,0x0,2,0,1,0,stop_at_base,0,0,0,,CALLBACK_RETURN_SENTINEL_OK
ffp_event_20260724_185427_35943,6,6,robotol.ext,3,3,1,0x30630D,0x30630D,0x80000,0x0,0x2B1854,0x0,2,0,1,0,stop_at_base,0,0,0,,CALLBACK_RETURN_SENTINEL_OK
ffp_event_20260724_185427_35943,7,7,robotol.ext,3,3,1,0x30630D,0x30630D,0x80000,0x0,0x2B1854,0x0,2,0,1,0,stop_at_base,0,0,0,,CALLBACK_RETURN_SENTINEL_OK
ffp_event_20260724_185427_35943,8,8,robotol.ext,3,3,1,0x30630D,0x30630D,0x80000,0x0,0x2B1854,0x0,2,0,1,0,stop_at_base,0,0,0,,CALLBACK_RETURN_SENTINEL_OK
ffp_event_20260724_185427_35943,9,9,robotol.ext,3,3,1,0x30630D,0x30630D,0x80000,0x0,0x2B1854,0x0,2,0,1,0,stop_at_base,0,0,0,,CALLBACK_RETURN_SENTINEL_OK
ffp_event_20260724_185427_35943,10,10,robotol.ext,3,3,1,0x30630D,0x30630D,0x80000,0x0,0x2B1854,0x0,2,0,1,0,stop_at_base,0,0,0,,CALLBACK_RETURN_SENTINEL_OK
ffp_event_20260724_185427_35943,11,11,robotol.ext,3,3,1,0x30630D,0x30630D,0x80000,0x0,0x2B1854,0x0,2,0,1,0,stop_at_base,0,0,0,,CALLBACK_RETURN_SENTINEL_OK
ffp_event_20260724_185541_29748,1,1,robotol.ext,3,3,1,0x30630D,0x30630D,0x80000,0x0,0x2B1854,0x0,2,0,1,0,stop_at_base,0,0,0,,CALLBACK_RETURN_SENTINEL_OK
ffp_event_20260724_185541_29748,2,2,robotol.ext,3,3,1,0x30630D,0x30630D,0x80000,0x0,0x2B1854,0x0,2,0,1,0,stop_at_base,0,0,0,,CALLBACK_RETURN_SENTINEL_OK
ffp_event_20260724_185652_43141,1,1,robotol.ext,3,3,1,0x30630D,0x30630D,0x80000,0x0,0x2B1854,0x0,2,0,1,0,stop_at_base,0,0,0,,CALLBACK_RETURN_SENTINEL_OK
ffp_event_20260724_185652_43141,2,2,robotol.ext,3,3,1,0x30630D,0x30630D,0x80000,0x0,0x2B1854,0x0,2,0,1,0,stop_at_base,0,0,0,,CALLBACK_RETURN_SENTINEL_OK
ffp_event_20260724_185824_5029,1,1,robotol.ext,3,3,1,0x30630D,0x30630D,0x80000,0x0,0x2B1854,0x0,2,0,1,0,stop_at_base,0,0,0,,CALLBACK_RETURN_SENTINEL_OK
ffp_event_20260724_185824_5029,2,2,robotol.ext,3,3,1,0x30630D,0x30630D,0x80000,0x0,0x2B1854,0x0,2,0,1,0,stop_at_base,0,0,0,,CALLBACK_RETURN_SENTINEL_OK
ffp_event_20260724_185924_17710,1,1,robotol.ext,3,3,1,0x30630D,0x30630D,0x80000,0x0,0x2B1854,0x0,2,0,1,0,stop_at_base,0,0,0,,CALLBACK_RETURN_SENTINEL_OK
ffp_event_20260724_185924_17710,2,2,robotol.ext,3,3,1,0x30630D,0x30630D,0x80000,0x0,0x2B1854,0x0,2,0,1,0,stop_at_base,0,0,0,,CALLBACK_RETURN_SENTINEL_OK
ffp_event_20260724_190150_76570,1,1,robotol.ext,3,3,1,0x30630D,0x30630D,0x80000,0x0,0x2B1854,0x0,2,0,1,0,stop_at_base,0,0,0,,CALLBACK_RETURN_SENTINEL_OK
ffp_event_20260724_190150_76570,2,2,robotol.ext,3,3,1,0x30630D,0x30630D,0x80000,0x0,0x2B1854,0x0,2,0,1,0,stop_at_base,0,0,0,,CALLBACK_RETURN_SENTINEL_OK
ffp_event_20260724_190537_23290,1,1,robotol.ext,3,3,1,0x30630D,0x30630D,0x80000,0x0,0x2B1854,0x0,2,0,1,0,stop_at_base,0,0,0,,CALLBACK_RETURN_SENTINEL_OK
ffp_event_20260724_190537_23290,2,2,robotol.ext,3,3,1,0x30630D,0x30630D,0x80000,0x0,0x2B1854,0x0,2,0,1,0,stop_at_base,0,0,0,,CALLBACK_RETURN_SENTINEL_OK
ffp_event_20260724_190847_98070,1,1,robotol.ext,3,3,1,0x30630D,0x30630D,0x80000,0x0,0x2B1854,0x0,2,0,1,0,stop_at_base,0,0,0,,CALLBACK_RETURN_SENTINEL_OK
ffp_event_20260724_190847_98070,2,2,robotol.ext,3,3,1,0x30630D,0x30630D,0x80000,0x0,0x2B1854,0x0,2,0,1,0,stop_at_base,0,0,0,,CALLBACK_RETURN_SENTINEL_OK
ffp_event_20260724_191139_38107,1,1,robotol.ext,3,3,1,0x30630D,0x30630D,0x80000,0x0,0x2B1854,0x0,2,0,1,0,stop_at_base,0,0,0,,CALLBACK_RETURN_SENTINEL_OK
ffp_event_20260724_191139_38107,2,2,robotol.ext,3,3,1,0x30630D,0x30630D,0x80000,0x0,0x2B1854,0x0,2,0,1,0,stop_at_base,0,0,0,,CALLBACK_RETURN_SENTINEL_OK
ffp_event_20260724_191427_80330,1,1,robotol.ext,3,3,1,0x30630D,0x30630D,0x80000,0x0,0x2B1854,0x0,2,0,1,0,stop_at_base,0,0,0,,CALLBACK_RETURN_SENTINEL_OK
ffp_event_20260724_191743_9192,1,1,robotol.ext,3,3,1,0x30630D,0x30630D,0x80000,0x0,0x2B1854,0x0,2,0,1,0,stop_at_base,0,0,0,,CALLBACK_RETURN_SENTINEL_OK
ffp_event_20260724_191743_9192,2,2,robotol.ext,3,3,1,0x30630D,0x30630D,0x80000,0x0,0x2B1854,0x0,2,0,1,0,stop_at_base,0,0,0,,CALLBACK_RETURN_SENTINEL_OK
ffp_event_20260724_195116_62879,1,1,robotol.ext,3,3,1,0x30630D,0x30630D,0x80000,0x0,0x2B1854,0x0,2,0,1,0,stop_at_base,0,0,0,,CALLBACK_RETURN_SENTINEL_OK
ffp_event_20260724_195116_62879,2,2,robotol.ext,3,3,1,0x30630D,0x30630D,0x80000,0x0,0x2B1854,0x0,2,0,1,0,stop_at_base,0,0,0,,CALLBACK_RETURN_SENTINEL_OK
ffp_event_20260724_195326_83675,1,1,robotol.ext,3,3,1,0x30630D,0x30630D,0x80000,0x0,0x2B1854,0x0,2,0,1,0,stop_at_base,0,0,0,,CALLBACK_RETURN_SENTINEL_OK
ffp_event_20260724_195326_83675,2,2,robotol.ext,3,3,1,0x30630D,0x30630D,0x80000,0x0,0x2B1854,0x0,2,0,1,0,stop_at_base,0,0,0,,CALLBACK_RETURN_SENTINEL_OK
ffp_event_20260724_195511_932,1,1,robotol.ext,3,3,1,0x30630D,0x30630D,0x80000,0x0,0x2B1854,0x0,2,0,1,0,stop_at_base,0,0,0,,CALLBACK_RETURN_SENTINEL_OK
ffp_event_20260724_195618_43292,1,1,robotol.ext,3,3,1,0x30630D,0x30630D,0x80000,0x0,0x2B1854,0x0,2,0,1,0,stop_at_base,0,0,0,,CALLBACK_RETURN_SENTINEL_OK
ffp_event_20260724_195618_43292,2,2,robotol.ext,3,3,1,0x30630D,0x30630D,0x80000,0x0,0x2B1854,0x0,2,0,1,0,stop_at_base,0,0,0,,CALLBACK_RETURN_SENTINEL_OK
ffp_event_20260724_195827_54034,1,1,robotol.ext,3,3,1,0x30630D,0x30630D,0x80000,0x0,0x2B1854,0x0,2,0,1,0,stop_at_base,0,0,0,,CALLBACK_RETURN_SENTINEL_OK
ffp_event_20260724_195827_54034,2,2,robotol.ext,3,3,1,0x30630D,0x30630D,0x80000,0x0,0x2B1854,0x0,2,0,1,0,stop_at_base,0,0,0,,CALLBACK_RETURN_SENTINEL_OK
ffp_event_20260724_195954_35495,1,1,robotol.ext,3,3,1,0x30630D,0x30630D,0x80000,0x0,0x2B1854,0x0,2,0,1,0,stop_at_base,0,0,0,,CALLBACK_RETURN_SENTINEL_OK
ffp_event_20260724_195954_35495,2,2,robotol.ext,3,3,1,0x30630D,0x30630D,0x80000,0x0,0x2B1854,0x0,2,0,1,0,stop_at_base,0,0,0,,CALLBACK_RETURN_SENTINEL_OK
ffp_event_20260724_200514_39822,1,1,robotol.ext,3,3,1,0x30630D,0x30630D,0x80000,0x0,0x2B1854,0x0,2,0,1,0,stop_at_base,0,0,0,,CALLBACK_RETURN_SENTINEL_OK
ffp_event_20260724_200514_39822,2,2,robotol.ext,3,3,1,0x30630D,0x30630D,0x80000,0x0,0x2B1854,0x0,2,0,1,0,stop_at_base,0,0,0,,CALLBACK_RETURN_SENTINEL_OK
launcher_20260724_220841_62125,1,1,robotol.ext,3,3,1,0x30630D,0x30630D,0x80000,0x0,0x2B1854,0x0,2,0,1,0,stop_at_base,0,0,0,,CALLBACK_RETURN_SENTINEL_OK
launcher_20260724_220841_62125,2,2,robotol.ext,3,3,1,0x30630D,0x30630D,0x80000,0x0,0x2B1854,0x0,2,0,1,0,stop_at_base,0,0,0,,CALLBACK_RETURN_SENTINEL_OK
launcher_20260724_220841_62125,3,3,robotol.ext,3,3,1,0x30630D,0x30630D,0x80000,0x0,0x2B1854,0x0,2,0,1,0,stop_at_base,0,0,0,,CALLBACK_RETURN_SENTINEL_OK
launcher_20260724_220841_62125,4,4,robotol.ext,3,3,1,0x30630D,0x30630D,0x80000,0x0,0x2B1854,0x0,2,0,1,0,stop_at_base,0,0,0,,CALLBACK_RETURN_SENTINEL_OK
launcher_20260724_220841_62125,5,5,robotol.ext,3,3,1,0x30630D,0x30630D,0x80000,0x0,0x2B1854,0x0,2,0,1,0,stop_at_base,0,0,0,,CALLBACK_RETURN_SENTINEL_OK
launcher_20260724_220841_62125,6,6,robotol.ext,3,3,1,0x30630D,0x30630D,0x80000,0x0,0x2B1854,0x0,2,0,1,0,stop_at_base,0,0,0,,CALLBACK_RETURN_SENTINEL_OK
launcher_20260724_220841_62125,7,7,robotol.ext,3,3,1,0x30630D,0x30630D,0x80000,0x0,0x2B1854,0x0,2,0,1,0,stop_at_base,0,0,0,,CALLBACK_RETURN_SENTINEL_OK
launcher_20260724_220841_62125,8,8,robotol.ext,3,3,1,0x30630D,0x30630D,0x80000,0x0,0x2B1854,0x0,2,0,1,0,stop_at_base,0,0,0,,CALLBACK_RETURN_SENTINEL_OK
launcher_20260724_220841_62125,9,9,robotol.ext,3,3,1,0x30630D,0x30630D,0x80000,0x0,0x2B1854,0x0,2,0,1,0,stop_at_base,0,0,0,,CALLBACK_RETURN_SENTINEL_OK
launcher_20260724_220841_62125,10,10,robotol.ext,3,3,1,0x30630D,0x30630D,0x80000,0x0,0x2B1854,0x0,2,0,1,0,stop_at_base,0,0,0,,CALLBACK_RETURN_SENTINEL_OK
launcher_20260724_220841_62125,11,11,robotol.ext,3,3,1,0x30630D,0x30630D,0x80000,0x0,0x2B1854,0x0,2,0,1,0,stop_at_base,0,0,0,,CALLBACK_RETURN_SENTINEL_OK
launcher_20260724_220841_62125,12,12,robotol.ext,3,3,1,0x30630D,0x30630D,0x80000,0x0,0x2B1854,0x0,2,0,1,0,stop_at_base,0,0,0,,CALLBACK_RETURN_SENTINEL_OK
launcher_20260724_220841_62125,13,13,robotol.ext,3,3,1,0x30630D,0x30630D,0x80000,0x0,0x2B1854,0x0,2,0,1,0,stop_at_base,0,0,0,,CALLBACK_RETURN_SENTINEL_OK
launcher_20260724_220841_62125,14,14,robotol.ext,3,3,1,0x30630D,0x30630D,0x80000,0x0,0x2B1854,0x0,2,0,1,0,stop_at_base,0,0,0,,CALLBACK_RETURN_SENTINEL_OK
launcher_20260724_220841_62125,15,15,robotol.ext,3,3,1,0x30630D,0x30630D,0x80000,0x0,0x2B1854,0x0,2,0,1,0,stop_at_base,0,0,0,,CALLBACK_RETURN_SENTINEL_OK
launcher_20260724_220841_62125,16,16,robotol.ext,3,3,1,0x30630D,0x30630D,0x80000,0x0,0x2B1854,0x0,2,0,1,0,stop_at_base,0,0,0,,CALLBACK_RETURN_SENTINEL_OK
launcher_20260724_220841_62125,17,17,robotol.ext,3,3,1,0x30630D,0x30630D,0x80000,0x0,0x2B1854,0x0,2,0,1,0,stop_at_base,0,0,0,,CALLBACK_RETURN_SENTINEL_OK
launcher_20260724_220841_62125,18,18,robotol.ext,3,3,1,0x30630D,0x30630D,0x80000,0x0,0x2B1854,0x0,2,0,1,0,stop_at_base,0,0,0,,CALLBACK_RETURN_SENTINEL_OK
launcher_20260724_220841_62125,19,19,robotol.ext,3,3,1,0x30630D,0x30630D,0x80000,0x0,0x2B1854,0x0,2,0,1,0,stop_at_base,0,0,0,,CALLBACK_RETURN_SENTINEL_OK
launcher_20260724_220841_62125,20,20,robotol.ext,3,3,1,0x30630D,0x30630D,0x80000,0x0,0x2B1854,0x0,2,0,1,0,stop_at_base,0,0,0,,CALLBACK_RETURN_SENTINEL_OK
launcher_20260724_220841_62125,21,21,robotol.ext,3,3,1,0x30630D,0x30630D,0x80000,0x0,0x2B1854,0x0,2,0,1,0,stop_at_base,0,0,0,,CALLBACK_RETURN_SENTINEL_OK
launcher_20260724_220841_62125,22,22,robotol.ext,3,3,1,0x30630D,0x30630D,0x80000,0x0,0x2B1854,0x0,2,0,1,0,stop_at_base,0,0,0,,CALLBACK_RETURN_SENTINEL_OK
launcher_20260724_220841_62125,23,23,robotol.ext,3,3,1,0x30630D,0x30630D,0x80000,0x0,0x2B1854,0x0,2,0,1,0,stop_at_base,0,0,0,,CALLBACK_RETURN_SENTINEL_OK
launcher_20260724_220841_62125,24,24,robotol.ext,3,3,1,0x30630D,0x30630D,0x80000,0x0,0x2B1854,0x0,2,0,1,0,stop_at_base,0,0,0,,CALLBACK_RETURN_SENTINEL_OK
launcher_20260724_220841_62125,25,25,robotol.ext,3,3,1,0x30630D,0x30630D,0x80000,0x0,0x2B1854,0x0,2,0,1,0,stop_at_base,0,0,0,,CALLBACK_RETURN_SENTINEL_OK
launcher_20260724_220841_62125,26,26,robotol.ext,3,3,1,0x30630D,0x30630D,0x80000,0x0,0x2B1854,0x0,2,0,1,0,stop_at_base,0,0,0,,CALLBACK_RETURN_SENTINEL_OK
launcher_20260724_220841_62125,27,27,robotol.ext,3,3,1,0x30630D,0x30630D,0x80000,0x0,0x2B1854,0x0,2,0,1,0,stop_at_base,0,0,0,,CALLBACK_RETURN_SENTINEL_OK
launcher_20260724_220841_62125,28,28,robotol.ext,3,3,1,0x30630D,0x30630D,0x80000,0x0,0x2B1854,0x0,2,0,1,0,stop_at_base,0,0,0,,CALLBACK_RETURN_SENTINEL_OK
launcher_20260724_220841_62125,29,29,robotol.ext,3,3,1,0x30630D,0x30630D,0x80000,0x0,0x2B1854,0x0,2,0,1,0,stop_at_base,0,0,0,,CALLBACK_RETURN_SENTINEL_OK
launcher_20260724_220841_62125,30,30,robotol.ext,3,3,1,0x30630D,0x30630D,0x80000,0x0,0x2B1854,0x0,2,0,1,0,stop_at_base,0,0,0,,CALLBACK_RETURN_SENTINEL_OK
launcher_20260724_220841_62125,31,31,robotol.ext,3,3,1,0x30630D,0x30630D,0x80000,0x0,0x2B1854,0x0,2,0,1,0,stop_at_base,0,0,0,,CALLBACK_RETURN_SENTINEL_OK
launcher_20260724_220841_62125,32,32,robotol.ext,3,3,1,0x30630D,0x30630D,0x80000,0x0,0x2B1854,0x0,2,0,1,0,stop_at_base,0,0,0,,CALLBACK_RETURN_SENTINEL_OK
launcher_20260724_220841_62125,33,33,robotol.ext,3,3,1,0x30630D,0x30630D,0x80000,0x0,0x2B1854,0x0,2,0,1,0,stop_at_base,0,0,0,,CALLBACK_RETURN_SENTINEL_OK
launcher_20260724_220841_62125,34,34,robotol.ext,3,3,1,0x30630D,0x30630D,0x80000,0x0,0x2B1854,0x0,2,0,1,0,stop_at_base,0,0,0,,CALLBACK_RETURN_SENTINEL_OK
launcher_20260724_220841_62125,35,35,robotol.ext,3,3,1,0x30630D,0x30630D,0x80000,0x0,0x2B1854,0x0,2,0,1,0,stop_at_base,0,0,0,,CALLBACK_RETURN_SENTINEL_OK
manual_20260724_220952,1,1,robotol.ext,3,3,1,0x30630D,0x30630D,0x80000,0x0,0x2B1854,0x0,2,0,1,0,stop_at_base,0,0,0,,CALLBACK_RETURN_SENTINEL_OK
manual_20260724_220952,2,2,robotol.ext,3,3,1,0x30630D,0x30630D,0x80000,0x0,0x2B1854,0x0,2,0,1,0,stop_at_base,0,0,0,,CALLBACK_RETURN_SENTINEL_OK
manual_20260724_220952,3,3,robotol.ext,3,3,1,0x30630D,0x30630D,0x80000,0x0,0x2B1854,0x0,2,0,1,0,stop_at_base,0,0,0,,CALLBACK_RETURN_SENTINEL_OK
manual_20260724_220952,4,4,robotol.ext,3,3,1,0x30630D,0x30630D,0x80000,0x0,0x2B1854,0x0,2,0,1,0,stop_at_base,0,0,0,,CALLBACK_RETURN_SENTINEL_OK
manual_20260724_220952,5,5,robotol.ext,3,3,1,0x30630D,0x30630D,0x80000,0x0,0x2B1854,0x0,2,0,1,0,stop_at_base,0,0,0,,CALLBACK_RETURN_SENTINEL_OK
manual_20260724_220952,6,6,robotol.ext,3,3,1,0x30630D,0x30630D,0x80000,0x0,0x2B1854,0x0,2,0,1,0,stop_at_base,0,0,0,,CALLBACK_RETURN_SENTINEL_OK
manual_20260724_220952,7,7,robotol.ext,3,3,1,0x30630D,0x30630D,0x80000,0x0,0x2B1854,0x0,2,0,1,0,stop_at_base,0,0,0,,CALLBACK_RETURN_SENTINEL_OK
manual_20260724_220952,8,8,robotol.ext,3,3,1,0x30630D,0x30630D,0x80000,0x0,0x2B1854,0x0,2,0,1,0,stop_at_base,0,0,0,,CALLBACK_RETURN_SENTINEL_OK
manual_20260724_220952,9,9,robotol.ext,3,3,1,0x30630D,0x30630D,0x80000,0x0,0x2B1854,0x0,2,0,1,0,stop_at_base,0,0,0,,CALLBACK_RETURN_SENTINEL_OK
manual_20260724_220952,10,10,robotol.ext,3,3,1,0x30630D,0x30630D,0x80000,0x0,0x2B1854,0x0,2,0,1,0,stop_at_base,0,0,0,,CALLBACK_RETURN_SENTINEL_OK
manual_20260724_220952,11,11,robotol.ext,3,3,1,0x30630D,0x30630D,0x80000,0x0,0x2B1854,0x0,2,0,1,0,stop_at_base,0,0,0,,CALLBACK_RETURN_SENTINEL_OK
launcher_20260724_221234_95515,1,1,robotol.ext,3,3,1,0x30630D,0x30630D,0x80000,0x0,0x2B1854,0x0,2,0,1,0,stop_at_base,0,0,0,,CALLBACK_RETURN_SENTINEL_OK
launcher_20260724_221234_95515,2,2,robotol.ext,3,3,1,0x30630D,0x30630D,0x80000,0x0,0x2B1854,0x0,2,0,1,0,stop_at_base,0,0,0,,CALLBACK_RETURN_SENTINEL_OK
launcher_20260724_221234_95515,3,3,robotol.ext,3,3,1,0x30630D,0x30630D,0x80000,0x0,0x2B1854,0x0,0,0,1,0,stop_at_base,0,0,0,,CALLBACK_RETURN_SENTINEL_OK
eot_20260724_221442,1,1,robotol.ext,3,3,1,0x30630D,0x30630D,0x80000,0x0,0x2B1854,0x0,2,0,1,0,stop_at_base,0,0,0,,CALLBACK_RETURN_SENTINEL_OK
launcher_20260724_221626_27265,1,1,robotol.ext,3,3,1,0x30630D,0x30630D,0x80000,0x0,0x2B1854,0x0,2,0,1,0,stop_at_base,0,0,0,,CALLBACK_RETURN_SENTINEL_OK
launcher_20260724_221626_27265,2,2,robotol.ext,3,3,1,0x30630D,0x30630D,0x80000,0x0,0x2B1854,0x0,2,0,1,0,stop_at_base,0,0,0,,CALLBACK_RETURN_SENTINEL_OK
launcher_20260724_221626_27265,3,3,robotol.ext,3,3,1,0x30630D,0x30630D,0x80000,0x0,0x2B1854,0x0,0,0,1,0,stop_at_base,0,0,0,,CALLBACK_RETURN_SENTINEL_OK
launcher_20260724_224424_5609,1,1,robotol.ext,3,3,1,0x30630D,0x30630D,0x80000,0x0,0x2B1854,0x0,2,0,1,0,stop_at_base,0,0,0,,CALLBACK_RETURN_SENTINEL_OK
launcher_20260724_224801_22593,1,1,robotol.ext,3,3,1,0x30630D,0x30630D,0x80000,0x0,0x2B1854,0x0,2,0,1,0,stop_at_base,0,0,0,,CALLBACK_RETURN_SENTINEL_OK
launcher_20260724_224902_82890,1,1,robotol.ext,3,3,1,0x30630D,0x30630D,0x80000,0x0,0x2B1854,0x0,2,0,1,0,stop_at_base,0,0,0,,CALLBACK_RETURN_SENTINEL_OK
launcher_20260724_225038_78796,1,1,robotol.ext,3,3,1,0x30630D,0x30630D,0x80000,0x0,0x2B1854,0x0,2,0,1,0,stop_at_base,0,0,0,,CALLBACK_RETURN_SENTINEL_OK
launcher_20260724_225144_45531,1,1,robotol.ext,3,3,1,0x30630D,0x30630D,0x80000,0x0,0x2B1854,0x0,2,0,1,0,stop_at_base,0,0,0,,CALLBACK_RETURN_SENTINEL_OK
launcher_20260724_225144_45531,2,2,robotol.ext,3,3,1,0x30630D,0x30630D,0x80000,0x0,0x2B1854,0x0,0,0,1,0,stop_at_base,0,0,0,,CALLBACK_RETURN_SENTINEL_OK
launcher_20260724_225144_45531,3,3,robotol.ext,3,3,1,0x30630D,0x30630D,0x80000,0x0,0x2B1854,0x0,0,0,1,0,stop_at_base,0,0,0,,CALLBACK_RETURN_SENTINEL_OK
launcher_20260724_233837_58250,1,1,robotol.ext,3,3,1,0x30630D,0x30630D,0x80000,0x0,0x2B1854,0x0,2,0,1,0,stop_at_base,0,0,0,,CALLBACK_RETURN_SENTINEL_OK
launcher_20260724_233837_58250,2,2,robotol.ext,3,3,1,0x30630D,0x30630D,0x80000,0x0,0x2B1854,0x0,0,0,1,0,stop_at_base,0,0,0,,CALLBACK_RETURN_SENTINEL_OK
pah_A_20260724_234258,1,1,robotol.ext,3,3,1,0x30630D,0x30630D,0x80000,0x0,0x2B1854,0x0,2,0,1,0,stop_at_base,0,0,0,,CALLBACK_RETURN_SENTINEL_OK
pah_A_20260724_234258,2,2,robotol.ext,3,3,1,0x30630D,0x30630D,0x80000,0x0,0x2B1854,0x0,0,0,1,0,stop_at_base,0,0,0,,CALLBACK_RETURN_SENTINEL_OK
pah_A_20260724_234631,1,1,robotol.ext,3,3,1,0x30630D,0x30630D,0x80000,0x0,0x2B1854,0x0,2,0,1,0,stop_at_base,0,0,0,,CALLBACK_RETURN_SENTINEL_OK
pah_A_20260724_234631,2,2,robotol.ext,3,3,1,0x30630D,0x30630D,0x80000,0x0,0x2B1854,0x0,0,0,1,0,stop_at_base,0,0,0,,CALLBACK_RETURN_SENTINEL_OK
pah_B_20260724_234746,1,1,robotol.ext,3,3,1,0x30630D,0x30630D,0x80000,0x0,0x2B1854,0x0,2,0,1,0,stop_at_base,0,0,0,,CALLBACK_RETURN_SENTINEL_OK
pah_B_20260724_234746,2,2,robotol.ext,3,3,1,0x30630D,0x30630D,0x80000,0x0,0x2B1854,0x0,2,0,1,0,stop_at_base,0,0,0,,CALLBACK_RETURN_SENTINEL_OK
pah_C_20260724_234844,1,1,robotol.ext,3,3,1,0x30630D,0x30630D,0x80000,0x0,0x2B1854,0x0,2,0,1,0,stop_at_base,0,0,0,,CALLBACK_RETURN_SENTINEL_OK
p10138_B_20260725_001313,1,1,robotol.ext,3,3,1,0x30630D,0x30630D,0x80000,0x0,0x2B1854,0x0,2,0,1,0,stop_at_base,0,0,0,,CALLBACK_RETURN_SENTINEL_OK
p10138_B_20260725_001704,1,1,robotol.ext,3,3,1,0x30630D,0x30630D,0x80000,0x0,0x2B1854,0x0,2,0,1,0,stop_at_base,0,0,0,,CALLBACK_RETURN_SENTINEL_OK
p10138_B_20260725_001704,2,2,robotol.ext,3,3,1,0x30630D,0x30630D,0x80000,0x0,0x2B1854,0x0,2,0,1,0,stop_at_base,0,0,0,,CALLBACK_RETURN_SENTINEL_OK
p10138_A_20260725_002050,1,1,robotol.ext,3,3,1,0x30630D,0x30630D,0x80000,0x0,0x2B1854,0x0,2,0,1,0,stop_at_base,0,0,0,,CALLBACK_RETURN_SENTINEL_OK
p10138_C_20260725_002145,1,1,robotol.ext,3,3,1,0x30630D,0x30630D,0x80000,0x0,0x2B1854,0x0,2,0,1,0,stop_at_base,0,0,0,,CALLBACK_RETURN_SENTINEL_OK
p10138_C_20260725_002316,1,1,robotol.ext,3,3,1,0x30630D,0x30630D,0x80000,0x0,0x2B1854,0x0,2,0,1,0,stop_at_base,0,0,0,,CALLBACK_RETURN_SENTINEL_OK
p10138_C_20260725_002316,2,2,robotol.ext,3,3,1,0x30630D,0x30630D,0x80000,0x0,0x2B1854,0x0,2,0,1,0,stop_at_base,0,0,0,,CALLBACK_RETURN_SENTINEL_OK
h2_B_20260725_011052,1,1,robotol.ext,3,3,1,0x30630D,0x30630D,0x80000,0x0,0x2B1854,0x0,2,0,1,0,stop_at_base,0,0,0,,CALLBACK_RETURN_SENTINEL_OK
h2_B_20260725_011052,2,2,robotol.ext,3,3,1,0x30630D,0x30630D,0x80000,0x0,0x2B1854,0x0,2,0,1,0,stop_at_base,0,0,0,,CALLBACK_RETURN_SENTINEL_OK
h2_B_20260725_011052,3,3,robotol.ext,3,3,1,0x30630D,0x30630D,0x80000,0x0,0x2B1854,0x0,2,0,1,0,stop_at_base,0,0,0,,CALLBACK_RETURN_SENTINEL_OK
h2_B_20260725_011052,4,4,robotol.ext,3,3,1,0x30630D,0x30630D,0x80000,0x0,0x2B1854,0x0,2,0,1,0,stop_at_base,0,0,0,,CALLBACK_RETURN_SENTINEL_OK
h2_B_20260725_011531,1,1,robotol.ext,3,3,1,0x30630D,0x30630D,0x80000,0x0,0x2B1854,0x0,2,0,1,0,stop_at_base,0,0,0,,CALLBACK_RETURN_SENTINEL_OK
h2_B_20260725_011531,2,2,robotol.ext,3,3,1,0x30630D,0x30630D,0x80000,0x0,0x2B1854,0x0,2,0,1,0,stop_at_base,0,0,0,,CALLBACK_RETURN_SENTINEL_OK
h2_B_20260725_011531,3,3,robotol.ext,3,3,1,0x30630D,0x30630D,0x80000,0x0,0x2B1854,0x0,2,0,1,0,stop_at_base,0,0,0,,CALLBACK_RETURN_SENTINEL_OK
h2_B_20260725_011904,1,1,robotol.ext,3,3,1,0x30630D,0x30630D,0x80000,0x0,0x2B1854,0x0,2,0,1,0,stop_at_base,0,0,0,,CALLBACK_RETURN_SENTINEL_OK
h2_B_20260725_011904,2,2,robotol.ext,3,3,1,0x30630D,0x30630D,0x80000,0x0,0x2B1854,0x0,2,0,1,0,stop_at_base,0,0,0,,CALLBACK_RETURN_SENTINEL_OK
h2_B_20260725_012349,1,1,robotol.ext,3,3,1,0x30630D,0x30630D,0x80000,0x0,0x2B1854,0x0,2,0,1,0,stop_at_base,0,0,0,,CALLBACK_RETURN_SENTINEL_OK
h2_B_20260725_012349,2,2,robotol.ext,3,3,1,0x30630D,0x30630D,0x80000,0x0,0x2B1854,0x0,2,0,1,0,stop_at_base,0,0,0,,CALLBACK_RETURN_SENTINEL_OK
h2_B_20260725_012349,3,3,robotol.ext,3,3,1,0x30630D,0x30630D,0x80000,0x0,0x2B1854,0x0,2,0,1,0,stop_at_base,0,0,0,,CALLBACK_RETURN_SENTINEL_OK
fp8_B_20260725_013726,1,1,robotol.ext,3,3,1,0x30630D,0x30630D,0x80000,0x0,0x2B1854,0x0,2,0,1,0,stop_at_base,0,0,0,,CALLBACK_RETURN_SENTINEL_OK
fp8_B_20260725_013726,2,2,robotol.ext,3,3,1,0x30630D,0x30630D,0x80000,0x0,0x2B1854,0x0,2,0,1,0,stop_at_base,0,0,0,,CALLBACK_RETURN_SENTINEL_OK
fp8_B_20260725_013726,3,3,robotol.ext,3,3,1,0x30630D,0x30630D,0x80000,0x0,0x2B1854,0x0,2,0,1,0,stop_at_base,0,0,0,,CALLBACK_RETURN_SENTINEL_OK
fs9_B_20260725_020106,1,1,robotol.ext,3,3,1,0x30630D,0x30630D,0x80000,0x0,0x2B1854,0x0,2,0,1,0,stop_at_base,0,0,0,,CALLBACK_RETURN_SENTINEL_OK
fs9_B_20260725_020106,2,2,robotol.ext,3,3,1,0x30630D,0x30630D,0x80000,0x0,0x2B1854,0x0,0,0,1,0,stop_at_base,0,0,0,,CALLBACK_RETURN_SENTINEL_OK
fs9_B_20260725_020106,3,3,robotol.ext,3,3,1,0x30630D,0x30630D,0x80000,0x0,0x2B1854,0x0,0,0,1,0,stop_at_base,0,0,0,,CALLBACK_RETURN_SENTINEL_OK
fs9_B_20260725_020327,1,1,robotol.ext,3,3,1,0x30630D,0x30630D,0x80000,0x0,0x2B1854,0x0,2,0,1,0,stop_at_base,0,0,0,,CALLBACK_RETURN_SENTINEL_OK
fs9_B_20260725_020327,2,2,robotol.ext,3,3,1,0x30630D,0x30630D,0x80000,0x0,0x2B1854,0x0,3,0,1,0,stop_at_base,0,0,0,,CALLBACK_RETURN_SENTINEL_OK
fs9_A_20260725_020457,1,1,robotol.ext,3,3,1,0x30630D,0x30630D,0x80000,0x0,0x2B1854,0x0,2,0,1,0,stop_at_base,0,0,0,,CALLBACK_RETURN_SENTINEL_OK
pm10_C_20260725_025034,1,1,robotol.ext,3,3,1,0x30630D,0x30630D,0x80000,0x0,0x2B1854,0x0,2,0,1,0,stop_at_base,0,0,0,,CALLBACK_RETURN_SENTINEL_OK
pm10_C_20260725_025034,2,2,robotol.ext,3,3,1,0x30630D,0x30630D,0x80000,0x0,0x2B1858,0x0,4,0,1,0,stop_at_base,0,0,0,,CALLBACK_RETURN_SENTINEL_OK
pm10_C_20260725_025034,3,3,robotol.ext,3,3,1,0x30630D,0x30630D,0x80000,0x0,0x2B1858,0x0,0,0,1,0,stop_at_base,0,0,0,,CALLBACK_RETURN_SENTINEL_OK
pm10_A_20260725_025227,1,1,robotol.ext,3,3,1,0x30630D,0x30630D,0x80000,0x0,0x2B1854,0x0,2,0,1,0,stop_at_base,0,0,0,,CALLBACK_RETURN_SENTINEL_OK
pm10_A_20260725_025227,2,2,robotol.ext,3,3,1,0x30630D,0x30630D,0x80000,0x0,0x2B1854,0x0,2,0,1,0,stop_at_base,0,0,0,,CALLBACK_RETURN_SENTINEL_OK
pm10_B_20260725_025338,1,1,robotol.ext,3,3,1,0x30630D,0x30630D,0x80000,0x0,0x2B1854,0x0,2,0,1,0,stop_at_base,0,0,0,,CALLBACK_RETURN_SENTINEL_OK
pm10_B_20260725_025338,2,2,robotol.ext,3,3,1,0x30630D,0x30630D,0x80000,0x0,0x2B1854,0x0,3,0,1,0,stop_at_base,0,0,0,,CALLBACK_RETURN_SENTINEL_OK
pm10_B_20260725_025338,3,3,robotol.ext,3,3,1,0x30630D,0x30630D,0x80000,0x0,0x2B1854,0x0,3,0,1,0,stop_at_base,0,0,0,,CALLBACK_RETURN_SENTINEL_OK
pm10_B_20260725_025338,4,4,robotol.ext,3,3,1,0x30630D,0x30630D,0x80000,0x0,0x2B1854,0x0,3,0,1,0,stop_at_base,0,0,0,,CALLBACK_RETURN_SENTINEL_OK
pm10_D_20260725_025450,1,1,robotol.ext,3,3,1,0x30630D,0x30630D,0x80000,0x0,0x2B1854,0x0,2,0,1,0,stop_at_base,0,0,0,,CALLBACK_RETURN_SENTINEL_OK
pm10_D_20260725_025450,2,2,robotol.ext,3,3,1,0x30630D,0x30630D,0x80000,0x0,0x2B1854,0x0,3,0,1,0,stop_at_base,0,0,0,,CALLBACK_RETURN_SENTINEL_OK
pm10_D_20260725_025450,3,3,robotol.ext,3,3,1,0x30630D,0x30630D,0x80000,0x0,0x2B1854,0x0,3,0,1,0,stop_at_base,0,0,0,,CALLBACK_RETURN_SENTINEL_OK
pm10_D_20260725_025450,4,4,robotol.ext,3,3,1,0x30630D,0x30630D,0x80000,0x0,0x2B1854,0x0,3,0,1,0,stop_at_base,0,0,0,,CALLBACK_RETURN_SENTINEL_OK
pa11_B_20260725_031636,1,1,robotol.ext,3,3,1,0x30630D,0x30630D,0x80000,0x0,0x2B1854,0x0,2,0,1,0,stop_at_base,0,0,0,,CALLBACK_RETURN_SENTINEL_OK
pa11_B_20260725_031636,2,2,robotol.ext,3,3,1,0x30630D,0x30630D,0x80000,0x0,0x2B1854,0x0,0,0,1,0,stop_at_base,0,0,0,,CALLBACK_RETURN_SENTINEL_OK
pa11_B_20260725_031636,3,3,robotol.ext,3,3,1,0x30630D,0x30630D,0x80000,0x0,0x2B1854,0x0,0,0,1,0,stop_at_base,0,0,0,,CALLBACK_RETURN_SENTINEL_OK
pa11_B_20260725_032257,1,1,robotol.ext,3,3,1,0x30630D,0x30630D,0x80000,0x0,0x2B1854,0x0,2,0,1,0,stop_at_base,0,0,0,,CALLBACK_RETURN_SENTINEL_OK
pa11_B_20260725_032257,2,2,robotol.ext,3,3,1,0x30630D,0x30630D,0x80000,0x0,0x2B1854,0x0,3,0,1,0,stop_at_base,0,0,0,,CALLBACK_RETURN_SENTINEL_OK
pa11_B_20260725_032257,3,3,robotol.ext,3,3,1,0x30630D,0x30630D,0x80000,0x0,0x2B1858,0x0,1,0,1,0,stop_at_base,0,0,0,,CALLBACK_RETURN_SENTINEL_OK
pa11_B_20260725_032620,1,1,robotol.ext,3,3,1,0x30630D,0x30630D,0x80000,0x0,0x2B1854,0x0,2,0,1,0,stop_at_base,0,0,0,,CALLBACK_RETURN_SENTINEL_OK
pa11_B_20260725_032620,2,2,robotol.ext,3,3,1,0x30630D,0x30630D,0x80000,0x0,0x2B1854,0x0,3,0,1,0,stop_at_base,0,0,0,,CALLBACK_RETURN_SENTINEL_OK
pa11_B_20260725_032620,3,3,robotol.ext,3,3,1,0x30630D,0x30630D,0x80000,0x0,0x2B1854,0x0,0,0,1,0,stop_at_base,0,0,0,,CALLBACK_RETURN_SENTINEL_OK
pa11_C_20260725_032805,1,1,robotol.ext,3,3,1,0x30630D,0x30630D,0x80000,0x0,0x2B1854,0x0,2,0,1,0,stop_at_base,0,0,0,,CALLBACK_RETURN_SENTINEL_OK
pa11_C_20260725_032805,2,2,robotol.ext,3,3,1,0x30630D,0x30630D,0x80000,0x0,0x2B1854,0x0,3,0,1,0,stop_at_base,0,0,0,,CALLBACK_RETURN_SENTINEL_OK
pa11_C_20260725_034759,1,1,robotol.ext,3,3,1,0x30630D,0x30630D,0x80000,0x0,0x2B1854,0x0,2,0,1,0,stop_at_base,0,0,0,,CALLBACK_RETURN_SENTINEL_OK
pa11_C_20260725_034759,2,2,robotol.ext,3,3,1,0x30630D,0x30630D,0x80000,0x0,0x2B1854,0x0,3,0,1,0,stop_at_base,0,0,0,,CALLBACK_RETURN_SENTINEL_OK
pa11_C_20260725_034759,3,3,robotol.ext,3,3,1,0x30630D,0x30630D,0x80000,0x0,0x2B1854,0x0,0,0,1,0,stop_at_base,0,0,0,,CALLBACK_RETURN_SENTINEL_OK
pa11_C_20260725_034759,4,4,robotol.ext,3,3,1,0x30630D,0x30630D,0x80000,0x0,0x2B1854,0x0,0,0,1,0,stop_at_base,0,0,0,,CALLBACK_RETURN_SENTINEL_OK
pa11_C_20260725_034944,1,1,robotol.ext,3,3,1,0x30630D,0x30630D,0x80000,0x0,0x2B1854,0x0,2,0,1,0,stop_at_base,0,0,0,,CALLBACK_RETURN_SENTINEL_OK
pa11_C_20260725_034944,2,2,robotol.ext,3,3,1,0x30630D,0x30630D,0x80000,0x0,0x2B1854,0x0,3,0,1,0,stop_at_base,0,0,0,,CALLBACK_RETURN_SENTINEL_OK
pa11_C_20260725_034944,3,3,robotol.ext,3,3,1,0x30630D,0x30630D,0x80000,0x0,0x2B1854,0x0,0,0,1,0,stop_at_base,0,0,0,,CALLBACK_RETURN_SENTINEL_OK
pa11_C_20260725_035204,1,1,robotol.ext,3,3,1,0x30630D,0x30630D,0x80000,0x0,0x2B1854,0x0,2,0,1,0,stop_at_base,0,0,0,,CALLBACK_RETURN_SENTINEL_OK
pa11_C_20260725_035204,2,2,robotol.ext,3,3,1,0x30630D,0x30630D,0x80000,0x0,0x2B1854,0x0,3,0,1,0,stop_at_base,0,0,0,,CALLBACK_RETURN_SENTINEL_OK
pa11_C_20260725_035204,3,3,robotol.ext,3,3,1,0x30630D,0x30630D,0x80000,0x0,0x2B1854,0x0,0,0,1,0,stop_at_base,0,0,0,,CALLBACK_RETURN_SENTINEL_OK
pa11_C_20260725_035204,4,4,robotol.ext,3,3,1,0x30630D,0x30630D,0x80000,0x0,0x2B1854,0x0,0,0,1,0,stop_at_base,0,0,0,,CALLBACK_RETURN_SENTINEL_OK
pa11_C_20260725_040409,1,1,robotol.ext,3,3,1,0x30630D,0x30630D,0x80000,0x0,0x2B1854,0x0,2,0,1,0,stop_at_base,0,0,0,,CALLBACK_RETURN_SENTINEL_OK
pa11_C_20260725_040409,2,2,robotol.ext,3,3,1,0x30630D,0x30630D,0x80000,0x0,0x2B1854,0x0,3,0,1,0,stop_at_base,0,0,0,,CALLBACK_RETURN_SENTINEL_OK
pa11_C_20260725_040409,3,3,robotol.ext,3,3,1,0x30630D,0x30630D,0x80000,0x0,0x2B1854,0x0,0,0,1,0,stop_at_base,0,0,0,,CALLBACK_RETURN_SENTINEL_OK
pa11_C_20260725_041047,1,1,robotol.ext,3,3,1,0x30630D,0x30630D,0x80000,0x0,0x2B1854,0x0,2,0,1,0,stop_at_base,0,0,0,,CALLBACK_RETURN_SENTINEL_OK
pa11_C_20260725_041047,2,2,robotol.ext,3,3,1,0x30630D,0x30630D,0x80000,0x0,0x2B1854,0x0,0,0,1,0,stop_at_base,0,0,0,,CALLBACK_RETURN_SENTINEL_OK
pa11_C_20260725_041047,3,3,robotol.ext,3,3,1,0x30630D,0x30630D,0x80000,0x0,0x2B1854,0x0,0,0,1,0,stop_at_base,0,0,0,,CALLBACK_RETURN_SENTINEL_OK
pa11_C_20260725_124311,1,1,robotol.ext,3,3,1,0x30630D,0x30630D,0x80000,0x0,0x2B1854,0x0,2,0,1,0,stop_at_base,0,0,0,,CALLBACK_RETURN_SENTINEL_OK
pa11_C_20260725_124311,2,2,robotol.ext,3,3,1,0x30630D,0x30630D,0x80000,0x0,0x2B1854,0x0,0,0,1,0,stop_at_base,0,0,0,,CALLBACK_RETURN_SENTINEL_OK
pa11_C_20260725_125716,1,1,robotol.ext,3,3,1,0x30630D,0x30630D,0x80000,0x0,0x2B1854,0x0,2,0,1,0,stop_at_base,0,0,0,,CALLBACK_RETURN_SENTINEL_OK
pa11_C_20260725_125716,2,2,robotol.ext,3,3,1,0x30630D,0x30630D,0x80000,0x0,0x2B1854,0x0,2,0,1,0,stop_at_base,0,0,0,,CALLBACK_RETURN_SENTINEL_OK
pa11_C_20260725_130444,1,1,robotol.ext,3,3,1,0x30630D,0x30630D,0x80000,0x0,0x2B1854,0x0,2,0,1,0,stop_at_base,0,0,0,,CALLBACK_RETURN_SENTINEL_OK
pa11_C_20260725_130519,1,1,robotol.ext,3,3,1,0x30630D,0x30630D,0x80000,0x0,0x2B1854,0x0,2,0,1,0,stop_at_base,0,0,0,,CALLBACK_RETURN_SENTINEL_OK
pa11_C_20260725_130519,2,2,robotol.ext,3,3,1,0x30630D,0x30630D,0x80000,0x0,0x2B1854,0x0,2,0,1,0,stop_at_base,0,0,0,,CALLBACK_RETURN_SENTINEL_OK
pa11_C_20260725_132803,1,1,robotol.ext,3,3,1,0x30630D,0x30630D,0x80000,0x0,0x2B1854,0x0,2,0,1,0,stop_at_base,0,0,0,,CALLBACK_RETURN_SENTINEL_OK
pa11_C_20260725_132803,2,2,robotol.ext,3,3,1,0x30630D,0x30630D,0x80000,0x0,0x2B1854,0x0,2,0,1,0,stop_at_base,0,0,0,,CALLBACK_RETURN_SENTINEL_OK
pa11_C_20260725_132920,1,1,robotol.ext,3,3,1,0x30630D,0x30630D,0x80000,0x0,0x2B1854,0x0,2,0,1,0,stop_at_base,0,0,0,,CALLBACK_RETURN_SENTINEL_OK
pa11_C_20260725_132920,2,2,robotol.ext,3,3,1,0x30630D,0x30630D,0x80000,0x0,0x2B1854,0x0,2,0,1,0,stop_at_base,0,0,0,,CALLBACK_RETURN_SENTINEL_OK
pa11_C_20260725_161228,1,1,robotol.ext,3,3,1,0x30630D,0x30630D,0x80000,0x0,0x2B1854,0x0,2,0,1,0,stop_at_base,0,0,0,,CALLBACK_RETURN_SENTINEL_OK
pa11_C_20260725_161634,1,1,robotol.ext,3,3,1,0x30630D,0x30630D,0x80000,0x0,0x2B1854,0x0,2,0,1,0,stop_at_base,0,0,0,,CALLBACK_RETURN_SENTINEL_OK
pa11_C_20260725_161824,1,1,robotol.ext,3,3,1,0x30630D,0x30630D,0x80000,0x0,0x2B1854,0x0,2,0,1,0,stop_at_base,0,0,0,,CALLBACK_RETURN_SENTINEL_OK
pa11_C_20260725_162031,1,1,robotol.ext,3,3,1,0x30630D,0x30630D,0x80000,0x0,0x2B1854,0x0,2,0,1,0,stop_at_base,0,0,0,,CALLBACK_RETURN_SENTINEL_OK
pa11_C_20260725_162405,1,1,robotol.ext,3,3,1,0x30630D,0x30630D,0x80000,0x0,0x2B1854,0x0,2,0,1,0,stop_at_base,0,0,0,,CALLBACK_RETURN_SENTINEL_OK
p16_diag_20260801_141803_16397,1,1,robotol.ext,3,3,1,0x30631D,0x30631D,0x80000,0x0,0x2B1868,0x0,2,0,1,0,stop_at_base,0,0,0,,CALLBACK_RETURN_SENTINEL_OK
p16_diag_20260801_141803_16397,2,2,robotol.ext,3,3,1,0x30631D,0x30631D,0x80000,0x0,0x2B1868,0x0,2,0,1,0,stop_at_base,0,0,0,,CALLBACK_RETURN_SENTINEL_OK
p16_hit1_20260801_141850_91929,1,1,robotol.ext,3,3,1,0x30631D,0x30631D,0x80000,0x0,0x2B1868,0x0,2,0,1,0,stop_at_base,0,0,0,,CALLBACK_RETURN_SENTINEL_OK
p16_hit1_20260801_141850_91929,2,2,robotol.ext,3,3,1,0x30631D,0x30631D,0x80000,0x0,0x2B1868,0x0,2,0,1,0,stop_at_base,0,0,0,,CALLBACK_RETURN_SENTINEL_OK
p16_hit1_20260801_141850_91929,3,3,robotol.ext,3,3,1,0x30631D,0x30631D,0x80000,0x0,0x2B1868,0x0,2,0,1,0,stop_at_base,0,0,0,,CALLBACK_RETURN_SENTINEL_OK
p16_hit1_20260801_141850_91929,4,4,robotol.ext,3,3,1,0x30631D,0x30631D,0x80000,0x0,0x2B1868,0x0,2,0,1,0,stop_at_base,0,0,0,,CALLBACK_RETURN_SENTINEL_OK
p16_hit1_20260801_141850_91929,5,5,robotol.ext,3,3,1,0x30631D,0x30631D,0x80000,0x0,0x2B1868,0x0,2,0,1,0,stop_at_base,0,0,0,,CALLBACK_RETURN_SENTINEL_OK
p16_hit1_20260801_141850_91929,6,6,robotol.ext,3,3,1,0x30631D,0x30631D,0x80000,0x0,0x2B1868,0x0,2,0,1,0,stop_at_base,0,0,0,,CALLBACK_RETURN_SENTINEL_OK
p16_hit1_20260801_141850_91929,7,7,robotol.ext,3,3,1,0x30631D,0x30631D,0x80000,0x0,0x2B1868,0x0,2,0,1,0,stop_at_base,0,0,0,,CALLBACK_RETURN_SENTINEL_OK
p16_hit1_20260801_141850_91929,8,8,robotol.ext,3,3,1,0x30631D,0x30631D,0x80000,0x0,0x2B1868,0x0,2,0,1,0,stop_at_base,0,0,0,,CALLBACK_RETURN_SENTINEL_OK
p16_hit1_20260801_141850_91929,9,9,robotol.ext,3,3,1,0x30631D,0x30631D,0x80000,0x0,0x2B1868,0x0,2,0,1,0,stop_at_base,0,0,0,,CALLBACK_RETURN_SENTINEL_OK
p16_hit1_20260801_141850_91929,10,10,robotol.ext,3,3,1,0x30631D,0x30631D,0x80000,0x0,0x2B1868,0x0,2,0,1,0,stop_at_base,0,0,0,,CALLBACK_RETURN_SENTINEL_OK
p16_hit1_20260801_141850_91929,11,11,robotol.ext,3,3,1,0x30631D,0x30631D,0x80000,0x0,0x2B1868,0x0,2,0,1,0,stop_at_base,0,0,0,,CALLBACK_RETURN_SENTINEL_OK
p16_hit1_20260801_141850_91929,12,12,robotol.ext,3,3,1,0x30631D,0x30631D,0x80000,0x0,0x2B1868,0x0,2,0,1,0,stop_at_base,0,0,0,,CALLBACK_RETURN_SENTINEL_OK
p16_hit1_20260801_141850_91929,13,13,robotol.ext,3,3,1,0x30631D,0x30631D,0x80000,0x0,0x2B1868,0x0,2,0,1,0,stop_at_base,0,0,0,,CALLBACK_RETURN_SENTINEL_OK
p16_hit1_20260801_141850_91929,14,14,robotol.ext,3,3,1,0x30631D,0x30631D,0x80000,0x0,0x2B1868,0x0,2,0,1,0,stop_at_base,0,0,0,,CALLBACK_RETURN_SENTINEL_OK
p16_hit1_20260801_141850_91929,15,15,robotol.ext,3,3,1,0x30631D,0x30631D,0x80000,0x0,0x2B1868,0x0,2,0,1,0,stop_at_base,0,0,0,,CALLBACK_RETURN_SENTINEL_OK
p16_hit1_20260801_141850_91929,16,16,robotol.ext,3,3,1,0x30631D,0x30631D,0x80000,0x0,0x2B1868,0x0,2,0,1,0,stop_at_base,0,0,0,,CALLBACK_RETURN_SENTINEL_OK
p16_hit1_20260801_141850_91929,17,17,robotol.ext,3,3,1,0x30631D,0x30631D,0x80000,0x0,0x2B1868,0x0,2,0,1,0,stop_at_base,0,0,0,,CALLBACK_RETURN_SENTINEL_OK
p16_hit1_20260801_141850_91929,18,18,robotol.ext,3,3,1,0x30631D,0x30631D,0x80000,0x0,0x2B1868,0x0,2,0,1,0,stop_at_base,0,0,0,,CALLBACK_RETURN_SENTINEL_OK
p16_hit1_20260801_141850_91929,19,19,robotol.ext,3,3,1,0x30631D,0x30631D,0x80000,0x0,0x2B1868,0x0,2,0,1,0,stop_at_base,0,0,0,,CALLBACK_RETURN_SENTINEL_OK
p16_hit1_20260801_141850_91929,20,20,robotol.ext,3,3,1,0x30631D,0x30631D,0x80000,0x0,0x2B1868,0x0,2,0,1,0,stop_at_base,0,0,0,,CALLBACK_RETURN_SENTINEL_OK
p16_hit1_20260801_141850_91929,21,21,robotol.ext,3,3,1,0x30631D,0x30631D,0x80000,0x0,0x2B1868,0x0,2,0,1,0,stop_at_base,0,0,0,,CALLBACK_RETURN_SENTINEL_OK
p16_hit2_20260801_142003_22383,1,1,robotol.ext,3,3,1,0x30631D,0x30631D,0x80000,0x0,0x2B1868,0x0,2,0,1,0,stop_at_base,0,0,0,,CALLBACK_RETURN_SENTINEL_OK
p16_hit2_20260801_142003_22383,2,2,robotol.ext,3,3,1,0x30631D,0x30631D,0x80000,0x0,0x2B1868,0x0,2,0,1,0,stop_at_base,0,0,0,,CALLBACK_RETURN_SENTINEL_OK
p16_hit2_20260801_142003_22383,3,3,robotol.ext,3,3,1,0x30631D,0x30631D,0x80000,0x0,0x2B1868,0x0,2,0,1,0,stop_at_base,0,0,0,,CALLBACK_RETURN_SENTINEL_OK
p16_hit2_20260801_142003_22383,4,4,robotol.ext,3,3,1,0x30631D,0x30631D,0x80000,0x0,0x2B1868,0x0,2,0,1,0,stop_at_base,0,0,0,,CALLBACK_RETURN_SENTINEL_OK
p16_hit2_20260801_142003_22383,5,5,robotol.ext,3,3,1,0x30631D,0x30631D,0x80000,0x0,0x2B1868,0x0,2,0,1,0,stop_at_base,0,0,0,,CALLBACK_RETURN_SENTINEL_OK
p16_hit2_20260801_142003_22383,6,6,robotol.ext,3,3,1,0x30631D,0x30631D,0x80000,0x0,0x2B1868,0x0,2,0,1,0,stop_at_base,0,0,0,,CALLBACK_RETURN_SENTINEL_OK
p16_hit2_20260801_142003_22383,7,7,robotol.ext,3,3,1,0x30631D,0x30631D,0x80000,0x0,0x2B1868,0x0,2,0,1,0,stop_at_base,0,0,0,,CALLBACK_RETURN_SENTINEL_OK
p16_hit2_20260801_142003_22383,8,8,robotol.ext,3,3,1,0x30631D,0x30631D,0x80000,0x0,0x2B1868,0x0,2,0,1,0,stop_at_base,0,0,0,,CALLBACK_RETURN_SENTINEL_OK
p16_hit2_20260801_142003_22383,9,9,robotol.ext,3,3,1,0x30631D,0x30631D,0x80000,0x0,0x2B1868,0x0,2,0,1,0,stop_at_base,0,0,0,,CALLBACK_RETURN_SENTINEL_OK
p16_hit2_20260801_142003_22383,10,10,robotol.ext,3,3,1,0x30631D,0x30631D,0x80000,0x0,0x2B1868,0x0,2,0,1,0,stop_at_base,0,0,0,,CALLBACK_RETURN_SENTINEL_OK
p16_hit2_20260801_142003_22383,11,11,robotol.ext,3,3,1,0x30631D,0x30631D,0x80000,0x0,0x2B1868,0x0,2,0,1,0,stop_at_base,0,0,0,,CALLBACK_RETURN_SENTINEL_OK
p16_hit2_20260801_142003_22383,12,12,robotol.ext,3,3,1,0x30631D,0x30631D,0x80000,0x0,0x2B1868,0x0,2,0,1,0,stop_at_base,0,0,0,,CALLBACK_RETURN_SENTINEL_OK
p16_hit2_20260801_142003_22383,13,13,robotol.ext,3,3,1,0x30631D,0x30631D,0x80000,0x0,0x2B1868,0x0,2,0,1,0,stop_at_base,0,0,0,,CALLBACK_RETURN_SENTINEL_OK
p16_hit2_20260801_142003_22383,14,14,robotol.ext,3,3,1,0x30631D,0x30631D,0x80000,0x0,0x2B1868,0x0,2,0,1,0,stop_at_base,0,0,0,,CALLBACK_RETURN_SENTINEL_OK
p16_hit2_20260801_142003_22383,15,15,robotol.ext,3,3,1,0x30631D,0x30631D,0x80000,0x0,0x2B1868,0x0,2,0,1,0,stop_at_base,0,0,0,,CALLBACK_RETURN_SENTINEL_OK
p16_hit2_20260801_142003_22383,16,16,robotol.ext,3,3,1,0x30631D,0x30631D,0x80000,0x0,0x2B1868,0x0,2,0,1,0,stop_at_base,0,0,0,,CALLBACK_RETURN_SENTINEL_OK
p16_hit2_20260801_142003_22383,17,17,robotol.ext,3,3,1,0x30631D,0x30631D,0x80000,0x0,0x2B1868,0x0,2,0,1,0,stop_at_base,0,0,0,,CALLBACK_RETURN_SENTINEL_OK
p16_hit2_20260801_142003_22383,18,18,robotol.ext,3,3,1,0x30631D,0x30631D,0x80000,0x0,0x2B1868,0x0,2,0,1,0,stop_at_base,0,0,0,,CALLBACK_RETURN_SENTINEL_OK
p16_hit2_20260801_142003_22383,19,19,robotol.ext,3,3,1,0x30631D,0x30631D,0x80000,0x0,0x2B1868,0x0,2,0,1,0,stop_at_base,0,0,0,,CALLBACK_RETURN_SENTINEL_OK
p16_hit2_20260801_142003_22383,20,20,robotol.ext,3,3,1,0x30631D,0x30631D,0x80000,0x0,0x2B1868,0x0,2,0,1,0,stop_at_base,0,0,0,,CALLBACK_RETURN_SENTINEL_OK
p16_hit2_20260801_142003_22383,21,21,robotol.ext,3,3,1,0x30631D,0x30631D,0x80000,0x0,0x2B1868,0x0,2,0,1,0,stop_at_base,0,0,0,,CALLBACK_RETURN_SENTINEL_OK
p16_hit2_20260801_142003_22383,22,22,robotol.ext,3,3,1,0x30631D,0x30631D,0x80000,0x0,0x2B1868,0x0,2,0,1,0,stop_at_base,0,0,0,,CALLBACK_RETURN_SENTINEL_OK
p16_hit2_20260801_142003_22383,23,23,robotol.ext,3,3,1,0x30631D,0x30631D,0x80000,0x0,0x2B1868,0x0,2,0,1,0,stop_at_base,0,0,0,,CALLBACK_RETURN_SENTINEL_OK
p16_hit2_20260801_142003_22383,24,24,robotol.ext,3,3,1,0x30631D,0x30631D,0x80000,0x0,0x2B1868,0x0,2,0,1,0,stop_at_base,0,0,0,,CALLBACK_RETURN_SENTINEL_OK
p16_hit2_20260801_142003_22383,25,25,robotol.ext,3,3,1,0x30631D,0x30631D,0x80000,0x0,0x2B1868,0x0,2,0,1,0,stop_at_base,0,0,0,,CALLBACK_RETURN_SENTINEL_OK
p16_hit3_20260801_142116_73395,1,1,robotol.ext,3,3,1,0x30631D,0x30631D,0x80000,0x0,0x2B1868,0x0,2,0,1,0,stop_at_base,0,0,0,,CALLBACK_RETURN_SENTINEL_OK
p16_hit3_20260801_142116_73395,2,2,robotol.ext,3,3,1,0x30631D,0x30631D,0x80000,0x0,0x2B1868,0x0,2,0,1,0,stop_at_base,0,0,0,,CALLBACK_RETURN_SENTINEL_OK
p16_hit3_20260801_142116_73395,3,3,robotol.ext,3,3,1,0x30631D,0x30631D,0x80000,0x0,0x2B1868,0x0,2,0,1,0,stop_at_base,0,0,0,,CALLBACK_RETURN_SENTINEL_OK
p16_hit3_20260801_142116_73395,4,4,robotol.ext,3,3,1,0x30631D,0x30631D,0x80000,0x0,0x2B1868,0x0,2,0,1,0,stop_at_base,0,0,0,,CALLBACK_RETURN_SENTINEL_OK
p16_hit3_20260801_142116_73395,5,5,robotol.ext,3,3,1,0x30631D,0x30631D,0x80000,0x0,0x2B1868,0x0,2,0,1,0,stop_at_base,0,0,0,,CALLBACK_RETURN_SENTINEL_OK
p16_hit3_20260801_142116_73395,6,6,robotol.ext,3,3,1,0x30631D,0x30631D,0x80000,0x0,0x2B1868,0x0,2,0,1,0,stop_at_base,0,0,0,,CALLBACK_RETURN_SENTINEL_OK
p16_hit3_20260801_142116_73395,7,7,robotol.ext,3,3,1,0x30631D,0x30631D,0x80000,0x0,0x2B1868,0x0,2,0,1,0,stop_at_base,0,0,0,,CALLBACK_RETURN_SENTINEL_OK
p16_hit3_20260801_142116_73395,8,8,robotol.ext,3,3,1,0x30631D,0x30631D,0x80000,0x0,0x2B1868,0x0,2,0,1,0,stop_at_base,0,0,0,,CALLBACK_RETURN_SENTINEL_OK
p16_hit3_20260801_142116_73395,9,9,robotol.ext,3,3,1,0x30631D,0x30631D,0x80000,0x0,0x2B1868,0x0,2,0,1,0,stop_at_base,0,0,0,,CALLBACK_RETURN_SENTINEL_OK
p16_hit3_20260801_142116_73395,10,10,robotol.ext,3,3,1,0x30631D,0x30631D,0x80000,0x0,0x2B1868,0x0,2,0,1,0,stop_at_base,0,0,0,,CALLBACK_RETURN_SENTINEL_OK
p16_hit3_20260801_142116_73395,11,11,robotol.ext,3,3,1,0x30631D,0x30631D,0x80000,0x0,0x2B1868,0x0,2,0,1,0,stop_at_base,0,0,0,,CALLBACK_RETURN_SENTINEL_OK
p16_hit3_20260801_142116_73395,12,12,robotol.ext,3,3,1,0x30631D,0x30631D,0x80000,0x0,0x2B1868,0x0,2,0,1,0,stop_at_base,0,0,0,,CALLBACK_RETURN_SENTINEL_OK
p16_hit3_20260801_142116_73395,13,13,robotol.ext,3,3,1,0x30631D,0x30631D,0x80000,0x0,0x2B1868,0x0,2,0,1,0,stop_at_base,0,0,0,,CALLBACK_RETURN_SENTINEL_OK
p16_hit3_20260801_142116_73395,14,14,robotol.ext,3,3,1,0x30631D,0x30631D,0x80000,0x0,0x2B1868,0x0,2,0,1,0,stop_at_base,0,0,0,,CALLBACK_RETURN_SENTINEL_OK
p16_hit3_20260801_142116_73395,15,15,robotol.ext,3,3,1,0x30631D,0x30631D,0x80000,0x0,0x2B1868,0x0,2,0,1,0,stop_at_base,0,0,0,,CALLBACK_RETURN_SENTINEL_OK
p16_hit3_20260801_142116_73395,16,16,robotol.ext,3,3,1,0x30631D,0x30631D,0x80000,0x0,0x2B1868,0x0,2,0,1,0,stop_at_base,0,0,0,,CALLBACK_RETURN_SENTINEL_OK
p16_hit3_20260801_142116_73395,17,17,robotol.ext,3,3,1,0x30631D,0x30631D,0x80000,0x0,0x2B1868,0x0,2,0,1,0,stop_at_base,0,0,0,,CALLBACK_RETURN_SENTINEL_OK
p16_hit3_20260801_142116_73395,18,18,robotol.ext,3,3,1,0x30631D,0x30631D,0x80000,0x0,0x2B1868,0x0,2,0,1,0,stop_at_base,0,0,0,,CALLBACK_RETURN_SENTINEL_OK
p16_hit3_20260801_142116_73395,19,19,robotol.ext,3,3,1,0x30631D,0x30631D,0x80000,0x0,0x2B1868,0x0,2,0,1,0,stop_at_base,0,0,0,,CALLBACK_RETURN_SENTINEL_OK
p16_hit3_20260801_142116_73395,20,20,robotol.ext,3,3,1,0x30631D,0x30631D,0x80000,0x0,0x2B1868,0x0,2,0,1,0,stop_at_base,0,0,0,,CALLBACK_RETURN_SENTINEL_OK
p16_hit3_20260801_142116_73395,21,21,robotol.ext,3,3,1,0x30631D,0x30631D,0x80000,0x0,0x2B1868,0x0,2,0,1,0,stop_at_base,0,0,0,,CALLBACK_RETURN_SENTINEL_OK
p16_hit3_20260801_142116_73395,22,22,robotol.ext,3,3,1,0x30631D,0x30631D,0x80000,0x0,0x2B1868,0x0,2,0,1,0,stop_at_base,0,0,0,,CALLBACK_RETURN_SENTINEL_OK
p16_hit3_20260801_142116_73395,23,23,robotol.ext,3,3,1,0x30631D,0x30631D,0x80000,0x0,0x2B1868,0x0,2,0,1,0,stop_at_base,0,0,0,,CALLBACK_RETURN_SENTINEL_OK
p17_dbg,1,1,robotol.ext,3,3,1,0x30631D,0x30631D,0x80000,0x0,0x2B1868,0x0,2,0,1,0,stop_at_base,0,0,0,,CALLBACK_RETURN_SENTINEL_OK
p17_dbg,2,2,robotol.ext,3,3,1,0x30631D,0x30631D,0x80000,0x0,0x2B1868,0x0,2,0,1,0,stop_at_base,0,0,0,,CALLBACK_RETURN_SENTINEL_OK
p17_dbg,3,3,robotol.ext,3,3,1,0x30631D,0x30631D,0x80000,0x0,0x2B1868,0x0,2,0,1,0,stop_at_base,0,0,0,,CALLBACK_RETURN_SENTINEL_OK
p17_dbg,4,4,robotol.ext,3,3,1,0x30631D,0x30631D,0x80000,0x0,0x2B1868,0x0,2,0,1,0,stop_at_base,0,0,0,,CALLBACK_RETURN_SENTINEL_OK
p17_dbg,5,5,robotol.ext,3,3,1,0x30631D,0x30631D,0x80000,0x0,0x2B1868,0x0,2,0,1,0,stop_at_base,0,0,0,,CALLBACK_RETURN_SENTINEL_OK
p17_dbg,6,6,robotol.ext,3,3,1,0x30631D,0x30631D,0x80000,0x0,0x2B1868,0x0,2,0,1,0,stop_at_base,0,0,0,,CALLBACK_RETURN_SENTINEL_OK
p17_dbg,7,7,robotol.ext,3,3,1,0x30631D,0x30631D,0x80000,0x0,0x2B1868,0x0,2,0,1,0,stop_at_base,0,0,0,,CALLBACK_RETURN_SENTINEL_OK
p17_dbg,8,8,robotol.ext,3,3,1,0x30631D,0x30631D,0x80000,0x0,0x2B1868,0x0,2,0,1,0,stop_at_base,0,0,0,,CALLBACK_RETURN_SENTINEL_OK
p17_dbg,9,9,robotol.ext,3,3,1,0x30631D,0x30631D,0x80000,0x0,0x2B1868,0x0,2,0,1,0,stop_at_base,0,0,0,,CALLBACK_RETURN_SENTINEL_OK
p17_dbg,10,10,robotol.ext,3,3,1,0x30631D,0x30631D,0x80000,0x0,0x2B1868,0x0,2,0,1,0,stop_at_base,0,0,0,,CALLBACK_RETURN_SENTINEL_OK
p17_dbg,11,11,robotol.ext,3,3,1,0x30631D,0x30631D,0x80000,0x0,0x2B1868,0x0,2,0,1,0,stop_at_base,0,0,0,,CALLBACK_RETURN_SENTINEL_OK
p17_dbg,12,12,robotol.ext,3,3,1,0x30631D,0x30631D,0x80000,0x0,0x2B1868,0x0,2,0,1,0,stop_at_base,0,0,0,,CALLBACK_RETURN_SENTINEL_OK
p17_dbg,13,13,robotol.ext,3,3,1,0x30631D,0x30631D,0x80000,0x0,0x2B1868,0x0,2,0,1,0,stop_at_base,0,0,0,,CALLBACK_RETURN_SENTINEL_OK
p17_dbg,14,14,robotol.ext,3,3,1,0x30631D,0x30631D,0x80000,0x0,0x2B1868,0x0,2,0,1,0,stop_at_base,0,0,0,,CALLBACK_RETURN_SENTINEL_OK
p17_dbg,15,15,robotol.ext,3,3,1,0x30631D,0x30631D,0x80000,0x0,0x2B1868,0x0,2,0,1,0,stop_at_base,0,0,0,,CALLBACK_RETURN_SENTINEL_OK
p17_dbg,16,16,robotol.ext,3,3,1,0x30631D,0x30631D,0x80000,0x0,0x2B1868,0x0,2,0,1,0,stop_at_base,0,0,0,,CALLBACK_RETURN_SENTINEL_OK
p17_dbg,17,17,robotol.ext,3,3,1,0x30631D,0x30631D,0x80000,0x0,0x2B1868,0x0,2,0,1,0,stop_at_base,0,0,0,,CALLBACK_RETURN_SENTINEL_OK
p17_dbg,18,18,robotol.ext,3,3,1,0x30631D,0x30631D,0x80000,0x0,0x2B1868,0x0,2,0,1,0,stop_at_base,0,0,0,,CALLBACK_RETURN_SENTINEL_OK
p17_dbg,19,19,robotol.ext,3,3,1,0x30631D,0x30631D,0x80000,0x0,0x2B1868,0x0,2,0,1,0,stop_at_base,0,0,0,,CALLBACK_RETURN_SENTINEL_OK
p17_dbg,20,20,robotol.ext,3,3,1,0x30631D,0x30631D,0x80000,0x0,0x2B1868,0x0,2,0,1,0,stop_at_base,0,0,0,,CALLBACK_RETURN_SENTINEL_OK
p17_dbg,21,21,robotol.ext,3,3,1,0x30631D,0x30631D,0x80000,0x0,0x2B1868,0x0,2,0,1,0,stop_at_base,0,0,0,,CALLBACK_RETURN_SENTINEL_OK
p17_dbg,22,22,robotol.ext,3,3,1,0x30631D,0x30631D,0x80000,0x0,0x2B1868,0x0,2,0,1,0,stop_at_base,0,0,0,,CALLBACK_RETURN_SENTINEL_OK
p17_dbg,23,23,robotol.ext,3,3,1,0x30631D,0x30631D,0x80000,0x0,0x2B1868,0x0,2,0,1,0,stop_at_base,0,0,0,,CALLBACK_RETURN_SENTINEL_OK
p17_dbg,24,24,robotol.ext,3,3,1,0x30631D,0x30631D,0x80000,0x0,0x2B1868,0x0,2,0,1,0,stop_at_base,0,0,0,,CALLBACK_RETURN_SENTINEL_OK
p17_dbg,25,25,robotol.ext,3,3,1,0x30631D,0x30631D,0x80000,0x0,0x2B1868,0x0,2,0,1,0,stop_at_base,0,0,0,,CALLBACK_RETURN_SENTINEL_OK
p17_dbg,26,26,robotol.ext,3,3,1,0x30631D,0x30631D,0x80000,0x0,0x2B1868,0x0,2,0,1,0,stop_at_base,0,0,0,,CALLBACK_RETURN_SENTINEL_OK
p17_dbg,27,27,robotol.ext,3,3,1,0x30631D,0x30631D,0x80000,0x0,0x2B1868,0x0,2,0,1,0,stop_at_base,0,0,0,,CALLBACK_RETURN_SENTINEL_OK
p17_dbg,28,28,robotol.ext,3,3,1,0x30631D,0x30631D,0x80000,0x0,0x2B1868,0x0,2,0,1,0,stop_at_base,0,0,0,,CALLBACK_RETURN_SENTINEL_OK
p17_dbg,29,29,robotol.ext,3,3,1,0x30631D,0x30631D,0x80000,0x0,0x2B1868,0x0,2,0,1,0,stop_at_base,0,0,0,,CALLBACK_RETURN_SENTINEL_OK
p17_dbg,30,30,robotol.ext,3,3,1,0x30631D,0x30631D,0x80000,0x0,0x2B1868,0x0,2,0,1,0,stop_at_base,0,0,0,,CALLBACK_RETURN_SENTINEL_OK
p17_dbg,31,31,robotol.ext,3,3,1,0x30631D,0x30631D,0x80000,0x0,0x2B1868,0x0,2,0,1,0,stop_at_base,0,0,0,,CALLBACK_RETURN_SENTINEL_OK
p17_dbg,32,32,robotol.ext,3,3,1,0x30631D,0x30631D,0x80000,0x0,0x2B1868,0x0,2,0,1,0,stop_at_base,0,0,0,,CALLBACK_RETURN_SENTINEL_OK
p17_dbg,33,33,robotol.ext,3,3,1,0x30631D,0x30631D,0x80000,0x0,0x2B1868,0x0,2,0,1,0,stop_at_base,0,0,0,,CALLBACK_RETURN_SENTINEL_OK
p17_dbg,34,34,robotol.ext,3,3,1,0x30631D,0x30631D,0x80000,0x0,0x2B1868,0x0,2,0,1,0,stop_at_base,0,0,0,,CALLBACK_RETURN_SENTINEL_OK
p17_dbg,35,35,robotol.ext,3,3,1,0x30631D,0x30631D,0x80000,0x0,0x2B1868,0x0,2,0,1,0,stop_at_base,0,0,0,,CALLBACK_RETURN_SENTINEL_OK
p17_dbg,36,36,robotol.ext,3,3,1,0x30631D,0x30631D,0x80000,0x0,0x2B1868,0x0,2,0,1,0,stop_at_base,0,0,0,,CALLBACK_RETURN_SENTINEL_OK
p17_dbg,37,37,robotol.ext,3,3,1,0x30631D,0x30631D,0x80000,0x0,0x2B1868,0x0,2,0,1,0,stop_at_base,0,0,0,,CALLBACK_RETURN_SENTINEL_OK
p17_dbg,38,38,robotol.ext,3,3,1,0x30631D,0x30631D,0x80000,0x0,0x2B1868,0x0,2,0,1,0,stop_at_base,0,0,0,,CALLBACK_RETURN_SENTINEL_OK
p17_dbg,39,39,robotol.ext,3,3,1,0x30631D,0x30631D,0x80000,0x0,0x2B1868,0x0,2,0,1,0,stop_at_base,0,0,0,,CALLBACK_RETURN_SENTINEL_OK
p17_dbg,40,40,robotol.ext,3,3,1,0x30631D,0x30631D,0x80000,0x0,0x2B1868,0x0,2,0,1,0,stop_at_base,0,0,0,,CALLBACK_RETURN_SENTINEL_OK
p17_dbg,41,41,robotol.ext,3,3,1,0x30631D,0x30631D,0x80000,0x0,0x2B1868,0x0,2,0,1,0,stop_at_base,0,0,0,,CALLBACK_RETURN_SENTINEL_OK
p17_dbg,42,42,robotol.ext,3,3,1,0x30631D,0x30631D,0x80000,0x0,0x2B1868,0x0,2,0,1,0,stop_at_base,0,0,0,,CALLBACK_RETURN_SENTINEL_OK
p17_dbg,43,43,robotol.ext,3,3,1,0x30631D,0x30631D,0x80000,0x0,0x2B1868,0x0,2,0,1,0,stop_at_base,0,0,0,,CALLBACK_RETURN_SENTINEL_OK
p17_dbg,44,44,robotol.ext,3,3,1,0x30631D,0x30631D,0x80000,0x0,0x2B1868,0x0,2,0,1,0,stop_at_base,0,0,0,,CALLBACK_RETURN_SENTINEL_OK
p17_dbg,45,45,robotol.ext,3,3,1,0x30631D,0x30631D,0x80000,0x0,0x2B1868,0x0,2,0,1,0,stop_at_base,0,0,0,,CALLBACK_RETURN_SENTINEL_OK
p17_dbg,46,46,robotol.ext,3,3,1,0x30631D,0x30631D,0x80000,0x0,0x2B1868,0x0,2,0,1,0,stop_at_base,0,0,0,,CALLBACK_RETURN_SENTINEL_OK
p17_dbg,47,47,robotol.ext,3,3,1,0x30631D,0x30631D,0x80000,0x0,0x2B1868,0x0,2,0,1,0,stop_at_base,0,0,0,,CALLBACK_RETURN_SENTINEL_OK
p17_dbg,48,48,robotol.ext,3,3,1,0x30631D,0x30631D,0x80000,0x0,0x2B1868,0x0,2,0,1,0,stop_at_base,0,0,0,,CALLBACK_RETURN_SENTINEL_OK
p17_dbg,49,49,robotol.ext,3,3,1,0x30631D,0x30631D,0x80000,0x0,0x2B1868,0x0,2,0,1,0,stop_at_base,0,0,0,,CALLBACK_RETURN_SENTINEL_OK
p17_dbg,50,50,robotol.ext,3,3,1,0x30631D,0x30631D,0x80000,0x0,0x2B1868,0x0,2,0,1,0,stop_at_base,0,0,0,,CALLBACK_RETURN_SENTINEL_OK
p17_dbg,51,51,robotol.ext,3,3,1,0x30631D,0x30631D,0x80000,0x0,0x2B1868,0x0,2,0,1,0,stop_at_base,0,0,0,,CALLBACK_RETURN_SENTINEL_OK
p17_dbg,52,52,robotol.ext,3,3,1,0x30631D,0x30631D,0x80000,0x0,0x2B1868,0x0,2,0,1,0,stop_at_base,0,0,0,,CALLBACK_RETURN_SENTINEL_OK
p17_dbg,53,53,robotol.ext,3,3,1,0x30631D,0x30631D,0x80000,0x0,0x2B1868,0x0,2,0,1,0,stop_at_base,0,0,0,,CALLBACK_RETURN_SENTINEL_OK
p17_dbg,54,54,robotol.ext,3,3,1,0x30631D,0x30631D,0x80000,0x0,0x2B1868,0x0,2,0,1,0,stop_at_base,0,0,0,,CALLBACK_RETURN_SENTINEL_OK
p17_dbg,55,55,robotol.ext,3,3,1,0x30631D,0x30631D,0x80000,0x0,0x2B1868,0x0,2,0,1,0,stop_at_base,0,0,0,,CALLBACK_RETURN_SENTINEL_OK
p17_dbg,56,56,robotol.ext,3,3,1,0x30631D,0x30631D,0x80000,0x0,0x2B1868,0x0,2,0,1,0,stop_at_base,0,0,0,,CALLBACK_RETURN_SENTINEL_OK
p17_dbg,57,57,robotol.ext,3,3,1,0x30631D,0x30631D,0x80000,0x0,0x2B1868,0x0,2,0,1,0,stop_at_base,0,0,0,,CALLBACK_RETURN_SENTINEL_OK
p17_dbg,58,58,robotol.ext,3,3,1,0x30631D,0x30631D,0x80000,0x0,0x2B1868,0x0,2,0,1,0,stop_at_base,0,0,0,,CALLBACK_RETURN_SENTINEL_OK
p17_dbg,59,59,robotol.ext,3,3,1,0x30631D,0x30631D,0x80000,0x0,0x2B1868,0x0,2,0,1,0,stop_at_base,0,0,0,,CALLBACK_RETURN_SENTINEL_OK
p17_dbg,60,60,robotol.ext,3,3,1,0x30631D,0x30631D,0x80000,0x0,0x2B1868,0x0,2,0,1,0,stop_at_base,0,0,0,,CALLBACK_RETURN_SENTINEL_OK
p17_dbg,61,61,robotol.ext,3,3,1,0x30631D,0x30631D,0x80000,0x0,0x2B1868,0x0,2,0,1,0,stop_at_base,0,0,0,,CALLBACK_RETURN_SENTINEL_OK
p17_dbg,62,62,robotol.ext,3,3,1,0x30631D,0x30631D,0x80000,0x0,0x2B1868,0x0,2,0,1,0,stop_at_base,0,0,0,,CALLBACK_RETURN_SENTINEL_OK
p17_dbg,63,63,robotol.ext,3,3,1,0x30631D,0x30631D,0x80000,0x0,0x2B1868,0x0,2,0,1,0,stop_at_base,0,0,0,,CALLBACK_RETURN_SENTINEL_OK
p17_dbg,64,64,robotol.ext,3,3,1,0x30631D,0x30631D,0x80000,0x0,0x2B1868,0x0,2,0,1,0,stop_at_base,0,0,0,,CALLBACK_RETURN_SENTINEL_OK
p17_dbg,65,65,robotol.ext,3,3,1,0x30631D,0x30631D,0x80000,0x0,0x2B1868,0x0,2,0,1,0,stop_at_base,0,0,0,,CALLBACK_RETURN_SENTINEL_OK
p17_dbg,66,66,robotol.ext,3,3,1,0x30631D,0x30631D,0x80000,0x0,0x2B1868,0x0,2,0,1,0,stop_at_base,0,0,0,,CALLBACK_RETURN_SENTINEL_OK
p17_dbg,67,67,robotol.ext,3,3,1,0x30631D,0x30631D,0x80000,0x0,0x2B1868,0x0,2,0,1,0,stop_at_base,0,0,0,,CALLBACK_RETURN_SENTINEL_OK
p17_dbg,68,68,robotol.ext,3,3,1,0x30631D,0x30631D,0x80000,0x0,0x2B1868,0x0,2,0,1,0,stop_at_base,0,0,0,,CALLBACK_RETURN_SENTINEL_OK
p17_dbg,69,69,robotol.ext,3,3,1,0x30631D,0x30631D,0x80000,0x0,0x2B1868,0x0,2,0,1,0,stop_at_base,0,0,0,,CALLBACK_RETURN_SENTINEL_OK
p17_dbg,70,70,robotol.ext,3,3,1,0x30631D,0x30631D,0x80000,0x0,0x2B1868,0x0,2,0,1,0,stop_at_base,0,0,0,,CALLBACK_RETURN_SENTINEL_OK
p17_dbg,71,71,robotol.ext,3,3,1,0x30631D,0x30631D,0x80000,0x0,0x2B1868,0x0,2,0,1,0,stop_at_base,0,0,0,,CALLBACK_RETURN_SENTINEL_OK
p17_hit1_20260801_144222_15364,1,1,robotol.ext,3,3,1,0x30631D,0x30631D,0x80000,0x0,0x2B1868,0x0,2,0,1,0,stop_at_base,0,0,0,,CALLBACK_RETURN_SENTINEL_OK
p17_hit1_20260801_144222_15364,2,2,robotol.ext,3,3,1,0x30631D,0x30631D,0x80000,0x0,0x2B1868,0x0,2,0,1,0,stop_at_base,0,0,0,,CALLBACK_RETURN_SENTINEL_OK
p17_hit1_20260801_144222_15364,3,3,robotol.ext,3,3,1,0x30631D,0x30631D,0x80000,0x0,0x2B1868,0x0,2,0,1,0,stop_at_base,0,0,0,,CALLBACK_RETURN_SENTINEL_OK
p17_hit1_20260801_144222_15364,4,4,robotol.ext,3,3,1,0x30631D,0x30631D,0x80000,0x0,0x2B1868,0x0,2,0,1,0,stop_at_base,0,0,0,,CALLBACK_RETURN_SENTINEL_OK
p17_hit1_20260801_144222_15364,5,5,robotol.ext,3,3,1,0x30631D,0x30631D,0x80000,0x0,0x2B1868,0x0,2,0,1,0,stop_at_base,0,0,0,,CALLBACK_RETURN_SENTINEL_OK
p17_hit1_20260801_144222_15364,6,6,robotol.ext,3,3,1,0x30631D,0x30631D,0x80000,0x0,0x2B1868,0x0,2,0,1,0,stop_at_base,0,0,0,,CALLBACK_RETURN_SENTINEL_OK
p17_hit1_20260801_144222_15364,7,7,robotol.ext,3,3,1,0x30631D,0x30631D,0x80000,0x0,0x2B1868,0x0,2,0,1,0,stop_at_base,0,0,0,,CALLBACK_RETURN_SENTINEL_OK
p17_hit1_20260801_144222_15364,8,8,robotol.ext,3,3,1,0x30631D,0x30631D,0x80000,0x0,0x2B1868,0x0,2,0,1,0,stop_at_base,0,0,0,,CALLBACK_RETURN_SENTINEL_OK
p17_hit1_20260801_144222_15364,9,9,robotol.ext,3,3,1,0x30631D,0x30631D,0x80000,0x0,0x2B1868,0x0,2,0,1,0,stop_at_base,0,0,0,,CALLBACK_RETURN_SENTINEL_OK
p17_hit1_20260801_144222_15364,10,10,robotol.ext,3,3,1,0x30631D,0x30631D,0x80000,0x0,0x2B1868,0x0,2,0,1,0,stop_at_base,0,0,0,,CALLBACK_RETURN_SENTINEL_OK
p17_hit1_20260801_144222_15364,11,11,robotol.ext,3,3,1,0x30631D,0x30631D,0x80000,0x0,0x2B1868,0x0,2,0,1,0,stop_at_base,0,0,0,,CALLBACK_RETURN_SENTINEL_OK
p17_hit1_20260801_144222_15364,12,12,robotol.ext,3,3,1,0x30631D,0x30631D,0x80000,0x0,0x2B1868,0x0,2,0,1,0,stop_at_base,0,0,0,,CALLBACK_RETURN_SENTINEL_OK
p17_hit1_20260801_144222_15364,13,13,robotol.ext,3,3,1,0x30631D,0x30631D,0x80000,0x0,0x2B1868,0x0,2,0,1,0,stop_at_base,0,0,0,,CALLBACK_RETURN_SENTINEL_OK
p17_hit1_20260801_144222_15364,14,14,robotol.ext,3,3,1,0x30631D,0x30631D,0x80000,0x0,0x2B1868,0x0,2,0,1,0,stop_at_base,0,0,0,,CALLBACK_RETURN_SENTINEL_OK
p17_hit1_20260801_144222_15364,15,15,robotol.ext,3,3,1,0x30631D,0x30631D,0x80000,0x0,0x2B1868,0x0,2,0,1,0,stop_at_base,0,0,0,,CALLBACK_RETURN_SENTINEL_OK
p17_hit1_20260801_144222_15364,16,16,robotol.ext,3,3,1,0x30631D,0x30631D,0x80000,0x0,0x2B1868,0x0,2,0,1,0,stop_at_base,0,0,0,,CALLBACK_RETURN_SENTINEL_OK
p17_hit1_20260801_144222_15364,17,17,robotol.ext,3,3,1,0x30631D,0x30631D,0x80000,0x0,0x2B1868,0x0,2,0,1,0,stop_at_base,0,0,0,,CALLBACK_RETURN_SENTINEL_OK
p17_hit1_20260801_144222_15364,18,18,robotol.ext,3,3,1,0x30631D,0x30631D,0x80000,0x0,0x2B1868,0x0,2,0,1,0,stop_at_base,0,0,0,,CALLBACK_RETURN_SENTINEL_OK
p17_hit1_20260801_144222_15364,19,19,robotol.ext,3,3,1,0x30631D,0x30631D,0x80000,0x0,0x2B1868,0x0,2,0,1,0,stop_at_base,0,0,0,,CALLBACK_RETURN_SENTINEL_OK
p17_hit1_20260801_144222_15364,20,20,robotol.ext,3,3,1,0x30631D,0x30631D,0x80000,0x0,0x2B1868,0x0,2,0,1,0,stop_at_base,0,0,0,,CALLBACK_RETURN_SENTINEL_OK
p17_hit1_20260801_144222_15364,21,21,robotol.ext,3,3,1,0x30631D,0x30631D,0x80000,0x0,0x2B1868,0x0,2,0,1,0,stop_at_base,0,0,0,,CALLBACK_RETURN_SENTINEL_OK
p17_hit1_20260801_144222_15364,22,22,robotol.ext,3,3,1,0x30631D,0x30631D,0x80000,0x0,0x2B1868,0x0,2,0,1,0,stop_at_base,0,0,0,,CALLBACK_RETURN_SENTINEL_OK
p17_hit1_20260801_144222_15364,23,23,robotol.ext,3,3,1,0x30631D,0x30631D,0x80000,0x0,0x2B1868,0x0,2,0,1,0,stop_at_base,0,0,0,,CALLBACK_RETURN_SENTINEL_OK
p17_hit1_20260801_144222_15364,24,24,robotol.ext,3,3,1,0x30631D,0x30631D,0x80000,0x0,0x2B1868,0x0,2,0,1,0,stop_at_base,0,0,0,,CALLBACK_RETURN_SENTINEL_OK
p17_hit1_20260801_144222_15364,25,25,robotol.ext,3,3,1,0x30631D,0x30631D,0x80000,0x0,0x2B1868,0x0,2,0,1,0,stop_at_base,0,0,0,,CALLBACK_RETURN_SENTINEL_OK
p17_hit1_20260801_144222_15364,26,26,robotol.ext,3,3,1,0x30631D,0x30631D,0x80000,0x0,0x2B1868,0x0,2,0,1,0,stop_at_base,0,0,0,,CALLBACK_RETURN_SENTINEL_OK
p17_hit1_20260801_144222_15364,27,27,robotol.ext,3,3,1,0x30631D,0x30631D,0x80000,0x0,0x2B1868,0x0,2,0,1,0,stop_at_base,0,0,0,,CALLBACK_RETURN_SENTINEL_OK
p17_hit1_20260801_144222_15364,28,28,robotol.ext,3,3,1,0x30631D,0x30631D,0x80000,0x0,0x2B1868,0x0,2,0,1,0,stop_at_base,0,0,0,,CALLBACK_RETURN_SENTINEL_OK
p17_hit1_20260801_144222_15364,29,29,robotol.ext,3,3,1,0x30631D,0x30631D,0x80000,0x0,0x2B1868,0x0,2,0,1,0,stop_at_base,0,0,0,,CALLBACK_RETURN_SENTINEL_OK
p17_hit1_20260801_144222_15364,30,30,robotol.ext,3,3,1,0x30631D,0x30631D,0x80000,0x0,0x2B1868,0x0,2,0,1,0,stop_at_base,0,0,0,,CALLBACK_RETURN_SENTINEL_OK
p17_hit1_20260801_144222_15364,31,31,robotol.ext,3,3,1,0x30631D,0x30631D,0x80000,0x0,0x2B1868,0x0,2,0,1,0,stop_at_base,0,0,0,,CALLBACK_RETURN_SENTINEL_OK
p17_hit1_20260801_144222_15364,32,32,robotol.ext,3,3,1,0x30631D,0x30631D,0x80000,0x0,0x2B1868,0x0,2,0,1,0,stop_at_base,0,0,0,,CALLBACK_RETURN_SENTINEL_OK
p17_hit1_20260801_144222_15364,33,33,robotol.ext,3,3,1,0x30631D,0x30631D,0x80000,0x0,0x2B1868,0x0,2,0,1,0,stop_at_base,0,0,0,,CALLBACK_RETURN_SENTINEL_OK
p17_hit1_20260801_144222_15364,34,34,robotol.ext,3,3,1,0x30631D,0x30631D,0x80000,0x0,0x2B1868,0x0,2,0,1,0,stop_at_base,0,0,0,,CALLBACK_RETURN_SENTINEL_OK
p17_hit1_20260801_144222_15364,35,35,robotol.ext,3,3,1,0x30631D,0x30631D,0x80000,0x0,0x2B1868,0x0,2,0,1,0,stop_at_base,0,0,0,,CALLBACK_RETURN_SENTINEL_OK
p17_hit1_20260801_144222_15364,36,36,robotol.ext,3,3,1,0x30631D,0x30631D,0x80000,0x0,0x2B1868,0x0,2,0,1,0,stop_at_base,0,0,0,,CALLBACK_RETURN_SENTINEL_OK
p17_hit1_20260801_144222_15364,37,37,robotol.ext,3,3,1,0x30631D,0x30631D,0x80000,0x0,0x2B1868,0x0,2,0,1,0,stop_at_base,0,0,0,,CALLBACK_RETURN_SENTINEL_OK
p17_hit1_20260801_144222_15364,38,38,robotol.ext,3,3,1,0x30631D,0x30631D,0x80000,0x0,0x2B1868,0x0,2,0,1,0,stop_at_base,0,0,0,,CALLBACK_RETURN_SENTINEL_OK
p17_hit1_20260801_144222_15364,39,39,robotol.ext,3,3,1,0x30631D,0x30631D,0x80000,0x0,0x2B1868,0x0,2,0,1,0,stop_at_base,0,0,0,,CALLBACK_RETURN_SENTINEL_OK
p17_hit1_20260801_144222_15364,40,40,robotol.ext,3,3,1,0x30631D,0x30631D,0x80000,0x0,0x2B1868,0x0,2,0,1,0,stop_at_base,0,0,0,,CALLBACK_RETURN_SENTINEL_OK
p17_hit1_20260801_144222_15364,41,41,robotol.ext,3,3,1,0x30631D,0x30631D,0x80000,0x0,0x2B1868,0x0,2,0,1,0,stop_at_base,0,0,0,,CALLBACK_RETURN_SENTINEL_OK
p17_hit1_20260801_144222_15364,42,42,robotol.ext,3,3,1,0x30631D,0x30631D,0x80000,0x0,0x2B1868,0x0,2,0,1,0,stop_at_base,0,0,0,,CALLBACK_RETURN_SENTINEL_OK
p17_hit1_20260801_144222_15364,43,43,robotol.ext,3,3,1,0x30631D,0x30631D,0x80000,0x0,0x2B1868,0x0,2,0,1,0,stop_at_base,0,0,0,,CALLBACK_RETURN_SENTINEL_OK
p17_hit1_20260801_144222_15364,44,44,robotol.ext,3,3,1,0x30631D,0x30631D,0x80000,0x0,0x2B1868,0x0,2,0,1,0,stop_at_base,0,0,0,,CALLBACK_RETURN_SENTINEL_OK
p17_hit1_20260801_144222_15364,45,45,robotol.ext,3,3,1,0x30631D,0x30631D,0x80000,0x0,0x2B1868,0x0,2,0,1,0,stop_at_base,0,0,0,,CALLBACK_RETURN_SENTINEL_OK
p17_hit1_20260801_144222_15364,46,46,robotol.ext,3,3,1,0x30631D,0x30631D,0x80000,0x0,0x2B1868,0x0,2,0,1,0,stop_at_base,0,0,0,,CALLBACK_RETURN_SENTINEL_OK
p17_hit1_20260801_144222_15364,47,47,robotol.ext,3,3,1,0x30631D,0x30631D,0x80000,0x0,0x2B1868,0x0,2,0,1,0,stop_at_base,0,0,0,,CALLBACK_RETURN_SENTINEL_OK
p17_hit1_20260801_144222_15364,48,48,robotol.ext,3,3,1,0x30631D,0x30631D,0x80000,0x0,0x2B1868,0x0,2,0,1,0,stop_at_base,0,0,0,,CALLBACK_RETURN_SENTINEL_OK
p17_hit1_20260801_144222_15364,49,49,robotol.ext,3,3,1,0x30631D,0x30631D,0x80000,0x0,0x2B1868,0x0,2,0,1,0,stop_at_base,0,0,0,,CALLBACK_RETURN_SENTINEL_OK
p17_hit1_20260801_144222_15364,50,50,robotol.ext,3,3,1,0x30631D,0x30631D,0x80000,0x0,0x2B1868,0x0,2,0,1,0,stop_at_base,0,0,0,,CALLBACK_RETURN_SENTINEL_OK
p17_hit1_20260801_144222_15364,51,51,robotol.ext,3,3,1,0x30631D,0x30631D,0x80000,0x0,0x2B1868,0x0,2,0,1,0,stop_at_base,0,0,0,,CALLBACK_RETURN_SENTINEL_OK
p17_hit1_20260801_144222_15364,52,52,robotol.ext,3,3,1,0x30631D,0x30631D,0x80000,0x0,0x2B1868,0x0,2,0,1,0,stop_at_base,0,0,0,,CALLBACK_RETURN_SENTINEL_OK
p17_hit1_20260801_144222_15364,53,53,robotol.ext,3,3,1,0x30631D,0x30631D,0x80000,0x0,0x2B1868,0x0,2,0,1,0,stop_at_base,0,0,0,,CALLBACK_RETURN_SENTINEL_OK
p17_hit1_20260801_144222_15364,54,54,robotol.ext,3,3,1,0x30631D,0x30631D,0x80000,0x0,0x2B1868,0x0,2,0,1,0,stop_at_base,0,0,0,,CALLBACK_RETURN_SENTINEL_OK
p17_hit1_20260801_144222_15364,55,55,robotol.ext,3,3,1,0x30631D,0x30631D,0x80000,0x0,0x2B1868,0x0,2,0,1,0,stop_at_base,0,0,0,,CALLBACK_RETURN_SENTINEL_OK
p17_hit1_20260801_144222_15364,56,56,robotol.ext,3,3,1,0x30631D,0x30631D,0x80000,0x0,0x2B1868,0x0,2,0,1,0,stop_at_base,0,0,0,,CALLBACK_RETURN_SENTINEL_OK
p17_hit1_20260801_144222_15364,57,57,robotol.ext,3,3,1,0x30631D,0x30631D,0x80000,0x0,0x2B1868,0x0,2,0,1,0,stop_at_base,0,0,0,,CALLBACK_RETURN_SENTINEL_OK
p17_hit1_20260801_144222_15364,58,58,robotol.ext,3,3,1,0x30631D,0x30631D,0x80000,0x0,0x2B1868,0x0,2,0,1,0,stop_at_base,0,0,0,,CALLBACK_RETURN_SENTINEL_OK
p17_hit1_20260801_144222_15364,59,59,robotol.ext,3,3,1,0x30631D,0x30631D,0x80000,0x0,0x2B1868,0x0,2,0,1,0,stop_at_base,0,0,0,,CALLBACK_RETURN_SENTINEL_OK
p17_hit1_20260801_144222_15364,60,60,robotol.ext,3,3,1,0x30631D,0x30631D,0x80000,0x0,0x2B1868,0x0,2,0,1,0,stop_at_base,0,0,0,,CALLBACK_RETURN_SENTINEL_OK
p17_hit1_20260801_144222_15364,61,61,robotol.ext,3,3,1,0x30631D,0x30631D,0x80000,0x0,0x2B1868,0x0,2,0,1,0,stop_at_base,0,0,0,,CALLBACK_RETURN_SENTINEL_OK
p17_hit1_20260801_144222_15364,62,62,robotol.ext,3,3,1,0x30631D,0x30631D,0x80000,0x0,0x2B1868,0x0,2,0,1,0,stop_at_base,0,0,0,,CALLBACK_RETURN_SENTINEL_OK
p17_hit1_20260801_144222_15364,63,63,robotol.ext,3,3,1,0x30631D,0x30631D,0x80000,0x0,0x2B1868,0x0,2,0,1,0,stop_at_base,0,0,0,,CALLBACK_RETURN_SENTINEL_OK
p17_hit1_20260801_144222_15364,64,64,robotol.ext,3,3,1,0x30631D,0x30631D,0x80000,0x0,0x2B1868,0x0,2,0,1,0,stop_at_base,0,0,0,,CALLBACK_RETURN_SENTINEL_OK
p17_hit1_20260801_144222_15364,65,65,robotol.ext,3,3,1,0x30631D,0x30631D,0x80000,0x0,0x2B1868,0x0,2,0,1,0,stop_at_base,0,0,0,,CALLBACK_RETURN_SENTINEL_OK
p17_hit1_20260801_144222_15364,66,66,robotol.ext,3,3,1,0x30631D,0x30631D,0x80000,0x0,0x2B1868,0x0,2,0,1,0,stop_at_base,0,0,0,,CALLBACK_RETURN_SENTINEL_OK
p17_hit1_20260801_144222_15364,67,67,robotol.ext,3,3,1,0x30631D,0x30631D,0x80000,0x0,0x2B1868,0x0,2,0,1,0,stop_at_base,0,0,0,,CALLBACK_RETURN_SENTINEL_OK
p17_hit1_20260801_144222_15364,68,68,robotol.ext,3,3,1,0x30631D,0x30631D,0x80000,0x0,0x2B1868,0x0,2,0,1,0,stop_at_base,0,0,0,,CALLBACK_RETURN_SENTINEL_OK
p17_hit1_20260801_144222_15364,69,69,robotol.ext,3,3,1,0x30631D,0x30631D,0x80000,0x0,0x2B1868,0x0,2,0,1,0,stop_at_base,0,0,0,,CALLBACK_RETURN_SENTINEL_OK
p17_hit1_20260801_144222_15364,70,70,robotol.ext,3,3,1,0x30631D,0x30631D,0x80000,0x0,0x2B1868,0x0,2,0,1,0,stop_at_base,0,0,0,,CALLBACK_RETURN_SENTINEL_OK
p17_hit1_20260801_144222_15364,71,71,robotol.ext,3,3,1,0x30631D,0x30631D,0x80000,0x0,0x2B1868,0x0,2,0,1,0,stop_at_base,0,0,0,,CALLBACK_RETURN_SENTINEL_OK
p17_hit1_20260801_144222_15364,72,72,robotol.ext,3,3,1,0x30631D,0x30631D,0x80000,0x0,0x2B1868,0x0,2,0,1,0,stop_at_base,0,0,0,,CALLBACK_RETURN_SENTINEL_OK
p17_hit1_20260801_144222_15364,73,73,robotol.ext,3,3,1,0x30631D,0x30631D,0x80000,0x0,0x2B1868,0x0,2,0,1,0,stop_at_base,0,0,0,,CALLBACK_RETURN_SENTINEL_OK
p17_hit1_20260801_144222_15364,74,74,robotol.ext,3,3,1,0x30631D,0x30631D,0x80000,0x0,0x2B1868,0x0,2,0,1,0,stop_at_base,0,0,0,,CALLBACK_RETURN_SENTINEL_OK
p17_hit1_20260801_144222_15364,75,75,robotol.ext,3,3,1,0x30631D,0x30631D,0x80000,0x0,0x2B1868,0x0,2,0,1,0,stop_at_base,0,0,0,,CALLBACK_RETURN_SENTINEL_OK
p17_hit1_20260801_144222_15364,76,76,robotol.ext,3,3,1,0x30631D,0x30631D,0x80000,0x0,0x2B1868,0x0,2,0,1,0,stop_at_base,0,0,0,,CALLBACK_RETURN_SENTINEL_OK
p17_hit1_20260801_144222_15364,77,77,robotol.ext,3,3,1,0x30631D,0x30631D,0x80000,0x0,0x2B1868,0x0,2,0,1,0,stop_at_base,0,0,0,,CALLBACK_RETURN_SENTINEL_OK
p17_hit1_20260801_144222_15364,78,78,robotol.ext,3,3,1,0x30631D,0x30631D,0x80000,0x0,0x2B1868,0x0,2,0,1,0,stop_at_base,0,0,0,,CALLBACK_RETURN_SENTINEL_OK
p17_hit1_20260801_144222_15364,79,79,robotol.ext,3,3,1,0x30631D,0x30631D,0x80000,0x0,0x2B1868,0x0,2,0,1,0,stop_at_base,0,0,0,,CALLBACK_RETURN_SENTINEL_OK
p17_hit1_20260801_144222_15364,80,80,robotol.ext,3,3,1,0x30631D,0x30631D,0x80000,0x0,0x2B1868,0x0,2,0,1,0,stop_at_base,0,0,0,,CALLBACK_RETURN_SENTINEL_OK
p17_hit1_20260801_144222_15364,81,81,robotol.ext,3,3,1,0x30631D,0x30631D,0x80000,0x0,0x2B1868,0x0,2,0,1,0,stop_at_base,0,0,0,,CALLBACK_RETURN_SENTINEL_OK
p17_hit1_20260801_144222_15364,82,82,robotol.ext,3,3,1,0x30631D,0x30631D,0x80000,0x0,0x2B1868,0x0,2,0,1,0,stop_at_base,0,0,0,,CALLBACK_RETURN_SENTINEL_OK
p17_hit1_20260801_144222_15364,83,83,robotol.ext,3,3,1,0x30631D,0x30631D,0x80000,0x0,0x2B1868,0x0,2,0,1,0,stop_at_base,0,0,0,,CALLBACK_RETURN_SENTINEL_OK
p17_hit1_20260801_144222_15364,84,84,robotol.ext,3,3,1,0x30631D,0x30631D,0x80000,0x0,0x2B1868,0x0,2,0,1,0,stop_at_base,0,0,0,,CALLBACK_RETURN_SENTINEL_OK
p17_hit1_20260801_144222_15364,85,85,robotol.ext,3,3,1,0x30631D,0x30631D,0x80000,0x0,0x2B1868,0x0,2,0,1,0,stop_at_base,0,0,0,,CALLBACK_RETURN_SENTINEL_OK
p17_hit1_20260801_144222_15364,86,86,robotol.ext,3,3,1,0x30631D,0x30631D,0x80000,0x0,0x2B1868,0x0,2,0,1,0,stop_at_base,0,0,0,,CALLBACK_RETURN_SENTINEL_OK
p17_hit1_20260801_144222_15364,87,87,robotol.ext,3,3,1,0x30631D,0x30631D,0x80000,0x0,0x2B1868,0x0,2,0,1,0,stop_at_base,0,0,0,,CALLBACK_RETURN_SENTINEL_OK
p17_hit1_20260801_144222_15364,88,88,robotol.ext,3,3,1,0x30631D,0x30631D,0x80000,0x0,0x2B1868,0x0,2,0,1,0,stop_at_base,0,0,0,,CALLBACK_RETURN_SENTINEL_OK
p17_hit1_20260801_144222_15364,89,89,robotol.ext,3,3,1,0x30631D,0x30631D,0x80000,0x0,0x2B1868,0x0,2,0,1,0,stop_at_base,0,0,0,,CALLBACK_RETURN_SENTINEL_OK
p17_hit1_20260801_144222_15364,90,90,robotol.ext,3,3,1,0x30631D,0x30631D,0x80000,0x0,0x2B1868,0x0,2,0,1,0,stop_at_base,0,0,0,,CALLBACK_RETURN_SENTINEL_OK
p17_hit1_20260801_144222_15364,91,91,robotol.ext,3,3,1,0x30631D,0x30631D,0x80000,0x0,0x2B1868,0x0,2,0,1,0,stop_at_base,0,0,0,,CALLBACK_RETURN_SENTINEL_OK
p17_hit1_20260801_144222_15364,92,92,robotol.ext,3,3,1,0x30631D,0x30631D,0x80000,0x0,0x2B1868,0x0,2,0,1,0,stop_at_base,0,0,0,,CALLBACK_RETURN_SENTINEL_OK
p17_hit1_20260801_144222_15364,93,93,robotol.ext,3,3,1,0x30631D,0x30631D,0x80000,0x0,0x2B1868,0x0,2,0,1,0,stop_at_base,0,0,0,,CALLBACK_RETURN_SENTINEL_OK
p17_hit1_20260801_144222_15364,94,94,robotol.ext,3,3,1,0x30631D,0x30631D,0x80000,0x0,0x2B1868,0x0,2,0,1,0,stop_at_base,0,0,0,,CALLBACK_RETURN_SENTINEL_OK
p17_hit1_20260801_144222_15364,95,95,robotol.ext,3,3,1,0x30631D,0x30631D,0x80000,0x0,0x2B1868,0x0,2,0,1,0,stop_at_base,0,0,0,,CALLBACK_RETURN_SENTINEL_OK
p17_hit1_20260801_144222_15364,96,96,robotol.ext,3,3,1,0x30631D,0x30631D,0x80000,0x0,0x2B1868,0x0,2,0,1,0,stop_at_base,0,0,0,,CALLBACK_RETURN_SENTINEL_OK
p17_hit1_20260801_144222_15364,97,97,robotol.ext,3,3,1,0x30631D,0x30631D,0x80000,0x0,0x2B1868,0x0,2,0,1,0,stop_at_base,0,0,0,,CALLBACK_RETURN_SENTINEL_OK
p17_hit1_20260801_144222_15364,98,98,robotol.ext,3,3,1,0x30631D,0x30631D,0x80000,0x0,0x2B1868,0x0,2,0,1,0,stop_at_base,0,0,0,,CALLBACK_RETURN_SENTINEL_OK
p17_hit1_20260801_144222_15364,99,99,robotol.ext,3,3,1,0x30631D,0x30631D,0x80000,0x0,0x2B1868,0x0,2,0,1,0,stop_at_base,0,0,0,,CALLBACK_RETURN_SENTINEL_OK
p17_hit1_20260801_144222_15364,100,100,robotol.ext,3,3,1,0x30631D,0x30631D,0x80000,0x0,0x2B1868,0x0,2,0,1,0,stop_at_base,0,0,0,,CALLBACK_RETURN_SENTINEL_OK
p17_hit1_20260801_144222_15364,101,101,robotol.ext,3,3,1,0x30631D,0x30631D,0x80000,0x0,0x2B1868,0x0,2,0,1,0,stop_at_base,0,0,0,,CALLBACK_RETURN_SENTINEL_OK
p17_hit1_20260801_144222_15364,102,102,robotol.ext,3,3,1,0x30631D,0x30631D,0x80000,0x0,0x2B1868,0x0,2,0,1,0,stop_at_base,0,0,0,,CALLBACK_RETURN_SENTINEL_OK
p17_hit1_20260801_144222_15364,103,103,robotol.ext,3,3,1,0x30631D,0x30631D,0x80000,0x0,0x2B1868,0x0,2,0,1,0,stop_at_base,0,0,0,,CALLBACK_RETURN_SENTINEL_OK
p17_hit1_20260801_144222_15364,104,104,robotol.ext,3,3,1,0x30631D,0x30631D,0x80000,0x0,0x2B1868,0x0,2,0,1,0,stop_at_base,0,0,0,,CALLBACK_RETURN_SENTINEL_OK
p17_hit1_20260801_144222_15364,105,105,robotol.ext,3,3,1,0x30631D,0x30631D,0x80000,0x0,0x2B1868,0x0,2,0,1,0,stop_at_base,0,0,0,,CALLBACK_RETURN_SENTINEL_OK
p17_hit1_20260801_144222_15364,106,106,robotol.ext,3,3,1,0x30631D,0x30631D,0x80000,0x0,0x2B1868,0x0,2,0,1,0,stop_at_base,0,0,0,,CALLBACK_RETURN_SENTINEL_OK
p17_hit1_20260801_144222_15364,107,107,robotol.ext,3,3,1,0x30631D,0x30631D,0x80000,0x0,0x2B1868,0x0,2,0,1,0,stop_at_base,0,0,0,,CALLBACK_RETURN_SENTINEL_OK
p17_hit1_20260801_144222_15364,108,108,robotol.ext,3,3,1,0x30631D,0x30631D,0x80000,0x0,0x2B1868,0x0,2,0,1,0,stop_at_base,0,0,0,,CALLBACK_RETURN_SENTINEL_OK
p17_hit1_20260801_144222_15364,109,109,robotol.ext,3,3,1,0x30631D,0x30631D,0x80000,0x0,0x2B1868,0x0,2,0,1,0,stop_at_base,0,0,0,,CALLBACK_RETURN_SENTINEL_OK
p17_hit1_20260801_144222_15364,110,110,robotol.ext,3,3,1,0x30631D,0x30631D,0x80000,0x0,0x2B1868,0x0,2,0,1,0,stop_at_base,0,0,0,,CALLBACK_RETURN_SENTINEL_OK
p17_hit1_20260801_144222_15364,111,111,robotol.ext,3,3,1,0x30631D,0x30631D,0x80000,0x0,0x2B1868,0x0,2,0,1,0,stop_at_base,0,0,0,,CALLBACK_RETURN_SENTINEL_OK
p17_hit1_20260801_144222_15364,112,112,robotol.ext,3,3,1,0x30631D,0x30631D,0x80000,0x0,0x2B1868,0x0,2,0,1,0,stop_at_base,0,0,0,,CALLBACK_RETURN_SENTINEL_OK
p17_hit1_20260801_144222_15364,113,113,robotol.ext,3,3,1,0x30631D,0x30631D,0x80000,0x0,0x2B1868,0x0,2,0,1,0,stop_at_base,0,0,0,,CALLBACK_RETURN_SENTINEL_OK
p17_hit1_20260801_144222_15364,114,114,robotol.ext,3,3,1,0x30631D,0x30631D,0x80000,0x0,0x2B1868,0x0,2,0,1,0,stop_at_base,0,0,0,,CALLBACK_RETURN_SENTINEL_OK
p17_hit1_20260801_144222_15364,115,115,robotol.ext,3,3,1,0x30631D,0x30631D,0x80000,0x0,0x2B1868,0x0,2,0,1,0,stop_at_base,0,0,0,,CALLBACK_RETURN_SENTINEL_OK
p17_hit1_20260801_144222_15364,116,116,robotol.ext,3,3,1,0x30631D,0x30631D,0x80000,0x0,0x2B1868,0x0,2,0,1,0,stop_at_base,0,0,0,,CALLBACK_RETURN_SENTINEL_OK
p17_hit1_20260801_144222_15364,117,117,robotol.ext,3,3,1,0x30631D,0x30631D,0x80000,0x0,0x2B1868,0x0,2,0,1,0,stop_at_base,0,0,0,,CALLBACK_RETURN_SENTINEL_OK
p17_hit1_20260801_144222_15364,118,118,robotol.ext,3,3,1,0x30631D,0x30631D,0x80000,0x0,0x2B1868,0x0,2,0,1,0,stop_at_base,0,0,0,,CALLBACK_RETURN_SENTINEL_OK
p17_hit1_20260801_144222_15364,119,119,robotol.ext,3,3,1,0x30631D,0x30631D,0x80000,0x0,0x2B1868,0x0,2,0,1,0,stop_at_base,0,0,0,,CALLBACK_RETURN_SENTINEL_OK
p17_hit1_20260801_144222_15364,120,120,robotol.ext,3,3,1,0x30631D,0x30631D,0x80000,0x0,0x2B1868,0x0,2,0,1,0,stop_at_base,0,0,0,,CALLBACK_RETURN_SENTINEL_OK
p17_hit1_20260801_144222_15364,121,121,robotol.ext,3,3,1,0x30631D,0x30631D,0x80000,0x0,0x2B1868,0x0,2,0,1,0,stop_at_base,0,0,0,,CALLBACK_RETURN_SENTINEL_OK
p17_hit1_20260801_144222_15364,122,122,robotol.ext,3,3,1,0x30631D,0x30631D,0x80000,0x0,0x2B1868,0x0,2,0,1,0,stop_at_base,0,0,0,,CALLBACK_RETURN_SENTINEL_OK
p17_hit1_20260801_144222_15364,123,123,robotol.ext,3,3,1,0x30631D,0x30631D,0x80000,0x0,0x2B1868,0x0,2,0,1,0,stop_at_base,0,0,0,,CALLBACK_RETURN_SENTINEL_OK
p17_hit1_20260801_144222_15364,124,124,robotol.ext,3,3,1,0x30631D,0x30631D,0x80000,0x0,0x2B1868,0x0,2,0,1,0,stop_at_base,0,0,0,,CALLBACK_RETURN_SENTINEL_OK
p17_hit1_20260801_144222_15364,125,125,robotol.ext,3,3,1,0x30631D,0x30631D,0x80000,0x0,0x2B1868,0x0,2,0,1,0,stop_at_base,0,0,0,,CALLBACK_RETURN_SENTINEL_OK
p17_hit1_20260801_144222_15364,126,126,robotol.ext,3,3,1,0x30631D,0x30631D,0x80000,0x0,0x2B1868,0x0,2,0,1,0,stop_at_base,0,0,0,,CALLBACK_RETURN_SENTINEL_OK
p17_hit1_20260801_144222_15364,127,127,robotol.ext,3,3,1,0x30631D,0x30631D,0x80000,0x0,0x2B1868,0x0,2,0,1,0,stop_at_base,0,0,0,,CALLBACK_RETURN_SENTINEL_OK
p17_hit1_20260801_144222_15364,128,128,robotol.ext,3,3,1,0x30631D,0x30631D,0x80000,0x0,0x2B1868,0x0,2,0,1,0,stop_at_base,0,0,0,,CALLBACK_RETURN_SENTINEL_OK
p17_hit1_20260801_144222_15364,129,129,robotol.ext,3,3,1,0x30631D,0x30631D,0x80000,0x0,0x2B1868,0x0,2,0,1,0,stop_at_base,0,0,0,,CALLBACK_RETURN_SENTINEL_OK
p17_hit1_20260801_144222_15364,130,130,robotol.ext,3,3,1,0x30631D,0x30631D,0x80000,0x0,0x2B1868,0x0,2,0,1,0,stop_at_base,0,0,0,,CALLBACK_RETURN_SENTINEL_OK
p17_hit1_20260801_144222_15364,131,131,robotol.ext,3,3,1,0x30631D,0x30631D,0x80000,0x0,0x2B1868,0x0,2,0,1,0,stop_at_base,0,0,0,,CALLBACK_RETURN_SENTINEL_OK
p17_hit1_20260801_144222_15364,132,132,robotol.ext,3,3,1,0x30631D,0x30631D,0x80000,0x0,0x2B1868,0x0,2,0,1,0,stop_at_base,0,0,0,,CALLBACK_RETURN_SENTINEL_OK
p17_hit1_20260801_144222_15364,133,133,robotol.ext,3,3,1,0x30631D,0x30631D,0x80000,0x0,0x2B1868,0x0,2,0,1,0,stop_at_base,0,0,0,,CALLBACK_RETURN_SENTINEL_OK
p17_hit1_20260801_144222_15364,134,134,robotol.ext,3,3,1,0x30631D,0x30631D,0x80000,0x0,0x2B1868,0x0,2,0,1,0,stop_at_base,0,0,0,,CALLBACK_RETURN_SENTINEL_OK
p17_hit1_20260801_144222_15364,135,135,robotol.ext,3,3,1,0x30631D,0x30631D,0x80000,0x0,0x2B1868,0x0,2,0,1,0,stop_at_base,0,0,0,,CALLBACK_RETURN_SENTINEL_OK
p17_hit1_20260801_144222_15364,136,136,robotol.ext,3,3,1,0x30631D,0x30631D,0x80000,0x0,0x2B1868,0x0,2,0,1,0,stop_at_base,0,0,0,,CALLBACK_RETURN_SENTINEL_OK
p17_hit1_20260801_144222_15364,137,137,robotol.ext,3,3,1,0x30631D,0x30631D,0x80000,0x0,0x2B1868,0x0,2,0,1,0,stop_at_base,0,0,0,,CALLBACK_RETURN_SENTINEL_OK
p17_hit1_20260801_144222_15364,138,138,robotol.ext,3,3,1,0x30631D,0x30631D,0x80000,0x0,0x2B1868,0x0,2,0,1,0,stop_at_base,0,0,0,,CALLBACK_RETURN_SENTINEL_OK
p17_hit1_20260801_144222_15364,139,139,robotol.ext,3,3,1,0x30631D,0x30631D,0x80000,0x0,0x2B1868,0x0,2,0,1,0,stop_at_base,0,0,0,,CALLBACK_RETURN_SENTINEL_OK
p17_hit1_20260801_144222_15364,140,140,robotol.ext,3,3,1,0x30631D,0x30631D,0x80000,0x0,0x2B1868,0x0,2,0,1,0,stop_at_base,0,0,0,,CALLBACK_RETURN_SENTINEL_OK
p17_hit1_20260801_144222_15364,141,141,robotol.ext,3,3,1,0x30631D,0x30631D,0x80000,0x0,0x2B1868,0x0,2,0,1,0,stop_at_base,0,0,0,,CALLBACK_RETURN_SENTINEL_OK
p17_hit1_20260801_144222_15364,142,142,robotol.ext,3,3,1,0x30631D,0x30631D,0x80000,0x0,0x2B1868,0x0,2,0,1,0,stop_at_base,0,0,0,,CALLBACK_RETURN_SENTINEL_OK
p17_hit1_20260801_144222_15364,143,143,robotol.ext,3,3,1,0x30631D,0x30631D,0x80000,0x0,0x2B1868,0x0,2,0,1,0,stop_at_base,0,0,0,,CALLBACK_RETURN_SENTINEL_OK
p17_hit1_20260801_144222_15364,144,144,robotol.ext,3,3,1,0x30631D,0x30631D,0x80000,0x0,0x2B1868,0x0,2,0,1,0,stop_at_base,0,0,0,,CALLBACK_RETURN_SENTINEL_OK
p17_hit1_20260801_144222_15364,145,145,robotol.ext,3,3,1,0x30631D,0x30631D,0x80000,0x0,0x2B1868,0x0,2,0,1,0,stop_at_base,0,0,0,,CALLBACK_RETURN_SENTINEL_OK
p17_hit1_20260801_144222_15364,146,146,robotol.ext,3,3,1,0x30631D,0x30631D,0x80000,0x0,0x2B1868,0x0,2,0,1,0,stop_at_base,0,0,0,,CALLBACK_RETURN_SENTINEL_OK
p17_hit1_20260801_144222_15364,147,147,robotol.ext,3,3,1,0x30631D,0x30631D,0x80000,0x0,0x2B1868,0x0,2,0,1,0,stop_at_base,0,0,0,,CALLBACK_RETURN_SENTINEL_OK
p17_hit1_20260801_144222_15364,148,148,robotol.ext,3,3,1,0x30631D,0x30631D,0x80000,0x0,0x2B1868,0x0,2,0,1,0,stop_at_base,0,0,0,,CALLBACK_RETURN_SENTINEL_OK
p17_hit1_20260801_144222_15364,149,149,robotol.ext,3,3,1,0x30631D,0x30631D,0x80000,0x0,0x2B1868,0x0,2,0,1,0,stop_at_base,0,0,0,,CALLBACK_RETURN_SENTINEL_OK
p17_hit1_20260801_144222_15364,150,150,robotol.ext,3,3,1,0x30631D,0x30631D,0x80000,0x0,0x2B1868,0x0,2,0,1,0,stop_at_base,0,0,0,,CALLBACK_RETURN_SENTINEL_OK
p17_hit1_20260801_144222_15364,151,151,robotol.ext,3,3,1,0x30631D,0x30631D,0x80000,0x0,0x2B1868,0x0,2,0,1,0,stop_at_base,0,0,0,,CALLBACK_RETURN_SENTINEL_OK
p17_hit1_20260801_144222_15364,152,152,robotol.ext,3,3,1,0x30631D,0x30631D,0x80000,0x0,0x2B1868,0x0,2,0,1,0,stop_at_base,0,0,0,,CALLBACK_RETURN_SENTINEL_OK
p17_hit1_20260801_144222_15364,153,153,robotol.ext,3,3,1,0x30631D,0x30631D,0x80000,0x0,0x2B1868,0x0,2,0,1,0,stop_at_base,0,0,0,,CALLBACK_RETURN_SENTINEL_OK
p17_hit1_20260801_144222_15364,154,154,robotol.ext,3,3,1,0x30631D,0x30631D,0x80000,0x0,0x2B1868,0x0,2,0,1,0,stop_at_base,0,0,0,,CALLBACK_RETURN_SENTINEL_OK
p17_hit1_20260801_144222_15364,155,155,robotol.ext,3,3,1,0x30631D,0x30631D,0x80000,0x0,0x2B1868,0x0,2,0,1,0,stop_at_base,0,0,0,,CALLBACK_RETURN_SENTINEL_OK
p17_hit1_20260801_144222_15364,156,156,robotol.ext,3,3,1,0x30631D,0x30631D,0x80000,0x0,0x2B1868,0x0,2,0,1,0,stop_at_base,0,0,0,,CALLBACK_RETURN_SENTINEL_OK
p17_hit1_20260801_144222_15364,157,157,robotol.ext,3,3,1,0x30631D,0x30631D,0x80000,0x0,0x2B1868,0x0,2,0,1,0,stop_at_base,0,0,0,,CALLBACK_RETURN_SENTINEL_OK
p17_hit1_20260801_144222_15364,158,158,robotol.ext,3,3,1,0x30631D,0x30631D,0x80000,0x0,0x2B1868,0x0,2,0,1,0,stop_at_base,0,0,0,,CALLBACK_RETURN_SENTINEL_OK
p17_hit1_20260801_144222_15364,159,159,robotol.ext,3,3,1,0x30631D,0x30631D,0x80000,0x0,0x2B1868,0x0,2,0,1,0,stop_at_base,0,0,0,,CALLBACK_RETURN_SENTINEL_OK
p17_hit1_20260801_144222_15364,160,160,robotol.ext,3,3,1,0x30631D,0x30631D,0x80000,0x0,0x2B1868,0x0,2,0,1,0,stop_at_base,0,0,0,,CALLBACK_RETURN_SENTINEL_OK
p17_hit1_20260801_144222_15364,161,161,robotol.ext,3,3,1,0x30631D,0x30631D,0x80000,0x0,0x2B1868,0x0,2,0,1,0,stop_at_base,0,0,0,,CALLBACK_RETURN_SENTINEL_OK
p17_hit1_20260801_144222_15364,162,162,robotol.ext,3,3,1,0x30631D,0x30631D,0x80000,0x0,0x2B1868,0x0,2,0,1,0,stop_at_base,0,0,0,,CALLBACK_RETURN_SENTINEL_OK
p17_hit1_20260801_144222_15364,163,163,robotol.ext,3,3,1,0x30631D,0x30631D,0x80000,0x0,0x2B1868,0x0,2,0,1,0,stop_at_base,0,0,0,,CALLBACK_RETURN_SENTINEL_OK
p17_hit1_20260801_144222_15364,164,164,robotol.ext,3,3,1,0x30631D,0x30631D,0x80000,0x0,0x2B1868,0x0,2,0,1,0,stop_at_base,0,0,0,,CALLBACK_RETURN_SENTINEL_OK
p17_hit1_20260801_144222_15364,165,165,robotol.ext,3,3,1,0x30631D,0x30631D,0x80000,0x0,0x2B1868,0x0,2,0,1,0,stop_at_base,0,0,0,,CALLBACK_RETURN_SENTINEL_OK
p17_hit1_20260801_144222_15364,166,166,robotol.ext,3,3,1,0x30631D,0x30631D,0x80000,0x0,0x2B1868,0x0,2,0,1,0,stop_at_base,0,0,0,,CALLBACK_RETURN_SENTINEL_OK
p17_hit1_20260801_144222_15364,167,167,robotol.ext,3,3,1,0x30631D,0x30631D,0x80000,0x0,0x2B1868,0x0,2,0,1,0,stop_at_base,0,0,0,,CALLBACK_RETURN_SENTINEL_OK
p17_hit1_20260801_144222_15364,168,168,robotol.ext,3,3,1,0x30631D,0x30631D,0x80000,0x0,0x2B1868,0x0,2,0,1,0,stop_at_base,0,0,0,,CALLBACK_RETURN_SENTINEL_OK
p17_hit1_20260801_144222_15364,169,169,robotol.ext,3,3,1,0x30631D,0x30631D,0x80000,0x0,0x2B1868,0x0,2,0,1,0,stop_at_base,0,0,0,,CALLBACK_RETURN_SENTINEL_OK
p17_hit1_20260801_144222_15364,170,170,robotol.ext,3,3,1,0x30631D,0x30631D,0x80000,0x0,0x2B1868,0x0,2,0,1,0,stop_at_base,0,0,0,,CALLBACK_RETURN_SENTINEL_OK
p17_hit1_20260801_144222_15364,171,171,robotol.ext,3,3,1,0x30631D,0x30631D,0x80000,0x0,0x2B1868,0x0,2,0,1,0,stop_at_base,0,0,0,,CALLBACK_RETURN_SENTINEL_OK
p17_hit1_20260801_144222_15364,172,172,robotol.ext,3,3,1,0x30631D,0x30631D,0x80000,0x0,0x2B1868,0x0,2,0,1,0,stop_at_base,0,0,0,,CALLBACK_RETURN_SENTINEL_OK
p17_hit1_20260801_144222_15364,173,173,robotol.ext,3,3,1,0x30631D,0x30631D,0x80000,0x0,0x2B1868,0x0,2,0,1,0,stop_at_base,0,0,0,,CALLBACK_RETURN_SENTINEL_OK
p17_hit1_20260801_144222_15364,174,174,robotol.ext,3,3,1,0x30631D,0x30631D,0x80000,0x0,0x2B1868,0x0,2,0,1,0,stop_at_base,0,0,0,,CALLBACK_RETURN_SENTINEL_OK
p17_hit1_20260801_144222_15364,175,175,robotol.ext,3,3,1,0x30631D,0x30631D,0x80000,0x0,0x2B1868,0x0,2,0,1,0,stop_at_base,0,0,0,,CALLBACK_RETURN_SENTINEL_OK
p17_hit1_20260801_144222_15364,176,176,robotol.ext,3,3,1,0x30631D,0x30631D,0x80000,0x0,0x2B1868,0x0,2,0,1,0,stop_at_base,0,0,0,,CALLBACK_RETURN_SENTINEL_OK
p17_hit1_20260801_144222_15364,177,177,robotol.ext,3,3,1,0x30631D,0x30631D,0x80000,0x0,0x2B1868,0x0,2,0,1,0,stop_at_base,0,0,0,,CALLBACK_RETURN_SENTINEL_OK
p17_hit1_20260801_144222_15364,178,178,robotol.ext,3,3,1,0x30631D,0x30631D,0x80000,0x0,0x2B1868,0x0,2,0,1,0,stop_at_base,0,0,0,,CALLBACK_RETURN_SENTINEL_OK
p17_hit1_20260801_144222_15364,179,179,robotol.ext,3,3,1,0x30631D,0x30631D,0x80000,0x0,0x2B1868,0x0,2,0,1,0,stop_at_base,0,0,0,,CALLBACK_RETURN_SENTINEL_OK
p17_hit1_20260801_144222_15364,180,180,robotol.ext,3,3,1,0x30631D,0x30631D,0x80000,0x0,0x2B1868,0x0,2,0,1,0,stop_at_base,0,0,0,,CALLBACK_RETURN_SENTINEL_OK
p17_hit1_20260801_144222_15364,181,181,robotol.ext,3,3,1,0x30631D,0x30631D,0x80000,0x0,0x2B1868,0x0,2,0,1,0,stop_at_base,0,0,0,,CALLBACK_RETURN_SENTINEL_OK
p17_hit1_20260801_144222_15364,182,182,robotol.ext,3,3,1,0x30631D,0x30631D,0x80000,0x0,0x2B1868,0x0,2,0,1,0,stop_at_base,0,0,0,,CALLBACK_RETURN_SENTINEL_OK
p17_hit1_20260801_144222_15364,183,183,robotol.ext,3,3,1,0x30631D,0x30631D,0x80000,0x0,0x2B1868,0x0,2,0,1,0,stop_at_base,0,0,0,,CALLBACK_RETURN_SENTINEL_OK
p17_hit1_20260801_144222_15364,184,184,robotol.ext,3,3,1,0x30631D,0x30631D,0x80000,0x0,0x2B1868,0x0,2,0,1,0,stop_at_base,0,0,0,,CALLBACK_RETURN_SENTINEL_OK
p17_hit1_20260801_144222_15364,185,185,robotol.ext,3,3,1,0x30631D,0x30631D,0x80000,0x0,0x2B1868,0x0,2,0,1,0,stop_at_base,0,0,0,,CALLBACK_RETURN_SENTINEL_OK
p17_hit1_20260801_144222_15364,186,186,robotol.ext,3,3,1,0x30631D,0x30631D,0x80000,0x0,0x2B1868,0x0,2,0,1,0,stop_at_base,0,0,0,,CALLBACK_RETURN_SENTINEL_OK
p17_hit1_20260801_144222_15364,187,187,robotol.ext,3,3,1,0x30631D,0x30631D,0x80000,0x0,0x2B1868,0x0,2,0,1,0,stop_at_base,0,0,0,,CALLBACK_RETURN_SENTINEL_OK
p17_hit1_20260801_144222_15364,188,188,robotol.ext,3,3,1,0x30631D,0x30631D,0x80000,0x0,0x2B1868,0x0,2,0,1,0,stop_at_base,0,0,0,,CALLBACK_RETURN_SENTINEL_OK
p17_hit1_20260801_144222_15364,189,189,robotol.ext,3,3,1,0x30631D,0x30631D,0x80000,0x0,0x2B1868,0x0,2,0,1,0,stop_at_base,0,0,0,,CALLBACK_RETURN_SENTINEL_OK
p17_hit1_20260801_144222_15364,190,190,robotol.ext,3,3,1,0x30631D,0x30631D,0x80000,0x0,0x2B1868,0x0,2,0,1,0,stop_at_base,0,0,0,,CALLBACK_RETURN_SENTINEL_OK
p17_hit1_20260801_144222_15364,191,191,robotol.ext,3,3,1,0x30631D,0x30631D,0x80000,0x0,0x2B1868,0x0,2,0,1,0,stop_at_base,0,0,0,,CALLBACK_RETURN_SENTINEL_OK
p17_hit1_20260801_144222_15364,192,192,robotol.ext,3,3,1,0x30631D,0x30631D,0x80000,0x0,0x2B1868,0x0,2,0,1,0,stop_at_base,0,0,0,,CALLBACK_RETURN_SENTINEL_OK
p17_hit1_20260801_144222_15364,193,193,robotol.ext,3,3,1,0x30631D,0x30631D,0x80000,0x0,0x2B1868,0x0,2,0,1,0,stop_at_base,0,0,0,,CALLBACK_RETURN_SENTINEL_OK
p17_hit1_20260801_144222_15364,194,194,robotol.ext,3,3,1,0x30631D,0x30631D,0x80000,0x0,0x2B1868,0x0,2,0,1,0,stop_at_base,0,0,0,,CALLBACK_RETURN_SENTINEL_OK
p17_hit1_20260801_144222_15364,195,195,robotol.ext,3,3,1,0x30631D,0x30631D,0x80000,0x0,0x2B1868,0x0,2,0,1,0,stop_at_base,0,0,0,,CALLBACK_RETURN_SENTINEL_OK
p17_hit1_20260801_144222_15364,196,196,robotol.ext,3,3,1,0x30631D,0x30631D,0x80000,0x0,0x2B1868,0x0,2,0,1,0,stop_at_base,0,0,0,,CALLBACK_RETURN_SENTINEL_OK
p17_hit1_20260801_144222_15364,197,197,robotol.ext,3,3,1,0x30631D,0x30631D,0x80000,0x0,0x2B1868,0x0,2,0,1,0,stop_at_base,0,0,0,,CALLBACK_RETURN_SENTINEL_OK
p17_hit1_20260801_144222_15364,198,198,robotol.ext,3,3,1,0x30631D,0x30631D,0x80000,0x0,0x2B1868,0x0,2,0,1,0,stop_at_base,0,0,0,,CALLBACK_RETURN_SENTINEL_OK
p17_hit1_20260801_144222_15364,199,199,robotol.ext,3,3,1,0x30631D,0x30631D,0x80000,0x0,0x2B1868,0x0,2,0,1,0,stop_at_base,0,0,0,,CALLBACK_RETURN_SENTINEL_OK
p17_hit1_20260801_144222_15364,200,200,robotol.ext,3,3,1,0x30631D,0x30631D,0x80000,0x0,0x2B1868,0x0,2,0,1,0,stop_at_base,0,0,0,,CALLBACK_RETURN_SENTINEL_OK
p17_hit1_20260801_144222_15364,201,201,robotol.ext,3,3,1,0x30631D,0x30631D,0x80000,0x0,0x2B1868,0x0,2,0,1,0,stop_at_base,0,0,0,,CALLBACK_RETURN_SENTINEL_OK
p17_hit1_20260801_144222_15364,202,202,robotol.ext,3,3,1,0x30631D,0x30631D,0x80000,0x0,0x2B1868,0x0,2,0,1,0,stop_at_base,0,0,0,,CALLBACK_RETURN_SENTINEL_OK
p17_hit1_20260801_144222_15364,203,203,robotol.ext,3,3,1,0x30631D,0x30631D,0x80000,0x0,0x2B1868,0x0,2,0,1,0,stop_at_base,0,0,0,,CALLBACK_RETURN_SENTINEL_OK
p17_hit1_20260801_144222_15364,204,204,robotol.ext,3,3,1,0x30631D,0x30631D,0x80000,0x0,0x2B1868,0x0,2,0,1,0,stop_at_base,0,0,0,,CALLBACK_RETURN_SENTINEL_OK
p17_hit1_20260801_144222_15364,205,205,robotol.ext,3,3,1,0x30631D,0x30631D,0x80000,0x0,0x2B1868,0x0,2,0,1,0,stop_at_base,0,0,0,,CALLBACK_RETURN_SENTINEL_OK
p17_hit1_20260801_144222_15364,206,206,robotol.ext,3,3,1,0x30631D,0x30631D,0x80000,0x0,0x2B1868,0x0,2,0,1,0,stop_at_base,0,0,0,,CALLBACK_RETURN_SENTINEL_OK
p17_hit1_20260801_144222_15364,207,207,robotol.ext,3,3,1,0x30631D,0x30631D,0x80000,0x0,0x2B1868,0x0,2,0,1,0,stop_at_base,0,0,0,,CALLBACK_RETURN_SENTINEL_OK
p17_hit1_20260801_144222_15364,208,208,robotol.ext,3,3,1,0x30631D,0x30631D,0x80000,0x0,0x2B1868,0x0,2,0,1,0,stop_at_base,0,0,0,,CALLBACK_RETURN_SENTINEL_OK
p17_hit1_20260801_144222_15364,209,209,robotol.ext,3,3,1,0x30631D,0x30631D,0x80000,0x0,0x2B1868,0x0,2,0,1,0,stop_at_base,0,0,0,,CALLBACK_RETURN_SENTINEL_OK
p17_hit1_20260801_144222_15364,210,210,robotol.ext,3,3,1,0x30631D,0x30631D,0x80000,0x0,0x2B1868,0x0,2,0,1,0,stop_at_base,0,0,0,,CALLBACK_RETURN_SENTINEL_OK
p17_hit1_20260801_144222_15364,211,211,robotol.ext,3,3,1,0x30631D,0x30631D,0x80000,0x0,0x2B1868,0x0,2,0,1,0,stop_at_base,0,0,0,,CALLBACK_RETURN_SENTINEL_OK
p17_hit1_20260801_144222_15364,212,212,robotol.ext,3,3,1,0x30631D,0x30631D,0x80000,0x0,0x2B1868,0x0,2,0,1,0,stop_at_base,0,0,0,,CALLBACK_RETURN_SENTINEL_OK
p17_hit1_20260801_144222_15364,213,213,robotol.ext,3,3,1,0x30631D,0x30631D,0x80000,0x0,0x2B1868,0x0,2,0,1,0,stop_at_base,0,0,0,,CALLBACK_RETURN_SENTINEL_OK
p17_hit1_20260801_144222_15364,214,214,robotol.ext,3,3,1,0x30631D,0x30631D,0x80000,0x0,0x2B1868,0x0,2,0,1,0,stop_at_base,0,0,0,,CALLBACK_RETURN_SENTINEL_OK
p17_hit1_20260801_144222_15364,215,215,robotol.ext,3,3,1,0x30631D,0x30631D,0x80000,0x0,0x2B1868,0x0,2,0,1,0,stop_at_base,0,0,0,,CALLBACK_RETURN_SENTINEL_OK
p17_hit1_20260801_144222_15364,216,216,robotol.ext,3,3,1,0x30631D,0x30631D,0x80000,0x0,0x2B1868,0x0,2,0,1,0,stop_at_base,0,0,0,,CALLBACK_RETURN_SENTINEL_OK
p17_hit1_20260801_144222_15364,217,217,robotol.ext,3,3,1,0x30631D,0x30631D,0x80000,0x0,0x2B1868,0x0,2,0,1,0,stop_at_base,0,0,0,,CALLBACK_RETURN_SENTINEL_OK
p17_hit1_20260801_144222_15364,218,218,robotol.ext,3,3,1,0x30631D,0x30631D,0x80000,0x0,0x2B1868,0x0,2,0,1,0,stop_at_base,0,0,0,,CALLBACK_RETURN_SENTINEL_OK
p17_hit1_20260801_144222_15364,219,219,robotol.ext,3,3,1,0x30631D,0x30631D,0x80000,0x0,0x2B1868,0x0,2,0,1,0,stop_at_base,0,0,0,,CALLBACK_RETURN_SENTINEL_OK
p17_hit1_20260801_144222_15364,220,220,robotol.ext,3,3,1,0x30631D,0x30631D,0x80000,0x0,0x2B1868,0x0,2,0,1,0,stop_at_base,0,0,0,,CALLBACK_RETURN_SENTINEL_OK
p17_hit1_20260801_144222_15364,221,221,robotol.ext,3,3,1,0x30631D,0x30631D,0x80000,0x0,0x2B1868,0x0,2,0,1,0,stop_at_base,0,0,0,,CALLBACK_RETURN_SENTINEL_OK
p17_hit1_20260801_144222_15364,222,222,robotol.ext,3,3,1,0x30631D,0x30631D,0x80000,0x0,0x2B1868,0x0,2,0,1,0,stop_at_base,0,0,0,,CALLBACK_RETURN_SENTINEL_OK
p17_hit1_20260801_144222_15364,223,223,robotol.ext,3,3,1,0x30631D,0x30631D,0x80000,0x0,0x2B1868,0x0,2,0,1,0,stop_at_base,0,0,0,,CALLBACK_RETURN_SENTINEL_OK
p17_hit1_20260801_144222_15364,224,224,robotol.ext,3,3,1,0x30631D,0x30631D,0x80000,0x0,0x2B1868,0x0,2,0,1,0,stop_at_base,0,0,0,,CALLBACK_RETURN_SENTINEL_OK
p17_hit1_20260801_144222_15364,225,225,robotol.ext,3,3,1,0x30631D,0x30631D,0x80000,0x0,0x2B1868,0x0,2,0,1,0,stop_at_base,0,0,0,,CALLBACK_RETURN_SENTINEL_OK
p17_hit1_20260801_144222_15364,226,226,robotol.ext,3,3,1,0x30631D,0x30631D,0x80000,0x0,0x2B1868,0x0,2,0,1,0,stop_at_base,0,0,0,,CALLBACK_RETURN_SENTINEL_OK
p17_hit1_20260801_144222_15364,227,227,robotol.ext,3,3,1,0x30631D,0x30631D,0x80000,0x0,0x2B1868,0x0,2,0,1,0,stop_at_base,0,0,0,,CALLBACK_RETURN_SENTINEL_OK
p17_hit1_20260801_144222_15364,228,228,robotol.ext,3,3,1,0x30631D,0x30631D,0x80000,0x0,0x2B1868,0x0,2,0,1,0,stop_at_base,0,0,0,,CALLBACK_RETURN_SENTINEL_OK
p17_hit1_20260801_144222_15364,229,229,robotol.ext,3,3,1,0x30631D,0x30631D,0x80000,0x0,0x2B1868,0x0,2,0,1,0,stop_at_base,0,0,0,,CALLBACK_RETURN_SENTINEL_OK
p17_hit1_20260801_144222_15364,230,230,robotol.ext,3,3,1,0x30631D,0x30631D,0x80000,0x0,0x2B1868,0x0,2,0,1,0,stop_at_base,0,0,0,,CALLBACK_RETURN_SENTINEL_OK
p17_hit1_20260801_144222_15364,231,231,robotol.ext,3,3,1,0x30631D,0x30631D,0x80000,0x0,0x2B1868,0x0,2,0,1,0,stop_at_base,0,0,0,,CALLBACK_RETURN_SENTINEL_OK
p17_hit1_20260801_144222_15364,232,232,robotol.ext,3,3,1,0x30631D,0x30631D,0x80000,0x0,0x2B1868,0x0,2,0,1,0,stop_at_base,0,0,0,,CALLBACK_RETURN_SENTINEL_OK
p17_hit1_20260801_144222_15364,233,233,robotol.ext,3,3,1,0x30631D,0x30631D,0x80000,0x0,0x2B1868,0x0,2,0,1,0,stop_at_base,0,0,0,,CALLBACK_RETURN_SENTINEL_OK
p17_hit1_20260801_144222_15364,234,234,robotol.ext,3,3,1,0x30631D,0x30631D,0x80000,0x0,0x2B1868,0x0,2,0,1,0,stop_at_base,0,0,0,,CALLBACK_RETURN_SENTINEL_OK
p17_hit1_20260801_144222_15364,235,235,robotol.ext,3,3,1,0x30631D,0x30631D,0x80000,0x0,0x2B1868,0x0,2,0,1,0,stop_at_base,0,0,0,,CALLBACK_RETURN_SENTINEL_OK
p17_hit1_20260801_144222_15364,236,236,robotol.ext,3,3,1,0x30631D,0x30631D,0x80000,0x0,0x2B1868,0x0,2,0,1,0,stop_at_base,0,0,0,,CALLBACK_RETURN_SENTINEL_OK
p17_hit1_20260801_144222_15364,237,237,robotol.ext,3,3,1,0x30631D,0x30631D,0x80000,0x0,0x2B1868,0x0,2,0,1,0,stop_at_base,0,0,0,,CALLBACK_RETURN_SENTINEL_OK
p17_hit1_20260801_144222_15364,238,238,robotol.ext,3,3,1,0x30631D,0x30631D,0x80000,0x0,0x2B1868,0x0,2,0,1,0,stop_at_base,0,0,0,,CALLBACK_RETURN_SENTINEL_OK
p17_hit1_20260801_144222_15364,239,239,robotol.ext,3,3,1,0x30631D,0x30631D,0x80000,0x0,0x2B1868,0x0,2,0,1,0,stop_at_base,0,0,0,,CALLBACK_RETURN_SENTINEL_OK
p17_hit1_20260801_144222_15364,240,240,robotol.ext,3,3,1,0x30631D,0x30631D,0x80000,0x0,0x2B1868,0x0,2,0,1,0,stop_at_base,0,0,0,,CALLBACK_RETURN_SENTINEL_OK
p17_hit1_20260801_144222_15364,241,241,robotol.ext,3,3,1,0x30631D,0x30631D,0x80000,0x0,0x2B1868,0x0,2,0,1,0,stop_at_base,0,0,0,,CALLBACK_RETURN_SENTINEL_OK
p17_hit1_20260801_144222_15364,242,242,robotol.ext,3,3,1,0x30631D,0x30631D,0x80000,0x0,0x2B1868,0x0,2,0,1,0,stop_at_base,0,0,0,,CALLBACK_RETURN_SENTINEL_OK
p17_hit1_20260801_144222_15364,243,243,robotol.ext,3,3,1,0x30631D,0x30631D,0x80000,0x0,0x2B1868,0x0,2,0,1,0,stop_at_base,0,0,0,,CALLBACK_RETURN_SENTINEL_OK
p17_hit1_20260801_144222_15364,244,244,robotol.ext,3,3,1,0x30631D,0x30631D,0x80000,0x0,0x2B1868,0x0,2,0,1,0,stop_at_base,0,0,0,,CALLBACK_RETURN_SENTINEL_OK
p17_hit1_20260801_144222_15364,245,245,robotol.ext,3,3,1,0x30631D,0x30631D,0x80000,0x0,0x2B1868,0x0,2,0,1,0,stop_at_base,0,0,0,,CALLBACK_RETURN_SENTINEL_OK
p17_hit1_20260801_144222_15364,246,246,robotol.ext,3,3,1,0x30631D,0x30631D,0x80000,0x0,0x2B1868,0x0,2,0,1,0,stop_at_base,0,0,0,,CALLBACK_RETURN_SENTINEL_OK
p17_hit1_20260801_144222_15364,247,247,robotol.ext,3,3,1,0x30631D,0x30631D,0x80000,0x0,0x2B1868,0x0,2,0,1,0,stop_at_base,0,0,0,,CALLBACK_RETURN_SENTINEL_OK
p17_hit1_20260801_144222_15364,248,248,robotol.ext,3,3,1,0x30631D,0x30631D,0x80000,0x0,0x2B1868,0x0,2,0,1,0,stop_at_base,0,0,0,,CALLBACK_RETURN_SENTINEL_OK
p17_hit1_20260801_144222_15364,249,249,robotol.ext,3,3,1,0x30631D,0x30631D,0x80000,0x0,0x2B1868,0x0,2,0,1,0,stop_at_base,0,0,0,,CALLBACK_RETURN_SENTINEL_OK
p17_hit1_20260801_144222_15364,250,250,robotol.ext,3,3,1,0x30631D,0x30631D,0x80000,0x0,0x2B1868,0x0,2,0,1,0,stop_at_base,0,0,0,,CALLBACK_RETURN_SENTINEL_OK
p17_hit1_20260801_144222_15364,251,251,robotol.ext,3,3,1,0x30631D,0x30631D,0x80000,0x0,0x2B1868,0x0,2,0,1,0,stop_at_base,0,0,0,,CALLBACK_RETURN_SENTINEL_OK
p17_hit1_20260801_144222_15364,252,252,robotol.ext,3,3,1,0x30631D,0x30631D,0x80000,0x0,0x2B1868,0x0,2,0,1,0,stop_at_base,0,0,0,,CALLBACK_RETURN_SENTINEL_OK
p17_hit1_20260801_144222_15364,253,253,robotol.ext,3,3,1,0x30631D,0x30631D,0x80000,0x0,0x2B1868,0x0,2,0,1,0,stop_at_base,0,0,0,,CALLBACK_RETURN_SENTINEL_OK
p17_hit1_20260801_144222_15364,254,254,robotol.ext,3,3,1,0x30631D,0x30631D,0x80000,0x0,0x2B1868,0x0,2,0,1,0,stop_at_base,0,0,0,,CALLBACK_RETURN_SENTINEL_OK
p17_hit1_20260801_144222_15364,255,255,robotol.ext,3,3,1,0x30631D,0x30631D,0x80000,0x0,0x2B1868,0x0,2,0,1,0,stop_at_base,0,0,0,,CALLBACK_RETURN_SENTINEL_OK
p17_hit1_20260801_144222_15364,256,256,robotol.ext,3,3,1,0x30631D,0x30631D,0x80000,0x0,0x2B1868,0x0,2,0,1,0,stop_at_base,0,0,0,,CALLBACK_RETURN_SENTINEL_OK
p17_hit1_20260801_144222_15364,257,257,robotol.ext,3,3,1,0x30631D,0x30631D,0x80000,0x0,0x2B1868,0x0,2,0,1,0,stop_at_base,0,0,0,,CALLBACK_RETURN_SENTINEL_OK
p17_hit1_20260801_144222_15364,258,258,robotol.ext,3,3,1,0x30631D,0x30631D,0x80000,0x0,0x2B1868,0x0,2,0,1,0,stop_at_base,0,0,0,,CALLBACK_RETURN_SENTINEL_OK
p17_hit1_20260801_144222_15364,259,259,robotol.ext,3,3,1,0x30631D,0x30631D,0x80000,0x0,0x2B1868,0x0,2,0,1,0,stop_at_base,0,0,0,,CALLBACK_RETURN_SENTINEL_OK
p17_hit1_20260801_144222_15364,260,260,robotol.ext,3,3,1,0x30631D,0x30631D,0x80000,0x0,0x2B1868,0x0,2,0,1,0,stop_at_base,0,0,0,,CALLBACK_RETURN_SENTINEL_OK
p17_hit1_20260801_144222_15364,261,261,robotol.ext,3,3,1,0x30631D,0x30631D,0x80000,0x0,0x2B1868,0x0,2,0,1,0,stop_at_base,0,0,0,,CALLBACK_RETURN_SENTINEL_OK
p17_hit1_20260801_144222_15364,262,262,robotol.ext,3,3,1,0x30631D,0x30631D,0x80000,0x0,0x2B1868,0x0,2,0,1,0,stop_at_base,0,0,0,,CALLBACK_RETURN_SENTINEL_OK
p17_hit1_20260801_144222_15364,263,263,robotol.ext,3,3,1,0x30631D,0x30631D,0x80000,0x0,0x2B1868,0x0,2,0,1,0,stop_at_base,0,0,0,,CALLBACK_RETURN_SENTINEL_OK
p17_hit1_20260801_144222_15364,264,264,robotol.ext,3,3,1,0x30631D,0x30631D,0x80000,0x0,0x2B1868,0x0,2,0,1,0,stop_at_base,0,0,0,,CALLBACK_RETURN_SENTINEL_OK
p17_hit1_20260801_144222_15364,265,265,robotol.ext,3,3,1,0x30631D,0x30631D,0x80000,0x0,0x2B1868,0x0,2,0,1,0,stop_at_base,0,0,0,,CALLBACK_RETURN_SENTINEL_OK
p17_hit1_20260801_144222_15364,266,266,robotol.ext,3,3,1,0x30631D,0x30631D,0x80000,0x0,0x2B1868,0x0,2,0,1,0,stop_at_base,0,0,0,,CALLBACK_RETURN_SENTINEL_OK
p17_hit1_20260801_144222_15364,267,267,robotol.ext,3,3,1,0x30631D,0x30631D,0x80000,0x0,0x2B1868,0x0,2,0,1,0,stop_at_base,0,0,0,,CALLBACK_RETURN_SENTINEL_OK
p17_hit1_20260801_144222_15364,268,268,robotol.ext,3,3,1,0x30631D,0x30631D,0x80000,0x0,0x2B1868,0x0,2,0,1,0,stop_at_base,0,0,0,,CALLBACK_RETURN_SENTINEL_OK
p17_hit1_20260801_144222_15364,269,269,robotol.ext,3,3,1,0x30631D,0x30631D,0x80000,0x0,0x2B1868,0x0,2,0,1,0,stop_at_base,0,0,0,,CALLBACK_RETURN_SENTINEL_OK
p17_hit1_20260801_144222_15364,270,270,robotol.ext,3,3,1,0x30631D,0x30631D,0x80000,0x0,0x2B1868,0x0,2,0,1,0,stop_at_base,0,0,0,,CALLBACK_RETURN_SENTINEL_OK
p17_hit1_20260801_144222_15364,271,271,robotol.ext,3,3,1,0x30631D,0x30631D,0x80000,0x0,0x2B1868,0x0,2,0,1,0,stop_at_base,0,0,0,,CALLBACK_RETURN_SENTINEL_OK
p17_hit1_20260801_144222_15364,272,272,robotol.ext,3,3,1,0x30631D,0x30631D,0x80000,0x0,0x2B1868,0x0,2,0,1,0,stop_at_base,0,0,0,,CALLBACK_RETURN_SENTINEL_OK
p17_hit1_20260801_144222_15364,273,273,robotol.ext,3,3,1,0x30631D,0x30631D,0x80000,0x0,0x2B1868,0x0,2,0,1,0,stop_at_base,0,0,0,,CALLBACK_RETURN_SENTINEL_OK
p17_hit1_20260801_144222_15364,274,274,robotol.ext,3,3,1,0x30631D,0x30631D,0x80000,0x0,0x2B1868,0x0,2,0,1,0,stop_at_base,0,0,0,,CALLBACK_RETURN_SENTINEL_OK
p17_hit1_20260801_144222_15364,275,275,robotol.ext,3,3,1,0x30631D,0x30631D,0x80000,0x0,0x2B1868,0x0,2,0,1,0,stop_at_base,0,0,0,,CALLBACK_RETURN_SENTINEL_OK
p17_hit1_20260801_144222_15364,276,276,robotol.ext,3,3,1,0x30631D,0x30631D,0x80000,0x0,0x2B1868,0x0,2,0,1,0,stop_at_base,0,0,0,,CALLBACK_RETURN_SENTINEL_OK
p17_hit1_20260801_144222_15364,277,277,robotol.ext,3,3,1,0x30631D,0x30631D,0x80000,0x0,0x2B1868,0x0,2,0,1,0,stop_at_base,0,0,0,,CALLBACK_RETURN_SENTINEL_OK
p17_hit1_20260801_144222_15364,278,278,robotol.ext,3,3,1,0x30631D,0x30631D,0x80000,0x0,0x2B1868,0x0,2,0,1,0,stop_at_base,0,0,0,,CALLBACK_RETURN_SENTINEL_OK
p17_hit1_20260801_144222_15364,279,279,robotol.ext,3,3,1,0x30631D,0x30631D,0x80000,0x0,0x2B1868,0x0,2,0,1,0,stop_at_base,0,0,0,,CALLBACK_RETURN_SENTINEL_OK
p17_hit1_20260801_144222_15364,280,280,robotol.ext,3,3,1,0x30631D,0x30631D,0x80000,0x0,0x2B1868,0x0,2,0,1,0,stop_at_base,0,0,0,,CALLBACK_RETURN_SENTINEL_OK
p17_hit1_20260801_144222_15364,281,281,robotol.ext,3,3,1,0x30631D,0x30631D,0x80000,0x0,0x2B1868,0x0,2,0,1,0,stop_at_base,0,0,0,,CALLBACK_RETURN_SENTINEL_OK
p17_hit1_20260801_144222_15364,282,282,robotol.ext,3,3,1,0x30631D,0x30631D,0x80000,0x0,0x2B1868,0x0,2,0,1,0,stop_at_base,0,0,0,,CALLBACK_RETURN_SENTINEL_OK
p17_hit1_20260801_144222_15364,283,283,robotol.ext,3,3,1,0x30631D,0x30631D,0x80000,0x0,0x2B1868,0x0,2,0,1,0,stop_at_base,0,0,0,,CALLBACK_RETURN_SENTINEL_OK
p17_hit1_20260801_144222_15364,284,284,robotol.ext,3,3,1,0x30631D,0x30631D,0x80000,0x0,0x2B1868,0x0,2,0,1,0,stop_at_base,0,0,0,,CALLBACK_RETURN_SENTINEL_OK
p17_hit1_20260801_144222_15364,285,285,robotol.ext,3,3,1,0x30631D,0x30631D,0x80000,0x0,0x2B1868,0x0,2,0,1,0,stop_at_base,0,0,0,,CALLBACK_RETURN_SENTINEL_OK
p17_hit1_20260801_144222_15364,286,286,robotol.ext,3,3,1,0x30631D,0x30631D,0x80000,0x0,0x2B1868,0x0,2,0,1,0,stop_at_base,0,0,0,,CALLBACK_RETURN_SENTINEL_OK
p17_hit1_20260801_144222_15364,287,287,robotol.ext,3,3,1,0x30631D,0x30631D,0x80000,0x0,0x2B1868,0x0,2,0,1,0,stop_at_base,0,0,0,,CALLBACK_RETURN_SENTINEL_OK
p17_hit1_20260801_144222_15364,288,288,robotol.ext,3,3,1,0x30631D,0x30631D,0x80000,0x0,0x2B1868,0x0,2,0,1,0,stop_at_base,0,0,0,,CALLBACK_RETURN_SENTINEL_OK
p17_hit1_20260801_144222_15364,289,289,robotol.ext,3,3,1,0x30631D,0x30631D,0x80000,0x0,0x2B1868,0x0,2,0,1,0,stop_at_base,0,0,0,,CALLBACK_RETURN_SENTINEL_OK
p17_hit1_20260801_144222_15364,290,290,robotol.ext,3,3,1,0x30631D,0x30631D,0x80000,0x0,0x2B1868,0x0,2,0,1,0,stop_at_base,0,0,0,,CALLBACK_RETURN_SENTINEL_OK
p17_hit1_20260801_144222_15364,291,291,robotol.ext,3,3,1,0x30631D,0x30631D,0x80000,0x0,0x2B1868,0x0,2,0,1,0,stop_at_base,0,0,0,,CALLBACK_RETURN_SENTINEL_OK
p17_hit1_20260801_144222_15364,292,292,robotol.ext,3,3,1,0x30631D,0x30631D,0x80000,0x0,0x2B1868,0x0,2,0,1,0,stop_at_base,0,0,0,,CALLBACK_RETURN_SENTINEL_OK
p17_hit1_20260801_144222_15364,293,293,robotol.ext,3,3,1,0x30631D,0x30631D,0x80000,0x0,0x2B1868,0x0,2,0,1,0,stop_at_base,0,0,0,,CALLBACK_RETURN_SENTINEL_OK
p17_hit1_20260801_144222_15364,294,294,robotol.ext,3,3,1,0x30631D,0x30631D,0x80000,0x0,0x2B1868,0x0,2,0,1,0,stop_at_base,0,0,0,,CALLBACK_RETURN_SENTINEL_OK
p17_hit1_20260801_144222_15364,295,295,robotol.ext,3,3,1,0x30631D,0x30631D,0x80000,0x0,0x2B1868,0x0,2,0,1,0,stop_at_base,0,0,0,,CALLBACK_RETURN_SENTINEL_OK
p17_hit1_20260801_144222_15364,296,296,robotol.ext,3,3,1,0x30631D,0x30631D,0x80000,0x0,0x2B1868,0x0,2,0,1,0,stop_at_base,0,0,0,,CALLBACK_RETURN_SENTINEL_OK
p17_hit1_20260801_144222_15364,297,297,robotol.ext,3,3,1,0x30631D,0x30631D,0x80000,0x0,0x2B1868,0x0,2,0,1,0,stop_at_base,0,0,0,,CALLBACK_RETURN_SENTINEL_OK
p17_hit1_20260801_144222_15364,298,298,robotol.ext,3,3,1,0x30631D,0x30631D,0x80000,0x0,0x2B1868,0x0,2,0,1,0,stop_at_base,0,0,0,,CALLBACK_RETURN_SENTINEL_OK
p17_hit1_20260801_144222_15364,299,299,robotol.ext,3,3,1,0x30631D,0x30631D,0x80000,0x0,0x2B1868,0x0,2,0,1,0,stop_at_base,0,0,0,,CALLBACK_RETURN_SENTINEL_OK
p17_hit1_20260801_144222_15364,300,300,robotol.ext,3,3,1,0x30631D,0x30631D,0x80000,0x0,0x2B1868,0x0,2,0,1,0,stop_at_base,0,0,0,,CALLBACK_RETURN_SENTINEL_OK
p17_hit1_20260801_144222_15364,301,301,robotol.ext,3,3,1,0x30631D,0x30631D,0x80000,0x0,0x2B1868,0x0,2,0,1,0,stop_at_base,0,0,0,,CALLBACK_RETURN_SENTINEL_OK
p17_hit1_20260801_144222_15364,302,302,robotol.ext,3,3,1,0x30631D,0x30631D,0x80000,0x0,0x2B1868,0x0,2,0,1,0,stop_at_base,0,0,0,,CALLBACK_RETURN_SENTINEL_OK
p17_hit1_20260801_144222_15364,303,303,robotol.ext,3,3,1,0x30631D,0x30631D,0x80000,0x0,0x2B1868,0x0,2,0,1,0,stop_at_base,0,0,0,,CALLBACK_RETURN_SENTINEL_OK
p17_hit1_20260801_144222_15364,304,304,robotol.ext,3,3,1,0x30631D,0x30631D,0x80000,0x0,0x2B1868,0x0,2,0,1,0,stop_at_base,0,0,0,,CALLBACK_RETURN_SENTINEL_OK
p17_hit1_20260801_144222_15364,305,305,robotol.ext,3,3,1,0x30631D,0x30631D,0x80000,0x0,0x2B1868,0x0,2,0,1,0,stop_at_base,0,0,0,,CALLBACK_RETURN_SENTINEL_OK
p17_hit1_20260801_144222_15364,306,306,robotol.ext,3,3,1,0x30631D,0x30631D,0x80000,0x0,0x2B1868,0x0,2,0,1,0,stop_at_base,0,0,0,,CALLBACK_RETURN_SENTINEL_OK
p17_hit1_20260801_144222_15364,307,307,robotol.ext,3,3,1,0x30631D,0x30631D,0x80000,0x0,0x2B1868,0x0,2,0,1,0,stop_at_base,0,0,0,,CALLBACK_RETURN_SENTINEL_OK
p17_hit1_20260801_144222_15364,308,308,robotol.ext,3,3,1,0x30631D,0x30631D,0x80000,0x0,0x2B1868,0x0,2,0,1,0,stop_at_base,0,0,0,,CALLBACK_RETURN_SENTINEL_OK
p17_hit1_20260801_144222_15364,309,309,robotol.ext,3,3,1,0x30631D,0x30631D,0x80000,0x0,0x2B1868,0x0,2,0,1,0,stop_at_base,0,0,0,,CALLBACK_RETURN_SENTINEL_OK
p17_hit1_20260801_144222_15364,310,310,robotol.ext,3,3,1,0x30631D,0x30631D,0x80000,0x0,0x2B1868,0x0,2,0,1,0,stop_at_base,0,0,0,,CALLBACK_RETURN_SENTINEL_OK
p17_hit1_20260801_144222_15364,311,311,robotol.ext,3,3,1,0x30631D,0x30631D,0x80000,0x0,0x2B1868,0x0,2,0,1,0,stop_at_base,0,0,0,,CALLBACK_RETURN_SENTINEL_OK
p17_hit1_20260801_144222_15364,312,312,robotol.ext,3,3,1,0x30631D,0x30631D,0x80000,0x0,0x2B1868,0x0,2,0,1,0,stop_at_base,0,0,0,,CALLBACK_RETURN_SENTINEL_OK
p17_hit1_20260801_144222_15364,313,313,robotol.ext,3,3,1,0x30631D,0x30631D,0x80000,0x0,0x2B1868,0x0,2,0,1,0,stop_at_base,0,0,0,,CALLBACK_RETURN_SENTINEL_OK
p17_hit1_20260801_144222_15364,314,314,robotol.ext,3,3,1,0x30631D,0x30631D,0x80000,0x0,0x2B1868,0x0,2,0,1,0,stop_at_base,0,0,0,,CALLBACK_RETURN_SENTINEL_OK
p17_hit1_20260801_144222_15364,315,315,robotol.ext,3,3,1,0x30631D,0x30631D,0x80000,0x0,0x2B1868,0x0,2,0,1,0,stop_at_base,0,0,0,,CALLBACK_RETURN_SENTINEL_OK
p17_hit1_20260801_144222_15364,316,316,robotol.ext,3,3,1,0x30631D,0x30631D,0x80000,0x0,0x2B1868,0x0,2,0,1,0,stop_at_base,0,0,0,,CALLBACK_RETURN_SENTINEL_OK
p17_hit1_20260801_144222_15364,317,317,robotol.ext,3,3,1,0x30631D,0x30631D,0x80000,0x0,0x2B1868,0x0,2,0,1,0,stop_at_base,0,0,0,,CALLBACK_RETURN_SENTINEL_OK
p17_hit1_20260801_144222_15364,318,318,robotol.ext,3,3,1,0x30631D,0x30631D,0x80000,0x0,0x2B1868,0x0,2,0,1,0,stop_at_base,0,0,0,,CALLBACK_RETURN_SENTINEL_OK
p17_hit1_20260801_144222_15364,319,319,robotol.ext,3,3,1,0x30631D,0x30631D,0x80000,0x0,0x2B1868,0x0,2,0,1,0,stop_at_base,0,0,0,,CALLBACK_RETURN_SENTINEL_OK
p17_hit1_20260801_144222_15364,320,320,robotol.ext,3,3,1,0x30631D,0x30631D,0x80000,0x0,0x2B1868,0x0,2,0,1,0,stop_at_base,0,0,0,,CALLBACK_RETURN_SENTINEL_OK
p17_hit1_20260801_144222_15364,321,321,robotol.ext,3,3,1,0x30631D,0x30631D,0x80000,0x0,0x2B1868,0x0,2,0,1,0,stop_at_base,0,0,0,,CALLBACK_RETURN_SENTINEL_OK
p17_hit1_20260801_144222_15364,322,322,robotol.ext,3,3,1,0x30631D,0x30631D,0x80000,0x0,0x2B1868,0x0,2,0,1,0,stop_at_base,0,0,0,,CALLBACK_RETURN_SENTINEL_OK
p17_hit1_20260801_144222_15364,323,323,robotol.ext,3,3,1,0x30631D,0x30631D,0x80000,0x0,0x2B1868,0x0,2,0,1,0,stop_at_base,0,0,0,,CALLBACK_RETURN_SENTINEL_OK
p17_hit1_20260801_144222_15364,324,324,robotol.ext,3,3,1,0x30631D,0x30631D,0x80000,0x0,0x2B1868,0x0,2,0,1,0,stop_at_base,0,0,0,,CALLBACK_RETURN_SENTINEL_OK
p17_hit1_20260801_144222_15364,325,325,robotol.ext,3,3,1,0x30631D,0x30631D,0x80000,0x0,0x2B1868,0x0,2,0,1,0,stop_at_base,0,0,0,,CALLBACK_RETURN_SENTINEL_OK
p17_hit1_20260801_144222_15364,326,326,robotol.ext,3,3,1,0x30631D,0x30631D,0x80000,0x0,0x2B1868,0x0,2,0,1,0,stop_at_base,0,0,0,,CALLBACK_RETURN_SENTINEL_OK
p17_hit1_20260801_144222_15364,327,327,robotol.ext,3,3,1,0x30631D,0x30631D,0x80000,0x0,0x2B1868,0x0,2,0,1,0,stop_at_base,0,0,0,,CALLBACK_RETURN_SENTINEL_OK
p17_hit1_20260801_144222_15364,328,328,robotol.ext,3,3,1,0x30631D,0x30631D,0x80000,0x0,0x2B1868,0x0,2,0,1,0,stop_at_base,0,0,0,,CALLBACK_RETURN_SENTINEL_OK
p17_hit1_20260801_144222_15364,329,329,robotol.ext,3,3,1,0x30631D,0x30631D,0x80000,0x0,0x2B1868,0x0,2,0,1,0,stop_at_base,0,0,0,,CALLBACK_RETURN_SENTINEL_OK
p17_hit1_20260801_144222_15364,330,330,robotol.ext,3,3,1,0x30631D,0x30631D,0x80000,0x0,0x2B1868,0x0,2,0,1,0,stop_at_base,0,0,0,,CALLBACK_RETURN_SENTINEL_OK
p17_hit1_20260801_144222_15364,331,331,robotol.ext,3,3,1,0x30631D,0x30631D,0x80000,0x0,0x2B1868,0x0,2,0,1,0,stop_at_base,0,0,0,,CALLBACK_RETURN_SENTINEL_OK
p17_hit1_20260801_144222_15364,332,332,robotol.ext,3,3,1,0x30631D,0x30631D,0x80000,0x0,0x2B1868,0x0,2,0,1,0,stop_at_base,0,0,0,,CALLBACK_RETURN_SENTINEL_OK
p17_hit1_20260801_144222_15364,333,333,robotol.ext,3,3,1,0x30631D,0x30631D,0x80000,0x0,0x2B1868,0x0,2,0,1,0,stop_at_base,0,0,0,,CALLBACK_RETURN_SENTINEL_OK
p17_hit1_20260801_144222_15364,334,334,robotol.ext,3,3,1,0x30631D,0x30631D,0x80000,0x0,0x2B1868,0x0,2,0,1,0,stop_at_base,0,0,0,,CALLBACK_RETURN_SENTINEL_OK
p17_hit1_20260801_144222_15364,335,335,robotol.ext,3,3,1,0x30631D,0x30631D,0x80000,0x0,0x2B1868,0x0,2,0,1,0,stop_at_base,0,0,0,,CALLBACK_RETURN_SENTINEL_OK
p17_hit1_20260801_144222_15364,336,336,robotol.ext,3,3,1,0x30631D,0x30631D,0x80000,0x0,0x2B1868,0x0,2,0,1,0,stop_at_base,0,0,0,,CALLBACK_RETURN_SENTINEL_OK
p17_hit1_20260801_144222_15364,337,337,robotol.ext,3,3,1,0x30631D,0x30631D,0x80000,0x0,0x2B1868,0x0,2,0,1,0,stop_at_base,0,0,0,,CALLBACK_RETURN_SENTINEL_OK
p17_hit1_20260801_144222_15364,338,338,robotol.ext,3,3,1,0x30631D,0x30631D,0x80000,0x0,0x2B1868,0x0,2,0,1,0,stop_at_base,0,0,0,,CALLBACK_RETURN_SENTINEL_OK
p17_hit1_20260801_144222_15364,339,339,robotol.ext,3,3,1,0x30631D,0x30631D,0x80000,0x0,0x2B1868,0x0,2,0,1,0,stop_at_base,0,0,0,,CALLBACK_RETURN_SENTINEL_OK
p17_hit1_20260801_144222_15364,340,340,robotol.ext,3,3,1,0x30631D,0x30631D,0x80000,0x0,0x2B1868,0x0,2,0,1,0,stop_at_base,0,0,0,,CALLBACK_RETURN_SENTINEL_OK
p17_hit1_20260801_144222_15364,341,341,robotol.ext,3,3,1,0x30631D,0x30631D,0x80000,0x0,0x2B1868,0x0,2,0,1,0,stop_at_base,0,0,0,,CALLBACK_RETURN_SENTINEL_OK
p17_hit1_20260801_144222_15364,342,342,robotol.ext,3,3,1,0x30631D,0x30631D,0x80000,0x0,0x2B1868,0x0,2,0,1,0,stop_at_base,0,0,0,,CALLBACK_RETURN_SENTINEL_OK
p17_hit1_20260801_144222_15364,343,343,robotol.ext,3,3,1,0x30631D,0x30631D,0x80000,0x0,0x2B1868,0x0,2,0,1,0,stop_at_base,0,0,0,,CALLBACK_RETURN_SENTINEL_OK
p17_hit1_20260801_144222_15364,344,344,robotol.ext,3,3,1,0x30631D,0x30631D,0x80000,0x0,0x2B1868,0x0,2,0,1,0,stop_at_base,0,0,0,,CALLBACK_RETURN_SENTINEL_OK
p17_hit1_20260801_144222_15364,345,345,robotol.ext,3,3,1,0x30631D,0x30631D,0x80000,0x0,0x2B1868,0x0,2,0,1,0,stop_at_base,0,0,0,,CALLBACK_RETURN_SENTINEL_OK
p17_hit1_20260801_144222_15364,346,346,robotol.ext,3,3,1,0x30631D,0x30631D,0x80000,0x0,0x2B1868,0x0,2,0,1,0,stop_at_base,0,0,0,,CALLBACK_RETURN_SENTINEL_OK
p17_hit1_20260801_144222_15364,347,347,robotol.ext,3,3,1,0x30631D,0x30631D,0x80000,0x0,0x2B1868,0x0,2,0,1,0,stop_at_base,0,0,0,,CALLBACK_RETURN_SENTINEL_OK
p17_hit1_20260801_144222_15364,348,348,robotol.ext,3,3,1,0x30631D,0x30631D,0x80000,0x0,0x2B1868,0x0,2,0,1,0,stop_at_base,0,0,0,,CALLBACK_RETURN_SENTINEL_OK
p17_hit1_20260801_144222_15364,349,349,robotol.ext,3,3,1,0x30631D,0x30631D,0x80000,0x0,0x2B1868,0x0,2,0,1,0,stop_at_base,0,0,0,,CALLBACK_RETURN_SENTINEL_OK
p17_hit1_20260801_144222_15364,350,350,robotol.ext,3,3,1,0x30631D,0x30631D,0x80000,0x0,0x2B1868,0x0,2,0,1,0,stop_at_base,0,0,0,,CALLBACK_RETURN_SENTINEL_OK
p17_hit1_20260801_144222_15364,351,351,robotol.ext,3,3,1,0x30631D,0x30631D,0x80000,0x0,0x2B1868,0x0,2,0,1,0,stop_at_base,0,0,0,,CALLBACK_RETURN_SENTINEL_OK
p17_hit1_20260801_144222_15364,352,352,robotol.ext,3,3,1,0x30631D,0x30631D,0x80000,0x0,0x2B1868,0x0,2,0,1,0,stop_at_base,0,0,0,,CALLBACK_RETURN_SENTINEL_OK
p17_hit1_20260801_144222_15364,353,353,robotol.ext,3,3,1,0x30631D,0x30631D,0x80000,0x0,0x2B1868,0x0,2,0,1,0,stop_at_base,0,0,0,,CALLBACK_RETURN_SENTINEL_OK
p17_hit1_20260801_144222_15364,354,354,robotol.ext,3,3,1,0x30631D,0x30631D,0x80000,0x0,0x2B1868,0x0,2,0,1,0,stop_at_base,0,0,0,,CALLBACK_RETURN_SENTINEL_OK
p17_hit1_20260801_144222_15364,355,355,robotol.ext,3,3,1,0x30631D,0x30631D,0x80000,0x0,0x2B1868,0x0,2,0,1,0,stop_at_base,0,0,0,,CALLBACK_RETURN_SENTINEL_OK
p17_hit1_20260801_144222_15364,356,356,robotol.ext,3,3,1,0x30631D,0x30631D,0x80000,0x0,0x2B1868,0x0,2,0,1,0,stop_at_base,0,0,0,,CALLBACK_RETURN_SENTINEL_OK
p17_hit1_20260801_144222_15364,357,357,robotol.ext,3,3,1,0x30631D,0x30631D,0x80000,0x0,0x2B1868,0x0,2,0,1,0,stop_at_base,0,0,0,,CALLBACK_RETURN_SENTINEL_OK
p17_hit1_20260801_144222_15364,358,358,robotol.ext,3,3,1,0x30631D,0x30631D,0x80000,0x0,0x2B1868,0x0,2,0,1,0,stop_at_base,0,0,0,,CALLBACK_RETURN_SENTINEL_OK
p17_hit1_20260801_144222_15364,359,359,robotol.ext,3,3,1,0x30631D,0x30631D,0x80000,0x0,0x2B1868,0x0,2,0,1,0,stop_at_base,0,0,0,,CALLBACK_RETURN_SENTINEL_OK
p17_hit1_20260801_144222_15364,360,360,robotol.ext,3,3,1,0x30631D,0x30631D,0x80000,0x0,0x2B1868,0x0,2,0,1,0,stop_at_base,0,0,0,,CALLBACK_RETURN_SENTINEL_OK
p17_hit1_20260801_144222_15364,361,361,robotol.ext,3,3,1,0x30631D,0x30631D,0x80000,0x0,0x2B1868,0x0,2,0,1,0,stop_at_base,0,0,0,,CALLBACK_RETURN_SENTINEL_OK
p17_hit1_20260801_144222_15364,362,362,robotol.ext,3,3,1,0x30631D,0x30631D,0x80000,0x0,0x2B1868,0x0,2,0,1,0,stop_at_base,0,0,0,,CALLBACK_RETURN_SENTINEL_OK
p17_hit1_20260801_144222_15364,363,363,robotol.ext,3,3,1,0x30631D,0x30631D,0x80000,0x0,0x2B1868,0x0,2,0,1,0,stop_at_base,0,0,0,,CALLBACK_RETURN_SENTINEL_OK
p17_hit1_20260801_144222_15364,364,364,robotol.ext,3,3,1,0x30631D,0x30631D,0x80000,0x0,0x2B1868,0x0,2,0,1,0,stop_at_base,0,0,0,,CALLBACK_RETURN_SENTINEL_OK
p17_hit1_20260801_144222_15364,365,365,robotol.ext,3,3,1,0x30631D,0x30631D,0x80000,0x0,0x2B1868,0x0,2,0,1,0,stop_at_base,0,0,0,,CALLBACK_RETURN_SENTINEL_OK
p17_hit1_20260801_144222_15364,366,366,robotol.ext,3,3,1,0x30631D,0x30631D,0x80000,0x0,0x2B1868,0x0,2,0,1,0,stop_at_base,0,0,0,,CALLBACK_RETURN_SENTINEL_OK
p17_hit1_20260801_144222_15364,367,367,robotol.ext,3,3,1,0x30631D,0x30631D,0x80000,0x0,0x2B1868,0x0,2,0,1,0,stop_at_base,0,0,0,,CALLBACK_RETURN_SENTINEL_OK
p17_hit1_20260801_144222_15364,368,368,robotol.ext,3,3,1,0x30631D,0x30631D,0x80000,0x0,0x2B1868,0x0,2,0,1,0,stop_at_base,0,0,0,,CALLBACK_RETURN_SENTINEL_OK
p17_hit1_20260801_144222_15364,369,369,robotol.ext,3,3,1,0x30631D,0x30631D,0x80000,0x0,0x2B1868,0x0,2,0,1,0,stop_at_base,0,0,0,,CALLBACK_RETURN_SENTINEL_OK
p17_hit1_20260801_144222_15364,370,370,robotol.ext,3,3,1,0x30631D,0x30631D,0x80000,0x0,0x2B1868,0x0,2,0,1,0,stop_at_base,0,0,0,,CALLBACK_RETURN_SENTINEL_OK
p17_hit1_20260801_144222_15364,371,371,robotol.ext,3,3,1,0x30631D,0x30631D,0x80000,0x0,0x2B1868,0x0,2,0,1,0,stop_at_base,0,0,0,,CALLBACK_RETURN_SENTINEL_OK
p17_hit1_20260801_144222_15364,372,372,robotol.ext,3,3,1,0x30631D,0x30631D,0x80000,0x0,0x2B1868,0x0,2,0,1,0,stop_at_base,0,0,0,,CALLBACK_RETURN_SENTINEL_OK
p17_hit1_20260801_144222_15364,373,373,robotol.ext,3,3,1,0x30631D,0x30631D,0x80000,0x0,0x2B1868,0x0,2,0,1,0,stop_at_base,0,0,0,,CALLBACK_RETURN_SENTINEL_OK
p17_hit1_20260801_144222_15364,374,374,robotol.ext,3,3,1,0x30631D,0x30631D,0x80000,0x0,0x2B1868,0x0,2,0,1,0,stop_at_base,0,0,0,,CALLBACK_RETURN_SENTINEL_OK
p17_hit1_20260801_144222_15364,375,375,robotol.ext,3,3,1,0x30631D,0x30631D,0x80000,0x0,0x2B1868,0x0,2,0,1,0,stop_at_base,0,0,0,,CALLBACK_RETURN_SENTINEL_OK
p17_hit1_20260801_144222_15364,376,376,robotol.ext,3,3,1,0x30631D,0x30631D,0x80000,0x0,0x2B1868,0x0,2,0,1,0,stop_at_base,0,0,0,,CALLBACK_RETURN_SENTINEL_OK
p17_hit1_20260801_144222_15364,377,377,robotol.ext,3,3,1,0x30631D,0x30631D,0x80000,0x0,0x2B1868,0x0,2,0,1,0,stop_at_base,0,0,0,,CALLBACK_RETURN_SENTINEL_OK
p17_hit1_20260801_144222_15364,378,378,robotol.ext,3,3,1,0x30631D,0x30631D,0x80000,0x0,0x2B1868,0x0,2,0,1,0,stop_at_base,0,0,0,,CALLBACK_RETURN_SENTINEL_OK
p17_hit1_20260801_144222_15364,379,379,robotol.ext,3,3,1,0x30631D,0x30631D,0x80000,0x0,0x2B1868,0x0,2,0,1,0,stop_at_base,0,0,0,,CALLBACK_RETURN_SENTINEL_OK
p17_hit1_20260801_144222_15364,380,380,robotol.ext,3,3,1,0x30631D,0x30631D,0x80000,0x0,0x2B1868,0x0,2,0,1,0,stop_at_base,0,0,0,,CALLBACK_RETURN_SENTINEL_OK
p17_hit1_20260801_144222_15364,381,381,robotol.ext,3,3,1,0x30631D,0x30631D,0x80000,0x0,0x2B1868,0x0,2,0,1,0,stop_at_base,0,0,0,,CALLBACK_RETURN_SENTINEL_OK
p17_hit1_20260801_144222_15364,382,382,robotol.ext,3,3,1,0x30631D,0x30631D,0x80000,0x0,0x2B1868,0x0,2,0,1,0,stop_at_base,0,0,0,,CALLBACK_RETURN_SENTINEL_OK
p17_hit1_20260801_144222_15364,383,383,robotol.ext,3,3,1,0x30631D,0x30631D,0x80000,0x0,0x2B1868,0x0,2,0,1,0,stop_at_base,0,0,0,,CALLBACK_RETURN_SENTINEL_OK
p17_hit1_20260801_144222_15364,384,384,robotol.ext,3,3,1,0x30631D,0x30631D,0x80000,0x0,0x2B1868,0x0,2,0,1,0,stop_at_base,0,0,0,,CALLBACK_RETURN_SENTINEL_OK
p17_hit1_20260801_144222_15364,385,385,robotol.ext,3,3,1,0x30631D,0x30631D,0x80000,0x0,0x2B1868,0x0,2,0,1,0,stop_at_base,0,0,0,,CALLBACK_RETURN_SENTINEL_OK
p17_hit1_20260801_144222_15364,386,386,robotol.ext,3,3,1,0x30631D,0x30631D,0x80000,0x0,0x2B1868,0x0,2,0,1,0,stop_at_base,0,0,0,,CALLBACK_RETURN_SENTINEL_OK
p17_hit1_20260801_144222_15364,387,387,robotol.ext,3,3,1,0x30631D,0x30631D,0x80000,0x0,0x2B1868,0x0,2,0,1,0,stop_at_base,0,0,0,,CALLBACK_RETURN_SENTINEL_OK
p17_hit1_20260801_144222_15364,388,388,robotol.ext,3,3,1,0x30631D,0x30631D,0x80000,0x0,0x2B1868,0x0,2,0,1,0,stop_at_base,0,0,0,,CALLBACK_RETURN_SENTINEL_OK
p17_hit1_20260801_144222_15364,389,389,robotol.ext,3,3,1,0x30631D,0x30631D,0x80000,0x0,0x2B1868,0x0,2,0,1,0,stop_at_base,0,0,0,,CALLBACK_RETURN_SENTINEL_OK
p17_hit1_20260801_144222_15364,390,390,robotol.ext,3,3,1,0x30631D,0x30631D,0x80000,0x0,0x2B1868,0x0,2,0,1,0,stop_at_base,0,0,0,,CALLBACK_RETURN_SENTINEL_OK
p17_hit1_20260801_144222_15364,391,391,robotol.ext,3,3,1,0x30631D,0x30631D,0x80000,0x0,0x2B1868,0x0,2,0,1,0,stop_at_base,0,0,0,,CALLBACK_RETURN_SENTINEL_OK
p17_hit1_20260801_144222_15364,392,392,robotol.ext,3,3,1,0x30631D,0x30631D,0x80000,0x0,0x2B1868,0x0,2,0,1,0,stop_at_base,0,0,0,,CALLBACK_RETURN_SENTINEL_OK
p17_hit1_20260801_144222_15364,393,393,robotol.ext,3,3,1,0x30631D,0x30631D,0x80000,0x0,0x2B1868,0x0,2,0,1,0,stop_at_base,0,0,0,,CALLBACK_RETURN_SENTINEL_OK
p17_hit1_20260801_144222_15364,394,394,robotol.ext,3,3,1,0x30631D,0x30631D,0x80000,0x0,0x2B1868,0x0,2,0,1,0,stop_at_base,0,0,0,,CALLBACK_RETURN_SENTINEL_OK
p17_hit1_20260801_144222_15364,395,395,robotol.ext,3,3,1,0x30631D,0x30631D,0x80000,0x0,0x2B1868,0x0,2,0,1,0,stop_at_base,0,0,0,,CALLBACK_RETURN_SENTINEL_OK
p17_hit1_20260801_144222_15364,396,396,robotol.ext,3,3,1,0x30631D,0x30631D,0x80000,0x0,0x2B1868,0x0,2,0,1,0,stop_at_base,0,0,0,,CALLBACK_RETURN_SENTINEL_OK
p17_hit1_20260801_144222_15364,397,397,robotol.ext,3,3,1,0x30631D,0x30631D,0x80000,0x0,0x2B1868,0x0,2,0,1,0,stop_at_base,0,0,0,,CALLBACK_RETURN_SENTINEL_OK
p17_hit1_20260801_144222_15364,398,398,robotol.ext,3,3,1,0x30631D,0x30631D,0x80000,0x0,0x2B1868,0x0,2,0,1,0,stop_at_base,0,0,0,,CALLBACK_RETURN_SENTINEL_OK
p17_hit1_20260801_144222_15364,399,399,robotol.ext,3,3,1,0x30631D,0x30631D,0x80000,0x0,0x2B1868,0x0,2,0,1,0,stop_at_base,0,0,0,,CALLBACK_RETURN_SENTINEL_OK
p17_hit1_20260801_144222_15364,400,400,robotol.ext,3,3,1,0x30631D,0x30631D,0x80000,0x0,0x2B1868,0x0,2,0,1,0,stop_at_base,0,0,0,,CALLBACK_RETURN_SENTINEL_OK
p17_hit1_20260801_144222_15364,401,401,robotol.ext,3,3,1,0x30631D,0x30631D,0x80000,0x0,0x2B1868,0x0,2,0,1,0,stop_at_base,0,0,0,,CALLBACK_RETURN_SENTINEL_OK
p17_hit1_20260801_144222_15364,402,402,robotol.ext,3,3,1,0x30631D,0x30631D,0x80000,0x0,0x2B1868,0x0,2,0,1,0,stop_at_base,0,0,0,,CALLBACK_RETURN_SENTINEL_OK
p17_hit1_20260801_144222_15364,403,403,robotol.ext,3,3,1,0x30631D,0x30631D,0x80000,0x0,0x2B1868,0x0,2,0,1,0,stop_at_base,0,0,0,,CALLBACK_RETURN_SENTINEL_OK
p17_hit1_20260801_144222_15364,404,404,robotol.ext,3,3,1,0x30631D,0x30631D,0x80000,0x0,0x2B1868,0x0,2,0,1,0,stop_at_base,0,0,0,,CALLBACK_RETURN_SENTINEL_OK
p17_hit1_20260801_144222_15364,405,405,robotol.ext,3,3,1,0x30631D,0x30631D,0x80000,0x0,0x2B1868,0x0,2,0,1,0,stop_at_base,0,0,0,,CALLBACK_RETURN_SENTINEL_OK
p17_hit1_20260801_144222_15364,406,406,robotol.ext,3,3,1,0x30631D,0x30631D,0x80000,0x0,0x2B1868,0x0,2,0,1,0,stop_at_base,0,0,0,,CALLBACK_RETURN_SENTINEL_OK
p17_hit1_20260801_144222_15364,407,407,robotol.ext,3,3,1,0x30631D,0x30631D,0x80000,0x0,0x2B1868,0x0,2,0,1,0,stop_at_base,0,0,0,,CALLBACK_RETURN_SENTINEL_OK
p17_hit1_20260801_144222_15364,408,408,robotol.ext,3,3,1,0x30631D,0x30631D,0x80000,0x0,0x2B1868,0x0,2,0,1,0,stop_at_base,0,0,0,,CALLBACK_RETURN_SENTINEL_OK
p17_hit1_20260801_144222_15364,409,409,robotol.ext,3,3,1,0x30631D,0x30631D,0x80000,0x0,0x2B1868,0x0,2,0,1,0,stop_at_base,0,0,0,,CALLBACK_RETURN_SENTINEL_OK
p17_hit1_20260801_144222_15364,410,410,robotol.ext,3,3,1,0x30631D,0x30631D,0x80000,0x0,0x2B1868,0x0,2,0,1,0,stop_at_base,0,0,0,,CALLBACK_RETURN_SENTINEL_OK
p17_hit1_20260801_144222_15364,411,411,robotol.ext,3,3,1,0x30631D,0x30631D,0x80000,0x0,0x2B1868,0x0,2,0,1,0,stop_at_base,0,0,0,,CALLBACK_RETURN_SENTINEL_OK
p17_hit1_20260801_144222_15364,412,412,robotol.ext,3,3,1,0x30631D,0x30631D,0x80000,0x0,0x2B1868,0x0,2,0,1,0,stop_at_base,0,0,0,,CALLBACK_RETURN_SENTINEL_OK
p17_hit1_20260801_144222_15364,413,413,robotol.ext,3,3,1,0x30631D,0x30631D,0x80000,0x0,0x2B1868,0x0,2,0,1,0,stop_at_base,0,0,0,,CALLBACK_RETURN_SENTINEL_OK
p17_hit1_20260801_144222_15364,414,414,robotol.ext,3,3,1,0x30631D,0x30631D,0x80000,0x0,0x2B1868,0x0,2,0,1,0,stop_at_base,0,0,0,,CALLBACK_RETURN_SENTINEL_OK
p17_hit1_20260801_144222_15364,415,415,robotol.ext,3,3,1,0x30631D,0x30631D,0x80000,0x0,0x2B1868,0x0,2,0,1,0,stop_at_base,0,0,0,,CALLBACK_RETURN_SENTINEL_OK
p17_hit1_20260801_144222_15364,416,416,robotol.ext,3,3,1,0x30631D,0x30631D,0x80000,0x0,0x2B1868,0x0,2,0,1,0,stop_at_base,0,0,0,,CALLBACK_RETURN_SENTINEL_OK
p17_hit1_20260801_144222_15364,417,417,robotol.ext,3,3,1,0x30631D,0x30631D,0x80000,0x0,0x2B1868,0x0,2,0,1,0,stop_at_base,0,0,0,,CALLBACK_RETURN_SENTINEL_OK
p17_hit1_20260801_144222_15364,418,418,robotol.ext,3,3,1,0x30631D,0x30631D,0x80000,0x0,0x2B1868,0x0,2,0,1,0,stop_at_base,0,0,0,,CALLBACK_RETURN_SENTINEL_OK
p17_hit1_20260801_144222_15364,419,419,robotol.ext,3,3,1,0x30631D,0x30631D,0x80000,0x0,0x2B1868,0x0,2,0,1,0,stop_at_base,0,0,0,,CALLBACK_RETURN_SENTINEL_OK
p17_hit1_20260801_144222_15364,420,420,robotol.ext,3,3,1,0x30631D,0x30631D,0x80000,0x0,0x2B1868,0x0,2,0,1,0,stop_at_base,0,0,0,,CALLBACK_RETURN_SENTINEL_OK
p17_hit1_20260801_144222_15364,421,421,robotol.ext,3,3,1,0x30631D,0x30631D,0x80000,0x0,0x2B1868,0x0,2,0,1,0,stop_at_base,0,0,0,,CALLBACK_RETURN_SENTINEL_OK
p17_hit1_20260801_144222_15364,422,422,robotol.ext,3,3,1,0x30631D,0x30631D,0x80000,0x0,0x2B1868,0x0,2,0,1,0,stop_at_base,0,0,0,,CALLBACK_RETURN_SENTINEL_OK
p17_hit1_20260801_144222_15364,423,423,robotol.ext,3,3,1,0x30631D,0x30631D,0x80000,0x0,0x2B1868,0x0,2,0,1,0,stop_at_base,0,0,0,,CALLBACK_RETURN_SENTINEL_OK
p17_hit1_20260801_144222_15364,424,424,robotol.ext,3,3,1,0x30631D,0x30631D,0x80000,0x0,0x2B1868,0x0,2,0,1,0,stop_at_base,0,0,0,,CALLBACK_RETURN_SENTINEL_OK
p17_hit1_20260801_144222_15364,425,425,robotol.ext,3,3,1,0x30631D,0x30631D,0x80000,0x0,0x2B1868,0x0,2,0,1,0,stop_at_base,0,0,0,,CALLBACK_RETURN_SENTINEL_OK
p17_hit1_20260801_144222_15364,426,426,robotol.ext,3,3,1,0x30631D,0x30631D,0x80000,0x0,0x2B1868,0x0,2,0,1,0,stop_at_base,0,0,0,,CALLBACK_RETURN_SENTINEL_OK
p17_hit1_20260801_144222_15364,427,427,robotol.ext,3,3,1,0x30631D,0x30631D,0x80000,0x0,0x2B1868,0x0,2,0,1,0,stop_at_base,0,0,0,,CALLBACK_RETURN_SENTINEL_OK
p17_hit1_20260801_144222_15364,428,428,robotol.ext,3,3,1,0x30631D,0x30631D,0x80000,0x0,0x2B1868,0x0,2,0,1,0,stop_at_base,0,0,0,,CALLBACK_RETURN_SENTINEL_OK
p17_hit1_20260801_144222_15364,429,429,robotol.ext,3,3,1,0x30631D,0x30631D,0x80000,0x0,0x2B1868,0x0,2,0,1,0,stop_at_base,0,0,0,,CALLBACK_RETURN_SENTINEL_OK
p17_hit1_20260801_144222_15364,430,430,robotol.ext,3,3,1,0x30631D,0x30631D,0x80000,0x0,0x2B1868,0x0,2,0,1,0,stop_at_base,0,0,0,,CALLBACK_RETURN_SENTINEL_OK
p17_hit1_20260801_144222_15364,431,431,robotol.ext,3,3,1,0x30631D,0x30631D,0x80000,0x0,0x2B1868,0x0,2,0,1,0,stop_at_base,0,0,0,,CALLBACK_RETURN_SENTINEL_OK
p17_hit1_20260801_144222_15364,432,432,robotol.ext,3,3,1,0x30631D,0x30631D,0x80000,0x0,0x2B1868,0x0,2,0,1,0,stop_at_base,0,0,0,,CALLBACK_RETURN_SENTINEL_OK
p17_hit1_20260801_144222_15364,433,433,robotol.ext,3,3,1,0x30631D,0x30631D,0x80000,0x0,0x2B1868,0x0,2,0,1,0,stop_at_base,0,0,0,,CALLBACK_RETURN_SENTINEL_OK
p17_hit1_20260801_144222_15364,434,434,robotol.ext,3,3,1,0x30631D,0x30631D,0x80000,0x0,0x2B1868,0x0,2,0,1,0,stop_at_base,0,0,0,,CALLBACK_RETURN_SENTINEL_OK
p17_hit1_20260801_144222_15364,435,435,robotol.ext,3,3,1,0x30631D,0x30631D,0x80000,0x0,0x2B1868,0x0,2,0,1,0,stop_at_base,0,0,0,,CALLBACK_RETURN_SENTINEL_OK
p17_hit1_20260801_144222_15364,436,436,robotol.ext,3,3,1,0x30631D,0x30631D,0x80000,0x0,0x2B1868,0x0,2,0,1,0,stop_at_base,0,0,0,,CALLBACK_RETURN_SENTINEL_OK
p17_hit1_20260801_144222_15364,437,437,robotol.ext,3,3,1,0x30631D,0x30631D,0x80000,0x0,0x2B1868,0x0,2,0,1,0,stop_at_base,0,0,0,,CALLBACK_RETURN_SENTINEL_OK
p17_hit1_20260801_144222_15364,438,438,robotol.ext,3,3,1,0x30631D,0x30631D,0x80000,0x0,0x2B1868,0x0,2,0,1,0,stop_at_base,0,0,0,,CALLBACK_RETURN_SENTINEL_OK
p17_hit1_20260801_144222_15364,439,439,robotol.ext,3,3,1,0x30631D,0x30631D,0x80000,0x0,0x2B1868,0x0,2,0,1,0,stop_at_base,0,0,0,,CALLBACK_RETURN_SENTINEL_OK
p17_hit1_20260801_144222_15364,440,440,robotol.ext,3,3,1,0x30631D,0x30631D,0x80000,0x0,0x2B1868,0x0,2,0,1,0,stop_at_base,0,0,0,,CALLBACK_RETURN_SENTINEL_OK
p17_hit1_20260801_144222_15364,441,441,robotol.ext,3,3,1,0x30631D,0x30631D,0x80000,0x0,0x2B1868,0x0,2,0,1,0,stop_at_base,0,0,0,,CALLBACK_RETURN_SENTINEL_OK
p17_hit1_20260801_144222_15364,442,442,robotol.ext,3,3,1,0x30631D,0x30631D,0x80000,0x0,0x2B1868,0x0,2,0,1,0,stop_at_base,0,0,0,,CALLBACK_RETURN_SENTINEL_OK
p17_hit1_20260801_144222_15364,443,443,robotol.ext,3,3,1,0x30631D,0x30631D,0x80000,0x0,0x2B1868,0x0,2,0,1,0,stop_at_base,0,0,0,,CALLBACK_RETURN_SENTINEL_OK
p17_hit1_20260801_144222_15364,444,444,robotol.ext,3,3,1,0x30631D,0x30631D,0x80000,0x0,0x2B1868,0x0,2,0,1,0,stop_at_base,0,0,0,,CALLBACK_RETURN_SENTINEL_OK
p17_hit1_20260801_144222_15364,445,445,robotol.ext,3,3,1,0x30631D,0x30631D,0x80000,0x0,0x2B1868,0x0,2,0,1,0,stop_at_base,0,0,0,,CALLBACK_RETURN_SENTINEL_OK
p17_hit1_20260801_144222_15364,446,446,robotol.ext,3,3,1,0x30631D,0x30631D,0x80000,0x0,0x2B1868,0x0,2,0,1,0,stop_at_base,0,0,0,,CALLBACK_RETURN_SENTINEL_OK
p17_hit1_20260801_144222_15364,447,447,robotol.ext,3,3,1,0x30631D,0x30631D,0x80000,0x0,0x2B1868,0x0,2,0,1,0,stop_at_base,0,0,0,,CALLBACK_RETURN_SENTINEL_OK
p17_hit1_20260801_144222_15364,448,448,robotol.ext,3,3,1,0x30631D,0x30631D,0x80000,0x0,0x2B1868,0x0,2,0,1,0,stop_at_base,0,0,0,,CALLBACK_RETURN_SENTINEL_OK
p17_hit1_20260801_144222_15364,449,449,robotol.ext,3,3,1,0x30631D,0x30631D,0x80000,0x0,0x2B1868,0x0,2,0,1,0,stop_at_base,0,0,0,,CALLBACK_RETURN_SENTINEL_OK
p17_hit1_20260801_144222_15364,450,450,robotol.ext,3,3,1,0x30631D,0x30631D,0x80000,0x0,0x2B1868,0x0,2,0,1,0,stop_at_base,0,0,0,,CALLBACK_RETURN_SENTINEL_OK
p17_hit1_20260801_144222_15364,451,451,robotol.ext,3,3,1,0x30631D,0x30631D,0x80000,0x0,0x2B1868,0x0,2,0,1,0,stop_at_base,0,0,0,,CALLBACK_RETURN_SENTINEL_OK
p17_hit1_20260801_144222_15364,452,452,robotol.ext,3,3,1,0x30631D,0x30631D,0x80000,0x0,0x2B1868,0x0,2,0,1,0,stop_at_base,0,0,0,,CALLBACK_RETURN_SENTINEL_OK
p17_hit1_20260801_144222_15364,453,453,robotol.ext,3,3,1,0x30631D,0x30631D,0x80000,0x0,0x2B1868,0x0,2,0,1,0,stop_at_base,0,0,0,,CALLBACK_RETURN_SENTINEL_OK
p17_hit1_20260801_144222_15364,454,454,robotol.ext,3,3,1,0x30631D,0x30631D,0x80000,0x0,0x2B1868,0x0,2,0,1,0,stop_at_base,0,0,0,,CALLBACK_RETURN_SENTINEL_OK
p17_hit1_20260801_144222_15364,455,455,robotol.ext,3,3,1,0x30631D,0x30631D,0x80000,0x0,0x2B1868,0x0,2,0,1,0,stop_at_base,0,0,0,,CALLBACK_RETURN_SENTINEL_OK
p17_hit1_20260801_144222_15364,456,456,robotol.ext,3,3,1,0x30631D,0x30631D,0x80000,0x0,0x2B1868,0x0,2,0,1,0,stop_at_base,0,0,0,,CALLBACK_RETURN_SENTINEL_OK
p17_hit1_20260801_144222_15364,457,457,robotol.ext,3,3,1,0x30631D,0x30631D,0x80000,0x0,0x2B1868,0x0,2,0,1,0,stop_at_base,0,0,0,,CALLBACK_RETURN_SENTINEL_OK
p17_hit1_20260801_144222_15364,458,458,robotol.ext,3,3,1,0x30631D,0x30631D,0x80000,0x0,0x2B1868,0x0,2,0,1,0,stop_at_base,0,0,0,,CALLBACK_RETURN_SENTINEL_OK
p17_hit1_20260801_144222_15364,459,459,robotol.ext,3,3,1,0x30631D,0x30631D,0x80000,0x0,0x2B1868,0x0,2,0,1,0,stop_at_base,0,0,0,,CALLBACK_RETURN_SENTINEL_OK
p17_hit1_20260801_144222_15364,460,460,robotol.ext,3,3,1,0x30631D,0x30631D,0x80000,0x0,0x2B1868,0x0,2,0,1,0,stop_at_base,0,0,0,,CALLBACK_RETURN_SENTINEL_OK
p17_hit1_20260801_144222_15364,461,461,robotol.ext,3,3,1,0x30631D,0x30631D,0x80000,0x0,0x2B1868,0x0,2,0,1,0,stop_at_base,0,0,0,,CALLBACK_RETURN_SENTINEL_OK
p17_hit1_20260801_144222_15364,462,462,robotol.ext,3,3,1,0x30631D,0x30631D,0x80000,0x0,0x2B1868,0x0,2,0,1,0,stop_at_base,0,0,0,,CALLBACK_RETURN_SENTINEL_OK
p17_hit1_20260801_144222_15364,463,463,robotol.ext,3,3,1,0x30631D,0x30631D,0x80000,0x0,0x2B1868,0x0,2,0,1,0,stop_at_base,0,0,0,,CALLBACK_RETURN_SENTINEL_OK
p17_hit1_20260801_144222_15364,464,464,robotol.ext,3,3,1,0x30631D,0x30631D,0x80000,0x0,0x2B1868,0x0,2,0,1,0,stop_at_base,0,0,0,,CALLBACK_RETURN_SENTINEL_OK
p17_hit1_20260801_144222_15364,465,465,robotol.ext,3,3,1,0x30631D,0x30631D,0x80000,0x0,0x2B1868,0x0,2,0,1,0,stop_at_base,0,0,0,,CALLBACK_RETURN_SENTINEL_OK
p17_hit1_20260801_144222_15364,466,466,robotol.ext,3,3,1,0x30631D,0x30631D,0x80000,0x0,0x2B1868,0x0,2,0,1,0,stop_at_base,0,0,0,,CALLBACK_RETURN_SENTINEL_OK
p17_hit1_20260801_144222_15364,467,467,robotol.ext,3,3,1,0x30631D,0x30631D,0x80000,0x0,0x2B1868,0x0,2,0,1,0,stop_at_base,0,0,0,,CALLBACK_RETURN_SENTINEL_OK
p17_hit1_20260801_144222_15364,468,468,robotol.ext,3,3,1,0x30631D,0x30631D,0x80000,0x0,0x2B1868,0x0,2,0,1,0,stop_at_base,0,0,0,,CALLBACK_RETURN_SENTINEL_OK
p17_hit1_20260801_144222_15364,469,469,robotol.ext,3,3,1,0x30631D,0x30631D,0x80000,0x0,0x2B1868,0x0,2,0,1,0,stop_at_base,0,0,0,,CALLBACK_RETURN_SENTINEL_OK
p17_hit1_20260801_144222_15364,470,470,robotol.ext,3,3,1,0x30631D,0x30631D,0x80000,0x0,0x2B1868,0x0,2,0,1,0,stop_at_base,0,0,0,,CALLBACK_RETURN_SENTINEL_OK
p17_hit1_20260801_144222_15364,471,471,robotol.ext,3,3,1,0x30631D,0x30631D,0x80000,0x0,0x2B1868,0x0,2,0,1,0,stop_at_base,0,0,0,,CALLBACK_RETURN_SENTINEL_OK
p17_hit1_20260801_144222_15364,472,472,robotol.ext,3,3,1,0x30631D,0x30631D,0x80000,0x0,0x2B1868,0x0,2,0,1,0,stop_at_base,0,0,0,,CALLBACK_RETURN_SENTINEL_OK
p17_hit1_20260801_144222_15364,473,473,robotol.ext,3,3,1,0x30631D,0x30631D,0x80000,0x0,0x2B1868,0x0,2,0,1,0,stop_at_base,0,0,0,,CALLBACK_RETURN_SENTINEL_OK
p17_hit1_20260801_144222_15364,474,474,robotol.ext,3,3,1,0x30631D,0x30631D,0x80000,0x0,0x2B1868,0x0,2,0,1,0,stop_at_base,0,0,0,,CALLBACK_RETURN_SENTINEL_OK
p17_hit1_20260801_144222_15364,475,475,robotol.ext,3,3,1,0x30631D,0x30631D,0x80000,0x0,0x2B1868,0x0,2,0,1,0,stop_at_base,0,0,0,,CALLBACK_RETURN_SENTINEL_OK
p17_hit1_20260801_144222_15364,476,476,robotol.ext,3,3,1,0x30631D,0x30631D,0x80000,0x0,0x2B1868,0x0,2,0,1,0,stop_at_base,0,0,0,,CALLBACK_RETURN_SENTINEL_OK
p17_hit1_20260801_144222_15364,477,477,robotol.ext,3,3,1,0x30631D,0x30631D,0x80000,0x0,0x2B1868,0x0,2,0,1,0,stop_at_base,0,0,0,,CALLBACK_RETURN_SENTINEL_OK
p17_hit1_20260801_144222_15364,478,478,robotol.ext,3,3,1,0x30631D,0x30631D,0x80000,0x0,0x2B1868,0x0,2,0,1,0,stop_at_base,0,0,0,,CALLBACK_RETURN_SENTINEL_OK
p17_hit1_20260801_144222_15364,479,479,robotol.ext,3,3,1,0x30631D,0x30631D,0x80000,0x0,0x2B1868,0x0,2,0,1,0,stop_at_base,0,0,0,,CALLBACK_RETURN_SENTINEL_OK
p17_hit1_20260801_144222_15364,480,480,robotol.ext,3,3,1,0x30631D,0x30631D,0x80000,0x0,0x2B1868,0x0,2,0,1,0,stop_at_base,0,0,0,,CALLBACK_RETURN_SENTINEL_OK
p17_hit1_20260801_144222_15364,481,481,robotol.ext,3,3,1,0x30631D,0x30631D,0x80000,0x0,0x2B1868,0x0,2,0,1,0,stop_at_base,0,0,0,,CALLBACK_RETURN_SENTINEL_OK
p17_hit1_20260801_144222_15364,482,482,robotol.ext,3,3,1,0x30631D,0x30631D,0x80000,0x0,0x2B1868,0x0,2,0,1,0,stop_at_base,0,0,0,,CALLBACK_RETURN_SENTINEL_OK
p17_hit1_20260801_144222_15364,483,483,robotol.ext,3,3,1,0x30631D,0x30631D,0x80000,0x0,0x2B1868,0x0,2,0,1,0,stop_at_base,0,0,0,,CALLBACK_RETURN_SENTINEL_OK
p17_hit1_20260801_144222_15364,484,484,robotol.ext,3,3,1,0x30631D,0x30631D,0x80000,0x0,0x2B1868,0x0,2,0,1,0,stop_at_base,0,0,0,,CALLBACK_RETURN_SENTINEL_OK
p17_hit1_20260801_144222_15364,485,485,robotol.ext,3,3,1,0x30631D,0x30631D,0x80000,0x0,0x2B1868,0x0,2,0,1,0,stop_at_base,0,0,0,,CALLBACK_RETURN_SENTINEL_OK
p17_hit1_20260801_144222_15364,486,486,robotol.ext,3,3,1,0x30631D,0x30631D,0x80000,0x0,0x2B1868,0x0,2,0,1,0,stop_at_base,0,0,0,,CALLBACK_RETURN_SENTINEL_OK
p17_hit1_20260801_144222_15364,487,487,robotol.ext,3,3,1,0x30631D,0x30631D,0x80000,0x0,0x2B1868,0x0,2,0,1,0,stop_at_base,0,0,0,,CALLBACK_RETURN_SENTINEL_OK
p17_hit1_20260801_144222_15364,488,488,robotol.ext,3,3,1,0x30631D,0x30631D,0x80000,0x0,0x2B1868,0x0,2,0,1,0,stop_at_base,0,0,0,,CALLBACK_RETURN_SENTINEL_OK
p17_hit1_20260801_144222_15364,489,489,robotol.ext,3,3,1,0x30631D,0x30631D,0x80000,0x0,0x2B1868,0x0,2,0,1,0,stop_at_base,0,0,0,,CALLBACK_RETURN_SENTINEL_OK
p17_hit1_20260801_144222_15364,490,490,robotol.ext,3,3,1,0x30631D,0x30631D,0x80000,0x0,0x2B1868,0x0,2,0,1,0,stop_at_base,0,0,0,,CALLBACK_RETURN_SENTINEL_OK
p17_hit1_20260801_144222_15364,491,491,robotol.ext,3,3,1,0x30631D,0x30631D,0x80000,0x0,0x2B1868,0x0,2,0,1,0,stop_at_base,0,0,0,,CALLBACK_RETURN_SENTINEL_OK
p17_hit1_20260801_144222_15364,492,492,robotol.ext,3,3,1,0x30631D,0x30631D,0x80000,0x0,0x2B1868,0x0,2,0,1,0,stop_at_base,0,0,0,,CALLBACK_RETURN_SENTINEL_OK
p17_hit1_20260801_144222_15364,493,493,robotol.ext,3,3,1,0x30631D,0x30631D,0x80000,0x0,0x2B1868,0x0,2,0,1,0,stop_at_base,0,0,0,,CALLBACK_RETURN_SENTINEL_OK
p17_hit1_20260801_144222_15364,494,494,robotol.ext,3,3,1,0x30631D,0x30631D,0x80000,0x0,0x2B1868,0x0,2,0,1,0,stop_at_base,0,0,0,,CALLBACK_RETURN_SENTINEL_OK
p17_hit1_20260801_144222_15364,495,495,robotol.ext,3,3,1,0x30631D,0x30631D,0x80000,0x0,0x2B1868,0x0,2,0,1,0,stop_at_base,0,0,0,,CALLBACK_RETURN_SENTINEL_OK
p17_hit1_20260801_144222_15364,496,496,robotol.ext,3,3,1,0x30631D,0x30631D,0x80000,0x0,0x2B1868,0x0,2,0,1,0,stop_at_base,0,0,0,,CALLBACK_RETURN_SENTINEL_OK
p17_hit1_20260801_144222_15364,497,497,robotol.ext,3,3,1,0x30631D,0x30631D,0x80000,0x0,0x2B1868,0x0,2,0,1,0,stop_at_base,0,0,0,,CALLBACK_RETURN_SENTINEL_OK
p17_hit1_20260801_144222_15364,498,498,robotol.ext,3,3,1,0x30631D,0x30631D,0x80000,0x0,0x2B1868,0x0,2,0,1,0,stop_at_base,0,0,0,,CALLBACK_RETURN_SENTINEL_OK
p17_hit1_20260801_144222_15364,499,499,robotol.ext,3,3,1,0x30631D,0x30631D,0x80000,0x0,0x2B1868,0x0,2,0,1,0,stop_at_base,0,0,0,,CALLBACK_RETURN_SENTINEL_OK
p17_hit1_20260801_144222_15364,500,500,robotol.ext,3,3,1,0x30631D,0x30631D,0x80000,0x0,0x2B1868,0x0,2,0,1,0,stop_at_base,0,0,0,,CALLBACK_RETURN_SENTINEL_OK
p17_hit1_20260801_144222_15364,501,501,robotol.ext,3,3,1,0x30631D,0x30631D,0x80000,0x0,0x2B1868,0x0,2,0,1,0,stop_at_base,0,0,0,,CALLBACK_RETURN_SENTINEL_OK
p17_hit1_20260801_144222_15364,502,502,robotol.ext,3,3,1,0x30631D,0x30631D,0x80000,0x0,0x2B1868,0x0,2,0,1,0,stop_at_base,0,0,0,,CALLBACK_RETURN_SENTINEL_OK
p17_hit1_20260801_144222_15364,503,503,robotol.ext,3,3,1,0x30631D,0x30631D,0x80000,0x0,0x2B1868,0x0,2,0,1,0,stop_at_base,0,0,0,,CALLBACK_RETURN_SENTINEL_OK
p17_hit1_20260801_144222_15364,504,504,robotol.ext,3,3,1,0x30631D,0x30631D,0x80000,0x0,0x2B1868,0x0,2,0,1,0,stop_at_base,0,0,0,,CALLBACK_RETURN_SENTINEL_OK
p17_hit1_20260801_144222_15364,505,505,robotol.ext,3,3,1,0x30631D,0x30631D,0x80000,0x0,0x2B1868,0x0,2,0,1,0,stop_at_base,0,0,0,,CALLBACK_RETURN_SENTINEL_OK
p17_hit1_20260801_144222_15364,506,506,robotol.ext,3,3,1,0x30631D,0x30631D,0x80000,0x0,0x2B1868,0x0,2,0,1,0,stop_at_base,0,0,0,,CALLBACK_RETURN_SENTINEL_OK
p17_hit1_20260801_144222_15364,507,507,robotol.ext,3,3,1,0x30631D,0x30631D,0x80000,0x0,0x2B1868,0x0,2,0,1,0,stop_at_base,0,0,0,,CALLBACK_RETURN_SENTINEL_OK
p17_hit1_20260801_144222_15364,508,508,robotol.ext,3,3,1,0x30631D,0x30631D,0x80000,0x0,0x2B1868,0x0,2,0,1,0,stop_at_base,0,0,0,,CALLBACK_RETURN_SENTINEL_OK
p17_hit1_20260801_144222_15364,509,509,robotol.ext,3,3,1,0x30631D,0x30631D,0x80000,0x0,0x2B1868,0x0,2,0,1,0,stop_at_base,0,0,0,,CALLBACK_RETURN_SENTINEL_OK
p17_hit1_20260801_144222_15364,510,510,robotol.ext,3,3,1,0x30631D,0x30631D,0x80000,0x0,0x2B1868,0x0,2,0,1,0,stop_at_base,0,0,0,,CALLBACK_RETURN_SENTINEL_OK
p17_hit1_20260801_144222_15364,511,511,robotol.ext,3,3,1,0x30631D,0x30631D,0x80000,0x0,0x2B1868,0x0,2,0,1,0,stop_at_base,0,0,0,,CALLBACK_RETURN_SENTINEL_OK
p17_hit1_20260801_144222_15364,512,512,robotol.ext,3,3,1,0x30631D,0x30631D,0x80000,0x0,0x2B1868,0x0,2,0,1,0,stop_at_base,0,0,0,,CALLBACK_RETURN_SENTINEL_OK
p17_hit1_20260801_144222_15364,513,513,robotol.ext,3,3,1,0x30631D,0x30631D,0x80000,0x0,0x2B1868,0x0,2,0,1,0,stop_at_base,0,0,0,,CALLBACK_RETURN_SENTINEL_OK
p17_hit1_20260801_144222_15364,514,514,robotol.ext,3,3,1,0x30631D,0x30631D,0x80000,0x0,0x2B1868,0x0,2,0,1,0,stop_at_base,0,0,0,,CALLBACK_RETURN_SENTINEL_OK
p17_hit1_20260801_144222_15364,515,515,robotol.ext,3,3,1,0x30631D,0x30631D,0x80000,0x0,0x2B1868,0x0,2,0,1,0,stop_at_base,0,0,0,,CALLBACK_RETURN_SENTINEL_OK
p17_hit1_20260801_144222_15364,516,516,robotol.ext,3,3,1,0x30631D,0x30631D,0x80000,0x0,0x2B1868,0x0,2,0,1,0,stop_at_base,0,0,0,,CALLBACK_RETURN_SENTINEL_OK
p17_hit1_20260801_144222_15364,517,517,robotol.ext,3,3,1,0x30631D,0x30631D,0x80000,0x0,0x2B1868,0x0,2,0,1,0,stop_at_base,0,0,0,,CALLBACK_RETURN_SENTINEL_OK
p17_hit1_20260801_144222_15364,518,518,robotol.ext,3,3,1,0x30631D,0x30631D,0x80000,0x0,0x2B1868,0x0,2,0,1,0,stop_at_base,0,0,0,,CALLBACK_RETURN_SENTINEL_OK
p17_hit1_20260801_144222_15364,519,519,robotol.ext,3,3,1,0x30631D,0x30631D,0x80000,0x0,0x2B1868,0x0,2,0,1,0,stop_at_base,0,0,0,,CALLBACK_RETURN_SENTINEL_OK
p17_hit1_20260801_144222_15364,520,520,robotol.ext,3,3,1,0x30631D,0x30631D,0x80000,0x0,0x2B1868,0x0,2,0,1,0,stop_at_base,0,0,0,,CALLBACK_RETURN_SENTINEL_OK
p17_hit1_20260801_144222_15364,521,521,robotol.ext,3,3,1,0x30631D,0x30631D,0x80000,0x0,0x2B1868,0x0,2,0,1,0,stop_at_base,0,0,0,,CALLBACK_RETURN_SENTINEL_OK
p17_hit1_20260801_144222_15364,522,522,robotol.ext,3,3,1,0x30631D,0x30631D,0x80000,0x0,0x2B1868,0x0,2,0,1,0,stop_at_base,0,0,0,,CALLBACK_RETURN_SENTINEL_OK
p17_hit1_20260801_144222_15364,523,523,robotol.ext,3,3,1,0x30631D,0x30631D,0x80000,0x0,0x2B1868,0x0,2,0,1,0,stop_at_base,0,0,0,,CALLBACK_RETURN_SENTINEL_OK
p17_hit1_20260801_144222_15364,524,524,robotol.ext,3,3,1,0x30631D,0x30631D,0x80000,0x0,0x2B1868,0x0,2,0,1,0,stop_at_base,0,0,0,,CALLBACK_RETURN_SENTINEL_OK
p17_hit1_20260801_144222_15364,525,525,robotol.ext,3,3,1,0x30631D,0x30631D,0x80000,0x0,0x2B1868,0x0,2,0,1,0,stop_at_base,0,0,0,,CALLBACK_RETURN_SENTINEL_OK
p17_hit1_20260801_144222_15364,526,526,robotol.ext,3,3,1,0x30631D,0x30631D,0x80000,0x0,0x2B1868,0x0,2,0,1,0,stop_at_base,0,0,0,,CALLBACK_RETURN_SENTINEL_OK
p17_hit1_20260801_144222_15364,527,527,robotol.ext,3,3,1,0x30631D,0x30631D,0x80000,0x0,0x2B1868,0x0,2,0,1,0,stop_at_base,0,0,0,,CALLBACK_RETURN_SENTINEL_OK
p17_hit1_20260801_144222_15364,528,528,robotol.ext,3,3,1,0x30631D,0x30631D,0x80000,0x0,0x2B1868,0x0,2,0,1,0,stop_at_base,0,0,0,,CALLBACK_RETURN_SENTINEL_OK
p17_hit1_20260801_144222_15364,529,529,robotol.ext,3,3,1,0x30631D,0x30631D,0x80000,0x0,0x2B1868,0x0,2,0,1,0,stop_at_base,0,0,0,,CALLBACK_RETURN_SENTINEL_OK
p17_hit1_20260801_144222_15364,530,530,robotol.ext,3,3,1,0x30631D,0x30631D,0x80000,0x0,0x2B1868,0x0,2,0,1,0,stop_at_base,0,0,0,,CALLBACK_RETURN_SENTINEL_OK
p17_hit1_20260801_144222_15364,531,531,robotol.ext,3,3,1,0x30631D,0x30631D,0x80000,0x0,0x2B1868,0x0,2,0,1,0,stop_at_base,0,0,0,,CALLBACK_RETURN_SENTINEL_OK
p17_hit1_20260801_144222_15364,532,532,robotol.ext,3,3,1,0x30631D,0x30631D,0x80000,0x0,0x2B1868,0x0,2,0,1,0,stop_at_base,0,0,0,,CALLBACK_RETURN_SENTINEL_OK
p17_hit1_20260801_144222_15364,533,533,robotol.ext,3,3,1,0x30631D,0x30631D,0x80000,0x0,0x2B1868,0x0,2,0,1,0,stop_at_base,0,0,0,,CALLBACK_RETURN_SENTINEL_OK
p17_hit1_20260801_144222_15364,534,534,robotol.ext,3,3,1,0x30631D,0x30631D,0x80000,0x0,0x2B1868,0x0,2,0,1,0,stop_at_base,0,0,0,,CALLBACK_RETURN_SENTINEL_OK
p17_hit1_20260801_144222_15364,535,535,robotol.ext,3,3,1,0x30631D,0x30631D,0x80000,0x0,0x2B1868,0x0,2,0,1,0,stop_at_base,0,0,0,,CALLBACK_RETURN_SENTINEL_OK
p17_hit1_20260801_144222_15364,536,536,robotol.ext,3,3,1,0x30631D,0x30631D,0x80000,0x0,0x2B1868,0x0,2,0,1,0,stop_at_base,0,0,0,,CALLBACK_RETURN_SENTINEL_OK
p17_hit1_20260801_144222_15364,537,537,robotol.ext,3,3,1,0x30631D,0x30631D,0x80000,0x0,0x2B1868,0x0,2,0,1,0,stop_at_base,0,0,0,,CALLBACK_RETURN_SENTINEL_OK
p17_hit1_20260801_144222_15364,538,538,robotol.ext,3,3,1,0x30631D,0x30631D,0x80000,0x0,0x2B1868,0x0,2,0,1,0,stop_at_base,0,0,0,,CALLBACK_RETURN_SENTINEL_OK
p17_hit1_20260801_144222_15364,539,539,robotol.ext,3,3,1,0x30631D,0x30631D,0x80000,0x0,0x2B1868,0x0,2,0,1,0,stop_at_base,0,0,0,,CALLBACK_RETURN_SENTINEL_OK
p17_hit1_20260801_144222_15364,540,540,robotol.ext,3,3,1,0x30631D,0x30631D,0x80000,0x0,0x2B1868,0x0,2,0,1,0,stop_at_base,0,0,0,,CALLBACK_RETURN_SENTINEL_OK
p17_hit1_20260801_144222_15364,541,541,robotol.ext,3,3,1,0x30631D,0x30631D,0x80000,0x0,0x2B1868,0x0,2,0,1,0,stop_at_base,0,0,0,,CALLBACK_RETURN_SENTINEL_OK
p17_hit1_20260801_144222_15364,542,542,robotol.ext,3,3,1,0x30631D,0x30631D,0x80000,0x0,0x2B1868,0x0,2,0,1,0,stop_at_base,0,0,0,,CALLBACK_RETURN_SENTINEL_OK
p17_hit1_20260801_144222_15364,543,543,robotol.ext,3,3,1,0x30631D,0x30631D,0x80000,0x0,0x2B1868,0x0,2,0,1,0,stop_at_base,0,0,0,,CALLBACK_RETURN_SENTINEL_OK
p17_hit1_20260801_144222_15364,544,544,robotol.ext,3,3,1,0x30631D,0x30631D,0x80000,0x0,0x2B1868,0x0,2,0,1,0,stop_at_base,0,0,0,,CALLBACK_RETURN_SENTINEL_OK
p17_hit1_20260801_144222_15364,545,545,robotol.ext,3,3,1,0x30631D,0x30631D,0x80000,0x0,0x2B1868,0x0,2,0,1,0,stop_at_base,0,0,0,,CALLBACK_RETURN_SENTINEL_OK
p17_hit1_20260801_144222_15364,546,546,robotol.ext,3,3,1,0x30631D,0x30631D,0x80000,0x0,0x2B1868,0x0,2,0,1,0,stop_at_base,0,0,0,,CALLBACK_RETURN_SENTINEL_OK
p17_hit1_20260801_144222_15364,547,547,robotol.ext,3,3,1,0x30631D,0x30631D,0x80000,0x0,0x2B1868,0x0,2,0,1,0,stop_at_base,0,0,0,,CALLBACK_RETURN_SENTINEL_OK
p17_hit1_20260801_144222_15364,548,548,robotol.ext,3,3,1,0x30631D,0x30631D,0x80000,0x0,0x2B1868,0x0,2,0,1,0,stop_at_base,0,0,0,,CALLBACK_RETURN_SENTINEL_OK
p17_hit1_20260801_144222_15364,549,549,robotol.ext,3,3,1,0x30631D,0x30631D,0x80000,0x0,0x2B1868,0x0,2,0,1,0,stop_at_base,0,0,0,,CALLBACK_RETURN_SENTINEL_OK
p17_hit1_20260801_144222_15364,550,550,robotol.ext,3,3,1,0x30631D,0x30631D,0x80000,0x0,0x2B1868,0x0,2,0,1,0,stop_at_base,0,0,0,,CALLBACK_RETURN_SENTINEL_OK
p17_hit1_20260801_144222_15364,551,551,robotol.ext,3,3,1,0x30631D,0x30631D,0x80000,0x0,0x2B1868,0x0,2,0,1,0,stop_at_base,0,0,0,,CALLBACK_RETURN_SENTINEL_OK
p17_hit1_20260801_144222_15364,552,552,robotol.ext,3,3,1,0x30631D,0x30631D,0x80000,0x0,0x2B1868,0x0,2,0,1,0,stop_at_base,0,0,0,,CALLBACK_RETURN_SENTINEL_OK
p17_hit1_20260801_144222_15364,553,553,robotol.ext,3,3,1,0x30631D,0x30631D,0x80000,0x0,0x2B1868,0x0,2,0,1,0,stop_at_base,0,0,0,,CALLBACK_RETURN_SENTINEL_OK
p17_hit1_20260801_144222_15364,554,554,robotol.ext,3,3,1,0x30631D,0x30631D,0x80000,0x0,0x2B1868,0x0,2,0,1,0,stop_at_base,0,0,0,,CALLBACK_RETURN_SENTINEL_OK
p17_hit1_20260801_144222_15364,555,555,robotol.ext,3,3,1,0x30631D,0x30631D,0x80000,0x0,0x2B1868,0x0,2,0,1,0,stop_at_base,0,0,0,,CALLBACK_RETURN_SENTINEL_OK
p17_hit1_20260801_144222_15364,556,556,robotol.ext,3,3,1,0x30631D,0x30631D,0x80000,0x0,0x2B1868,0x0,2,0,1,0,stop_at_base,0,0,0,,CALLBACK_RETURN_SENTINEL_OK
p17_hit1_20260801_144222_15364,557,557,robotol.ext,3,3,1,0x30631D,0x30631D,0x80000,0x0,0x2B1868,0x0,2,0,1,0,stop_at_base,0,0,0,,CALLBACK_RETURN_SENTINEL_OK
p17_hit1_20260801_144222_15364,558,558,robotol.ext,3,3,1,0x30631D,0x30631D,0x80000,0x0,0x2B1868,0x0,2,0,1,0,stop_at_base,0,0,0,,CALLBACK_RETURN_SENTINEL_OK
p17_hit1_20260801_144222_15364,559,559,robotol.ext,3,3,1,0x30631D,0x30631D,0x80000,0x0,0x2B1868,0x0,2,0,1,0,stop_at_base,0,0,0,,CALLBACK_RETURN_SENTINEL_OK
p17_hit1_20260801_144222_15364,560,560,robotol.ext,3,3,1,0x30631D,0x30631D,0x80000,0x0,0x2B1868,0x0,2,0,1,0,stop_at_base,0,0,0,,CALLBACK_RETURN_SENTINEL_OK
p17_hit1_20260801_144222_15364,561,561,robotol.ext,3,3,1,0x30631D,0x30631D,0x80000,0x0,0x2B1868,0x0,2,0,1,0,stop_at_base,0,0,0,,CALLBACK_RETURN_SENTINEL_OK
p17_hit1_20260801_144222_15364,562,562,robotol.ext,3,3,1,0x30631D,0x30631D,0x80000,0x0,0x2B1868,0x0,2,0,1,0,stop_at_base,0,0,0,,CALLBACK_RETURN_SENTINEL_OK
p17_hit1_20260801_144222_15364,563,563,robotol.ext,3,3,1,0x30631D,0x30631D,0x80000,0x0,0x2B1868,0x0,2,0,1,0,stop_at_base,0,0,0,,CALLBACK_RETURN_SENTINEL_OK
p17_hit1_20260801_144222_15364,564,564,robotol.ext,3,3,1,0x30631D,0x30631D,0x80000,0x0,0x2B1868,0x0,2,0,1,0,stop_at_base,0,0,0,,CALLBACK_RETURN_SENTINEL_OK
p17_hit1_20260801_144222_15364,565,565,robotol.ext,3,3,1,0x30631D,0x30631D,0x80000,0x0,0x2B1868,0x0,2,0,1,0,stop_at_base,0,0,0,,CALLBACK_RETURN_SENTINEL_OK
p17_hit1_20260801_144222_15364,566,566,robotol.ext,3,3,1,0x30631D,0x30631D,0x80000,0x0,0x2B1868,0x0,2,0,1,0,stop_at_base,0,0,0,,CALLBACK_RETURN_SENTINEL_OK
p17_hit1_20260801_144222_15364,567,567,robotol.ext,3,3,1,0x30631D,0x30631D,0x80000,0x0,0x2B1868,0x0,2,0,1,0,stop_at_base,0,0,0,,CALLBACK_RETURN_SENTINEL_OK
p17_hit1_20260801_144222_15364,568,568,robotol.ext,3,3,1,0x30631D,0x30631D,0x80000,0x0,0x2B1868,0x0,2,0,1,0,stop_at_base,0,0,0,,CALLBACK_RETURN_SENTINEL_OK
p17_hit1_20260801_144222_15364,569,569,robotol.ext,3,3,1,0x30631D,0x30631D,0x80000,0x0,0x2B1868,0x0,2,0,1,0,stop_at_base,0,0,0,,CALLBACK_RETURN_SENTINEL_OK
p17_hit1_20260801_144222_15364,570,570,robotol.ext,3,3,1,0x30631D,0x30631D,0x80000,0x0,0x2B1868,0x0,2,0,1,0,stop_at_base,0,0,0,,CALLBACK_RETURN_SENTINEL_OK
p17_hit1_20260801_144222_15364,571,571,robotol.ext,3,3,1,0x30631D,0x30631D,0x80000,0x0,0x2B1868,0x0,2,0,1,0,stop_at_base,0,0,0,,CALLBACK_RETURN_SENTINEL_OK
p17_hit1_20260801_144222_15364,572,572,robotol.ext,3,3,1,0x30631D,0x30631D,0x80000,0x0,0x2B1868,0x0,2,0,1,0,stop_at_base,0,0,0,,CALLBACK_RETURN_SENTINEL_OK
p17_hit1_20260801_144222_15364,573,573,robotol.ext,3,3,1,0x30631D,0x30631D,0x80000,0x0,0x2B1868,0x0,2,0,1,0,stop_at_base,0,0,0,,CALLBACK_RETURN_SENTINEL_OK
p17_hit1_20260801_144222_15364,574,574,robotol.ext,3,3,1,0x30631D,0x30631D,0x80000,0x0,0x2B1868,0x0,2,0,1,0,stop_at_base,0,0,0,,CALLBACK_RETURN_SENTINEL_OK
p17_hit1_20260801_144222_15364,575,575,robotol.ext,3,3,1,0x30631D,0x30631D,0x80000,0x0,0x2B1868,0x0,2,0,1,0,stop_at_base,0,0,0,,CALLBACK_RETURN_SENTINEL_OK
p17_hit1_20260801_144222_15364,576,576,robotol.ext,3,3,1,0x30631D,0x30631D,0x80000,0x0,0x2B1868,0x0,2,0,1,0,stop_at_base,0,0,0,,CALLBACK_RETURN_SENTINEL_OK
p17_hit1_20260801_144222_15364,577,577,robotol.ext,3,3,1,0x30631D,0x30631D,0x80000,0x0,0x2B1868,0x0,2,0,1,0,stop_at_base,0,0,0,,CALLBACK_RETURN_SENTINEL_OK
p17_hit1_20260801_144222_15364,578,578,robotol.ext,3,3,1,0x30631D,0x30631D,0x80000,0x0,0x2B1868,0x0,2,0,1,0,stop_at_base,0,0,0,,CALLBACK_RETURN_SENTINEL_OK
p17_hit1_20260801_144222_15364,579,579,robotol.ext,3,3,1,0x30631D,0x30631D,0x80000,0x0,0x2B1868,0x0,2,0,1,0,stop_at_base,0,0,0,,CALLBACK_RETURN_SENTINEL_OK
p17_hit1_20260801_144222_15364,580,580,robotol.ext,3,3,1,0x30631D,0x30631D,0x80000,0x0,0x2B1868,0x0,2,0,1,0,stop_at_base,0,0,0,,CALLBACK_RETURN_SENTINEL_OK
p17_hit1_20260801_144222_15364,581,581,robotol.ext,3,3,1,0x30631D,0x30631D,0x80000,0x0,0x2B1868,0x0,2,0,1,0,stop_at_base,0,0,0,,CALLBACK_RETURN_SENTINEL_OK
p17_hit1_20260801_144222_15364,582,582,robotol.ext,3,3,1,0x30631D,0x30631D,0x80000,0x0,0x2B1868,0x0,2,0,1,0,stop_at_base,0,0,0,,CALLBACK_RETURN_SENTINEL_OK
p17_hit1_20260801_144222_15364,583,583,robotol.ext,3,3,1,0x30631D,0x30631D,0x80000,0x0,0x2B1868,0x0,2,0,1,0,stop_at_base,0,0,0,,CALLBACK_RETURN_SENTINEL_OK
p17_hit1_20260801_144222_15364,584,584,robotol.ext,3,3,1,0x30631D,0x30631D,0x80000,0x0,0x2B1868,0x0,2,0,1,0,stop_at_base,0,0,0,,CALLBACK_RETURN_SENTINEL_OK
p17_hit1_20260801_144222_15364,585,585,robotol.ext,3,3,1,0x30631D,0x30631D,0x80000,0x0,0x2B1868,0x0,2,0,1,0,stop_at_base,0,0,0,,CALLBACK_RETURN_SENTINEL_OK
p17_hit1_20260801_144222_15364,586,586,robotol.ext,3,3,1,0x30631D,0x30631D,0x80000,0x0,0x2B1868,0x0,2,0,1,0,stop_at_base,0,0,0,,CALLBACK_RETURN_SENTINEL_OK
p17_hit1_20260801_144222_15364,587,587,robotol.ext,3,3,1,0x30631D,0x30631D,0x80000,0x0,0x2B1868,0x0,2,0,1,0,stop_at_base,0,0,0,,CALLBACK_RETURN_SENTINEL_OK
p17_hit1_20260801_144222_15364,588,588,robotol.ext,3,3,1,0x30631D,0x30631D,0x80000,0x0,0x2B1868,0x0,2,0,1,0,stop_at_base,0,0,0,,CALLBACK_RETURN_SENTINEL_OK
p17_hit1_20260801_144222_15364,589,589,robotol.ext,3,3,1,0x30631D,0x30631D,0x80000,0x0,0x2B1868,0x0,2,0,1,0,stop_at_base,0,0,0,,CALLBACK_RETURN_SENTINEL_OK
p17_hit1_20260801_144222_15364,590,590,robotol.ext,3,3,1,0x30631D,0x30631D,0x80000,0x0,0x2B1868,0x0,2,0,1,0,stop_at_base,0,0,0,,CALLBACK_RETURN_SENTINEL_OK
p17_hit1_20260801_144222_15364,591,591,robotol.ext,3,3,1,0x30631D,0x30631D,0x80000,0x0,0x2B1868,0x0,2,0,1,0,stop_at_base,0,0,0,,CALLBACK_RETURN_SENTINEL_OK
p17_hit1_20260801_144222_15364,592,592,robotol.ext,3,3,1,0x30631D,0x30631D,0x80000,0x0,0x2B1868,0x0,2,0,1,0,stop_at_base,0,0,0,,CALLBACK_RETURN_SENTINEL_OK
p17_hit1_20260801_144222_15364,593,593,robotol.ext,3,3,1,0x30631D,0x30631D,0x80000,0x0,0x2B1868,0x0,2,0,1,0,stop_at_base,0,0,0,,CALLBACK_RETURN_SENTINEL_OK
p17_hit1_20260801_144222_15364,594,594,robotol.ext,3,3,1,0x30631D,0x30631D,0x80000,0x0,0x2B1868,0x0,2,0,1,0,stop_at_base,0,0,0,,CALLBACK_RETURN_SENTINEL_OK
p17_hit1_20260801_144222_15364,595,595,robotol.ext,3,3,1,0x30631D,0x30631D,0x80000,0x0,0x2B1868,0x0,2,0,1,0,stop_at_base,0,0,0,,CALLBACK_RETURN_SENTINEL_OK
p17_hit1_20260801_144222_15364,596,596,robotol.ext,3,3,1,0x30631D,0x30631D,0x80000,0x0,0x2B1868,0x0,2,0,1,0,stop_at_base,0,0,0,,CALLBACK_RETURN_SENTINEL_OK
p17_hit1_20260801_144222_15364,597,597,robotol.ext,3,3,1,0x30631D,0x30631D,0x80000,0x0,0x2B1868,0x0,2,0,1,0,stop_at_base,0,0,0,,CALLBACK_RETURN_SENTINEL_OK
p17_hit1_20260801_144222_15364,598,598,robotol.ext,3,3,1,0x30631D,0x30631D,0x80000,0x0,0x2B1868,0x0,2,0,1,0,stop_at_base,0,0,0,,CALLBACK_RETURN_SENTINEL_OK
p17_hit1_20260801_144222_15364,599,599,robotol.ext,3,3,1,0x30631D,0x30631D,0x80000,0x0,0x2B1868,0x0,2,0,1,0,stop_at_base,0,0,0,,CALLBACK_RETURN_SENTINEL_OK
p17_hit1_20260801_144222_15364,600,600,robotol.ext,3,3,1,0x30631D,0x30631D,0x80000,0x0,0x2B1868,0x0,2,0,1,0,stop_at_base,0,0,0,,CALLBACK_RETURN_SENTINEL_OK
p17_hit1_20260801_144222_15364,601,601,robotol.ext,3,3,1,0x30631D,0x30631D,0x80000,0x0,0x2B1868,0x0,2,0,1,0,stop_at_base,0,0,0,,CALLBACK_RETURN_SENTINEL_OK
p17_hit1_20260801_144222_15364,602,602,robotol.ext,3,3,1,0x30631D,0x30631D,0x80000,0x0,0x2B1868,0x0,2,0,1,0,stop_at_base,0,0,0,,CALLBACK_RETURN_SENTINEL_OK
p17_hit1_20260801_144222_15364,603,603,robotol.ext,3,3,1,0x30631D,0x30631D,0x80000,0x0,0x2B1868,0x0,2,0,1,0,stop_at_base,0,0,0,,CALLBACK_RETURN_SENTINEL_OK
p17_hit1_20260801_144222_15364,604,604,robotol.ext,3,3,1,0x30631D,0x30631D,0x80000,0x0,0x2B1868,0x0,2,0,1,0,stop_at_base,0,0,0,,CALLBACK_RETURN_SENTINEL_OK
p17_hit1_20260801_144222_15364,605,605,robotol.ext,3,3,1,0x30631D,0x30631D,0x80000,0x0,0x2B1868,0x0,2,0,1,0,stop_at_base,0,0,0,,CALLBACK_RETURN_SENTINEL_OK
p17_hit1_20260801_144222_15364,606,606,robotol.ext,3,3,1,0x30631D,0x30631D,0x80000,0x0,0x2B1868,0x0,2,0,1,0,stop_at_base,0,0,0,,CALLBACK_RETURN_SENTINEL_OK
p17_hit1_20260801_144222_15364,607,607,robotol.ext,3,3,1,0x30631D,0x30631D,0x80000,0x0,0x2B1868,0x0,2,0,1,0,stop_at_base,0,0,0,,CALLBACK_RETURN_SENTINEL_OK
p17_hit1_20260801_144222_15364,608,608,robotol.ext,3,3,1,0x30631D,0x30631D,0x80000,0x0,0x2B1868,0x0,2,0,1,0,stop_at_base,0,0,0,,CALLBACK_RETURN_SENTINEL_OK
p17_hit1_20260801_144222_15364,609,609,robotol.ext,3,3,1,0x30631D,0x30631D,0x80000,0x0,0x2B1868,0x0,2,0,1,0,stop_at_base,0,0,0,,CALLBACK_RETURN_SENTINEL_OK
p17_hit1_20260801_144222_15364,610,610,robotol.ext,3,3,1,0x30631D,0x30631D,0x80000,0x0,0x2B1868,0x0,2,0,1,0,stop_at_base,0,0,0,,CALLBACK_RETURN_SENTINEL_OK
p17_hit1_20260801_144222_15364,611,611,robotol.ext,3,3,1,0x30631D,0x30631D,0x80000,0x0,0x2B1868,0x0,2,0,1,0,stop_at_base,0,0,0,,CALLBACK_RETURN_SENTINEL_OK
p17_hit1_20260801_144222_15364,612,612,robotol.ext,3,3,1,0x30631D,0x30631D,0x80000,0x0,0x2B1868,0x0,2,0,1,0,stop_at_base,0,0,0,,CALLBACK_RETURN_SENTINEL_OK
p17_hit1_20260801_144222_15364,613,613,robotol.ext,3,3,1,0x30631D,0x30631D,0x80000,0x0,0x2B1868,0x0,2,0,1,0,stop_at_base,0,0,0,,CALLBACK_RETURN_SENTINEL_OK
p17_hit1_20260801_144222_15364,614,614,robotol.ext,3,3,1,0x30631D,0x30631D,0x80000,0x0,0x2B1868,0x0,2,0,1,0,stop_at_base,0,0,0,,CALLBACK_RETURN_SENTINEL_OK
p17_hit1_20260801_144222_15364,615,615,robotol.ext,3,3,1,0x30631D,0x30631D,0x80000,0x0,0x2B1868,0x0,2,0,1,0,stop_at_base,0,0,0,,CALLBACK_RETURN_SENTINEL_OK
p17_hit1_20260801_144222_15364,616,616,robotol.ext,3,3,1,0x30631D,0x30631D,0x80000,0x0,0x2B1868,0x0,2,0,1,0,stop_at_base,0,0,0,,CALLBACK_RETURN_SENTINEL_OK
p17_hit1_20260801_144222_15364,617,617,robotol.ext,3,3,1,0x30631D,0x30631D,0x80000,0x0,0x2B1868,0x0,2,0,1,0,stop_at_base,0,0,0,,CALLBACK_RETURN_SENTINEL_OK
p17_hit1_20260801_144222_15364,618,618,robotol.ext,3,3,1,0x30631D,0x30631D,0x80000,0x0,0x2B1868,0x0,2,0,1,0,stop_at_base,0,0,0,,CALLBACK_RETURN_SENTINEL_OK
p17_hit1_20260801_144222_15364,619,619,robotol.ext,3,3,1,0x30631D,0x30631D,0x80000,0x0,0x2B1868,0x0,2,0,1,0,stop_at_base,0,0,0,,CALLBACK_RETURN_SENTINEL_OK
p17_hit1_20260801_144222_15364,620,620,robotol.ext,3,3,1,0x30631D,0x30631D,0x80000,0x0,0x2B1868,0x0,2,0,1,0,stop_at_base,0,0,0,,CALLBACK_RETURN_SENTINEL_OK
p17_hit1_20260801_144222_15364,621,621,robotol.ext,3,3,1,0x30631D,0x30631D,0x80000,0x0,0x2B1868,0x0,2,0,1,0,stop_at_base,0,0,0,,CALLBACK_RETURN_SENTINEL_OK
p17_hit1_20260801_144222_15364,622,622,robotol.ext,3,3,1,0x30631D,0x30631D,0x80000,0x0,0x2B1868,0x0,2,0,1,0,stop_at_base,0,0,0,,CALLBACK_RETURN_SENTINEL_OK
p17_hit1_20260801_144222_15364,623,623,robotol.ext,3,3,1,0x30631D,0x30631D,0x80000,0x0,0x2B1868,0x0,2,0,1,0,stop_at_base,0,0,0,,CALLBACK_RETURN_SENTINEL_OK
p17_hit1_20260801_144222_15364,624,624,robotol.ext,3,3,1,0x30631D,0x30631D,0x80000,0x0,0x2B1868,0x0,2,0,1,0,stop_at_base,0,0,0,,CALLBACK_RETURN_SENTINEL_OK
p17_hit1_20260801_144222_15364,625,625,robotol.ext,3,3,1,0x30631D,0x30631D,0x80000,0x0,0x2B1868,0x0,2,0,1,0,stop_at_base,0,0,0,,CALLBACK_RETURN_SENTINEL_OK
p17_hit1_20260801_144222_15364,626,626,robotol.ext,3,3,1,0x30631D,0x30631D,0x80000,0x0,0x2B1868,0x0,2,0,1,0,stop_at_base,0,0,0,,CALLBACK_RETURN_SENTINEL_OK
p17_hit1_20260801_144222_15364,627,627,robotol.ext,3,3,1,0x30631D,0x30631D,0x80000,0x0,0x2B1868,0x0,2,0,1,0,stop_at_base,0,0,0,,CALLBACK_RETURN_SENTINEL_OK
p17_hit1_20260801_144222_15364,628,628,robotol.ext,3,3,1,0x30631D,0x30631D,0x80000,0x0,0x2B1868,0x0,2,0,1,0,stop_at_base,0,0,0,,CALLBACK_RETURN_SENTINEL_OK
p17_hit1_20260801_144222_15364,629,629,robotol.ext,3,3,1,0x30631D,0x30631D,0x80000,0x0,0x2B1868,0x0,2,0,1,0,stop_at_base,0,0,0,,CALLBACK_RETURN_SENTINEL_OK
p17_hit1_20260801_144222_15364,630,630,robotol.ext,3,3,1,0x30631D,0x30631D,0x80000,0x0,0x2B1868,0x0,2,0,1,0,stop_at_base,0,0,0,,CALLBACK_RETURN_SENTINEL_OK
p17_hit1_20260801_144222_15364,631,631,robotol.ext,3,3,1,0x30631D,0x30631D,0x80000,0x0,0x2B1868,0x0,2,0,1,0,stop_at_base,0,0,0,,CALLBACK_RETURN_SENTINEL_OK
p17_hit1_20260801_144222_15364,632,632,robotol.ext,3,3,1,0x30631D,0x30631D,0x80000,0x0,0x2B1868,0x0,2,0,1,0,stop_at_base,0,0,0,,CALLBACK_RETURN_SENTINEL_OK
p17_hit1_20260801_144222_15364,633,633,robotol.ext,3,3,1,0x30631D,0x30631D,0x80000,0x0,0x2B1868,0x0,2,0,1,0,stop_at_base,0,0,0,,CALLBACK_RETURN_SENTINEL_OK
p17_hit1_20260801_144222_15364,634,634,robotol.ext,3,3,1,0x30631D,0x30631D,0x80000,0x0,0x2B1868,0x0,2,0,1,0,stop_at_base,0,0,0,,CALLBACK_RETURN_SENTINEL_OK
p17_hit1_20260801_144222_15364,635,635,robotol.ext,3,3,1,0x30631D,0x30631D,0x80000,0x0,0x2B1868,0x0,2,0,1,0,stop_at_base,0,0,0,,CALLBACK_RETURN_SENTINEL_OK
p17_hit1_20260801_144222_15364,636,636,robotol.ext,3,3,1,0x30631D,0x30631D,0x80000,0x0,0x2B1868,0x0,2,0,1,0,stop_at_base,0,0,0,,CALLBACK_RETURN_SENTINEL_OK
p17_hit1_20260801_144222_15364,637,637,robotol.ext,3,3,1,0x30631D,0x30631D,0x80000,0x0,0x2B1868,0x0,2,0,1,0,stop_at_base,0,0,0,,CALLBACK_RETURN_SENTINEL_OK
p17_hit1_20260801_144222_15364,638,638,robotol.ext,3,3,1,0x30631D,0x30631D,0x80000,0x0,0x2B1868,0x0,2,0,1,0,stop_at_base,0,0,0,,CALLBACK_RETURN_SENTINEL_OK
p17_hit1_20260801_144222_15364,639,639,robotol.ext,3,3,1,0x30631D,0x30631D,0x80000,0x0,0x2B1868,0x0,2,0,1,0,stop_at_base,0,0,0,,CALLBACK_RETURN_SENTINEL_OK
p17_hit1_20260801_144222_15364,640,640,robotol.ext,3,3,1,0x30631D,0x30631D,0x80000,0x0,0x2B1868,0x0,2,0,1,0,stop_at_base,0,0,0,,CALLBACK_RETURN_SENTINEL_OK
p17_hit1_20260801_144222_15364,641,641,robotol.ext,3,3,1,0x30631D,0x30631D,0x80000,0x0,0x2B1868,0x0,2,0,1,0,stop_at_base,0,0,0,,CALLBACK_RETURN_SENTINEL_OK
p17_hit1_20260801_144222_15364,642,642,robotol.ext,3,3,1,0x30631D,0x30631D,0x80000,0x0,0x2B1868,0x0,2,0,1,0,stop_at_base,0,0,0,,CALLBACK_RETURN_SENTINEL_OK
p17_hit1_20260801_144222_15364,643,643,robotol.ext,3,3,1,0x30631D,0x30631D,0x80000,0x0,0x2B1868,0x0,2,0,1,0,stop_at_base,0,0,0,,CALLBACK_RETURN_SENTINEL_OK
p17_hit1_20260801_144222_15364,644,644,robotol.ext,3,3,1,0x30631D,0x30631D,0x80000,0x0,0x2B1868,0x0,2,0,1,0,stop_at_base,0,0,0,,CALLBACK_RETURN_SENTINEL_OK
p17_hit1_20260801_144222_15364,645,645,robotol.ext,3,3,1,0x30631D,0x30631D,0x80000,0x0,0x2B1868,0x0,2,0,1,0,stop_at_base,0,0,0,,CALLBACK_RETURN_SENTINEL_OK
p17_hit1_20260801_144222_15364,646,646,robotol.ext,3,3,1,0x30631D,0x30631D,0x80000,0x0,0x2B1868,0x0,2,0,1,0,stop_at_base,0,0,0,,CALLBACK_RETURN_SENTINEL_OK
p17_hit1_20260801_144222_15364,647,647,robotol.ext,3,3,1,0x30631D,0x30631D,0x80000,0x0,0x2B1868,0x0,2,0,1,0,stop_at_base,0,0,0,,CALLBACK_RETURN_SENTINEL_OK
p17_hit1_20260801_144222_15364,648,648,robotol.ext,3,3,1,0x30631D,0x30631D,0x80000,0x0,0x2B1868,0x0,2,0,1,0,stop_at_base,0,0,0,,CALLBACK_RETURN_SENTINEL_OK
p17_hit1_20260801_144222_15364,649,649,robotol.ext,3,3,1,0x30631D,0x30631D,0x80000,0x0,0x2B1868,0x0,2,0,1,0,stop_at_base,0,0,0,,CALLBACK_RETURN_SENTINEL_OK
p17_hit1_20260801_144222_15364,650,650,robotol.ext,3,3,1,0x30631D,0x30631D,0x80000,0x0,0x2B1868,0x0,2,0,1,0,stop_at_base,0,0,0,,CALLBACK_RETURN_SENTINEL_OK
p17_hit1_20260801_144222_15364,651,651,robotol.ext,3,3,1,0x30631D,0x30631D,0x80000,0x0,0x2B1868,0x0,2,0,1,0,stop_at_base,0,0,0,,CALLBACK_RETURN_SENTINEL_OK
p17_hit1_20260801_144222_15364,652,652,robotol.ext,3,3,1,0x30631D,0x30631D,0x80000,0x0,0x2B1868,0x0,2,0,1,0,stop_at_base,0,0,0,,CALLBACK_RETURN_SENTINEL_OK
p17_hit1_20260801_144222_15364,653,653,robotol.ext,3,3,1,0x30631D,0x30631D,0x80000,0x0,0x2B1868,0x0,2,0,1,0,stop_at_base,0,0,0,,CALLBACK_RETURN_SENTINEL_OK
p17_hit1_20260801_144222_15364,654,654,robotol.ext,3,3,1,0x30631D,0x30631D,0x80000,0x0,0x2B1868,0x0,2,0,1,0,stop_at_base,0,0,0,,CALLBACK_RETURN_SENTINEL_OK
p17_hit1_20260801_144222_15364,655,655,robotol.ext,3,3,1,0x30631D,0x30631D,0x80000,0x0,0x2B1868,0x0,2,0,1,0,stop_at_base,0,0,0,,CALLBACK_RETURN_SENTINEL_OK
p17_hit1_20260801_144222_15364,656,656,robotol.ext,3,3,1,0x30631D,0x30631D,0x80000,0x0,0x2B1868,0x0,2,0,1,0,stop_at_base,0,0,0,,CALLBACK_RETURN_SENTINEL_OK
p17_hit1_20260801_144222_15364,657,657,robotol.ext,3,3,1,0x30631D,0x30631D,0x80000,0x0,0x2B1868,0x0,2,0,1,0,stop_at_base,0,0,0,,CALLBACK_RETURN_SENTINEL_OK
p17_hit1_20260801_144222_15364,658,658,robotol.ext,3,3,1,0x30631D,0x30631D,0x80000,0x0,0x2B1868,0x0,2,0,1,0,stop_at_base,0,0,0,,CALLBACK_RETURN_SENTINEL_OK
p17_hit1_20260801_144222_15364,659,659,robotol.ext,3,3,1,0x30631D,0x30631D,0x80000,0x0,0x2B1868,0x0,2,0,1,0,stop_at_base,0,0,0,,CALLBACK_RETURN_SENTINEL_OK
p17_hit1_20260801_144222_15364,660,660,robotol.ext,3,3,1,0x30631D,0x30631D,0x80000,0x0,0x2B1868,0x0,2,0,1,0,stop_at_base,0,0,0,,CALLBACK_RETURN_SENTINEL_OK
p17_hit1_20260801_144222_15364,661,661,robotol.ext,3,3,1,0x30631D,0x30631D,0x80000,0x0,0x2B1868,0x0,2,0,1,0,stop_at_base,0,0,0,,CALLBACK_RETURN_SENTINEL_OK
p17_hit1_20260801_144222_15364,662,662,robotol.ext,3,3,1,0x30631D,0x30631D,0x80000,0x0,0x2B1868,0x0,2,0,1,0,stop_at_base,0,0,0,,CALLBACK_RETURN_SENTINEL_OK
p17_hit1_20260801_144222_15364,663,663,robotol.ext,3,3,1,0x30631D,0x30631D,0x80000,0x0,0x2B1868,0x0,2,0,1,0,stop_at_base,0,0,0,,CALLBACK_RETURN_SENTINEL_OK
p17_hit1_20260801_144222_15364,664,664,robotol.ext,3,3,1,0x30631D,0x30631D,0x80000,0x0,0x2B1868,0x0,2,0,1,0,stop_at_base,0,0,0,,CALLBACK_RETURN_SENTINEL_OK
p17_hit1_20260801_144222_15364,665,665,robotol.ext,3,3,1,0x30631D,0x30631D,0x80000,0x0,0x2B1868,0x0,2,0,1,0,stop_at_base,0,0,0,,CALLBACK_RETURN_SENTINEL_OK
p17_hit1_20260801_144222_15364,666,666,robotol.ext,3,3,1,0x30631D,0x30631D,0x80000,0x0,0x2B1868,0x0,2,0,1,0,stop_at_base,0,0,0,,CALLBACK_RETURN_SENTINEL_OK
p17_hit1_20260801_144222_15364,667,667,robotol.ext,3,3,1,0x30631D,0x30631D,0x80000,0x0,0x2B1868,0x0,2,0,1,0,stop_at_base,0,0,0,,CALLBACK_RETURN_SENTINEL_OK
p17_hit1_20260801_144222_15364,668,668,robotol.ext,3,3,1,0x30631D,0x30631D,0x80000,0x0,0x2B1868,0x0,2,0,1,0,stop_at_base,0,0,0,,CALLBACK_RETURN_SENTINEL_OK
p17_hit1_20260801_144222_15364,669,669,robotol.ext,3,3,1,0x30631D,0x30631D,0x80000,0x0,0x2B1868,0x0,2,0,1,0,stop_at_base,0,0,0,,CALLBACK_RETURN_SENTINEL_OK
p17_hit1_20260801_144222_15364,670,670,robotol.ext,3,3,1,0x30631D,0x30631D,0x80000,0x0,0x2B1868,0x0,2,0,1,0,stop_at_base,0,0,0,,CALLBACK_RETURN_SENTINEL_OK
p17_hit1_20260801_144222_15364,671,671,robotol.ext,3,3,1,0x30631D,0x30631D,0x80000,0x0,0x2B1868,0x0,2,0,1,0,stop_at_base,0,0,0,,CALLBACK_RETURN_SENTINEL_OK
p17_hit1_20260801_144222_15364,672,672,robotol.ext,3,3,1,0x30631D,0x30631D,0x80000,0x0,0x2B1868,0x0,2,0,1,0,stop_at_base,0,0,0,,CALLBACK_RETURN_SENTINEL_OK
p17_hit1_20260801_144222_15364,673,673,robotol.ext,3,3,1,0x30631D,0x30631D,0x80000,0x0,0x2B1868,0x0,2,0,1,0,stop_at_base,0,0,0,,CALLBACK_RETURN_SENTINEL_OK
p17_hit1_20260801_144222_15364,674,674,robotol.ext,3,3,1,0x30631D,0x30631D,0x80000,0x0,0x2B1868,0x0,2,0,1,0,stop_at_base,0,0,0,,CALLBACK_RETURN_SENTINEL_OK
p17_hit1_20260801_144222_15364,675,675,robotol.ext,3,3,1,0x30631D,0x30631D,0x80000,0x0,0x2B1868,0x0,2,0,1,0,stop_at_base,0,0,0,,CALLBACK_RETURN_SENTINEL_OK
p17_hit1_20260801_144222_15364,676,676,robotol.ext,3,3,1,0x30631D,0x30631D,0x80000,0x0,0x2B1868,0x0,2,0,1,0,stop_at_base,0,0,0,,CALLBACK_RETURN_SENTINEL_OK
p17_hit1_20260801_144222_15364,677,677,robotol.ext,3,3,1,0x30631D,0x30631D,0x80000,0x0,0x2B1868,0x0,2,0,1,0,stop_at_base,0,0,0,,CALLBACK_RETURN_SENTINEL_OK
p17_hit1_20260801_144222_15364,678,678,robotol.ext,3,3,1,0x30631D,0x30631D,0x80000,0x0,0x2B1868,0x0,2,0,1,0,stop_at_base,0,0,0,,CALLBACK_RETURN_SENTINEL_OK
p17_hit1_20260801_144222_15364,679,679,robotol.ext,3,3,1,0x30631D,0x30631D,0x80000,0x0,0x2B1868,0x0,2,0,1,0,stop_at_base,0,0,0,,CALLBACK_RETURN_SENTINEL_OK
p17_hit1_20260801_144222_15364,680,680,robotol.ext,3,3,1,0x30631D,0x30631D,0x80000,0x0,0x2B1868,0x0,2,0,1,0,stop_at_base,0,0,0,,CALLBACK_RETURN_SENTINEL_OK
p17_hit1_20260801_144222_15364,681,681,robotol.ext,3,3,1,0x30631D,0x30631D,0x80000,0x0,0x2B1868,0x0,2,0,1,0,stop_at_base,0,0,0,,CALLBACK_RETURN_SENTINEL_OK
p17_hit1_20260801_144222_15364,682,682,robotol.ext,3,3,1,0x30631D,0x30631D,0x80000,0x0,0x2B1868,0x0,2,0,1,0,stop_at_base,0,0,0,,CALLBACK_RETURN_SENTINEL_OK
p17_hit1_20260801_144222_15364,683,683,robotol.ext,3,3,1,0x30631D,0x30631D,0x80000,0x0,0x2B1868,0x0,2,0,1,0,stop_at_base,0,0,0,,CALLBACK_RETURN_SENTINEL_OK
p17_hit1_20260801_144222_15364,684,684,robotol.ext,3,3,1,0x30631D,0x30631D,0x80000,0x0,0x2B1868,0x0,2,0,1,0,stop_at_base,0,0,0,,CALLBACK_RETURN_SENTINEL_OK
p17_hit1_20260801_144222_15364,685,685,robotol.ext,3,3,1,0x30631D,0x30631D,0x80000,0x0,0x2B1868,0x0,2,0,1,0,stop_at_base,0,0,0,,CALLBACK_RETURN_SENTINEL_OK
p17_hit1_20260801_144222_15364,686,686,robotol.ext,3,3,1,0x30631D,0x30631D,0x80000,0x0,0x2B1868,0x0,2,0,1,0,stop_at_base,0,0,0,,CALLBACK_RETURN_SENTINEL_OK
p17_hit1_20260801_144222_15364,687,687,robotol.ext,3,3,1,0x30631D,0x30631D,0x80000,0x0,0x2B1868,0x0,2,0,1,0,stop_at_base,0,0,0,,CALLBACK_RETURN_SENTINEL_OK
p17_hit1_20260801_144222_15364,688,688,robotol.ext,3,3,1,0x30631D,0x30631D,0x80000,0x0,0x2B1868,0x0,2,0,1,0,stop_at_base,0,0,0,,CALLBACK_RETURN_SENTINEL_OK
p17_hit1_20260801_144222_15364,689,689,robotol.ext,3,3,1,0x30631D,0x30631D,0x80000,0x0,0x2B1868,0x0,2,0,1,0,stop_at_base,0,0,0,,CALLBACK_RETURN_SENTINEL_OK
p17_hit1_20260801_144222_15364,690,690,robotol.ext,3,3,1,0x30631D,0x30631D,0x80000,0x0,0x2B1868,0x0,2,0,1,0,stop_at_base,0,0,0,,CALLBACK_RETURN_SENTINEL_OK
p17_hit1_20260801_144222_15364,691,691,robotol.ext,3,3,1,0x30631D,0x30631D,0x80000,0x0,0x2B1868,0x0,2,0,1,0,stop_at_base,0,0,0,,CALLBACK_RETURN_SENTINEL_OK
p17_hit1_20260801_144222_15364,692,692,robotol.ext,3,3,1,0x30631D,0x30631D,0x80000,0x0,0x2B1868,0x0,2,0,1,0,stop_at_base,0,0,0,,CALLBACK_RETURN_SENTINEL_OK
p17_hit1_20260801_144222_15364,693,693,robotol.ext,3,3,1,0x30631D,0x30631D,0x80000,0x0,0x2B1868,0x0,2,0,1,0,stop_at_base,0,0,0,,CALLBACK_RETURN_SENTINEL_OK
p17_hit1_20260801_144222_15364,694,694,robotol.ext,3,3,1,0x30631D,0x30631D,0x80000,0x0,0x2B1868,0x0,2,0,1,0,stop_at_base,0,0,0,,CALLBACK_RETURN_SENTINEL_OK
p17_hit1_20260801_144222_15364,695,695,robotol.ext,3,3,1,0x30631D,0x30631D,0x80000,0x0,0x2B1868,0x0,2,0,1,0,stop_at_base,0,0,0,,CALLBACK_RETURN_SENTINEL_OK
p17_hit1_20260801_144222_15364,696,696,robotol.ext,3,3,1,0x30631D,0x30631D,0x80000,0x0,0x2B1868,0x0,2,0,1,0,stop_at_base,0,0,0,,CALLBACK_RETURN_SENTINEL_OK
p17_hit1_20260801_144222_15364,697,697,robotol.ext,3,3,1,0x30631D,0x30631D,0x80000,0x0,0x2B1868,0x0,2,0,1,0,stop_at_base,0,0,0,,CALLBACK_RETURN_SENTINEL_OK
p17_hit1_20260801_144222_15364,698,698,robotol.ext,3,3,1,0x30631D,0x30631D,0x80000,0x0,0x2B1868,0x0,2,0,1,0,stop_at_base,0,0,0,,CALLBACK_RETURN_SENTINEL_OK
p17_hit1_20260801_144222_15364,699,699,robotol.ext,3,3,1,0x30631D,0x30631D,0x80000,0x0,0x2B1868,0x0,2,0,1,0,stop_at_base,0,0,0,,CALLBACK_RETURN_SENTINEL_OK
p17_hit1_20260801_144222_15364,700,700,robotol.ext,3,3,1,0x30631D,0x30631D,0x80000,0x0,0x2B1868,0x0,2,0,1,0,stop_at_base,0,0,0,,CALLBACK_RETURN_SENTINEL_OK
p17_hit1_20260801_144222_15364,701,701,robotol.ext,3,3,1,0x30631D,0x30631D,0x80000,0x0,0x2B1868,0x0,2,0,1,0,stop_at_base,0,0,0,,CALLBACK_RETURN_SENTINEL_OK
p17_hit1_20260801_144222_15364,702,702,robotol.ext,3,3,1,0x30631D,0x30631D,0x80000,0x0,0x2B1868,0x0,2,0,1,0,stop_at_base,0,0,0,,CALLBACK_RETURN_SENTINEL_OK
p17_hit1_20260801_144222_15364,703,703,robotol.ext,3,3,1,0x30631D,0x30631D,0x80000,0x0,0x2B1868,0x0,2,0,1,0,stop_at_base,0,0,0,,CALLBACK_RETURN_SENTINEL_OK
p17_hit1_20260801_144222_15364,704,704,robotol.ext,3,3,1,0x30631D,0x30631D,0x80000,0x0,0x2B1868,0x0,2,0,1,0,stop_at_base,0,0,0,,CALLBACK_RETURN_SENTINEL_OK
p17_hit1_20260801_144222_15364,705,705,robotol.ext,3,3,1,0x30631D,0x30631D,0x80000,0x0,0x2B1868,0x0,2,0,1,0,stop_at_base,0,0,0,,CALLBACK_RETURN_SENTINEL_OK
p17_hit1_20260801_144222_15364,706,706,robotol.ext,3,3,1,0x30631D,0x30631D,0x80000,0x0,0x2B1868,0x0,2,0,1,0,stop_at_base,0,0,0,,CALLBACK_RETURN_SENTINEL_OK
p17_hit1_20260801_144222_15364,707,707,robotol.ext,3,3,1,0x30631D,0x30631D,0x80000,0x0,0x2B1868,0x0,2,0,1,0,stop_at_base,0,0,0,,CALLBACK_RETURN_SENTINEL_OK
p17_hit1_20260801_144222_15364,708,708,robotol.ext,3,3,1,0x30631D,0x30631D,0x80000,0x0,0x2B1868,0x0,2,0,1,0,stop_at_base,0,0,0,,CALLBACK_RETURN_SENTINEL_OK
p17_hit1_20260801_144222_15364,709,709,robotol.ext,3,3,1,0x30631D,0x30631D,0x80000,0x0,0x2B1868,0x0,2,0,1,0,stop_at_base,0,0,0,,CALLBACK_RETURN_SENTINEL_OK
p17_hit1_20260801_144222_15364,710,710,robotol.ext,3,3,1,0x30631D,0x30631D,0x80000,0x0,0x2B1868,0x0,2,0,1,0,stop_at_base,0,0,0,,CALLBACK_RETURN_SENTINEL_OK
p17_hit1_20260801_144222_15364,711,711,robotol.ext,3,3,1,0x30631D,0x30631D,0x80000,0x0,0x2B1868,0x0,2,0,1,0,stop_at_base,0,0,0,,CALLBACK_RETURN_SENTINEL_OK
p17_hit1_20260801_144222_15364,712,712,robotol.ext,3,3,1,0x30631D,0x30631D,0x80000,0x0,0x2B1868,0x0,2,0,1,0,stop_at_base,0,0,0,,CALLBACK_RETURN_SENTINEL_OK
p17_hit1_20260801_144222_15364,713,713,robotol.ext,3,3,1,0x30631D,0x30631D,0x80000,0x0,0x2B1868,0x0,2,0,1,0,stop_at_base,0,0,0,,CALLBACK_RETURN_SENTINEL_OK
p17_hit1_20260801_144222_15364,714,714,robotol.ext,3,3,1,0x30631D,0x30631D,0x80000,0x0,0x2B1868,0x0,2,0,1,0,stop_at_base,0,0,0,,CALLBACK_RETURN_SENTINEL_OK
p17_hit1_20260801_144222_15364,715,715,robotol.ext,3,3,1,0x30631D,0x30631D,0x80000,0x0,0x2B1868,0x0,2,0,1,0,stop_at_base,0,0,0,,CALLBACK_RETURN_SENTINEL_OK
p17_hit1_20260801_144222_15364,716,716,robotol.ext,3,3,1,0x30631D,0x30631D,0x80000,0x0,0x2B1868,0x0,2,0,1,0,stop_at_base,0,0,0,,CALLBACK_RETURN_SENTINEL_OK
p17_hit1_20260801_144222_15364,717,717,robotol.ext,3,3,1,0x30631D,0x30631D,0x80000,0x0,0x2B1868,0x0,2,0,1,0,stop_at_base,0,0,0,,CALLBACK_RETURN_SENTINEL_OK
p17_hit1_20260801_144222_15364,718,718,robotol.ext,3,3,1,0x30631D,0x30631D,0x80000,0x0,0x2B1868,0x0,2,0,1,0,stop_at_base,0,0,0,,CALLBACK_RETURN_SENTINEL_OK
p17_hit1_20260801_144222_15364,719,719,robotol.ext,3,3,1,0x30631D,0x30631D,0x80000,0x0,0x2B1868,0x0,2,0,1,0,stop_at_base,0,0,0,,CALLBACK_RETURN_SENTINEL_OK
p17_hit1_20260801_144222_15364,720,720,robotol.ext,3,3,1,0x30631D,0x30631D,0x80000,0x0,0x2B1868,0x0,2,0,1,0,stop_at_base,0,0,0,,CALLBACK_RETURN_SENTINEL_OK
p17_hit1_20260801_144222_15364,721,721,robotol.ext,3,3,1,0x30631D,0x30631D,0x80000,0x0,0x2B1868,0x0,2,0,1,0,stop_at_base,0,0,0,,CALLBACK_RETURN_SENTINEL_OK
p17_hit1_20260801_144222_15364,722,722,robotol.ext,3,3,1,0x30631D,0x30631D,0x80000,0x0,0x2B1868,0x0,2,0,1,0,stop_at_base,0,0,0,,CALLBACK_RETURN_SENTINEL_OK
p17_hit1_20260801_144222_15364,723,723,robotol.ext,3,3,1,0x30631D,0x30631D,0x80000,0x0,0x2B1868,0x0,2,0,1,0,stop_at_base,0,0,0,,CALLBACK_RETURN_SENTINEL_OK
p17_hit1_20260801_144222_15364,724,724,robotol.ext,3,3,1,0x30631D,0x30631D,0x80000,0x0,0x2B1868,0x0,2,0,1,0,stop_at_base,0,0,0,,CALLBACK_RETURN_SENTINEL_OK
p17_hit1_20260801_144222_15364,725,725,robotol.ext,3,3,1,0x30631D,0x30631D,0x80000,0x0,0x2B1868,0x0,2,0,1,0,stop_at_base,0,0,0,,CALLBACK_RETURN_SENTINEL_OK
p17_hit1_20260801_144222_15364,726,726,robotol.ext,3,3,1,0x30631D,0x30631D,0x80000,0x0,0x2B1868,0x0,2,0,1,0,stop_at_base,0,0,0,,CALLBACK_RETURN_SENTINEL_OK
p17_hit1_20260801_144222_15364,727,727,robotol.ext,3,3,1,0x30631D,0x30631D,0x80000,0x0,0x2B1868,0x0,2,0,1,0,stop_at_base,0,0,0,,CALLBACK_RETURN_SENTINEL_OK
p17_hit1_20260801_144222_15364,728,728,robotol.ext,3,3,1,0x30631D,0x30631D,0x80000,0x0,0x2B1868,0x0,2,0,1,0,stop_at_base,0,0,0,,CALLBACK_RETURN_SENTINEL_OK
p17_hit1_20260801_144222_15364,729,729,robotol.ext,3,3,1,0x30631D,0x30631D,0x80000,0x0,0x2B1868,0x0,2,0,1,0,stop_at_base,0,0,0,,CALLBACK_RETURN_SENTINEL_OK
p17_hit1_20260801_144222_15364,730,730,robotol.ext,3,3,1,0x30631D,0x30631D,0x80000,0x0,0x2B1868,0x0,2,0,1,0,stop_at_base,0,0,0,,CALLBACK_RETURN_SENTINEL_OK
p17_hit1_20260801_144222_15364,731,731,robotol.ext,3,3,1,0x30631D,0x30631D,0x80000,0x0,0x2B1868,0x0,2,0,1,0,stop_at_base,0,0,0,,CALLBACK_RETURN_SENTINEL_OK
p17_hit1_20260801_144222_15364,732,732,robotol.ext,3,3,1,0x30631D,0x30631D,0x80000,0x0,0x2B1868,0x0,2,0,1,0,stop_at_base,0,0,0,,CALLBACK_RETURN_SENTINEL_OK
p17_hit1_20260801_144222_15364,733,733,robotol.ext,3,3,1,0x30631D,0x30631D,0x80000,0x0,0x2B1868,0x0,2,0,1,0,stop_at_base,0,0,0,,CALLBACK_RETURN_SENTINEL_OK
p17_hit1_20260801_144222_15364,734,734,robotol.ext,3,3,1,0x30631D,0x30631D,0x80000,0x0,0x2B1868,0x0,2,0,1,0,stop_at_base,0,0,0,,CALLBACK_RETURN_SENTINEL_OK
p17_hit1_20260801_144222_15364,735,735,robotol.ext,3,3,1,0x30631D,0x30631D,0x80000,0x0,0x2B1868,0x0,2,0,1,0,stop_at_base,0,0,0,,CALLBACK_RETURN_SENTINEL_OK
p17_hit1_20260801_144222_15364,736,736,robotol.ext,3,3,1,0x30631D,0x30631D,0x80000,0x0,0x2B1868,0x0,2,0,1,0,stop_at_base,0,0,0,,CALLBACK_RETURN_SENTINEL_OK
p17_hit1_20260801_144222_15364,737,737,robotol.ext,3,3,1,0x30631D,0x30631D,0x80000,0x0,0x2B1868,0x0,2,0,1,0,stop_at_base,0,0,0,,CALLBACK_RETURN_SENTINEL_OK
p17_hit1_20260801_144222_15364,738,738,robotol.ext,3,3,1,0x30631D,0x30631D,0x80000,0x0,0x2B1868,0x0,2,0,1,0,stop_at_base,0,0,0,,CALLBACK_RETURN_SENTINEL_OK
p17_hit1_20260801_144222_15364,739,739,robotol.ext,3,3,1,0x30631D,0x30631D,0x80000,0x0,0x2B1868,0x0,2,0,1,0,stop_at_base,0,0,0,,CALLBACK_RETURN_SENTINEL_OK
p17_hit1_20260801_144222_15364,740,740,robotol.ext,3,3,1,0x30631D,0x30631D,0x80000,0x0,0x2B1868,0x0,2,0,1,0,stop_at_base,0,0,0,,CALLBACK_RETURN_SENTINEL_OK
p17_hit1_20260801_144222_15364,741,741,robotol.ext,3,3,1,0x30631D,0x30631D,0x80000,0x0,0x2B1868,0x0,2,0,1,0,stop_at_base,0,0,0,,CALLBACK_RETURN_SENTINEL_OK
p17_hit1_20260801_144222_15364,742,742,robotol.ext,3,3,1,0x30631D,0x30631D,0x80000,0x0,0x2B1868,0x0,2,0,1,0,stop_at_base,0,0,0,,CALLBACK_RETURN_SENTINEL_OK
p17_hit1_20260801_144222_15364,743,743,robotol.ext,3,3,1,0x30631D,0x30631D,0x80000,0x0,0x2B1868,0x0,2,0,1,0,stop_at_base,0,0,0,,CALLBACK_RETURN_SENTINEL_OK
p17_hit1_20260801_144222_15364,744,744,robotol.ext,3,3,1,0x30631D,0x30631D,0x80000,0x0,0x2B1868,0x0,2,0,1,0,stop_at_base,0,0,0,,CALLBACK_RETURN_SENTINEL_OK
p17_hit1_20260801_144222_15364,745,745,robotol.ext,3,3,1,0x30631D,0x30631D,0x80000,0x0,0x2B1868,0x0,2,0,1,0,stop_at_base,0,0,0,,CALLBACK_RETURN_SENTINEL_OK
p17_hit1_20260801_144222_15364,746,746,robotol.ext,3,3,1,0x30631D,0x30631D,0x80000,0x0,0x2B1868,0x0,2,0,1,0,stop_at_base,0,0,0,,CALLBACK_RETURN_SENTINEL_OK
p17_hit1_20260801_144222_15364,747,747,robotol.ext,3,3,1,0x30631D,0x30631D,0x80000,0x0,0x2B1868,0x0,2,0,1,0,stop_at_base,0,0,0,,CALLBACK_RETURN_SENTINEL_OK
p17_hit1_20260801_144222_15364,748,748,robotol.ext,3,3,1,0x30631D,0x30631D,0x80000,0x0,0x2B1868,0x0,2,0,1,0,stop_at_base,0,0,0,,CALLBACK_RETURN_SENTINEL_OK
p17_hit1_20260801_144222_15364,749,749,robotol.ext,3,3,1,0x30631D,0x30631D,0x80000,0x0,0x2B1868,0x0,2,0,1,0,stop_at_base,0,0,0,,CALLBACK_RETURN_SENTINEL_OK
p17_hit1_20260801_144222_15364,750,750,robotol.ext,3,3,1,0x30631D,0x30631D,0x80000,0x0,0x2B1868,0x0,2,0,1,0,stop_at_base,0,0,0,,CALLBACK_RETURN_SENTINEL_OK
p17_hit1_20260801_144222_15364,751,751,robotol.ext,3,3,1,0x30631D,0x30631D,0x80000,0x0,0x2B1868,0x0,2,0,1,0,stop_at_base,0,0,0,,CALLBACK_RETURN_SENTINEL_OK
p17_hit1_20260801_144222_15364,752,752,robotol.ext,3,3,1,0x30631D,0x30631D,0x80000,0x0,0x2B1868,0x0,2,0,1,0,stop_at_base,0,0,0,,CALLBACK_RETURN_SENTINEL_OK
p17_hit1_20260801_144222_15364,753,753,robotol.ext,3,3,1,0x30631D,0x30631D,0x80000,0x0,0x2B1868,0x0,2,0,1,0,stop_at_base,0,0,0,,CALLBACK_RETURN_SENTINEL_OK
p17_hit1_20260801_144222_15364,754,754,robotol.ext,3,3,1,0x30631D,0x30631D,0x80000,0x0,0x2B1868,0x0,2,0,1,0,stop_at_base,0,0,0,,CALLBACK_RETURN_SENTINEL_OK
p17_hit1_20260801_144222_15364,755,755,robotol.ext,3,3,1,0x30631D,0x30631D,0x80000,0x0,0x2B1868,0x0,2,0,1,0,stop_at_base,0,0,0,,CALLBACK_RETURN_SENTINEL_OK
p17_hit1_20260801_144222_15364,756,756,robotol.ext,3,3,1,0x30631D,0x30631D,0x80000,0x0,0x2B1868,0x0,2,0,1,0,stop_at_base,0,0,0,,CALLBACK_RETURN_SENTINEL_OK
p17_hit1_20260801_144222_15364,757,757,robotol.ext,3,3,1,0x30631D,0x30631D,0x80000,0x0,0x2B1868,0x0,2,0,1,0,stop_at_base,0,0,0,,CALLBACK_RETURN_SENTINEL_OK
p17_hit1_20260801_144222_15364,758,758,robotol.ext,3,3,1,0x30631D,0x30631D,0x80000,0x0,0x2B1868,0x0,2,0,1,0,stop_at_base,0,0,0,,CALLBACK_RETURN_SENTINEL_OK
p17_hit1_20260801_144222_15364,759,759,robotol.ext,3,3,1,0x30631D,0x30631D,0x80000,0x0,0x2B1868,0x0,2,0,1,0,stop_at_base,0,0,0,,CALLBACK_RETURN_SENTINEL_OK
p17_hit1_20260801_144222_15364,760,760,robotol.ext,3,3,1,0x30631D,0x30631D,0x80000,0x0,0x2B1868,0x0,2,0,1,0,stop_at_base,0,0,0,,CALLBACK_RETURN_SENTINEL_OK
p17_hit1_20260801_144222_15364,761,761,robotol.ext,3,3,1,0x30631D,0x30631D,0x80000,0x0,0x2B1868,0x0,2,0,1,0,stop_at_base,0,0,0,,CALLBACK_RETURN_SENTINEL_OK
p17_hit1_20260801_144222_15364,762,762,robotol.ext,3,3,1,0x30631D,0x30631D,0x80000,0x0,0x2B1868,0x0,2,0,1,0,stop_at_base,0,0,0,,CALLBACK_RETURN_SENTINEL_OK
p17_hit1_20260801_144222_15364,763,763,robotol.ext,3,3,1,0x30631D,0x30631D,0x80000,0x0,0x2B1868,0x0,2,0,1,0,stop_at_base,0,0,0,,CALLBACK_RETURN_SENTINEL_OK
p17_hit1_20260801_144222_15364,764,764,robotol.ext,3,3,1,0x30631D,0x30631D,0x80000,0x0,0x2B1868,0x0,2,0,1,0,stop_at_base,0,0,0,,CALLBACK_RETURN_SENTINEL_OK
p17_hit1_20260801_144222_15364,765,765,robotol.ext,3,3,1,0x30631D,0x30631D,0x80000,0x0,0x2B1868,0x0,2,0,1,0,stop_at_base,0,0,0,,CALLBACK_RETURN_SENTINEL_OK
p17_hit1_20260801_144222_15364,766,766,robotol.ext,3,3,1,0x30631D,0x30631D,0x80000,0x0,0x2B1868,0x0,2,0,1,0,stop_at_base,0,0,0,,CALLBACK_RETURN_SENTINEL_OK
p17_hit1_20260801_144222_15364,767,767,robotol.ext,3,3,1,0x30631D,0x30631D,0x80000,0x0,0x2B1868,0x0,2,0,1,0,stop_at_base,0,0,0,,CALLBACK_RETURN_SENTINEL_OK
p17_hit1_20260801_144222_15364,768,768,robotol.ext,3,3,1,0x30631D,0x30631D,0x80000,0x0,0x2B1868,0x0,2,0,1,0,stop_at_base,0,0,0,,CALLBACK_RETURN_SENTINEL_OK
p17_hit1_20260801_144222_15364,769,769,robotol.ext,3,3,1,0x30631D,0x30631D,0x80000,0x0,0x2B1868,0x0,2,0,1,0,stop_at_base,0,0,0,,CALLBACK_RETURN_SENTINEL_OK
p17_hit1_20260801_144222_15364,770,770,robotol.ext,3,3,1,0x30631D,0x30631D,0x80000,0x0,0x2B1868,0x0,2,0,1,0,stop_at_base,0,0,0,,CALLBACK_RETURN_SENTINEL_OK
p17_hit1_20260801_144222_15364,771,771,robotol.ext,3,3,1,0x30631D,0x30631D,0x80000,0x0,0x2B1868,0x0,2,0,1,0,stop_at_base,0,0,0,,CALLBACK_RETURN_SENTINEL_OK
p17_hit1_20260801_144222_15364,772,772,robotol.ext,3,3,1,0x30631D,0x30631D,0x80000,0x0,0x2B1868,0x0,2,0,1,0,stop_at_base,0,0,0,,CALLBACK_RETURN_SENTINEL_OK
p17_hit1_20260801_144222_15364,773,773,robotol.ext,3,3,1,0x30631D,0x30631D,0x80000,0x0,0x2B1868,0x0,2,0,1,0,stop_at_base,0,0,0,,CALLBACK_RETURN_SENTINEL_OK
p17_hit1_20260801_144222_15364,774,774,robotol.ext,3,3,1,0x30631D,0x30631D,0x80000,0x0,0x2B1868,0x0,2,0,1,0,stop_at_base,0,0,0,,CALLBACK_RETURN_SENTINEL_OK
p17_hit1_20260801_144222_15364,775,775,robotol.ext,3,3,1,0x30631D,0x30631D,0x80000,0x0,0x2B1868,0x0,2,0,1,0,stop_at_base,0,0,0,,CALLBACK_RETURN_SENTINEL_OK
p17_hit1_20260801_144222_15364,776,776,robotol.ext,3,3,1,0x30631D,0x30631D,0x80000,0x0,0x2B1868,0x0,2,0,1,0,stop_at_base,0,0,0,,CALLBACK_RETURN_SENTINEL_OK
p17_hit1_20260801_144222_15364,777,777,robotol.ext,3,3,1,0x30631D,0x30631D,0x80000,0x0,0x2B1868,0x0,2,0,1,0,stop_at_base,0,0,0,,CALLBACK_RETURN_SENTINEL_OK
p17_hit1_20260801_144222_15364,778,778,robotol.ext,3,3,1,0x30631D,0x30631D,0x80000,0x0,0x2B1868,0x0,2,0,1,0,stop_at_base,0,0,0,,CALLBACK_RETURN_SENTINEL_OK
p17_hit1_20260801_144222_15364,779,779,robotol.ext,3,3,1,0x30631D,0x30631D,0x80000,0x0,0x2B1868,0x0,2,0,1,0,stop_at_base,0,0,0,,CALLBACK_RETURN_SENTINEL_OK
p17_hit1_20260801_144222_15364,780,780,robotol.ext,3,3,1,0x30631D,0x30631D,0x80000,0x0,0x2B1868,0x0,2,0,1,0,stop_at_base,0,0,0,,CALLBACK_RETURN_SENTINEL_OK
p17_hit1_20260801_144222_15364,781,781,robotol.ext,3,3,1,0x30631D,0x30631D,0x80000,0x0,0x2B1868,0x0,2,0,1,0,stop_at_base,0,0,0,,CALLBACK_RETURN_SENTINEL_OK
p17_hit1_20260801_144222_15364,782,782,robotol.ext,3,3,1,0x30631D,0x30631D,0x80000,0x0,0x2B1868,0x0,2,0,1,0,stop_at_base,0,0,0,,CALLBACK_RETURN_SENTINEL_OK
p17_hit1_20260801_144222_15364,783,783,robotol.ext,3,3,1,0x30631D,0x30631D,0x80000,0x0,0x2B1868,0x0,2,0,1,0,stop_at_base,0,0,0,,CALLBACK_RETURN_SENTINEL_OK
p17_hit1_20260801_144222_15364,784,784,robotol.ext,3,3,1,0x30631D,0x30631D,0x80000,0x0,0x2B1868,0x0,2,0,1,0,stop_at_base,0,0,0,,CALLBACK_RETURN_SENTINEL_OK
p17_hit1_20260801_144222_15364,785,785,robotol.ext,3,3,1,0x30631D,0x30631D,0x80000,0x0,0x2B1868,0x0,2,0,1,0,stop_at_base,0,0,0,,CALLBACK_RETURN_SENTINEL_OK
p17_hit1_20260801_144222_15364,786,786,robotol.ext,3,3,1,0x30631D,0x30631D,0x80000,0x0,0x2B1868,0x0,2,0,1,0,stop_at_base,0,0,0,,CALLBACK_RETURN_SENTINEL_OK
p17_hit1_20260801_144222_15364,787,787,robotol.ext,3,3,1,0x30631D,0x30631D,0x80000,0x0,0x2B1868,0x0,2,0,1,0,stop_at_base,0,0,0,,CALLBACK_RETURN_SENTINEL_OK
p17_hit1_20260801_144222_15364,788,788,robotol.ext,3,3,1,0x30631D,0x30631D,0x80000,0x0,0x2B1868,0x0,2,0,1,0,stop_at_base,0,0,0,,CALLBACK_RETURN_SENTINEL_OK
p17_hit1_20260801_144222_15364,789,789,robotol.ext,3,3,1,0x30631D,0x30631D,0x80000,0x0,0x2B1868,0x0,2,0,1,0,stop_at_base,0,0,0,,CALLBACK_RETURN_SENTINEL_OK
p17_hit1_20260801_144222_15364,790,790,robotol.ext,3,3,1,0x30631D,0x30631D,0x80000,0x0,0x2B1868,0x0,2,0,1,0,stop_at_base,0,0,0,,CALLBACK_RETURN_SENTINEL_OK
p17_hit1_20260801_144222_15364,791,791,robotol.ext,3,3,1,0x30631D,0x30631D,0x80000,0x0,0x2B1868,0x0,2,0,1,0,stop_at_base,0,0,0,,CALLBACK_RETURN_SENTINEL_OK
p17_hit1_20260801_144222_15364,792,792,robotol.ext,3,3,1,0x30631D,0x30631D,0x80000,0x0,0x2B1868,0x0,2,0,1,0,stop_at_base,0,0,0,,CALLBACK_RETURN_SENTINEL_OK
p17_hit1_20260801_144222_15364,793,793,robotol.ext,3,3,1,0x30631D,0x30631D,0x80000,0x0,0x2B1868,0x0,2,0,1,0,stop_at_base,0,0,0,,CALLBACK_RETURN_SENTINEL_OK
p17_hit1_20260801_144222_15364,794,794,robotol.ext,3,3,1,0x30631D,0x30631D,0x80000,0x0,0x2B1868,0x0,2,0,1,0,stop_at_base,0,0,0,,CALLBACK_RETURN_SENTINEL_OK
p17_hit1_20260801_144222_15364,795,795,robotol.ext,3,3,1,0x30631D,0x30631D,0x80000,0x0,0x2B1868,0x0,2,0,1,0,stop_at_base,0,0,0,,CALLBACK_RETURN_SENTINEL_OK
p17_hit1_20260801_144222_15364,796,796,robotol.ext,3,3,1,0x30631D,0x30631D,0x80000,0x0,0x2B1868,0x0,2,0,1,0,stop_at_base,0,0,0,,CALLBACK_RETURN_SENTINEL_OK
p17_hit1_20260801_144222_15364,797,797,robotol.ext,3,3,1,0x30631D,0x30631D,0x80000,0x0,0x2B1868,0x0,2,0,1,0,stop_at_base,0,0,0,,CALLBACK_RETURN_SENTINEL_OK
p17_hit1_20260801_144222_15364,798,798,robotol.ext,3,3,1,0x30631D,0x30631D,0x80000,0x0,0x2B1868,0x0,2,0,1,0,stop_at_base,0,0,0,,CALLBACK_RETURN_SENTINEL_OK
p17_hit1_20260801_144222_15364,799,799,robotol.ext,3,3,1,0x30631D,0x30631D,0x80000,0x0,0x2B1868,0x0,2,0,1,0,stop_at_base,0,0,0,,CALLBACK_RETURN_SENTINEL_OK
p17_hit1_20260801_144222_15364,800,800,robotol.ext,3,3,1,0x30631D,0x30631D,0x80000,0x0,0x2B1868,0x0,2,0,1,0,stop_at_base,0,0,0,,CALLBACK_RETURN_SENTINEL_OK
p17_hit1_20260801_144222_15364,801,801,robotol.ext,3,3,1,0x30631D,0x30631D,0x80000,0x0,0x2B1868,0x0,2,0,1,0,stop_at_base,0,0,0,,CALLBACK_RETURN_SENTINEL_OK
p17_hit1_20260801_144222_15364,802,802,robotol.ext,3,3,1,0x30631D,0x30631D,0x80000,0x0,0x2B1868,0x0,2,0,1,0,stop_at_base,0,0,0,,CALLBACK_RETURN_SENTINEL_OK
p17_hit1_20260801_144222_15364,803,803,robotol.ext,3,3,1,0x30631D,0x30631D,0x80000,0x0,0x2B1868,0x0,2,0,1,0,stop_at_base,0,0,0,,CALLBACK_RETURN_SENTINEL_OK
p17_hit1_20260801_144222_15364,804,804,robotol.ext,3,3,1,0x30631D,0x30631D,0x80000,0x0,0x2B1868,0x0,2,0,1,0,stop_at_base,0,0,0,,CALLBACK_RETURN_SENTINEL_OK
p17_hit1_20260801_144222_15364,805,805,robotol.ext,3,3,1,0x30631D,0x30631D,0x80000,0x0,0x2B1868,0x0,2,0,1,0,stop_at_base,0,0,0,,CALLBACK_RETURN_SENTINEL_OK
p17_hit1_20260801_144222_15364,806,806,robotol.ext,3,3,1,0x30631D,0x30631D,0x80000,0x0,0x2B1868,0x0,2,0,1,0,stop_at_base,0,0,0,,CALLBACK_RETURN_SENTINEL_OK
p17_hit1_20260801_144222_15364,807,807,robotol.ext,3,3,1,0x30631D,0x30631D,0x80000,0x0,0x2B1868,0x0,2,0,1,0,stop_at_base,0,0,0,,CALLBACK_RETURN_SENTINEL_OK
p17_hit1_20260801_144222_15364,808,808,robotol.ext,3,3,1,0x30631D,0x30631D,0x80000,0x0,0x2B1868,0x0,2,0,1,0,stop_at_base,0,0,0,,CALLBACK_RETURN_SENTINEL_OK
p17_hit1_20260801_144222_15364,809,809,robotol.ext,3,3,1,0x30631D,0x30631D,0x80000,0x0,0x2B1868,0x0,2,0,1,0,stop_at_base,0,0,0,,CALLBACK_RETURN_SENTINEL_OK
p17_hit1_20260801_144222_15364,810,810,robotol.ext,3,3,1,0x30631D,0x30631D,0x80000,0x0,0x2B1868,0x0,2,0,1,0,stop_at_base,0,0,0,,CALLBACK_RETURN_SENTINEL_OK
p17_hit1_20260801_144222_15364,811,811,robotol.ext,3,3,1,0x30631D,0x30631D,0x80000,0x0,0x2B1868,0x0,2,0,1,0,stop_at_base,0,0,0,,CALLBACK_RETURN_SENTINEL_OK
p17_hit1_20260801_144222_15364,812,812,robotol.ext,3,3,1,0x30631D,0x30631D,0x80000,0x0,0x2B1868,0x0,2,0,1,0,stop_at_base,0,0,0,,CALLBACK_RETURN_SENTINEL_OK
p17_hit1_20260801_144222_15364,813,813,robotol.ext,3,3,1,0x30631D,0x30631D,0x80000,0x0,0x2B1868,0x0,2,0,1,0,stop_at_base,0,0,0,,CALLBACK_RETURN_SENTINEL_OK
p17_hit1_20260801_144222_15364,814,814,robotol.ext,3,3,1,0x30631D,0x30631D,0x80000,0x0,0x2B1868,0x0,2,0,1,0,stop_at_base,0,0,0,,CALLBACK_RETURN_SENTINEL_OK
p17_hit1_20260801_144222_15364,815,815,robotol.ext,3,3,1,0x30631D,0x30631D,0x80000,0x0,0x2B1868,0x0,2,0,1,0,stop_at_base,0,0,0,,CALLBACK_RETURN_SENTINEL_OK
p17_hit1_20260801_144222_15364,816,816,robotol.ext,3,3,1,0x30631D,0x30631D,0x80000,0x0,0x2B1868,0x0,2,0,1,0,stop_at_base,0,0,0,,CALLBACK_RETURN_SENTINEL_OK
p17_hit1_20260801_144222_15364,817,817,robotol.ext,3,3,1,0x30631D,0x30631D,0x80000,0x0,0x2B1868,0x0,2,0,1,0,stop_at_base,0,0,0,,CALLBACK_RETURN_SENTINEL_OK
p17_hit1_20260801_144222_15364,818,818,robotol.ext,3,3,1,0x30631D,0x30631D,0x80000,0x0,0x2B1868,0x0,2,0,1,0,stop_at_base,0,0,0,,CALLBACK_RETURN_SENTINEL_OK
p17_hit1_20260801_144222_15364,819,819,robotol.ext,3,3,1,0x30631D,0x30631D,0x80000,0x0,0x2B1868,0x0,2,0,1,0,stop_at_base,0,0,0,,CALLBACK_RETURN_SENTINEL_OK
p17_hit1_20260801_144222_15364,820,820,robotol.ext,3,3,1,0x30631D,0x30631D,0x80000,0x0,0x2B1868,0x0,2,0,1,0,stop_at_base,0,0,0,,CALLBACK_RETURN_SENTINEL_OK
p17_hit1_20260801_144222_15364,821,821,robotol.ext,3,3,1,0x30631D,0x30631D,0x80000,0x0,0x2B1868,0x0,2,0,1,0,stop_at_base,0,0,0,,CALLBACK_RETURN_SENTINEL_OK
p17_hit1_20260801_144222_15364,822,822,robotol.ext,3,3,1,0x30631D,0x30631D,0x80000,0x0,0x2B1868,0x0,2,0,1,0,stop_at_base,0,0,0,,CALLBACK_RETURN_SENTINEL_OK
p17_hit1_20260801_144222_15364,823,823,robotol.ext,3,3,1,0x30631D,0x30631D,0x80000,0x0,0x2B1868,0x0,2,0,1,0,stop_at_base,0,0,0,,CALLBACK_RETURN_SENTINEL_OK
p17_hit1_20260801_144222_15364,824,824,robotol.ext,3,3,1,0x30631D,0x30631D,0x80000,0x0,0x2B1868,0x0,2,0,1,0,stop_at_base,0,0,0,,CALLBACK_RETURN_SENTINEL_OK
p17_hit1_20260801_144222_15364,825,825,robotol.ext,3,3,1,0x30631D,0x30631D,0x80000,0x0,0x2B1868,0x0,2,0,1,0,stop_at_base,0,0,0,,CALLBACK_RETURN_SENTINEL_OK
p17_hit1_20260801_144222_15364,826,826,robotol.ext,3,3,1,0x30631D,0x30631D,0x80000,0x0,0x2B1868,0x0,2,0,1,0,stop_at_base,0,0,0,,CALLBACK_RETURN_SENTINEL_OK
p17_hit1_20260801_144222_15364,827,827,robotol.ext,3,3,1,0x30631D,0x30631D,0x80000,0x0,0x2B1868,0x0,2,0,1,0,stop_at_base,0,0,0,,CALLBACK_RETURN_SENTINEL_OK
p17_hit1_20260801_144222_15364,828,828,robotol.ext,3,3,1,0x30631D,0x30631D,0x80000,0x0,0x2B1868,0x0,2,0,1,0,stop_at_base,0,0,0,,CALLBACK_RETURN_SENTINEL_OK
p17_hit1_20260801_144222_15364,829,829,robotol.ext,3,3,1,0x30631D,0x30631D,0x80000,0x0,0x2B1868,0x0,2,0,1,0,stop_at_base,0,0,0,,CALLBACK_RETURN_SENTINEL_OK
p17_hit1_20260801_144222_15364,830,830,robotol.ext,3,3,1,0x30631D,0x30631D,0x80000,0x0,0x2B1868,0x0,2,0,1,0,stop_at_base,0,0,0,,CALLBACK_RETURN_SENTINEL_OK
p17_hit1_20260801_144222_15364,831,831,robotol.ext,3,3,1,0x30631D,0x30631D,0x80000,0x0,0x2B1868,0x0,2,0,1,0,stop_at_base,0,0,0,,CALLBACK_RETURN_SENTINEL_OK
p17_hit1_20260801_144222_15364,832,832,robotol.ext,3,3,1,0x30631D,0x30631D,0x80000,0x0,0x2B1868,0x0,2,0,1,0,stop_at_base,0,0,0,,CALLBACK_RETURN_SENTINEL_OK
p17_hit1_20260801_144222_15364,833,833,robotol.ext,3,3,1,0x30631D,0x30631D,0x80000,0x0,0x2B1868,0x0,2,0,1,0,stop_at_base,0,0,0,,CALLBACK_RETURN_SENTINEL_OK
p17_hit1_20260801_144222_15364,834,834,robotol.ext,3,3,1,0x30631D,0x30631D,0x80000,0x0,0x2B1868,0x0,2,0,1,0,stop_at_base,0,0,0,,CALLBACK_RETURN_SENTINEL_OK
p17_hit1_20260801_144222_15364,835,835,robotol.ext,3,3,1,0x30631D,0x30631D,0x80000,0x0,0x2B1868,0x0,2,0,1,0,stop_at_base,0,0,0,,CALLBACK_RETURN_SENTINEL_OK
p17_hit1_20260801_144222_15364,836,836,robotol.ext,3,3,1,0x30631D,0x30631D,0x80000,0x0,0x2B1868,0x0,2,0,1,0,stop_at_base,0,0,0,,CALLBACK_RETURN_SENTINEL_OK
p17_hit1_20260801_144222_15364,837,837,robotol.ext,3,3,1,0x30631D,0x30631D,0x80000,0x0,0x2B1868,0x0,2,0,1,0,stop_at_base,0,0,0,,CALLBACK_RETURN_SENTINEL_OK
p17_hit1_20260801_144222_15364,838,838,robotol.ext,3,3,1,0x30631D,0x30631D,0x80000,0x0,0x2B1868,0x0,2,0,1,0,stop_at_base,0,0,0,,CALLBACK_RETURN_SENTINEL_OK
p17_hit1_20260801_144222_15364,839,839,robotol.ext,3,3,1,0x30631D,0x30631D,0x80000,0x0,0x2B1868,0x0,2,0,1,0,stop_at_base,0,0,0,,CALLBACK_RETURN_SENTINEL_OK
p17_hit1_20260801_144222_15364,840,840,robotol.ext,3,3,1,0x30631D,0x30631D,0x80000,0x0,0x2B1868,0x0,2,0,1,0,stop_at_base,0,0,0,,CALLBACK_RETURN_SENTINEL_OK
p17_hit1_20260801_144222_15364,841,841,robotol.ext,3,3,1,0x30631D,0x30631D,0x80000,0x0,0x2B1868,0x0,2,0,1,0,stop_at_base,0,0,0,,CALLBACK_RETURN_SENTINEL_OK
p17_hit1_20260801_144222_15364,842,842,robotol.ext,3,3,1,0x30631D,0x30631D,0x80000,0x0,0x2B1868,0x0,2,0,1,0,stop_at_base,0,0,0,,CALLBACK_RETURN_SENTINEL_OK
p17_hit1_20260801_144222_15364,843,843,robotol.ext,3,3,1,0x30631D,0x30631D,0x80000,0x0,0x2B1868,0x0,2,0,1,0,stop_at_base,0,0,0,,CALLBACK_RETURN_SENTINEL_OK
p17_hit1_20260801_144222_15364,844,844,robotol.ext,3,3,1,0x30631D,0x30631D,0x80000,0x0,0x2B1868,0x0,2,0,1,0,stop_at_base,0,0,0,,CALLBACK_RETURN_SENTINEL_OK
p17_hit1_20260801_144222_15364,845,845,robotol.ext,3,3,1,0x30631D,0x30631D,0x80000,0x0,0x2B1868,0x0,2,0,1,0,stop_at_base,0,0,0,,CALLBACK_RETURN_SENTINEL_OK
p17_hit1_20260801_144222_15364,846,846,robotol.ext,3,3,1,0x30631D,0x30631D,0x80000,0x0,0x2B1868,0x0,2,0,1,0,stop_at_base,0,0,0,,CALLBACK_RETURN_SENTINEL_OK
p17_hit1_20260801_144222_15364,847,847,robotol.ext,3,3,1,0x30631D,0x30631D,0x80000,0x0,0x2B1868,0x0,2,0,1,0,stop_at_base,0,0,0,,CALLBACK_RETURN_SENTINEL_OK
p17_hit1_20260801_144222_15364,848,848,robotol.ext,3,3,1,0x30631D,0x30631D,0x80000,0x0,0x2B1868,0x0,2,0,1,0,stop_at_base,0,0,0,,CALLBACK_RETURN_SENTINEL_OK
p17_hit1_20260801_144222_15364,849,849,robotol.ext,3,3,1,0x30631D,0x30631D,0x80000,0x0,0x2B1868,0x0,2,0,1,0,stop_at_base,0,0,0,,CALLBACK_RETURN_SENTINEL_OK
p17_hit1_20260801_144222_15364,850,850,robotol.ext,3,3,1,0x30631D,0x30631D,0x80000,0x0,0x2B1868,0x0,2,0,1,0,stop_at_base,0,0,0,,CALLBACK_RETURN_SENTINEL_OK
p17_hit1_20260801_144222_15364,851,851,robotol.ext,3,3,1,0x30631D,0x30631D,0x80000,0x0,0x2B1868,0x0,2,0,1,0,stop_at_base,0,0,0,,CALLBACK_RETURN_SENTINEL_OK
p17_hit1_20260801_144222_15364,852,852,robotol.ext,3,3,1,0x30631D,0x30631D,0x80000,0x0,0x2B1868,0x0,2,0,1,0,stop_at_base,0,0,0,,CALLBACK_RETURN_SENTINEL_OK
p17_hit1_20260801_144222_15364,853,853,robotol.ext,3,3,1,0x30631D,0x30631D,0x80000,0x0,0x2B1868,0x0,2,0,1,0,stop_at_base,0,0,0,,CALLBACK_RETURN_SENTINEL_OK
p17_hit1_20260801_144222_15364,854,854,robotol.ext,3,3,1,0x30631D,0x30631D,0x80000,0x0,0x2B1868,0x0,2,0,1,0,stop_at_base,0,0,0,,CALLBACK_RETURN_SENTINEL_OK
p17_hit1_20260801_144222_15364,855,855,robotol.ext,3,3,1,0x30631D,0x30631D,0x80000,0x0,0x2B1868,0x0,2,0,1,0,stop_at_base,0,0,0,,CALLBACK_RETURN_SENTINEL_OK
p17_hit1_20260801_144222_15364,856,856,robotol.ext,3,3,1,0x30631D,0x30631D,0x80000,0x0,0x2B1868,0x0,2,0,1,0,stop_at_base,0,0,0,,CALLBACK_RETURN_SENTINEL_OK
p17_hit1_20260801_144222_15364,857,857,robotol.ext,3,3,1,0x30631D,0x30631D,0x80000,0x0,0x2B1868,0x0,2,0,1,0,stop_at_base,0,0,0,,CALLBACK_RETURN_SENTINEL_OK
p17_hit1_20260801_144222_15364,858,858,robotol.ext,3,3,1,0x30631D,0x30631D,0x80000,0x0,0x2B1868,0x0,2,0,1,0,stop_at_base,0,0,0,,CALLBACK_RETURN_SENTINEL_OK
p17_hit1_20260801_144222_15364,859,859,robotol.ext,3,3,1,0x30631D,0x30631D,0x80000,0x0,0x2B1868,0x0,2,0,1,0,stop_at_base,0,0,0,,CALLBACK_RETURN_SENTINEL_OK
p17_hit1_20260801_144222_15364,860,860,robotol.ext,3,3,1,0x30631D,0x30631D,0x80000,0x0,0x2B1868,0x0,2,0,1,0,stop_at_base,0,0,0,,CALLBACK_RETURN_SENTINEL_OK
p17_hit1_20260801_144222_15364,861,861,robotol.ext,3,3,1,0x30631D,0x30631D,0x80000,0x0,0x2B1868,0x0,2,0,1,0,stop_at_base,0,0,0,,CALLBACK_RETURN_SENTINEL_OK
p17_hit1_20260801_144222_15364,862,862,robotol.ext,3,3,1,0x30631D,0x30631D,0x80000,0x0,0x2B1868,0x0,2,0,1,0,stop_at_base,0,0,0,,CALLBACK_RETURN_SENTINEL_OK
p17_hit1_20260801_144222_15364,863,863,robotol.ext,3,3,1,0x30631D,0x30631D,0x80000,0x0,0x2B1868,0x0,2,0,1,0,stop_at_base,0,0,0,,CALLBACK_RETURN_SENTINEL_OK
p17_hit1_20260801_144222_15364,864,864,robotol.ext,3,3,1,0x30631D,0x30631D,0x80000,0x0,0x2B1868,0x0,2,0,1,0,stop_at_base,0,0,0,,CALLBACK_RETURN_SENTINEL_OK
p17_hit1_20260801_144222_15364,865,865,robotol.ext,3,3,1,0x30631D,0x30631D,0x80000,0x0,0x2B1868,0x0,2,0,1,0,stop_at_base,0,0,0,,CALLBACK_RETURN_SENTINEL_OK
p17_hit1_20260801_144222_15364,866,866,robotol.ext,3,3,1,0x30631D,0x30631D,0x80000,0x0,0x2B1868,0x0,2,0,1,0,stop_at_base,0,0,0,,CALLBACK_RETURN_SENTINEL_OK
p17_hit1_20260801_144222_15364,867,867,robotol.ext,3,3,1,0x30631D,0x30631D,0x80000,0x0,0x2B1868,0x0,2,0,1,0,stop_at_base,0,0,0,,CALLBACK_RETURN_SENTINEL_OK
p17_hit1_20260801_144222_15364,868,868,robotol.ext,3,3,1,0x30631D,0x30631D,0x80000,0x0,0x2B1868,0x0,2,0,1,0,stop_at_base,0,0,0,,CALLBACK_RETURN_SENTINEL_OK
p17_hit1_20260801_144222_15364,869,869,robotol.ext,3,3,1,0x30631D,0x30631D,0x80000,0x0,0x2B1868,0x0,2,0,1,0,stop_at_base,0,0,0,,CALLBACK_RETURN_SENTINEL_OK
p17_hit1_20260801_144222_15364,870,870,robotol.ext,3,3,1,0x30631D,0x30631D,0x80000,0x0,0x2B1868,0x0,2,0,1,0,stop_at_base,0,0,0,,CALLBACK_RETURN_SENTINEL_OK
p17_hit1_20260801_144222_15364,871,871,robotol.ext,3,3,1,0x30631D,0x30631D,0x80000,0x0,0x2B1868,0x0,2,0,1,0,stop_at_base,0,0,0,,CALLBACK_RETURN_SENTINEL_OK
p17_hit1_20260801_144222_15364,872,872,robotol.ext,3,3,1,0x30631D,0x30631D,0x80000,0x0,0x2B1868,0x0,2,0,1,0,stop_at_base,0,0,0,,CALLBACK_RETURN_SENTINEL_OK
p17_hit1_20260801_144222_15364,873,873,robotol.ext,3,3,1,0x30631D,0x30631D,0x80000,0x0,0x2B1868,0x0,2,0,1,0,stop_at_base,0,0,0,,CALLBACK_RETURN_SENTINEL_OK
p17_hit1_20260801_144222_15364,874,874,robotol.ext,3,3,1,0x30631D,0x30631D,0x80000,0x0,0x2B1868,0x0,2,0,1,0,stop_at_base,0,0,0,,CALLBACK_RETURN_SENTINEL_OK
p17_hit1_20260801_144222_15364,875,875,robotol.ext,3,3,1,0x30631D,0x30631D,0x80000,0x0,0x2B1868,0x0,2,0,1,0,stop_at_base,0,0,0,,CALLBACK_RETURN_SENTINEL_OK
p17_hit1_20260801_144222_15364,876,876,robotol.ext,3,3,1,0x30631D,0x30631D,0x80000,0x0,0x2B1868,0x0,2,0,1,0,stop_at_base,0,0,0,,CALLBACK_RETURN_SENTINEL_OK
p17_hit1_20260801_144222_15364,877,877,robotol.ext,3,3,1,0x30631D,0x30631D,0x80000,0x0,0x2B1868,0x0,2,0,1,0,stop_at_base,0,0,0,,CALLBACK_RETURN_SENTINEL_OK
p17_hit1_20260801_144222_15364,878,878,robotol.ext,3,3,1,0x30631D,0x30631D,0x80000,0x0,0x2B1868,0x0,2,0,1,0,stop_at_base,0,0,0,,CALLBACK_RETURN_SENTINEL_OK
p17_hit1_20260801_144222_15364,879,879,robotol.ext,3,3,1,0x30631D,0x30631D,0x80000,0x0,0x2B1868,0x0,2,0,1,0,stop_at_base,0,0,0,,CALLBACK_RETURN_SENTINEL_OK
p17_hit1_20260801_144222_15364,880,880,robotol.ext,3,3,1,0x30631D,0x30631D,0x80000,0x0,0x2B1868,0x0,2,0,1,0,stop_at_base,0,0,0,,CALLBACK_RETURN_SENTINEL_OK
p17_hit1_20260801_144222_15364,881,881,robotol.ext,3,3,1,0x30631D,0x30631D,0x80000,0x0,0x2B1868,0x0,2,0,1,0,stop_at_base,0,0,0,,CALLBACK_RETURN_SENTINEL_OK
p17_hit1_20260801_144222_15364,882,882,robotol.ext,3,3,1,0x30631D,0x30631D,0x80000,0x0,0x2B1868,0x0,2,0,1,0,stop_at_base,0,0,0,,CALLBACK_RETURN_SENTINEL_OK
p17_hit1_20260801_144222_15364,883,883,robotol.ext,3,3,1,0x30631D,0x30631D,0x80000,0x0,0x2B1868,0x0,2,0,1,0,stop_at_base,0,0,0,,CALLBACK_RETURN_SENTINEL_OK
p17_hit1_20260801_144222_15364,884,884,robotol.ext,3,3,1,0x30631D,0x30631D,0x80000,0x0,0x2B1868,0x0,2,0,1,0,stop_at_base,0,0,0,,CALLBACK_RETURN_SENTINEL_OK
p17_hit1_20260801_144222_15364,885,885,robotol.ext,3,3,1,0x30631D,0x30631D,0x80000,0x0,0x2B1868,0x0,2,0,1,0,stop_at_base,0,0,0,,CALLBACK_RETURN_SENTINEL_OK
p17_hit1_20260801_144222_15364,886,886,robotol.ext,3,3,1,0x30631D,0x30631D,0x80000,0x0,0x2B1868,0x0,2,0,1,0,stop_at_base,0,0,0,,CALLBACK_RETURN_SENTINEL_OK
p17_hit1_20260801_144222_15364,887,887,robotol.ext,3,3,1,0x30631D,0x30631D,0x80000,0x0,0x2B1868,0x0,2,0,1,0,stop_at_base,0,0,0,,CALLBACK_RETURN_SENTINEL_OK
p17_hit1_20260801_144222_15364,888,888,robotol.ext,3,3,1,0x30631D,0x30631D,0x80000,0x0,0x2B1868,0x0,2,0,1,0,stop_at_base,0,0,0,,CALLBACK_RETURN_SENTINEL_OK
p17_hit1_20260801_144222_15364,889,889,robotol.ext,3,3,1,0x30631D,0x30631D,0x80000,0x0,0x2B1868,0x0,2,0,1,0,stop_at_base,0,0,0,,CALLBACK_RETURN_SENTINEL_OK
p17_hit1_20260801_144222_15364,890,890,robotol.ext,3,3,1,0x30631D,0x30631D,0x80000,0x0,0x2B1868,0x0,2,0,1,0,stop_at_base,0,0,0,,CALLBACK_RETURN_SENTINEL_OK
p17_hit1_20260801_144222_15364,891,891,robotol.ext,3,3,1,0x30631D,0x30631D,0x80000,0x0,0x2B1868,0x0,2,0,1,0,stop_at_base,0,0,0,,CALLBACK_RETURN_SENTINEL_OK
p17_hit1_20260801_144222_15364,892,892,robotol.ext,3,3,1,0x30631D,0x30631D,0x80000,0x0,0x2B1868,0x0,2,0,1,0,stop_at_base,0,0,0,,CALLBACK_RETURN_SENTINEL_OK
p17_hit1_20260801_144222_15364,893,893,robotol.ext,3,3,1,0x30631D,0x30631D,0x80000,0x0,0x2B1868,0x0,2,0,1,0,stop_at_base,0,0,0,,CALLBACK_RETURN_SENTINEL_OK
p17_hit1_20260801_144222_15364,894,894,robotol.ext,3,3,1,0x30631D,0x30631D,0x80000,0x0,0x2B1868,0x0,2,0,1,0,stop_at_base,0,0,0,,CALLBACK_RETURN_SENTINEL_OK
p17_hit1_20260801_144222_15364,895,895,robotol.ext,3,3,1,0x30631D,0x30631D,0x80000,0x0,0x2B1868,0x0,2,0,1,0,stop_at_base,0,0,0,,CALLBACK_RETURN_SENTINEL_OK
p17_hit1_20260801_144222_15364,896,896,robotol.ext,3,3,1,0x30631D,0x30631D,0x80000,0x0,0x2B1868,0x0,2,0,1,0,stop_at_base,0,0,0,,CALLBACK_RETURN_SENTINEL_OK
p17_hit1_20260801_144222_15364,897,897,robotol.ext,3,3,1,0x30631D,0x30631D,0x80000,0x0,0x2B1868,0x0,2,0,1,0,stop_at_base,0,0,0,,CALLBACK_RETURN_SENTINEL_OK
p17_hit1_20260801_144222_15364,898,898,robotol.ext,3,3,1,0x30631D,0x30631D,0x80000,0x0,0x2B1868,0x0,2,0,1,0,stop_at_base,0,0,0,,CALLBACK_RETURN_SENTINEL_OK
p17_hit1_20260801_144222_15364,899,899,robotol.ext,3,3,1,0x30631D,0x30631D,0x80000,0x0,0x2B1868,0x0,2,0,1,0,stop_at_base,0,0,0,,CALLBACK_RETURN_SENTINEL_OK
p17_hit1_20260801_144222_15364,900,900,robotol.ext,3,3,1,0x30631D,0x30631D,0x80000,0x0,0x2B1868,0x0,2,0,1,0,stop_at_base,0,0,0,,CALLBACK_RETURN_SENTINEL_OK
p17_hit1_20260801_144222_15364,901,901,robotol.ext,3,3,1,0x30631D,0x30631D,0x80000,0x0,0x2B1868,0x0,2,0,1,0,stop_at_base,0,0,0,,CALLBACK_RETURN_SENTINEL_OK
p17_hit1_20260801_144222_15364,902,902,robotol.ext,3,3,1,0x30631D,0x30631D,0x80000,0x0,0x2B1868,0x0,2,0,1,0,stop_at_base,0,0,0,,CALLBACK_RETURN_SENTINEL_OK
p17_hit1_20260801_144222_15364,903,903,robotol.ext,3,3,1,0x30631D,0x30631D,0x80000,0x0,0x2B1868,0x0,2,0,1,0,stop_at_base,0,0,0,,CALLBACK_RETURN_SENTINEL_OK
p17_hit1_20260801_144222_15364,904,904,robotol.ext,3,3,1,0x30631D,0x30631D,0x80000,0x0,0x2B1868,0x0,2,0,1,0,stop_at_base,0,0,0,,CALLBACK_RETURN_SENTINEL_OK
p17_hit1_20260801_144222_15364,905,905,robotol.ext,3,3,1,0x30631D,0x30631D,0x80000,0x0,0x2B1868,0x0,2,0,1,0,stop_at_base,0,0,0,,CALLBACK_RETURN_SENTINEL_OK
p17_hit1_20260801_144222_15364,906,906,robotol.ext,3,3,1,0x30631D,0x30631D,0x80000,0x0,0x2B1868,0x0,2,0,1,0,stop_at_base,0,0,0,,CALLBACK_RETURN_SENTINEL_OK
p17_hit1_20260801_144222_15364,907,907,robotol.ext,3,3,1,0x30631D,0x30631D,0x80000,0x0,0x2B1868,0x0,2,0,1,0,stop_at_base,0,0,0,,CALLBACK_RETURN_SENTINEL_OK
p17_hit1_20260801_144222_15364,908,908,robotol.ext,3,3,1,0x30631D,0x30631D,0x80000,0x0,0x2B1868,0x0,2,0,1,0,stop_at_base,0,0,0,,CALLBACK_RETURN_SENTINEL_OK
p17_hit1_20260801_144222_15364,909,909,robotol.ext,3,3,1,0x30631D,0x30631D,0x80000,0x0,0x2B1868,0x0,2,0,1,0,stop_at_base,0,0,0,,CALLBACK_RETURN_SENTINEL_OK
p17_hit1_20260801_144222_15364,910,910,robotol.ext,3,3,1,0x30631D,0x30631D,0x80000,0x0,0x2B1868,0x0,2,0,1,0,stop_at_base,0,0,0,,CALLBACK_RETURN_SENTINEL_OK
p17_hit1_20260801_144222_15364,911,911,robotol.ext,3,3,1,0x30631D,0x30631D,0x80000,0x0,0x2B1868,0x0,2,0,1,0,stop_at_base,0,0,0,,CALLBACK_RETURN_SENTINEL_OK
p17_hit1_20260801_144222_15364,912,912,robotol.ext,3,3,1,0x30631D,0x30631D,0x80000,0x0,0x2B1868,0x0,2,0,1,0,stop_at_base,0,0,0,,CALLBACK_RETURN_SENTINEL_OK
p17_hit1_20260801_144222_15364,913,913,robotol.ext,3,3,1,0x30631D,0x30631D,0x80000,0x0,0x2B1868,0x0,2,0,1,0,stop_at_base,0,0,0,,CALLBACK_RETURN_SENTINEL_OK
p17_hit1_20260801_144222_15364,914,914,robotol.ext,3,3,1,0x30631D,0x30631D,0x80000,0x0,0x2B1868,0x0,2,0,1,0,stop_at_base,0,0,0,,CALLBACK_RETURN_SENTINEL_OK
p17_hit1_20260801_144222_15364,915,915,robotol.ext,3,3,1,0x30631D,0x30631D,0x80000,0x0,0x2B1868,0x0,2,0,1,0,stop_at_base,0,0,0,,CALLBACK_RETURN_SENTINEL_OK
p17_hit1_20260801_144222_15364,916,916,robotol.ext,3,3,1,0x30631D,0x30631D,0x80000,0x0,0x2B1868,0x0,2,0,1,0,stop_at_base,0,0,0,,CALLBACK_RETURN_SENTINEL_OK
p17_hit1_20260801_144222_15364,917,917,robotol.ext,3,3,1,0x30631D,0x30631D,0x80000,0x0,0x2B1868,0x0,2,0,1,0,stop_at_base,0,0,0,,CALLBACK_RETURN_SENTINEL_OK
p17_hit1_20260801_144222_15364,918,918,robotol.ext,3,3,1,0x30631D,0x30631D,0x80000,0x0,0x2B1868,0x0,2,0,1,0,stop_at_base,0,0,0,,CALLBACK_RETURN_SENTINEL_OK
p17_hit1_20260801_144222_15364,919,919,robotol.ext,3,3,1,0x30631D,0x30631D,0x80000,0x0,0x2B1868,0x0,2,0,1,0,stop_at_base,0,0,0,,CALLBACK_RETURN_SENTINEL_OK
p17_hit1_20260801_144222_15364,920,920,robotol.ext,3,3,1,0x30631D,0x30631D,0x80000,0x0,0x2B1868,0x0,2,0,1,0,stop_at_base,0,0,0,,CALLBACK_RETURN_SENTINEL_OK
p17_hit1_20260801_144222_15364,921,921,robotol.ext,3,3,1,0x30631D,0x30631D,0x80000,0x0,0x2B1868,0x0,2,0,1,0,stop_at_base,0,0,0,,CALLBACK_RETURN_SENTINEL_OK
p17_hit1_20260801_144222_15364,922,922,robotol.ext,3,3,1,0x30631D,0x30631D,0x80000,0x0,0x2B1868,0x0,2,0,1,0,stop_at_base,0,0,0,,CALLBACK_RETURN_SENTINEL_OK
p17_hit1_20260801_144222_15364,923,923,robotol.ext,3,3,1,0x30631D,0x30631D,0x80000,0x0,0x2B1868,0x0,2,0,1,0,stop_at_base,0,0,0,,CALLBACK_RETURN_SENTINEL_OK
p17_hit1_20260801_144222_15364,924,924,robotol.ext,3,3,1,0x30631D,0x30631D,0x80000,0x0,0x2B1868,0x0,2,0,1,0,stop_at_base,0,0,0,,CALLBACK_RETURN_SENTINEL_OK
p17_hit1_20260801_144222_15364,925,925,robotol.ext,3,3,1,0x30631D,0x30631D,0x80000,0x0,0x2B1868,0x0,2,0,1,0,stop_at_base,0,0,0,,CALLBACK_RETURN_SENTINEL_OK
p17_hit1_20260801_144222_15364,926,926,robotol.ext,3,3,1,0x30631D,0x30631D,0x80000,0x0,0x2B1868,0x0,2,0,1,0,stop_at_base,0,0,0,,CALLBACK_RETURN_SENTINEL_OK
p17_hit1_20260801_144222_15364,927,927,robotol.ext,3,3,1,0x30631D,0x30631D,0x80000,0x0,0x2B1868,0x0,2,0,1,0,stop_at_base,0,0,0,,CALLBACK_RETURN_SENTINEL_OK
p17_hit1_20260801_144222_15364,928,928,robotol.ext,3,3,1,0x30631D,0x30631D,0x80000,0x0,0x2B1868,0x0,2,0,1,0,stop_at_base,0,0,0,,CALLBACK_RETURN_SENTINEL_OK
p17_hit1_20260801_144222_15364,929,929,robotol.ext,3,3,1,0x30631D,0x30631D,0x80000,0x0,0x2B1868,0x0,2,0,1,0,stop_at_base,0,0,0,,CALLBACK_RETURN_SENTINEL_OK
p17_hit1_20260801_144222_15364,930,930,robotol.ext,3,3,1,0x30631D,0x30631D,0x80000,0x0,0x2B1868,0x0,2,0,1,0,stop_at_base,0,0,0,,CALLBACK_RETURN_SENTINEL_OK
p17_hit1_20260801_144222_15364,931,931,robotol.ext,3,3,1,0x30631D,0x30631D,0x80000,0x0,0x2B1868,0x0,2,0,1,0,stop_at_base,0,0,0,,CALLBACK_RETURN_SENTINEL_OK
p17_hit1_20260801_144222_15364,932,932,robotol.ext,3,3,1,0x30631D,0x30631D,0x80000,0x0,0x2B1868,0x0,2,0,1,0,stop_at_base,0,0,0,,CALLBACK_RETURN_SENTINEL_OK
p17_hit1_20260801_144222_15364,933,933,robotol.ext,3,3,1,0x30631D,0x30631D,0x80000,0x0,0x2B1868,0x0,2,0,1,0,stop_at_base,0,0,0,,CALLBACK_RETURN_SENTINEL_OK
p17_hit1_20260801_144222_15364,934,934,robotol.ext,3,3,1,0x30631D,0x30631D,0x80000,0x0,0x2B1868,0x0,2,0,1,0,stop_at_base,0,0,0,,CALLBACK_RETURN_SENTINEL_OK
p17_hit1_20260801_144222_15364,935,935,robotol.ext,3,3,1,0x30631D,0x30631D,0x80000,0x0,0x2B1868,0x0,2,0,1,0,stop_at_base,0,0,0,,CALLBACK_RETURN_SENTINEL_OK
p17_hit1_20260801_144222_15364,936,936,robotol.ext,3,3,1,0x30631D,0x30631D,0x80000,0x0,0x2B1868,0x0,2,0,1,0,stop_at_base,0,0,0,,CALLBACK_RETURN_SENTINEL_OK
p17_hit1_20260801_144222_15364,937,937,robotol.ext,3,3,1,0x30631D,0x30631D,0x80000,0x0,0x2B1868,0x0,2,0,1,0,stop_at_base,0,0,0,,CALLBACK_RETURN_SENTINEL_OK
p17_hit1_20260801_144222_15364,938,938,robotol.ext,3,3,1,0x30631D,0x30631D,0x80000,0x0,0x2B1868,0x0,2,0,1,0,stop_at_base,0,0,0,,CALLBACK_RETURN_SENTINEL_OK
p17_hit1_20260801_144222_15364,939,939,robotol.ext,3,3,1,0x30631D,0x30631D,0x80000,0x0,0x2B1868,0x0,2,0,1,0,stop_at_base,0,0,0,,CALLBACK_RETURN_SENTINEL_OK
p17_hit1_20260801_144222_15364,940,940,robotol.ext,3,3,1,0x30631D,0x30631D,0x80000,0x0,0x2B1868,0x0,2,0,1,0,stop_at_base,0,0,0,,CALLBACK_RETURN_SENTINEL_OK
p17_hit1_20260801_144222_15364,941,941,robotol.ext,3,3,1,0x30631D,0x30631D,0x80000,0x0,0x2B1868,0x0,2,0,1,0,stop_at_base,0,0,0,,CALLBACK_RETURN_SENTINEL_OK
p17_hit1_20260801_144222_15364,942,942,robotol.ext,3,3,1,0x30631D,0x30631D,0x80000,0x0,0x2B1868,0x0,2,0,1,0,stop_at_base,0,0,0,,CALLBACK_RETURN_SENTINEL_OK
p17_hit1_20260801_144222_15364,943,943,robotol.ext,3,3,1,0x30631D,0x30631D,0x80000,0x0,0x2B1868,0x0,2,0,1,0,stop_at_base,0,0,0,,CALLBACK_RETURN_SENTINEL_OK
p17_hit1_20260801_144222_15364,944,944,robotol.ext,3,3,1,0x30631D,0x30631D,0x80000,0x0,0x2B1868,0x0,2,0,1,0,stop_at_base,0,0,0,,CALLBACK_RETURN_SENTINEL_OK
p17_hit1_20260801_144222_15364,945,945,robotol.ext,3,3,1,0x30631D,0x30631D,0x80000,0x0,0x2B1868,0x0,2,0,1,0,stop_at_base,0,0,0,,CALLBACK_RETURN_SENTINEL_OK
p17_hit1_20260801_144222_15364,946,946,robotol.ext,3,3,1,0x30631D,0x30631D,0x80000,0x0,0x2B1868,0x0,2,0,1,0,stop_at_base,0,0,0,,CALLBACK_RETURN_SENTINEL_OK
p17_hit1_20260801_144222_15364,947,947,robotol.ext,3,3,1,0x30631D,0x30631D,0x80000,0x0,0x2B1868,0x0,2,0,1,0,stop_at_base,0,0,0,,CALLBACK_RETURN_SENTINEL_OK
p17_hit1_20260801_144222_15364,948,948,robotol.ext,3,3,1,0x30631D,0x30631D,0x80000,0x0,0x2B1868,0x0,2,0,1,0,stop_at_base,0,0,0,,CALLBACK_RETURN_SENTINEL_OK
p17_hit1_20260801_144222_15364,949,949,robotol.ext,3,3,1,0x30631D,0x30631D,0x80000,0x0,0x2B1868,0x0,2,0,1,0,stop_at_base,0,0,0,,CALLBACK_RETURN_SENTINEL_OK
p17_hit1_20260801_144222_15364,950,950,robotol.ext,3,3,1,0x30631D,0x30631D,0x80000,0x0,0x2B1868,0x0,2,0,1,0,stop_at_base,0,0,0,,CALLBACK_RETURN_SENTINEL_OK
p17_hit1_20260801_144222_15364,951,951,robotol.ext,3,3,1,0x30631D,0x30631D,0x80000,0x0,0x2B1868,0x0,2,0,1,0,stop_at_base,0,0,0,,CALLBACK_RETURN_SENTINEL_OK
p17_hit1_20260801_144222_15364,952,952,robotol.ext,3,3,1,0x30631D,0x30631D,0x80000,0x0,0x2B1868,0x0,2,0,1,0,stop_at_base,0,0,0,,CALLBACK_RETURN_SENTINEL_OK
p17_hit1_20260801_144222_15364,953,953,robotol.ext,3,3,1,0x30631D,0x30631D,0x80000,0x0,0x2B1868,0x0,2,0,1,0,stop_at_base,0,0,0,,CALLBACK_RETURN_SENTINEL_OK
p17_hit1_20260801_144222_15364,954,954,robotol.ext,3,3,1,0x30631D,0x30631D,0x80000,0x0,0x2B1868,0x0,2,0,1,0,stop_at_base,0,0,0,,CALLBACK_RETURN_SENTINEL_OK
p17_hit1_20260801_144222_15364,955,955,robotol.ext,3,3,1,0x30631D,0x30631D,0x80000,0x0,0x2B1868,0x0,2,0,1,0,stop_at_base,0,0,0,,CALLBACK_RETURN_SENTINEL_OK
p17_hit1_20260801_144222_15364,956,956,robotol.ext,3,3,1,0x30631D,0x30631D,0x80000,0x0,0x2B1868,0x0,2,0,1,0,stop_at_base,0,0,0,,CALLBACK_RETURN_SENTINEL_OK
p17_hit1_20260801_144222_15364,957,957,robotol.ext,3,3,1,0x30631D,0x30631D,0x80000,0x0,0x2B1868,0x0,2,0,1,0,stop_at_base,0,0,0,,CALLBACK_RETURN_SENTINEL_OK
p17_hit1_20260801_144222_15364,958,958,robotol.ext,3,3,1,0x30631D,0x30631D,0x80000,0x0,0x2B1868,0x0,2,0,1,0,stop_at_base,0,0,0,,CALLBACK_RETURN_SENTINEL_OK
p17_hit1_20260801_144222_15364,959,959,robotol.ext,3,3,1,0x30631D,0x30631D,0x80000,0x0,0x2B1868,0x0,2,0,1,0,stop_at_base,0,0,0,,CALLBACK_RETURN_SENTINEL_OK
p17_hit1_20260801_144222_15364,960,960,robotol.ext,3,3,1,0x30631D,0x30631D,0x80000,0x0,0x2B1868,0x0,2,0,1,0,stop_at_base,0,0,0,,CALLBACK_RETURN_SENTINEL_OK
p17_hit1_20260801_144222_15364,961,961,robotol.ext,3,3,1,0x30631D,0x30631D,0x80000,0x0,0x2B1868,0x0,2,0,1,0,stop_at_base,0,0,0,,CALLBACK_RETURN_SENTINEL_OK
p17_hit1_20260801_144222_15364,962,962,robotol.ext,3,3,1,0x30631D,0x30631D,0x80000,0x0,0x2B1868,0x0,2,0,1,0,stop_at_base,0,0,0,,CALLBACK_RETURN_SENTINEL_OK
p17_hit1_20260801_144222_15364,963,963,robotol.ext,3,3,1,0x30631D,0x30631D,0x80000,0x0,0x2B1868,0x0,2,0,1,0,stop_at_base,0,0,0,,CALLBACK_RETURN_SENTINEL_OK
p17_hit1_20260801_144222_15364,964,964,robotol.ext,3,3,1,0x30631D,0x30631D,0x80000,0x0,0x2B1868,0x0,2,0,1,0,stop_at_base,0,0,0,,CALLBACK_RETURN_SENTINEL_OK
p17_hit1_20260801_144222_15364,965,965,robotol.ext,3,3,1,0x30631D,0x30631D,0x80000,0x0,0x2B1868,0x0,2,0,1,0,stop_at_base,0,0,0,,CALLBACK_RETURN_SENTINEL_OK
p17_hit1_20260801_144222_15364,966,966,robotol.ext,3,3,1,0x30631D,0x30631D,0x80000,0x0,0x2B1868,0x0,2,0,1,0,stop_at_base,0,0,0,,CALLBACK_RETURN_SENTINEL_OK
p17_hit1_20260801_144222_15364,967,967,robotol.ext,3,3,1,0x30631D,0x30631D,0x80000,0x0,0x2B1868,0x0,2,0,1,0,stop_at_base,0,0,0,,CALLBACK_RETURN_SENTINEL_OK
p17_hit1_20260801_144222_15364,968,968,robotol.ext,3,3,1,0x30631D,0x30631D,0x80000,0x0,0x2B1868,0x0,2,0,1,0,stop_at_base,0,0,0,,CALLBACK_RETURN_SENTINEL_OK
p17_hit1_20260801_144222_15364,969,969,robotol.ext,3,3,1,0x30631D,0x30631D,0x80000,0x0,0x2B1868,0x0,2,0,1,0,stop_at_base,0,0,0,,CALLBACK_RETURN_SENTINEL_OK
p17_hit1_20260801_144222_15364,970,970,robotol.ext,3,3,1,0x30631D,0x30631D,0x80000,0x0,0x2B1868,0x0,2,0,1,0,stop_at_base,0,0,0,,CALLBACK_RETURN_SENTINEL_OK
p17_hit1_20260801_144222_15364,971,971,robotol.ext,3,3,1,0x30631D,0x30631D,0x80000,0x0,0x2B1868,0x0,2,0,1,0,stop_at_base,0,0,0,,CALLBACK_RETURN_SENTINEL_OK
p17_hit1_20260801_144222_15364,972,972,robotol.ext,3,3,1,0x30631D,0x30631D,0x80000,0x0,0x2B1868,0x0,2,0,1,0,stop_at_base,0,0,0,,CALLBACK_RETURN_SENTINEL_OK
p17_hit1_20260801_144222_15364,973,973,robotol.ext,3,3,1,0x30631D,0x30631D,0x80000,0x0,0x2B1868,0x0,2,0,1,0,stop_at_base,0,0,0,,CALLBACK_RETURN_SENTINEL_OK
p17_hit1_20260801_144222_15364,974,974,robotol.ext,3,3,1,0x30631D,0x30631D,0x80000,0x0,0x2B1868,0x0,2,0,1,0,stop_at_base,0,0,0,,CALLBACK_RETURN_SENTINEL_OK
p17_hit1_20260801_144222_15364,975,975,robotol.ext,3,3,1,0x30631D,0x30631D,0x80000,0x0,0x2B1868,0x0,2,0,1,0,stop_at_base,0,0,0,,CALLBACK_RETURN_SENTINEL_OK
p17_hit1_20260801_144222_15364,976,976,robotol.ext,3,3,1,0x30631D,0x30631D,0x80000,0x0,0x2B1868,0x0,2,0,1,0,stop_at_base,0,0,0,,CALLBACK_RETURN_SENTINEL_OK
p17_hit1_20260801_144222_15364,977,977,robotol.ext,3,3,1,0x30631D,0x30631D,0x80000,0x0,0x2B1868,0x0,2,0,1,0,stop_at_base,0,0,0,,CALLBACK_RETURN_SENTINEL_OK
p17_hit1_20260801_144222_15364,978,978,robotol.ext,3,3,1,0x30631D,0x30631D,0x80000,0x0,0x2B1868,0x0,2,0,1,0,stop_at_base,0,0,0,,CALLBACK_RETURN_SENTINEL_OK
p17_hit1_20260801_144222_15364,979,979,robotol.ext,3,3,1,0x30631D,0x30631D,0x80000,0x0,0x2B1868,0x0,2,0,1,0,stop_at_base,0,0,0,,CALLBACK_RETURN_SENTINEL_OK
p17_hit1_20260801_144222_15364,980,980,robotol.ext,3,3,1,0x30631D,0x30631D,0x80000,0x0,0x2B1868,0x0,2,0,1,0,stop_at_base,0,0,0,,CALLBACK_RETURN_SENTINEL_OK
p17_hit1_20260801_144222_15364,981,981,robotol.ext,3,3,1,0x30631D,0x30631D,0x80000,0x0,0x2B1868,0x0,2,0,1,0,stop_at_base,0,0,0,,CALLBACK_RETURN_SENTINEL_OK
p17_hit1_20260801_144222_15364,982,982,robotol.ext,3,3,1,0x30631D,0x30631D,0x80000,0x0,0x2B1868,0x0,2,0,1,0,stop_at_base,0,0,0,,CALLBACK_RETURN_SENTINEL_OK
p17_hit1_20260801_144222_15364,983,983,robotol.ext,3,3,1,0x30631D,0x30631D,0x80000,0x0,0x2B1868,0x0,2,0,1,0,stop_at_base,0,0,0,,CALLBACK_RETURN_SENTINEL_OK
p17_hit1_20260801_144222_15364,984,984,robotol.ext,3,3,1,0x30631D,0x30631D,0x80000,0x0,0x2B1868,0x0,2,0,1,0,stop_at_base,0,0,0,,CALLBACK_RETURN_SENTINEL_OK
p17_hit1_20260801_144222_15364,985,985,robotol.ext,3,3,1,0x30631D,0x30631D,0x80000,0x0,0x2B1868,0x0,2,0,1,0,stop_at_base,0,0,0,,CALLBACK_RETURN_SENTINEL_OK
p17_hit1_20260801_144222_15364,986,986,robotol.ext,3,3,1,0x30631D,0x30631D,0x80000,0x0,0x2B1868,0x0,2,0,1,0,stop_at_base,0,0,0,,CALLBACK_RETURN_SENTINEL_OK
p17_hit1_20260801_144222_15364,987,987,robotol.ext,3,3,1,0x30631D,0x30631D,0x80000,0x0,0x2B1868,0x0,2,0,1,0,stop_at_base,0,0,0,,CALLBACK_RETURN_SENTINEL_OK
p17_hit1_20260801_144222_15364,988,988,robotol.ext,3,3,1,0x30631D,0x30631D,0x80000,0x0,0x2B1868,0x0,2,0,1,0,stop_at_base,0,0,0,,CALLBACK_RETURN_SENTINEL_OK
p17_hit1_20260801_144222_15364,989,989,robotol.ext,3,3,1,0x30631D,0x30631D,0x80000,0x0,0x2B1868,0x0,2,0,1,0,stop_at_base,0,0,0,,CALLBACK_RETURN_SENTINEL_OK
p17_hit1_20260801_144222_15364,990,990,robotol.ext,3,3,1,0x30631D,0x30631D,0x80000,0x0,0x2B1868,0x0,2,0,1,0,stop_at_base,0,0,0,,CALLBACK_RETURN_SENTINEL_OK
p17_hit1_20260801_144222_15364,991,991,robotol.ext,3,3,1,0x30631D,0x30631D,0x80000,0x0,0x2B1868,0x0,2,0,1,0,stop_at_base,0,0,0,,CALLBACK_RETURN_SENTINEL_OK
p17_hit1_20260801_144222_15364,992,992,robotol.ext,3,3,1,0x30631D,0x30631D,0x80000,0x0,0x2B1868,0x0,2,0,1,0,stop_at_base,0,0,0,,CALLBACK_RETURN_SENTINEL_OK
p17_hit1_20260801_144222_15364,993,993,robotol.ext,3,3,1,0x30631D,0x30631D,0x80000,0x0,0x2B1868,0x0,2,0,1,0,stop_at_base,0,0,0,,CALLBACK_RETURN_SENTINEL_OK
p17_hit1_20260801_144222_15364,994,994,robotol.ext,3,3,1,0x30631D,0x30631D,0x80000,0x0,0x2B1868,0x0,2,0,1,0,stop_at_base,0,0,0,,CALLBACK_RETURN_SENTINEL_OK
p17_hit1_20260801_144222_15364,995,995,robotol.ext,3,3,1,0x30631D,0x30631D,0x80000,0x0,0x2B1868,0x0,2,0,1,0,stop_at_base,0,0,0,,CALLBACK_RETURN_SENTINEL_OK
p17_hit1_20260801_144222_15364,996,996,robotol.ext,3,3,1,0x30631D,0x30631D,0x80000,0x0,0x2B1868,0x0,2,0,1,0,stop_at_base,0,0,0,,CALLBACK_RETURN_SENTINEL_OK
p17_hit1_20260801_144222_15364,997,997,robotol.ext,3,3,1,0x30631D,0x30631D,0x80000,0x0,0x2B1868,0x0,2,0,1,0,stop_at_base,0,0,0,,CALLBACK_RETURN_SENTINEL_OK
p17_hit1_20260801_144222_15364,998,998,robotol.ext,3,3,1,0x30631D,0x30631D,0x80000,0x0,0x2B1868,0x0,2,0,1,0,stop_at_base,0,0,0,,CALLBACK_RETURN_SENTINEL_OK
p17_hit1_20260801_144222_15364,999,999,robotol.ext,3,3,1,0x30631D,0x30631D,0x80000,0x0,0x2B1868,0x0,2,0,1,0,stop_at_base,0,0,0,,CALLBACK_RETURN_SENTINEL_OK
p17_hit1_20260801_144222_15364,1000,1000,robotol.ext,3,3,1,0x30631D,0x30631D,0x80000,0x0,0x2B1868,0x0,2,0,1,0,stop_at_base,0,0,0,,CALLBACK_RETURN_SENTINEL_OK
p17_hit1_20260801_144222_15364,1001,1001,robotol.ext,3,3,1,0x30631D,0x30631D,0x80000,0x0,0x2B1868,0x0,2,0,1,0,stop_at_base,0,0,0,,CALLBACK_RETURN_SENTINEL_OK
p17_hit1_20260801_144222_15364,1002,1002,robotol.ext,3,3,1,0x30631D,0x30631D,0x80000,0x0,0x2B1868,0x0,2,0,1,0,stop_at_base,0,0,0,,CALLBACK_RETURN_SENTINEL_OK
p17_hit1_20260801_144222_15364,1003,1003,robotol.ext,3,3,1,0x30631D,0x30631D,0x80000,0x0,0x2B1868,0x0,2,0,1,0,stop_at_base,0,0,0,,CALLBACK_RETURN_SENTINEL_OK
p17_hit1_20260801_144222_15364,1004,1004,robotol.ext,3,3,1,0x30631D,0x30631D,0x80000,0x0,0x2B1868,0x0,2,0,1,0,stop_at_base,0,0,0,,CALLBACK_RETURN_SENTINEL_OK
p17_hit1_20260801_144222_15364,1005,1005,robotol.ext,3,3,1,0x30631D,0x30631D,0x80000,0x0,0x2B1868,0x0,2,0,1,0,stop_at_base,0,0,0,,CALLBACK_RETURN_SENTINEL_OK
p17_hit1_20260801_144222_15364,1006,1006,robotol.ext,3,3,1,0x30631D,0x30631D,0x80000,0x0,0x2B1868,0x0,2,0,1,0,stop_at_base,0,0,0,,CALLBACK_RETURN_SENTINEL_OK
p17_hit1_20260801_144222_15364,1007,1007,robotol.ext,3,3,1,0x30631D,0x30631D,0x80000,0x0,0x2B1868,0x0,2,0,1,0,stop_at_base,0,0,0,,CALLBACK_RETURN_SENTINEL_OK
p17_hit1_20260801_144222_15364,1008,1008,robotol.ext,3,3,1,0x30631D,0x30631D,0x80000,0x0,0x2B1868,0x0,2,0,1,0,stop_at_base,0,0,0,,CALLBACK_RETURN_SENTINEL_OK
p17_hit1_20260801_144222_15364,1009,1009,robotol.ext,3,3,1,0x30631D,0x30631D,0x80000,0x0,0x2B1868,0x0,2,0,1,0,stop_at_base,0,0,0,,CALLBACK_RETURN_SENTINEL_OK
p17_hit1_20260801_144222_15364,1010,1010,robotol.ext,3,3,1,0x30631D,0x30631D,0x80000,0x0,0x2B1868,0x0,2,0,1,0,stop_at_base,0,0,0,,CALLBACK_RETURN_SENTINEL_OK
p17_hit1_20260801_144222_15364,1011,1011,robotol.ext,3,3,1,0x30631D,0x30631D,0x80000,0x0,0x2B1868,0x0,2,0,1,0,stop_at_base,0,0,0,,CALLBACK_RETURN_SENTINEL_OK
p17_hit1_20260801_144222_15364,1012,1012,robotol.ext,3,3,1,0x30631D,0x30631D,0x80000,0x0,0x2B1868,0x0,2,0,1,0,stop_at_base,0,0,0,,CALLBACK_RETURN_SENTINEL_OK
p17_hit1_20260801_144222_15364,1013,1013,robotol.ext,3,3,1,0x30631D,0x30631D,0x80000,0x0,0x2B1868,0x0,2,0,1,0,stop_at_base,0,0,0,,CALLBACK_RETURN_SENTINEL_OK
p17_hit1_20260801_144222_15364,1014,1014,robotol.ext,3,3,1,0x30631D,0x30631D,0x80000,0x0,0x2B1868,0x0,2,0,1,0,stop_at_base,0,0,0,,CALLBACK_RETURN_SENTINEL_OK
p17_hit1_20260801_144222_15364,1015,1015,robotol.ext,3,3,1,0x30631D,0x30631D,0x80000,0x0,0x2B1868,0x0,2,0,1,0,stop_at_base,0,0,0,,CALLBACK_RETURN_SENTINEL_OK
p17_hit1_20260801_144222_15364,1016,1016,robotol.ext,3,3,1,0x30631D,0x30631D,0x80000,0x0,0x2B1868,0x0,2,0,1,0,stop_at_base,0,0,0,,CALLBACK_RETURN_SENTINEL_OK
p17_hit1_20260801_144222_15364,1017,1017,robotol.ext,3,3,1,0x30631D,0x30631D,0x80000,0x0,0x2B1868,0x0,2,0,1,0,stop_at_base,0,0,0,,CALLBACK_RETURN_SENTINEL_OK
p17_hit1_20260801_144222_15364,1018,1018,robotol.ext,3,3,1,0x30631D,0x30631D,0x80000,0x0,0x2B1868,0x0,2,0,1,0,stop_at_base,0,0,0,,CALLBACK_RETURN_SENTINEL_OK
p17_hit1_20260801_144222_15364,1019,1019,robotol.ext,3,3,1,0x30631D,0x30631D,0x80000,0x0,0x2B1868,0x0,2,0,1,0,stop_at_base,0,0,0,,CALLBACK_RETURN_SENTINEL_OK
p17_hit1_20260801_144222_15364,1020,1020,robotol.ext,3,3,1,0x30631D,0x30631D,0x80000,0x0,0x2B1868,0x0,2,0,1,0,stop_at_base,0,0,0,,CALLBACK_RETURN_SENTINEL_OK
p17_hit1_20260801_144222_15364,1021,1021,robotol.ext,3,3,1,0x30631D,0x30631D,0x80000,0x0,0x2B1868,0x0,2,0,1,0,stop_at_base,0,0,0,,CALLBACK_RETURN_SENTINEL_OK
p17_hit1_20260801_144222_15364,1022,1022,robotol.ext,3,3,1,0x30631D,0x30631D,0x80000,0x0,0x2B1868,0x0,2,0,1,0,stop_at_base,0,0,0,,CALLBACK_RETURN_SENTINEL_OK
p17_hit1_20260801_144222_15364,1023,1023,robotol.ext,3,3,1,0x30631D,0x30631D,0x80000,0x0,0x2B1868,0x0,2,0,1,0,stop_at_base,0,0,0,,CALLBACK_RETURN_SENTINEL_OK
p17_hit1_20260801_144222_15364,1024,1024,robotol.ext,3,3,1,0x30631D,0x30631D,0x80000,0x0,0x2B1868,0x0,2,0,1,0,stop_at_base,0,0,0,,CALLBACK_RETURN_SENTINEL_OK
p17_hit1_20260801_144222_15364,1025,1025,robotol.ext,3,3,1,0x30631D,0x30631D,0x80000,0x0,0x2B1868,0x0,2,0,1,0,stop_at_base,0,0,0,,CALLBACK_RETURN_SENTINEL_OK
p17_hit1_20260801_144222_15364,1026,1026,robotol.ext,3,3,1,0x30631D,0x30631D,0x80000,0x0,0x2B1868,0x0,2,0,1,0,stop_at_base,0,0,0,,CALLBACK_RETURN_SENTINEL_OK
p17_hit1_20260801_144222_15364,1027,1027,robotol.ext,3,3,1,0x30631D,0x30631D,0x80000,0x0,0x2B1868,0x0,2,0,1,0,stop_at_base,0,0,0,,CALLBACK_RETURN_SENTINEL_OK
p17_hit1_20260801_144222_15364,1028,1028,robotol.ext,3,3,1,0x30631D,0x30631D,0x80000,0x0,0x2B1868,0x0,2,0,1,0,stop_at_base,0,0,0,,CALLBACK_RETURN_SENTINEL_OK
p17_hit1_20260801_144222_15364,1029,1029,robotol.ext,3,3,1,0x30631D,0x30631D,0x80000,0x0,0x2B1868,0x0,2,0,1,0,stop_at_base,0,0,0,,CALLBACK_RETURN_SENTINEL_OK
p17_hit1_20260801_144222_15364,1030,1030,robotol.ext,3,3,1,0x30631D,0x30631D,0x80000,0x0,0x2B1868,0x0,2,0,1,0,stop_at_base,0,0,0,,CALLBACK_RETURN_SENTINEL_OK
p17_hit1_20260801_144222_15364,1031,1031,robotol.ext,3,3,1,0x30631D,0x30631D,0x80000,0x0,0x2B1868,0x0,2,0,1,0,stop_at_base,0,0,0,,CALLBACK_RETURN_SENTINEL_OK
p17_hit1_20260801_144222_15364,1032,1032,robotol.ext,3,3,1,0x30631D,0x30631D,0x80000,0x0,0x2B1868,0x0,2,0,1,0,stop_at_base,0,0,0,,CALLBACK_RETURN_SENTINEL_OK
p17_hit1_20260801_144222_15364,1033,1033,robotol.ext,3,3,1,0x30631D,0x30631D,0x80000,0x0,0x2B1868,0x0,2,0,1,0,stop_at_base,0,0,0,,CALLBACK_RETURN_SENTINEL_OK
p17_hit1_20260801_144222_15364,1034,1034,robotol.ext,3,3,1,0x30631D,0x30631D,0x80000,0x0,0x2B1868,0x0,2,0,1,0,stop_at_base,0,0,0,,CALLBACK_RETURN_SENTINEL_OK
p17_hit1_20260801_144222_15364,1035,1035,robotol.ext,3,3,1,0x30631D,0x30631D,0x80000,0x0,0x2B1868,0x0,2,0,1,0,stop_at_base,0,0,0,,CALLBACK_RETURN_SENTINEL_OK
p17_hit1_20260801_144222_15364,1036,1036,robotol.ext,3,3,1,0x30631D,0x30631D,0x80000,0x0,0x2B1868,0x0,2,0,1,0,stop_at_base,0,0,0,,CALLBACK_RETURN_SENTINEL_OK
p17_hit1_20260801_144222_15364,1037,1037,robotol.ext,3,3,1,0x30631D,0x30631D,0x80000,0x0,0x2B1868,0x0,2,0,1,0,stop_at_base,0,0,0,,CALLBACK_RETURN_SENTINEL_OK
p17_hit1_20260801_144222_15364,1038,1038,robotol.ext,3,3,1,0x30631D,0x30631D,0x80000,0x0,0x2B1868,0x0,2,0,1,0,stop_at_base,0,0,0,,CALLBACK_RETURN_SENTINEL_OK
p17_hit1_20260801_144222_15364,1039,1039,robotol.ext,3,3,1,0x30631D,0x30631D,0x80000,0x0,0x2B1868,0x0,2,0,1,0,stop_at_base,0,0,0,,CALLBACK_RETURN_SENTINEL_OK
p17_hit1_20260801_144222_15364,1040,1040,robotol.ext,3,3,1,0x30631D,0x30631D,0x80000,0x0,0x2B1868,0x0,2,0,1,0,stop_at_base,0,0,0,,CALLBACK_RETURN_SENTINEL_OK
p17_hit1_20260801_144222_15364,1041,1041,robotol.ext,3,3,1,0x30631D,0x30631D,0x80000,0x0,0x2B1868,0x0,2,0,1,0,stop_at_base,0,0,0,,CALLBACK_RETURN_SENTINEL_OK
p17_hit1_20260801_144222_15364,1042,1042,robotol.ext,3,3,1,0x30631D,0x30631D,0x80000,0x0,0x2B1868,0x0,2,0,1,0,stop_at_base,0,0,0,,CALLBACK_RETURN_SENTINEL_OK
p17_hit1_20260801_144222_15364,1043,1043,robotol.ext,3,3,1,0x30631D,0x30631D,0x80000,0x0,0x2B1868,0x0,2,0,1,0,stop_at_base,0,0,0,,CALLBACK_RETURN_SENTINEL_OK
p17_hit1_20260801_144222_15364,1044,1044,robotol.ext,3,3,1,0x30631D,0x30631D,0x80000,0x0,0x2B1868,0x0,2,0,1,0,stop_at_base,0,0,0,,CALLBACK_RETURN_SENTINEL_OK
p17_hit1_20260801_144222_15364,1045,1045,robotol.ext,3,3,1,0x30631D,0x30631D,0x80000,0x0,0x2B1868,0x0,2,0,1,0,stop_at_base,0,0,0,,CALLBACK_RETURN_SENTINEL_OK
p17_hit1_20260801_144222_15364,1046,1046,robotol.ext,3,3,1,0x30631D,0x30631D,0x80000,0x0,0x2B1868,0x0,2,0,1,0,stop_at_base,0,0,0,,CALLBACK_RETURN_SENTINEL_OK
p17_hit1_20260801_144222_15364,1047,1047,robotol.ext,3,3,1,0x30631D,0x30631D,0x80000,0x0,0x2B1868,0x0,2,0,1,0,stop_at_base,0,0,0,,CALLBACK_RETURN_SENTINEL_OK
p17_hit1_20260801_144222_15364,1048,1048,robotol.ext,3,3,1,0x30631D,0x30631D,0x80000,0x0,0x2B1868,0x0,2,0,1,0,stop_at_base,0,0,0,,CALLBACK_RETURN_SENTINEL_OK
p17_hit1_20260801_144222_15364,1049,1049,robotol.ext,3,3,1,0x30631D,0x30631D,0x80000,0x0,0x2B1868,0x0,2,0,1,0,stop_at_base,0,0,0,,CALLBACK_RETURN_SENTINEL_OK
p17_hit1_20260801_144222_15364,1050,1050,robotol.ext,3,3,1,0x30631D,0x30631D,0x80000,0x0,0x2B1868,0x0,2,0,1,0,stop_at_base,0,0,0,,CALLBACK_RETURN_SENTINEL_OK
p17_hit1_20260801_144222_15364,1051,1051,robotol.ext,3,3,1,0x30631D,0x30631D,0x80000,0x0,0x2B1868,0x0,2,0,1,0,stop_at_base,0,0,0,,CALLBACK_RETURN_SENTINEL_OK
p17_hit1_20260801_144222_15364,1052,1052,robotol.ext,3,3,1,0x30631D,0x30631D,0x80000,0x0,0x2B1868,0x0,2,0,1,0,stop_at_base,0,0,0,,CALLBACK_RETURN_SENTINEL_OK
p17_hit1_20260801_144222_15364,1053,1053,robotol.ext,3,3,1,0x30631D,0x30631D,0x80000,0x0,0x2B1868,0x0,2,0,1,0,stop_at_base,0,0,0,,CALLBACK_RETURN_SENTINEL_OK
p17_hit1_20260801_144222_15364,1054,1054,robotol.ext,3,3,1,0x30631D,0x30631D,0x80000,0x0,0x2B1868,0x0,2,0,1,0,stop_at_base,0,0,0,,CALLBACK_RETURN_SENTINEL_OK
p17_hit1_20260801_144222_15364,1055,1055,robotol.ext,3,3,1,0x30631D,0x30631D,0x80000,0x0,0x2B1868,0x0,2,0,1,0,stop_at_base,0,0,0,,CALLBACK_RETURN_SENTINEL_OK
p17_hit1_20260801_144222_15364,1056,1056,robotol.ext,3,3,1,0x30631D,0x30631D,0x80000,0x0,0x2B1868,0x0,2,0,1,0,stop_at_base,0,0,0,,CALLBACK_RETURN_SENTINEL_OK
p17_hit1_20260801_144222_15364,1057,1057,robotol.ext,3,3,1,0x30631D,0x30631D,0x80000,0x0,0x2B1868,0x0,2,0,1,0,stop_at_base,0,0,0,,CALLBACK_RETURN_SENTINEL_OK
p17_hit1_20260801_144222_15364,1058,1058,robotol.ext,3,3,1,0x30631D,0x30631D,0x80000,0x0,0x2B1868,0x0,2,0,1,0,stop_at_base,0,0,0,,CALLBACK_RETURN_SENTINEL_OK
p17_hit1_20260801_144222_15364,1059,1059,robotol.ext,3,3,1,0x30631D,0x30631D,0x80000,0x0,0x2B1868,0x0,2,0,1,0,stop_at_base,0,0,0,,CALLBACK_RETURN_SENTINEL_OK
p17_hit1_20260801_144222_15364,1060,1060,robotol.ext,3,3,1,0x30631D,0x30631D,0x80000,0x0,0x2B1868,0x0,2,0,1,0,stop_at_base,0,0,0,,CALLBACK_RETURN_SENTINEL_OK
p17_hit1_20260801_144222_15364,1061,1061,robotol.ext,3,3,1,0x30631D,0x30631D,0x80000,0x0,0x2B1868,0x0,2,0,1,0,stop_at_base,0,0,0,,CALLBACK_RETURN_SENTINEL_OK
p17_hit1_20260801_144222_15364,1062,1062,robotol.ext,3,3,1,0x30631D,0x30631D,0x80000,0x0,0x2B1868,0x0,2,0,1,0,stop_at_base,0,0,0,,CALLBACK_RETURN_SENTINEL_OK
p17_hit1_20260801_144222_15364,1063,1063,robotol.ext,3,3,1,0x30631D,0x30631D,0x80000,0x0,0x2B1868,0x0,2,0,1,0,stop_at_base,0,0,0,,CALLBACK_RETURN_SENTINEL_OK
p17_hit1_20260801_144222_15364,1064,1064,robotol.ext,3,3,1,0x30631D,0x30631D,0x80000,0x0,0x2B1868,0x0,2,0,1,0,stop_at_base,0,0,0,,CALLBACK_RETURN_SENTINEL_OK
p17_hit1_20260801_144222_15364,1065,1065,robotol.ext,3,3,1,0x30631D,0x30631D,0x80000,0x0,0x2B1868,0x0,2,0,1,0,stop_at_base,0,0,0,,CALLBACK_RETURN_SENTINEL_OK
p17_hit1_20260801_144222_15364,1066,1066,robotol.ext,3,3,1,0x30631D,0x30631D,0x80000,0x0,0x2B1868,0x0,2,0,1,0,stop_at_base,0,0,0,,CALLBACK_RETURN_SENTINEL_OK
p17_hit1_20260801_144222_15364,1067,1067,robotol.ext,3,3,1,0x30631D,0x30631D,0x80000,0x0,0x2B1868,0x0,2,0,1,0,stop_at_base,0,0,0,,CALLBACK_RETURN_SENTINEL_OK
p17_hit1_20260801_144222_15364,1068,1068,robotol.ext,3,3,1,0x30631D,0x30631D,0x80000,0x0,0x2B1868,0x0,2,0,1,0,stop_at_base,0,0,0,,CALLBACK_RETURN_SENTINEL_OK
p17_hit1_20260801_144222_15364,1069,1069,robotol.ext,3,3,1,0x30631D,0x30631D,0x80000,0x0,0x2B1868,0x0,2,0,1,0,stop_at_base,0,0,0,,CALLBACK_RETURN_SENTINEL_OK
p17_hit1_20260801_144222_15364,1070,1070,robotol.ext,3,3,1,0x30631D,0x30631D,0x80000,0x0,0x2B1868,0x0,2,0,1,0,stop_at_base,0,0,0,,CALLBACK_RETURN_SENTINEL_OK
p17_hit1_20260801_144222_15364,1071,1071,robotol.ext,3,3,1,0x30631D,0x30631D,0x80000,0x0,0x2B1868,0x0,2,0,1,0,stop_at_base,0,0,0,,CALLBACK_RETURN_SENTINEL_OK
p17_hit1_20260801_144222_15364,1072,1072,robotol.ext,3,3,1,0x30631D,0x30631D,0x80000,0x0,0x2B1868,0x0,2,0,1,0,stop_at_base,0,0,0,,CALLBACK_RETURN_SENTINEL_OK
p17_hit1_20260801_144222_15364,1073,1073,robotol.ext,3,3,1,0x30631D,0x30631D,0x80000,0x0,0x2B1868,0x0,2,0,1,0,stop_at_base,0,0,0,,CALLBACK_RETURN_SENTINEL_OK
p17_hit1_20260801_144222_15364,1074,1074,robotol.ext,3,3,1,0x30631D,0x30631D,0x80000,0x0,0x2B1868,0x0,2,0,1,0,stop_at_base,0,0,0,,CALLBACK_RETURN_SENTINEL_OK
p17_hit1_20260801_144222_15364,1075,1075,robotol.ext,3,3,1,0x30631D,0x30631D,0x80000,0x0,0x2B1868,0x0,2,0,1,0,stop_at_base,0,0,0,,CALLBACK_RETURN_SENTINEL_OK
p17_hit1_20260801_144222_15364,1076,1076,robotol.ext,3,3,1,0x30631D,0x30631D,0x80000,0x0,0x2B1868,0x0,2,0,1,0,stop_at_base,0,0,0,,CALLBACK_RETURN_SENTINEL_OK
p17_hit1_20260801_144222_15364,1077,1077,robotol.ext,3,3,1,0x30631D,0x30631D,0x80000,0x0,0x2B1868,0x0,2,0,1,0,stop_at_base,0,0,0,,CALLBACK_RETURN_SENTINEL_OK
p17_hit1_20260801_144222_15364,1078,1078,robotol.ext,3,3,1,0x30631D,0x30631D,0x80000,0x0,0x2B1868,0x0,2,0,1,0,stop_at_base,0,0,0,,CALLBACK_RETURN_SENTINEL_OK
p17_hit1_20260801_144222_15364,1079,1079,robotol.ext,3,3,1,0x30631D,0x30631D,0x80000,0x0,0x2B1868,0x0,2,0,1,0,stop_at_base,0,0,0,,CALLBACK_RETURN_SENTINEL_OK
p17_hit1_20260801_144222_15364,1080,1080,robotol.ext,3,3,1,0x30631D,0x30631D,0x80000,0x0,0x2B1868,0x0,2,0,1,0,stop_at_base,0,0,0,,CALLBACK_RETURN_SENTINEL_OK
p17_hit1_20260801_144222_15364,1081,1081,robotol.ext,3,3,1,0x30631D,0x30631D,0x80000,0x0,0x2B1868,0x0,2,0,1,0,stop_at_base,0,0,0,,CALLBACK_RETURN_SENTINEL_OK
p17_hit1_20260801_144222_15364,1082,1082,robotol.ext,3,3,1,0x30631D,0x30631D,0x80000,0x0,0x2B1868,0x0,2,0,1,0,stop_at_base,0,0,0,,CALLBACK_RETURN_SENTINEL_OK
p17_hit1_20260801_144222_15364,1083,1083,robotol.ext,3,3,1,0x30631D,0x30631D,0x80000,0x0,0x2B1868,0x0,2,0,1,0,stop_at_base,0,0,0,,CALLBACK_RETURN_SENTINEL_OK
p17_hit1_20260801_144222_15364,1084,1084,robotol.ext,3,3,1,0x30631D,0x30631D,0x80000,0x0,0x2B1868,0x0,2,0,1,0,stop_at_base,0,0,0,,CALLBACK_RETURN_SENTINEL_OK
p17_hit1_20260801_144222_15364,1085,1085,robotol.ext,3,3,1,0x30631D,0x30631D,0x80000,0x0,0x2B1868,0x0,2,0,1,0,stop_at_base,0,0,0,,CALLBACK_RETURN_SENTINEL_OK
p17_hit1_20260801_144222_15364,1086,1086,robotol.ext,3,3,1,0x30631D,0x30631D,0x80000,0x0,0x2B1868,0x0,2,0,1,0,stop_at_base,0,0,0,,CALLBACK_RETURN_SENTINEL_OK
p17_hit1_20260801_144222_15364,1087,1087,robotol.ext,3,3,1,0x30631D,0x30631D,0x80000,0x0,0x2B1868,0x0,2,0,1,0,stop_at_base,0,0,0,,CALLBACK_RETURN_SENTINEL_OK
p17_hit1_20260801_144222_15364,1088,1088,robotol.ext,3,3,1,0x30631D,0x30631D,0x80000,0x0,0x2B1868,0x0,2,0,1,0,stop_at_base,0,0,0,,CALLBACK_RETURN_SENTINEL_OK
p17_hit1_20260801_144222_15364,1089,1089,robotol.ext,3,3,1,0x30631D,0x30631D,0x80000,0x0,0x2B1868,0x0,2,0,1,0,stop_at_base,0,0,0,,CALLBACK_RETURN_SENTINEL_OK
p17_hit1_20260801_144222_15364,1090,1090,robotol.ext,3,3,1,0x30631D,0x30631D,0x80000,0x0,0x2B1868,0x0,2,0,1,0,stop_at_base,0,0,0,,CALLBACK_RETURN_SENTINEL_OK
p17_hit1_20260801_144222_15364,1091,1091,robotol.ext,3,3,1,0x30631D,0x30631D,0x80000,0x0,0x2B1868,0x0,2,0,1,0,stop_at_base,0,0,0,,CALLBACK_RETURN_SENTINEL_OK
p17_hit1_20260801_144222_15364,1092,1092,robotol.ext,3,3,1,0x30631D,0x30631D,0x80000,0x0,0x2B1868,0x0,2,0,1,0,stop_at_base,0,0,0,,CALLBACK_RETURN_SENTINEL_OK
p17_hit1_20260801_144222_15364,1093,1093,robotol.ext,3,3,1,0x30631D,0x30631D,0x80000,0x0,0x2B1868,0x0,2,0,1,0,stop_at_base,0,0,0,,CALLBACK_RETURN_SENTINEL_OK
p17_hit1_20260801_144222_15364,1094,1094,robotol.ext,3,3,1,0x30631D,0x30631D,0x80000,0x0,0x2B1868,0x0,2,0,1,0,stop_at_base,0,0,0,,CALLBACK_RETURN_SENTINEL_OK
p17_hit1_20260801_144222_15364,1095,1095,robotol.ext,3,3,1,0x30631D,0x30631D,0x80000,0x0,0x2B1868,0x0,2,0,1,0,stop_at_base,0,0,0,,CALLBACK_RETURN_SENTINEL_OK
p17_hit1_20260801_144222_15364,1096,1096,robotol.ext,3,3,1,0x30631D,0x30631D,0x80000,0x0,0x2B1868,0x0,2,0,1,0,stop_at_base,0,0,0,,CALLBACK_RETURN_SENTINEL_OK
p17_hit1_20260801_144222_15364,1097,1097,robotol.ext,3,3,1,0x30631D,0x30631D,0x80000,0x0,0x2B1868,0x0,2,0,1,0,stop_at_base,0,0,0,,CALLBACK_RETURN_SENTINEL_OK
p17_hit1_20260801_144222_15364,1098,1098,robotol.ext,3,3,1,0x30631D,0x30631D,0x80000,0x0,0x2B1868,0x0,2,0,1,0,stop_at_base,0,0,0,,CALLBACK_RETURN_SENTINEL_OK
p17_hit1_20260801_144222_15364,1099,1099,robotol.ext,3,3,1,0x30631D,0x30631D,0x80000,0x0,0x2B1868,0x0,2,0,1,0,stop_at_base,0,0,0,,CALLBACK_RETURN_SENTINEL_OK
p17_hit1_20260801_144222_15364,1100,1100,robotol.ext,3,3,1,0x30631D,0x30631D,0x80000,0x0,0x2B1868,0x0,2,0,1,0,stop_at_base,0,0,0,,CALLBACK_RETURN_SENTINEL_OK
p17_hit1_20260801_144222_15364,1101,1101,robotol.ext,3,3,1,0x30631D,0x30631D,0x80000,0x0,0x2B1868,0x0,2,0,1,0,stop_at_base,0,0,0,,CALLBACK_RETURN_SENTINEL_OK
p17_hit1_20260801_144222_15364,1102,1102,robotol.ext,3,3,1,0x30631D,0x30631D,0x80000,0x0,0x2B1868,0x0,2,0,1,0,stop_at_base,0,0,0,,CALLBACK_RETURN_SENTINEL_OK
p17_hit1_20260801_144222_15364,1103,1103,robotol.ext,3,3,1,0x30631D,0x30631D,0x80000,0x0,0x2B1868,0x0,2,0,1,0,stop_at_base,0,0,0,,CALLBACK_RETURN_SENTINEL_OK
p17_hit1_20260801_144222_15364,1104,1104,robotol.ext,3,3,1,0x30631D,0x30631D,0x80000,0x0,0x2B1868,0x0,2,0,1,0,stop_at_base,0,0,0,,CALLBACK_RETURN_SENTINEL_OK
p17_hit1_20260801_144222_15364,1105,1105,robotol.ext,3,3,1,0x30631D,0x30631D,0x80000,0x0,0x2B1868,0x0,2,0,1,0,stop_at_base,0,0,0,,CALLBACK_RETURN_SENTINEL_OK
p17_hit1_20260801_144222_15364,1106,1106,robotol.ext,3,3,1,0x30631D,0x30631D,0x80000,0x0,0x2B1868,0x0,2,0,1,0,stop_at_base,0,0,0,,CALLBACK_RETURN_SENTINEL_OK
p17_hit1_20260801_144222_15364,1107,1107,robotol.ext,3,3,1,0x30631D,0x30631D,0x80000,0x0,0x2B1868,0x0,2,0,1,0,stop_at_base,0,0,0,,CALLBACK_RETURN_SENTINEL_OK
p17_hit1_20260801_144222_15364,1108,1108,robotol.ext,3,3,1,0x30631D,0x30631D,0x80000,0x0,0x2B1868,0x0,2,0,1,0,stop_at_base,0,0,0,,CALLBACK_RETURN_SENTINEL_OK
p17_hit1_20260801_144222_15364,1109,1109,robotol.ext,3,3,1,0x30631D,0x30631D,0x80000,0x0,0x2B1868,0x0,2,0,1,0,stop_at_base,0,0,0,,CALLBACK_RETURN_SENTINEL_OK
p17_hit1_20260801_144222_15364,1110,1110,robotol.ext,3,3,1,0x30631D,0x30631D,0x80000,0x0,0x2B1868,0x0,2,0,1,0,stop_at_base,0,0,0,,CALLBACK_RETURN_SENTINEL_OK
p17_hit1_20260801_144222_15364,1111,1111,robotol.ext,3,3,1,0x30631D,0x30631D,0x80000,0x0,0x2B1868,0x0,2,0,1,0,stop_at_base,0,0,0,,CALLBACK_RETURN_SENTINEL_OK
p17_hit1_20260801_144222_15364,1112,1112,robotol.ext,3,3,1,0x30631D,0x30631D,0x80000,0x0,0x2B1868,0x0,2,0,1,0,stop_at_base,0,0,0,,CALLBACK_RETURN_SENTINEL_OK
p17_hit1_20260801_144222_15364,1113,1113,robotol.ext,3,3,1,0x30631D,0x30631D,0x80000,0x0,0x2B1868,0x0,2,0,1,0,stop_at_base,0,0,0,,CALLBACK_RETURN_SENTINEL_OK
p17_hit1_20260801_144222_15364,1114,1114,robotol.ext,3,3,1,0x30631D,0x30631D,0x80000,0x0,0x2B1868,0x0,2,0,1,0,stop_at_base,0,0,0,,CALLBACK_RETURN_SENTINEL_OK
p17_hit1_20260801_144222_15364,1115,1115,robotol.ext,3,3,1,0x30631D,0x30631D,0x80000,0x0,0x2B1868,0x0,2,0,1,0,stop_at_base,0,0,0,,CALLBACK_RETURN_SENTINEL_OK
p17_hit1_20260801_144222_15364,1116,1116,robotol.ext,3,3,1,0x30631D,0x30631D,0x80000,0x0,0x2B1868,0x0,2,0,1,0,stop_at_base,0,0,0,,CALLBACK_RETURN_SENTINEL_OK
p17_hit1_20260801_144222_15364,1117,1117,robotol.ext,3,3,1,0x30631D,0x30631D,0x80000,0x0,0x2B1868,0x0,2,0,1,0,stop_at_base,0,0,0,,CALLBACK_RETURN_SENTINEL_OK
p17_hit1_20260801_144222_15364,1118,1118,robotol.ext,3,3,1,0x30631D,0x30631D,0x80000,0x0,0x2B1868,0x0,2,0,1,0,stop_at_base,0,0,0,,CALLBACK_RETURN_SENTINEL_OK
p17_hit1_20260801_144222_15364,1119,1119,robotol.ext,3,3,1,0x30631D,0x30631D,0x80000,0x0,0x2B1868,0x0,2,0,1,0,stop_at_base,0,0,0,,CALLBACK_RETURN_SENTINEL_OK
p17_hit1_20260801_144222_15364,1120,1120,robotol.ext,3,3,1,0x30631D,0x30631D,0x80000,0x0,0x2B1868,0x0,2,0,1,0,stop_at_base,0,0,0,,CALLBACK_RETURN_SENTINEL_OK
p17_hit1_20260801_144222_15364,1121,1121,robotol.ext,3,3,1,0x30631D,0x30631D,0x80000,0x0,0x2B1868,0x0,2,0,1,0,stop_at_base,0,0,0,,CALLBACK_RETURN_SENTINEL_OK
p17_hit1_20260801_144222_15364,1122,1122,robotol.ext,3,3,1,0x30631D,0x30631D,0x80000,0x0,0x2B1868,0x0,2,0,1,0,stop_at_base,0,0,0,,CALLBACK_RETURN_SENTINEL_OK
p17_hit1_20260801_144222_15364,1123,1123,robotol.ext,3,3,1,0x30631D,0x30631D,0x80000,0x0,0x2B1868,0x0,2,0,1,0,stop_at_base,0,0,0,,CALLBACK_RETURN_SENTINEL_OK
p17_hit1_20260801_144222_15364,1124,1124,robotol.ext,3,3,1,0x30631D,0x30631D,0x80000,0x0,0x2B1868,0x0,2,0,1,0,stop_at_base,0,0,0,,CALLBACK_RETURN_SENTINEL_OK
p17_hit1_20260801_144222_15364,1125,1125,robotol.ext,3,3,1,0x30631D,0x30631D,0x80000,0x0,0x2B1868,0x0,2,0,1,0,stop_at_base,0,0,0,,CALLBACK_RETURN_SENTINEL_OK
p17_hit1_20260801_144222_15364,1126,1126,robotol.ext,3,3,1,0x30631D,0x30631D,0x80000,0x0,0x2B1868,0x0,2,0,1,0,stop_at_base,0,0,0,,CALLBACK_RETURN_SENTINEL_OK
p17_hit1_20260801_144222_15364,1127,1127,robotol.ext,3,3,1,0x30631D,0x30631D,0x80000,0x0,0x2B1868,0x0,2,0,1,0,stop_at_base,0,0,0,,CALLBACK_RETURN_SENTINEL_OK
p17_hit1_20260801_144222_15364,1128,1128,robotol.ext,3,3,1,0x30631D,0x30631D,0x80000,0x0,0x2B1868,0x0,2,0,1,0,stop_at_base,0,0,0,,CALLBACK_RETURN_SENTINEL_OK
p17_hit1_20260801_144222_15364,1129,1129,robotol.ext,3,3,1,0x30631D,0x30631D,0x80000,0x0,0x2B1868,0x0,2,0,1,0,stop_at_base,0,0,0,,CALLBACK_RETURN_SENTINEL_OK
p17_hit1_20260801_144222_15364,1130,1130,robotol.ext,3,3,1,0x30631D,0x30631D,0x80000,0x0,0x2B1868,0x0,2,0,1,0,stop_at_base,0,0,0,,CALLBACK_RETURN_SENTINEL_OK
p17_hit1_20260801_144222_15364,1131,1131,robotol.ext,3,3,1,0x30631D,0x30631D,0x80000,0x0,0x2B1868,0x0,2,0,1,0,stop_at_base,0,0,0,,CALLBACK_RETURN_SENTINEL_OK
p17_hit1_20260801_144222_15364,1132,1132,robotol.ext,3,3,1,0x30631D,0x30631D,0x80000,0x0,0x2B1868,0x0,2,0,1,0,stop_at_base,0,0,0,,CALLBACK_RETURN_SENTINEL_OK
p17_hit1_20260801_144222_15364,1133,1133,robotol.ext,3,3,1,0x30631D,0x30631D,0x80000,0x0,0x2B1868,0x0,2,0,1,0,stop_at_base,0,0,0,,CALLBACK_RETURN_SENTINEL_OK
p17_hit1_20260801_144222_15364,1134,1134,robotol.ext,3,3,1,0x30631D,0x30631D,0x80000,0x0,0x2B1868,0x0,2,0,1,0,stop_at_base,0,0,0,,CALLBACK_RETURN_SENTINEL_OK
p17_hit1_20260801_144222_15364,1135,1135,robotol.ext,3,3,1,0x30631D,0x30631D,0x80000,0x0,0x2B1868,0x0,2,0,1,0,stop_at_base,0,0,0,,CALLBACK_RETURN_SENTINEL_OK
p17_hit1_20260801_144222_15364,1136,1136,robotol.ext,3,3,1,0x30631D,0x30631D,0x80000,0x0,0x2B1868,0x0,2,0,1,0,stop_at_base,0,0,0,,CALLBACK_RETURN_SENTINEL_OK
p17_hit1_20260801_144222_15364,1137,1137,robotol.ext,3,3,1,0x30631D,0x30631D,0x80000,0x0,0x2B1868,0x0,2,0,1,0,stop_at_base,0,0,0,,CALLBACK_RETURN_SENTINEL_OK
p17_hit1_20260801_144222_15364,1138,1138,robotol.ext,3,3,1,0x30631D,0x30631D,0x80000,0x0,0x2B1868,0x0,2,0,1,0,stop_at_base,0,0,0,,CALLBACK_RETURN_SENTINEL_OK
p17_hit1_20260801_144222_15364,1139,1139,robotol.ext,3,3,1,0x30631D,0x30631D,0x80000,0x0,0x2B1868,0x0,2,0,1,0,stop_at_base,0,0,0,,CALLBACK_RETURN_SENTINEL_OK
p17_hit1_20260801_144222_15364,1140,1140,robotol.ext,3,3,1,0x30631D,0x30631D,0x80000,0x0,0x2B1868,0x0,2,0,1,0,stop_at_base,0,0,0,,CALLBACK_RETURN_SENTINEL_OK
p17_hit1_20260801_144222_15364,1141,1141,robotol.ext,3,3,1,0x30631D,0x30631D,0x80000,0x0,0x2B1868,0x0,2,0,1,0,stop_at_base,0,0,0,,CALLBACK_RETURN_SENTINEL_OK
p17_hit1_20260801_144222_15364,1142,1142,robotol.ext,3,3,1,0x30631D,0x30631D,0x80000,0x0,0x2B1868,0x0,2,0,1,0,stop_at_base,0,0,0,,CALLBACK_RETURN_SENTINEL_OK
p17_hit1_20260801_144222_15364,1143,1143,robotol.ext,3,3,1,0x30631D,0x30631D,0x80000,0x0,0x2B1868,0x0,2,0,1,0,stop_at_base,0,0,0,,CALLBACK_RETURN_SENTINEL_OK
p17_hit1_20260801_144222_15364,1144,1144,robotol.ext,3,3,1,0x30631D,0x30631D,0x80000,0x0,0x2B1868,0x0,2,0,1,0,stop_at_base,0,0,0,,CALLBACK_RETURN_SENTINEL_OK
p17_hit1_20260801_144222_15364,1145,1145,robotol.ext,3,3,1,0x30631D,0x30631D,0x80000,0x0,0x2B1868,0x0,2,0,1,0,stop_at_base,0,0,0,,CALLBACK_RETURN_SENTINEL_OK
p17_hit1_20260801_144222_15364,1146,1146,robotol.ext,3,3,1,0x30631D,0x30631D,0x80000,0x0,0x2B1868,0x0,2,0,1,0,stop_at_base,0,0,0,,CALLBACK_RETURN_SENTINEL_OK
p17_hit1_20260801_144222_15364,1147,1147,robotol.ext,3,3,1,0x30631D,0x30631D,0x80000,0x0,0x2B1868,0x0,2,0,1,0,stop_at_base,0,0,0,,CALLBACK_RETURN_SENTINEL_OK
p17_hit1_20260801_144222_15364,1148,1148,robotol.ext,3,3,1,0x30631D,0x30631D,0x80000,0x0,0x2B1868,0x0,2,0,1,0,stop_at_base,0,0,0,,CALLBACK_RETURN_SENTINEL_OK
p17_hit1_20260801_144222_15364,1149,1149,robotol.ext,3,3,1,0x30631D,0x30631D,0x80000,0x0,0x2B1868,0x0,2,0,1,0,stop_at_base,0,0,0,,CALLBACK_RETURN_SENTINEL_OK
p17_hit1_20260801_144222_15364,1150,1150,robotol.ext,3,3,1,0x30631D,0x30631D,0x80000,0x0,0x2B1868,0x0,2,0,1,0,stop_at_base,0,0,0,,CALLBACK_RETURN_SENTINEL_OK
p17_hit1_20260801_144222_15364,1151,1151,robotol.ext,3,3,1,0x30631D,0x30631D,0x80000,0x0,0x2B1868,0x0,2,0,1,0,stop_at_base,0,0,0,,CALLBACK_RETURN_SENTINEL_OK
p17_hit1_20260801_144222_15364,1152,1152,robotol.ext,3,3,1,0x30631D,0x30631D,0x80000,0x0,0x2B1868,0x0,2,0,1,0,stop_at_base,0,0,0,,CALLBACK_RETURN_SENTINEL_OK
p17_hit1_20260801_144222_15364,1153,1153,robotol.ext,3,3,1,0x30631D,0x30631D,0x80000,0x0,0x2B1868,0x0,2,0,1,0,stop_at_base,0,0,0,,CALLBACK_RETURN_SENTINEL_OK
p17_hit1_20260801_144222_15364,1154,1154,robotol.ext,3,3,1,0x30631D,0x30631D,0x80000,0x0,0x2B1868,0x0,2,0,1,0,stop_at_base,0,0,0,,CALLBACK_RETURN_SENTINEL_OK
p17_hit1_20260801_144222_15364,1155,1155,robotol.ext,3,3,1,0x30631D,0x30631D,0x80000,0x0,0x2B1868,0x0,2,0,1,0,stop_at_base,0,0,0,,CALLBACK_RETURN_SENTINEL_OK
p17_hit1_20260801_144222_15364,1156,1156,robotol.ext,3,3,1,0x30631D,0x30631D,0x80000,0x0,0x2B1868,0x0,2,0,1,0,stop_at_base,0,0,0,,CALLBACK_RETURN_SENTINEL_OK
p17_hit1_20260801_144222_15364,1157,1157,robotol.ext,3,3,1,0x30631D,0x30631D,0x80000,0x0,0x2B1868,0x0,2,0,1,0,stop_at_base,0,0,0,,CALLBACK_RETURN_SENTINEL_OK
p17_hit1_20260801_144222_15364,1158,1158,robotol.ext,3,3,1,0x30631D,0x30631D,0x80000,0x0,0x2B1868,0x0,2,0,1,0,stop_at_base,0,0,0,,CALLBACK_RETURN_SENTINEL_OK
p17_hit1_20260801_144222_15364,1159,1159,robotol.ext,3,3,1,0x30631D,0x30631D,0x80000,0x0,0x2B1868,0x0,2,0,1,0,stop_at_base,0,0,0,,CALLBACK_RETURN_SENTINEL_OK
p17_hit1_20260801_144222_15364,1160,1160,robotol.ext,3,3,1,0x30631D,0x30631D,0x80000,0x0,0x2B1868,0x0,2,0,1,0,stop_at_base,0,0,0,,CALLBACK_RETURN_SENTINEL_OK
p17_hit1_20260801_144222_15364,1161,1161,robotol.ext,3,3,1,0x30631D,0x30631D,0x80000,0x0,0x2B1868,0x0,2,0,1,0,stop_at_base,0,0,0,,CALLBACK_RETURN_SENTINEL_OK
p17_hit1_20260801_144222_15364,1162,1162,robotol.ext,3,3,1,0x30631D,0x30631D,0x80000,0x0,0x2B1868,0x0,2,0,1,0,stop_at_base,0,0,0,,CALLBACK_RETURN_SENTINEL_OK
p17_hit1_20260801_144222_15364,1163,1163,robotol.ext,3,3,1,0x30631D,0x30631D,0x80000,0x0,0x2B1868,0x0,2,0,1,0,stop_at_base,0,0,0,,CALLBACK_RETURN_SENTINEL_OK
p17_hit1_20260801_144222_15364,1164,1164,robotol.ext,3,3,1,0x30631D,0x30631D,0x80000,0x0,0x2B1868,0x0,2,0,1,0,stop_at_base,0,0,0,,CALLBACK_RETURN_SENTINEL_OK
p17_hit1_20260801_144222_15364,1165,1165,robotol.ext,3,3,1,0x30631D,0x30631D,0x80000,0x0,0x2B1868,0x0,2,0,1,0,stop_at_base,0,0,0,,CALLBACK_RETURN_SENTINEL_OK
p17_hit1_20260801_144222_15364,1166,1166,robotol.ext,3,3,1,0x30631D,0x30631D,0x80000,0x0,0x2B1868,0x0,2,0,1,0,stop_at_base,0,0,0,,CALLBACK_RETURN_SENTINEL_OK
p17_hit1_20260801_144222_15364,1167,1167,robotol.ext,3,3,1,0x30631D,0x30631D,0x80000,0x0,0x2B1868,0x0,2,0,1,0,stop_at_base,0,0,0,,CALLBACK_RETURN_SENTINEL_OK
p17_hit1_20260801_144222_15364,1168,1168,robotol.ext,3,3,1,0x30631D,0x30631D,0x80000,0x0,0x2B1868,0x0,2,0,1,0,stop_at_base,0,0,0,,CALLBACK_RETURN_SENTINEL_OK
p17_hit1_20260801_144222_15364,1169,1169,robotol.ext,3,3,1,0x30631D,0x30631D,0x80000,0x0,0x2B1868,0x0,2,0,1,0,stop_at_base,0,0,0,,CALLBACK_RETURN_SENTINEL_OK
p17_hit1_20260801_144222_15364,1170,1170,robotol.ext,3,3,1,0x30631D,0x30631D,0x80000,0x0,0x2B1868,0x0,2,0,1,0,stop_at_base,0,0,0,,CALLBACK_RETURN_SENTINEL_OK
p17_hit1_20260801_144222_15364,1171,1171,robotol.ext,3,3,1,0x30631D,0x30631D,0x80000,0x0,0x2B1868,0x0,2,0,1,0,stop_at_base,0,0,0,,CALLBACK_RETURN_SENTINEL_OK
p17_hit1_20260801_144222_15364,1172,1172,robotol.ext,3,3,1,0x30631D,0x30631D,0x80000,0x0,0x2B1868,0x0,2,0,1,0,stop_at_base,0,0,0,,CALLBACK_RETURN_SENTINEL_OK
p17_hit1_20260801_144222_15364,1173,1173,robotol.ext,3,3,1,0x30631D,0x30631D,0x80000,0x0,0x2B1868,0x0,2,0,1,0,stop_at_base,0,0,0,,CALLBACK_RETURN_SENTINEL_OK
p17_hit1_20260801_144222_15364,1174,1174,robotol.ext,3,3,1,0x30631D,0x30631D,0x80000,0x0,0x2B1868,0x0,2,0,1,0,stop_at_base,0,0,0,,CALLBACK_RETURN_SENTINEL_OK
p17_hit1_20260801_144222_15364,1175,1175,robotol.ext,3,3,1,0x30631D,0x30631D,0x80000,0x0,0x2B1868,0x0,2,0,1,0,stop_at_base,0,0,0,,CALLBACK_RETURN_SENTINEL_OK
p17_hit1_20260801_144222_15364,1176,1176,robotol.ext,3,3,1,0x30631D,0x30631D,0x80000,0x0,0x2B1868,0x0,2,0,1,0,stop_at_base,0,0,0,,CALLBACK_RETURN_SENTINEL_OK
p17_hit1_20260801_144222_15364,1177,1177,robotol.ext,3,3,1,0x30631D,0x30631D,0x80000,0x0,0x2B1868,0x0,2,0,1,0,stop_at_base,0,0,0,,CALLBACK_RETURN_SENTINEL_OK
p17_hit1_20260801_144222_15364,1178,1178,robotol.ext,3,3,1,0x30631D,0x30631D,0x80000,0x0,0x2B1868,0x0,2,0,1,0,stop_at_base,0,0,0,,CALLBACK_RETURN_SENTINEL_OK
p17_hit1_20260801_144222_15364,1179,1179,robotol.ext,3,3,1,0x30631D,0x30631D,0x80000,0x0,0x2B1868,0x0,2,0,1,0,stop_at_base,0,0,0,,CALLBACK_RETURN_SENTINEL_OK
p17_hit1_20260801_144222_15364,1180,1180,robotol.ext,3,3,1,0x30631D,0x30631D,0x80000,0x0,0x2B1868,0x0,2,0,1,0,stop_at_base,0,0,0,,CALLBACK_RETURN_SENTINEL_OK
p17_hit1_20260801_144222_15364,1181,1181,robotol.ext,3,3,1,0x30631D,0x30631D,0x80000,0x0,0x2B1868,0x0,2,0,1,0,stop_at_base,0,0,0,,CALLBACK_RETURN_SENTINEL_OK
p17_hit1_20260801_144222_15364,1182,1182,robotol.ext,3,3,1,0x30631D,0x30631D,0x80000,0x0,0x2B1868,0x0,2,0,1,0,stop_at_base,0,0,0,,CALLBACK_RETURN_SENTINEL_OK
p17_hit1_20260801_144222_15364,1183,1183,robotol.ext,3,3,1,0x30631D,0x30631D,0x80000,0x0,0x2B1868,0x0,2,0,1,0,stop_at_base,0,0,0,,CALLBACK_RETURN_SENTINEL_OK
p17_hit1_20260801_144222_15364,1184,1184,robotol.ext,3,3,1,0x30631D,0x30631D,0x80000,0x0,0x2B1868,0x0,2,0,1,0,stop_at_base,0,0,0,,CALLBACK_RETURN_SENTINEL_OK
p17_hit1_20260801_144222_15364,1185,1185,robotol.ext,3,3,1,0x30631D,0x30631D,0x80000,0x0,0x2B1868,0x0,2,0,1,0,stop_at_base,0,0,0,,CALLBACK_RETURN_SENTINEL_OK
p17_hit1_20260801_144222_15364,1186,1186,robotol.ext,3,3,1,0x30631D,0x30631D,0x80000,0x0,0x2B1868,0x0,2,0,1,0,stop_at_base,0,0,0,,CALLBACK_RETURN_SENTINEL_OK
p17_hit1_20260801_144222_15364,1187,1187,robotol.ext,3,3,1,0x30631D,0x30631D,0x80000,0x0,0x2B1868,0x0,2,0,1,0,stop_at_base,0,0,0,,CALLBACK_RETURN_SENTINEL_OK
p17_hit1_20260801_144222_15364,1188,1188,robotol.ext,3,3,1,0x30631D,0x30631D,0x80000,0x0,0x2B1868,0x0,2,0,1,0,stop_at_base,0,0,0,,CALLBACK_RETURN_SENTINEL_OK
p17_hit1_20260801_144222_15364,1189,1189,robotol.ext,3,3,1,0x30631D,0x30631D,0x80000,0x0,0x2B1868,0x0,2,0,1,0,stop_at_base,0,0,0,,CALLBACK_RETURN_SENTINEL_OK
p17_hit1_20260801_144222_15364,1190,1190,robotol.ext,3,3,1,0x30631D,0x30631D,0x80000,0x0,0x2B1868,0x0,2,0,1,0,stop_at_base,0,0,0,,CALLBACK_RETURN_SENTINEL_OK
p17_hit1_20260801_144222_15364,1191,1191,robotol.ext,3,3,1,0x30631D,0x30631D,0x80000,0x0,0x2B1868,0x0,2,0,1,0,stop_at_base,0,0,0,,CALLBACK_RETURN_SENTINEL_OK
p17_hit1_20260801_144222_15364,1192,1192,robotol.ext,3,3,1,0x30631D,0x30631D,0x80000,0x0,0x2B1868,0x0,2,0,1,0,stop_at_base,0,0,0,,CALLBACK_RETURN_SENTINEL_OK
p17_hit1_20260801_144222_15364,1193,1193,robotol.ext,3,3,1,0x30631D,0x30631D,0x80000,0x0,0x2B1868,0x0,2,0,1,0,stop_at_base,0,0,0,,CALLBACK_RETURN_SENTINEL_OK
p17_hit1_20260801_144222_15364,1194,1194,robotol.ext,3,3,1,0x30631D,0x30631D,0x80000,0x0,0x2B1868,0x0,2,0,1,0,stop_at_base,0,0,0,,CALLBACK_RETURN_SENTINEL_OK
p17_hit1_20260801_144222_15364,1195,1195,robotol.ext,3,3,1,0x30631D,0x30631D,0x80000,0x0,0x2B1868,0x0,2,0,1,0,stop_at_base,0,0,0,,CALLBACK_RETURN_SENTINEL_OK
p17_hit1_20260801_144222_15364,1196,1196,robotol.ext,3,3,1,0x30631D,0x30631D,0x80000,0x0,0x2B1868,0x0,2,0,1,0,stop_at_base,0,0,0,,CALLBACK_RETURN_SENTINEL_OK
p17_hit1_20260801_144222_15364,1197,1197,robotol.ext,3,3,1,0x30631D,0x30631D,0x80000,0x0,0x2B1868,0x0,2,0,1,0,stop_at_base,0,0,0,,CALLBACK_RETURN_SENTINEL_OK
p17_hit1_20260801_144222_15364,1198,1198,robotol.ext,3,3,1,0x30631D,0x30631D,0x80000,0x0,0x2B1868,0x0,2,0,1,0,stop_at_base,0,0,0,,CALLBACK_RETURN_SENTINEL_OK
p17_hit1_20260801_144222_15364,1199,1199,robotol.ext,3,3,1,0x30631D,0x30631D,0x80000,0x0,0x2B1868,0x0,2,0,1,0,stop_at_base,0,0,0,,CALLBACK_RETURN_SENTINEL_OK
p17_hit1_20260801_144222_15364,1200,1200,robotol.ext,3,3,1,0x30631D,0x30631D,0x80000,0x0,0x2B1868,0x0,2,0,1,0,stop_at_base,0,0,0,,CALLBACK_RETURN_SENTINEL_OK
p17_hit1_20260801_144222_15364,1201,1201,robotol.ext,3,3,1,0x30631D,0x30631D,0x80000,0x0,0x2B1868,0x0,2,0,1,0,stop_at_base,0,0,0,,CALLBACK_RETURN_SENTINEL_OK
p17_hit1_20260801_144222_15364,1202,1202,robotol.ext,3,3,1,0x30631D,0x30631D,0x80000,0x0,0x2B1868,0x0,2,0,1,0,stop_at_base,0,0,0,,CALLBACK_RETURN_SENTINEL_OK
p17_hit1_20260801_144222_15364,1203,1203,robotol.ext,3,3,1,0x30631D,0x30631D,0x80000,0x0,0x2B1868,0x0,2,0,1,0,stop_at_base,0,0,0,,CALLBACK_RETURN_SENTINEL_OK
p17_hit1_20260801_144222_15364,1204,1204,robotol.ext,3,3,1,0x30631D,0x30631D,0x80000,0x0,0x2B1868,0x0,2,0,1,0,stop_at_base,0,0,0,,CALLBACK_RETURN_SENTINEL_OK
p17_hit1_20260801_144222_15364,1205,1205,robotol.ext,3,3,1,0x30631D,0x30631D,0x80000,0x0,0x2B1868,0x0,2,0,1,0,stop_at_base,0,0,0,,CALLBACK_RETURN_SENTINEL_OK
p17_hit1_20260801_144222_15364,1206,1206,robotol.ext,3,3,1,0x30631D,0x30631D,0x80000,0x0,0x2B1868,0x0,2,0,1,0,stop_at_base,0,0,0,,CALLBACK_RETURN_SENTINEL_OK
p17_hit1_20260801_144222_15364,1207,1207,robotol.ext,3,3,1,0x30631D,0x30631D,0x80000,0x0,0x2B1868,0x0,2,0,1,0,stop_at_base,0,0,0,,CALLBACK_RETURN_SENTINEL_OK
p17_hit1_20260801_144222_15364,1208,1208,robotol.ext,3,3,1,0x30631D,0x30631D,0x80000,0x0,0x2B1868,0x0,2,0,1,0,stop_at_base,0,0,0,,CALLBACK_RETURN_SENTINEL_OK
p17_hit1_20260801_144222_15364,1209,1209,robotol.ext,3,3,1,0x30631D,0x30631D,0x80000,0x0,0x2B1868,0x0,2,0,1,0,stop_at_base,0,0,0,,CALLBACK_RETURN_SENTINEL_OK
p17_hit1_20260801_144222_15364,1210,1210,robotol.ext,3,3,1,0x30631D,0x30631D,0x80000,0x0,0x2B1868,0x0,2,0,1,0,stop_at_base,0,0,0,,CALLBACK_RETURN_SENTINEL_OK
p17_hit1_20260801_144222_15364,1211,1211,robotol.ext,3,3,1,0x30631D,0x30631D,0x80000,0x0,0x2B1868,0x0,2,0,1,0,stop_at_base,0,0,0,,CALLBACK_RETURN_SENTINEL_OK
p17_hit1_20260801_144222_15364,1212,1212,robotol.ext,3,3,1,0x30631D,0x30631D,0x80000,0x0,0x2B1868,0x0,2,0,1,0,stop_at_base,0,0,0,,CALLBACK_RETURN_SENTINEL_OK
p17_hit1_20260801_144222_15364,1213,1213,robotol.ext,3,3,1,0x30631D,0x30631D,0x80000,0x0,0x2B1868,0x0,2,0,1,0,stop_at_base,0,0,0,,CALLBACK_RETURN_SENTINEL_OK
p17_hit1_20260801_144222_15364,1214,1214,robotol.ext,3,3,1,0x30631D,0x30631D,0x80000,0x0,0x2B1868,0x0,2,0,1,0,stop_at_base,0,0,0,,CALLBACK_RETURN_SENTINEL_OK
p17_hit1_20260801_144222_15364,1215,1215,robotol.ext,3,3,1,0x30631D,0x30631D,0x80000,0x0,0x2B1868,0x0,2,0,1,0,stop_at_base,0,0,0,,CALLBACK_RETURN_SENTINEL_OK
p17_hit1_20260801_144222_15364,1216,1216,robotol.ext,3,3,1,0x30631D,0x30631D,0x80000,0x0,0x2B1868,0x0,2,0,1,0,stop_at_base,0,0,0,,CALLBACK_RETURN_SENTINEL_OK
p17_hit1_20260801_144222_15364,1217,1217,robotol.ext,3,3,1,0x30631D,0x30631D,0x80000,0x0,0x2B1868,0x0,2,0,1,0,stop_at_base,0,0,0,,CALLBACK_RETURN_SENTINEL_OK
p17_hit1_20260801_144222_15364,1218,1218,robotol.ext,3,3,1,0x30631D,0x30631D,0x80000,0x0,0x2B1868,0x0,2,0,1,0,stop_at_base,0,0,0,,CALLBACK_RETURN_SENTINEL_OK
p17_hit1_20260801_144222_15364,1219,1219,robotol.ext,3,3,1,0x30631D,0x30631D,0x80000,0x0,0x2B1868,0x0,2,0,1,0,stop_at_base,0,0,0,,CALLBACK_RETURN_SENTINEL_OK
p17_hit1_20260801_144222_15364,1220,1220,robotol.ext,3,3,1,0x30631D,0x30631D,0x80000,0x0,0x2B1868,0x0,2,0,1,0,stop_at_base,0,0,0,,CALLBACK_RETURN_SENTINEL_OK
p17_hit1_20260801_144222_15364,1221,1221,robotol.ext,3,3,1,0x30631D,0x30631D,0x80000,0x0,0x2B1868,0x0,2,0,1,0,stop_at_base,0,0,0,,CALLBACK_RETURN_SENTINEL_OK
p17_hit1_20260801_144222_15364,1222,1222,robotol.ext,3,3,1,0x30631D,0x30631D,0x80000,0x0,0x2B1868,0x0,2,0,1,0,stop_at_base,0,0,0,,CALLBACK_RETURN_SENTINEL_OK
p17_hit1_20260801_144222_15364,1223,1223,robotol.ext,3,3,1,0x30631D,0x30631D,0x80000,0x0,0x2B1868,0x0,2,0,1,0,stop_at_base,0,0,0,,CALLBACK_RETURN_SENTINEL_OK
p17_hit1_20260801_144222_15364,1224,1224,robotol.ext,3,3,1,0x30631D,0x30631D,0x80000,0x0,0x2B1868,0x0,2,0,1,0,stop_at_base,0,0,0,,CALLBACK_RETURN_SENTINEL_OK
p17_hit1_20260801_144222_15364,1225,1225,robotol.ext,3,3,1,0x30631D,0x30631D,0x80000,0x0,0x2B1868,0x0,2,0,1,0,stop_at_base,0,0,0,,CALLBACK_RETURN_SENTINEL_OK
p17_hit1_20260801_144222_15364,1226,1226,robotol.ext,3,3,1,0x30631D,0x30631D,0x80000,0x0,0x2B1868,0x0,2,0,1,0,stop_at_base,0,0,0,,CALLBACK_RETURN_SENTINEL_OK
p17_hit1_20260801_144222_15364,1227,1227,robotol.ext,3,3,1,0x30631D,0x30631D,0x80000,0x0,0x2B1868,0x0,2,0,1,0,stop_at_base,0,0,0,,CALLBACK_RETURN_SENTINEL_OK
p17_hit1_20260801_144222_15364,1228,1228,robotol.ext,3,3,1,0x30631D,0x30631D,0x80000,0x0,0x2B1868,0x0,2,0,1,0,stop_at_base,0,0,0,,CALLBACK_RETURN_SENTINEL_OK
p17_hit1_20260801_144222_15364,1229,1229,robotol.ext,3,3,1,0x30631D,0x30631D,0x80000,0x0,0x2B1868,0x0,2,0,1,0,stop_at_base,0,0,0,,CALLBACK_RETURN_SENTINEL_OK
p17_hit1_20260801_144222_15364,1230,1230,robotol.ext,3,3,1,0x30631D,0x30631D,0x80000,0x0,0x2B1868,0x0,2,0,1,0,stop_at_base,0,0,0,,CALLBACK_RETURN_SENTINEL_OK
p17_hit1_20260801_144222_15364,1231,1231,robotol.ext,3,3,1,0x30631D,0x30631D,0x80000,0x0,0x2B1868,0x0,2,0,1,0,stop_at_base,0,0,0,,CALLBACK_RETURN_SENTINEL_OK
p17_hit1_20260801_144222_15364,1232,1232,robotol.ext,3,3,1,0x30631D,0x30631D,0x80000,0x0,0x2B1868,0x0,2,0,1,0,stop_at_base,0,0,0,,CALLBACK_RETURN_SENTINEL_OK
p17_hit1_20260801_144222_15364,1233,1233,robotol.ext,3,3,1,0x30631D,0x30631D,0x80000,0x0,0x2B1868,0x0,2,0,1,0,stop_at_base,0,0,0,,CALLBACK_RETURN_SENTINEL_OK
p17_hit1_20260801_144222_15364,1234,1234,robotol.ext,3,3,1,0x30631D,0x30631D,0x80000,0x0,0x2B1868,0x0,2,0,1,0,stop_at_base,0,0,0,,CALLBACK_RETURN_SENTINEL_OK
p17_hit1_20260801_144222_15364,1235,1235,robotol.ext,3,3,1,0x30631D,0x30631D,0x80000,0x0,0x2B1868,0x0,2,0,1,0,stop_at_base,0,0,0,,CALLBACK_RETURN_SENTINEL_OK
p17_hit1_20260801_144222_15364,1236,1236,robotol.ext,3,3,1,0x30631D,0x30631D,0x80000,0x0,0x2B1868,0x0,2,0,1,0,stop_at_base,0,0,0,,CALLBACK_RETURN_SENTINEL_OK
p17_hit1_20260801_144222_15364,1237,1237,robotol.ext,3,3,1,0x30631D,0x30631D,0x80000,0x0,0x2B1868,0x0,2,0,1,0,stop_at_base,0,0,0,,CALLBACK_RETURN_SENTINEL_OK
p17_hit1_20260801_144222_15364,1238,1238,robotol.ext,3,3,1,0x30631D,0x30631D,0x80000,0x0,0x2B1868,0x0,2,0,1,0,stop_at_base,0,0,0,,CALLBACK_RETURN_SENTINEL_OK
p17_hit1_20260801_144222_15364,1239,1239,robotol.ext,3,3,1,0x30631D,0x30631D,0x80000,0x0,0x2B1868,0x0,2,0,1,0,stop_at_base,0,0,0,,CALLBACK_RETURN_SENTINEL_OK
p17_hit1_20260801_144222_15364,1240,1240,robotol.ext,3,3,1,0x30631D,0x30631D,0x80000,0x0,0x2B1868,0x0,2,0,1,0,stop_at_base,0,0,0,,CALLBACK_RETURN_SENTINEL_OK
p17_hit1_20260801_144222_15364,1241,1241,robotol.ext,3,3,1,0x30631D,0x30631D,0x80000,0x0,0x2B1868,0x0,2,0,1,0,stop_at_base,0,0,0,,CALLBACK_RETURN_SENTINEL_OK
p17_hit1_20260801_144222_15364,1242,1242,robotol.ext,3,3,1,0x30631D,0x30631D,0x80000,0x0,0x2B1868,0x0,2,0,1,0,stop_at_base,0,0,0,,CALLBACK_RETURN_SENTINEL_OK
p17_hit1_20260801_144222_15364,1243,1243,robotol.ext,3,3,1,0x30631D,0x30631D,0x80000,0x0,0x2B1868,0x0,2,0,1,0,stop_at_base,0,0,0,,CALLBACK_RETURN_SENTINEL_OK
p17_hit1_20260801_144222_15364,1244,1244,robotol.ext,3,3,1,0x30631D,0x30631D,0x80000,0x0,0x2B1868,0x0,2,0,1,0,stop_at_base,0,0,0,,CALLBACK_RETURN_SENTINEL_OK
p17_hit1_20260801_144222_15364,1245,1245,robotol.ext,3,3,1,0x30631D,0x30631D,0x80000,0x0,0x2B1868,0x0,2,0,1,0,stop_at_base,0,0,0,,CALLBACK_RETURN_SENTINEL_OK
p17_hit1_20260801_144222_15364,1246,1246,robotol.ext,3,3,1,0x30631D,0x30631D,0x80000,0x0,0x2B1868,0x0,2,0,1,0,stop_at_base,0,0,0,,CALLBACK_RETURN_SENTINEL_OK
p17_hit1_20260801_144222_15364,1247,1247,robotol.ext,3,3,1,0x30631D,0x30631D,0x80000,0x0,0x2B1868,0x0,2,0,1,0,stop_at_base,0,0,0,,CALLBACK_RETURN_SENTINEL_OK
p17_hit1_20260801_144222_15364,1248,1248,robotol.ext,3,3,1,0x30631D,0x30631D,0x80000,0x0,0x2B1868,0x0,2,0,1,0,stop_at_base,0,0,0,,CALLBACK_RETURN_SENTINEL_OK
p17_hit1_20260801_144222_15364,1249,1249,robotol.ext,3,3,1,0x30631D,0x30631D,0x80000,0x0,0x2B1868,0x0,2,0,1,0,stop_at_base,0,0,0,,CALLBACK_RETURN_SENTINEL_OK
p17_hit1_20260801_144222_15364,1250,1250,robotol.ext,3,3,1,0x30631D,0x30631D,0x80000,0x0,0x2B1868,0x0,2,0,1,0,stop_at_base,0,0,0,,CALLBACK_RETURN_SENTINEL_OK
p17_hit1_20260801_144222_15364,1251,1251,robotol.ext,3,3,1,0x30631D,0x30631D,0x80000,0x0,0x2B1868,0x0,2,0,1,0,stop_at_base,0,0,0,,CALLBACK_RETURN_SENTINEL_OK
p17_hit1_20260801_144222_15364,1252,1252,robotol.ext,3,3,1,0x30631D,0x30631D,0x80000,0x0,0x2B1868,0x0,2,0,1,0,stop_at_base,0,0,0,,CALLBACK_RETURN_SENTINEL_OK
p17_hit1_20260801_144222_15364,1253,1253,robotol.ext,3,3,1,0x30631D,0x30631D,0x80000,0x0,0x2B1868,0x0,2,0,1,0,stop_at_base,0,0,0,,CALLBACK_RETURN_SENTINEL_OK
p17_hit1_20260801_144222_15364,1254,1254,robotol.ext,3,3,1,0x30631D,0x30631D,0x80000,0x0,0x2B1868,0x0,2,0,1,0,stop_at_base,0,0,0,,CALLBACK_RETURN_SENTINEL_OK
p17_hit1_20260801_144222_15364,1255,1255,robotol.ext,3,3,1,0x30631D,0x30631D,0x80000,0x0,0x2B1868,0x0,2,0,1,0,stop_at_base,0,0,0,,CALLBACK_RETURN_SENTINEL_OK
p17_hit1_20260801_144222_15364,1256,1256,robotol.ext,3,3,1,0x30631D,0x30631D,0x80000,0x0,0x2B1868,0x0,2,0,1,0,stop_at_base,0,0,0,,CALLBACK_RETURN_SENTINEL_OK
p17_hit1_20260801_144222_15364,1257,1257,robotol.ext,3,3,1,0x30631D,0x30631D,0x80000,0x0,0x2B1868,0x0,2,0,1,0,stop_at_base,0,0,0,,CALLBACK_RETURN_SENTINEL_OK
p17_hit1_20260801_144222_15364,1258,1258,robotol.ext,3,3,1,0x30631D,0x30631D,0x80000,0x0,0x2B1868,0x0,2,0,1,0,stop_at_base,0,0,0,,CALLBACK_RETURN_SENTINEL_OK
p17_hit1_20260801_144222_15364,1259,1259,robotol.ext,3,3,1,0x30631D,0x30631D,0x80000,0x0,0x2B1868,0x0,2,0,1,0,stop_at_base,0,0,0,,CALLBACK_RETURN_SENTINEL_OK
p17_hit1_20260801_144222_15364,1260,1260,robotol.ext,3,3,1,0x30631D,0x30631D,0x80000,0x0,0x2B1868,0x0,2,0,1,0,stop_at_base,0,0,0,,CALLBACK_RETURN_SENTINEL_OK
p17_hit1_20260801_144222_15364,1261,1261,robotol.ext,3,3,1,0x30631D,0x30631D,0x80000,0x0,0x2B1868,0x0,2,0,1,0,stop_at_base,0,0,0,,CALLBACK_RETURN_SENTINEL_OK
p17_hit1_20260801_144222_15364,1262,1262,robotol.ext,3,3,1,0x30631D,0x30631D,0x80000,0x0,0x2B1868,0x0,2,0,1,0,stop_at_base,0,0,0,,CALLBACK_RETURN_SENTINEL_OK
p17_hit1_20260801_144222_15364,1263,1263,robotol.ext,3,3,1,0x30631D,0x30631D,0x80000,0x0,0x2B1868,0x0,2,0,1,0,stop_at_base,0,0,0,,CALLBACK_RETURN_SENTINEL_OK
p17_hit1_20260801_144222_15364,1264,1264,robotol.ext,3,3,1,0x30631D,0x30631D,0x80000,0x0,0x2B1868,0x0,2,0,1,0,stop_at_base,0,0,0,,CALLBACK_RETURN_SENTINEL_OK
p17_hit1_20260801_144222_15364,1265,1265,robotol.ext,3,3,1,0x30631D,0x30631D,0x80000,0x0,0x2B1868,0x0,2,0,1,0,stop_at_base,0,0,0,,CALLBACK_RETURN_SENTINEL_OK
p17_hit1_20260801_144222_15364,1266,1266,robotol.ext,3,3,1,0x30631D,0x30631D,0x80000,0x0,0x2B1868,0x0,2,0,1,0,stop_at_base,0,0,0,,CALLBACK_RETURN_SENTINEL_OK
p17_hit1_20260801_144222_15364,1267,1267,robotol.ext,3,3,1,0x30631D,0x30631D,0x80000,0x0,0x2B1868,0x0,2,0,1,0,stop_at_base,0,0,0,,CALLBACK_RETURN_SENTINEL_OK
p17_hit1_20260801_144222_15364,1268,1268,robotol.ext,3,3,1,0x30631D,0x30631D,0x80000,0x0,0x2B1868,0x0,2,0,1,0,stop_at_base,0,0,0,,CALLBACK_RETURN_SENTINEL_OK
p17_hit1_20260801_144222_15364,1269,1269,robotol.ext,3,3,1,0x30631D,0x30631D,0x80000,0x0,0x2B1868,0x0,2,0,1,0,stop_at_base,0,0,0,,CALLBACK_RETURN_SENTINEL_OK
p17_hit1_20260801_144222_15364,1270,1270,robotol.ext,3,3,1,0x30631D,0x30631D,0x80000,0x0,0x2B1868,0x0,2,0,1,0,stop_at_base,0,0,0,,CALLBACK_RETURN_SENTINEL_OK
p17_hit1_20260801_144222_15364,1271,1271,robotol.ext,3,3,1,0x30631D,0x30631D,0x80000,0x0,0x2B1868,0x0,2,0,1,0,stop_at_base,0,0,0,,CALLBACK_RETURN_SENTINEL_OK
p17_hit1_20260801_144222_15364,1272,1272,robotol.ext,3,3,1,0x30631D,0x30631D,0x80000,0x0,0x2B1868,0x0,2,0,1,0,stop_at_base,0,0,0,,CALLBACK_RETURN_SENTINEL_OK
p17_hit1_20260801_144222_15364,1273,1273,robotol.ext,3,3,1,0x30631D,0x30631D,0x80000,0x0,0x2B1868,0x0,2,0,1,0,stop_at_base,0,0,0,,CALLBACK_RETURN_SENTINEL_OK
p17_hit1_20260801_144222_15364,1274,1274,robotol.ext,3,3,1,0x30631D,0x30631D,0x80000,0x0,0x2B1868,0x0,2,0,1,0,stop_at_base,0,0,0,,CALLBACK_RETURN_SENTINEL_OK
p17_hit1_20260801_144222_15364,1275,1275,robotol.ext,3,3,1,0x30631D,0x30631D,0x80000,0x0,0x2B1868,0x0,2,0,1,0,stop_at_base,0,0,0,,CALLBACK_RETURN_SENTINEL_OK
p17_hit1_20260801_144222_15364,1276,1276,robotol.ext,3,3,1,0x30631D,0x30631D,0x80000,0x0,0x2B1868,0x0,2,0,1,0,stop_at_base,0,0,0,,CALLBACK_RETURN_SENTINEL_OK
p17_hit1_20260801_144222_15364,1277,1277,robotol.ext,3,3,1,0x30631D,0x30631D,0x80000,0x0,0x2B1868,0x0,2,0,1,0,stop_at_base,0,0,0,,CALLBACK_RETURN_SENTINEL_OK
p17_hit1_20260801_144222_15364,1278,1278,robotol.ext,3,3,1,0x30631D,0x30631D,0x80000,0x0,0x2B1868,0x0,2,0,1,0,stop_at_base,0,0,0,,CALLBACK_RETURN_SENTINEL_OK
p17_hit1_20260801_144222_15364,1279,1279,robotol.ext,3,3,1,0x30631D,0x30631D,0x80000,0x0,0x2B1868,0x0,2,0,1,0,stop_at_base,0,0,0,,CALLBACK_RETURN_SENTINEL_OK
p17_hit1_20260801_144222_15364,1280,1280,robotol.ext,3,3,1,0x30631D,0x30631D,0x80000,0x0,0x2B1868,0x0,2,0,1,0,stop_at_base,0,0,0,,CALLBACK_RETURN_SENTINEL_OK
p17_hit1_20260801_144222_15364,1281,1281,robotol.ext,3,3,1,0x30631D,0x30631D,0x80000,0x0,0x2B1868,0x0,2,0,1,0,stop_at_base,0,0,0,,CALLBACK_RETURN_SENTINEL_OK
p17_hit1_20260801_144222_15364,1282,1282,robotol.ext,3,3,1,0x30631D,0x30631D,0x80000,0x0,0x2B1868,0x0,2,0,1,0,stop_at_base,0,0,0,,CALLBACK_RETURN_SENTINEL_OK
p17_hit1_20260801_144222_15364,1283,1283,robotol.ext,3,3,1,0x30631D,0x30631D,0x80000,0x0,0x2B1868,0x0,2,0,1,0,stop_at_base,0,0,0,,CALLBACK_RETURN_SENTINEL_OK
p17_hit1_20260801_144222_15364,1284,1284,robotol.ext,3,3,1,0x30631D,0x30631D,0x80000,0x0,0x2B1868,0x0,2,0,1,0,stop_at_base,0,0,0,,CALLBACK_RETURN_SENTINEL_OK
p17_hit1_20260801_144222_15364,1285,1285,robotol.ext,3,3,1,0x30631D,0x30631D,0x80000,0x0,0x2B1868,0x0,2,0,1,0,stop_at_base,0,0,0,,CALLBACK_RETURN_SENTINEL_OK
p17_hit1_20260801_144222_15364,1286,1286,robotol.ext,3,3,1,0x30631D,0x30631D,0x80000,0x0,0x2B1868,0x0,2,0,1,0,stop_at_base,0,0,0,,CALLBACK_RETURN_SENTINEL_OK
p17_hit1_20260801_144222_15364,1287,1287,robotol.ext,3,3,1,0x30631D,0x30631D,0x80000,0x0,0x2B1868,0x0,2,0,1,0,stop_at_base,0,0,0,,CALLBACK_RETURN_SENTINEL_OK
p17_hit1_20260801_144222_15364,1288,1288,robotol.ext,3,3,1,0x30631D,0x30631D,0x80000,0x0,0x2B1868,0x0,2,0,1,0,stop_at_base,0,0,0,,CALLBACK_RETURN_SENTINEL_OK
p17_hit1_20260801_144222_15364,1289,1289,robotol.ext,3,3,1,0x30631D,0x30631D,0x80000,0x0,0x2B1868,0x0,2,0,1,0,stop_at_base,0,0,0,,CALLBACK_RETURN_SENTINEL_OK
p17_hit1_20260801_144222_15364,1290,1290,robotol.ext,3,3,1,0x30631D,0x30631D,0x80000,0x0,0x2B1868,0x0,2,0,1,0,stop_at_base,0,0,0,,CALLBACK_RETURN_SENTINEL_OK
p17_hit1_20260801_144222_15364,1291,1291,robotol.ext,3,3,1,0x30631D,0x30631D,0x80000,0x0,0x2B1868,0x0,2,0,1,0,stop_at_base,0,0,0,,CALLBACK_RETURN_SENTINEL_OK
p17_hit1_20260801_144222_15364,1292,1292,robotol.ext,3,3,1,0x30631D,0x30631D,0x80000,0x0,0x2B1868,0x0,2,0,1,0,stop_at_base,0,0,0,,CALLBACK_RETURN_SENTINEL_OK
p17_hit1_20260801_144222_15364,1293,1293,robotol.ext,3,3,1,0x30631D,0x30631D,0x80000,0x0,0x2B1868,0x0,2,0,1,0,stop_at_base,0,0,0,,CALLBACK_RETURN_SENTINEL_OK
p17_hit1_20260801_144222_15364,1294,1294,robotol.ext,3,3,1,0x30631D,0x30631D,0x80000,0x0,0x2B1868,0x0,2,0,1,0,stop_at_base,0,0,0,,CALLBACK_RETURN_SENTINEL_OK
p17_hit1_20260801_144222_15364,1295,1295,robotol.ext,3,3,1,0x30631D,0x30631D,0x80000,0x0,0x2B1868,0x0,2,0,1,0,stop_at_base,0,0,0,,CALLBACK_RETURN_SENTINEL_OK
p17_hit1_20260801_144222_15364,1296,1296,robotol.ext,3,3,1,0x30631D,0x30631D,0x80000,0x0,0x2B1868,0x0,2,0,1,0,stop_at_base,0,0,0,,CALLBACK_RETURN_SENTINEL_OK
p17_hit1_20260801_144222_15364,1297,1297,robotol.ext,3,3,1,0x30631D,0x30631D,0x80000,0x0,0x2B1868,0x0,2,0,1,0,stop_at_base,0,0,0,,CALLBACK_RETURN_SENTINEL_OK
p17_hit1_20260801_144222_15364,1298,1298,robotol.ext,3,3,1,0x30631D,0x30631D,0x80000,0x0,0x2B1868,0x0,2,0,1,0,stop_at_base,0,0,0,,CALLBACK_RETURN_SENTINEL_OK
p17_hit1_20260801_144222_15364,1299,1299,robotol.ext,3,3,1,0x30631D,0x30631D,0x80000,0x0,0x2B1868,0x0,2,0,1,0,stop_at_base,0,0,0,,CALLBACK_RETURN_SENTINEL_OK
p17_hit1_20260801_144222_15364,1300,1300,robotol.ext,3,3,1,0x30631D,0x30631D,0x80000,0x0,0x2B1868,0x0,2,0,1,0,stop_at_base,0,0,0,,CALLBACK_RETURN_SENTINEL_OK
p17_hit1_20260801_144222_15364,1301,1301,robotol.ext,3,3,1,0x30631D,0x30631D,0x80000,0x0,0x2B1868,0x0,2,0,1,0,stop_at_base,0,0,0,,CALLBACK_RETURN_SENTINEL_OK
p17_hit1_20260801_144222_15364,1302,1302,robotol.ext,3,3,1,0x30631D,0x30631D,0x80000,0x0,0x2B1868,0x0,2,0,1,0,stop_at_base,0,0,0,,CALLBACK_RETURN_SENTINEL_OK
p17_hit1_20260801_144222_15364,1303,1303,robotol.ext,3,3,1,0x30631D,0x30631D,0x80000,0x0,0x2B1868,0x0,2,0,1,0,stop_at_base,0,0,0,,CALLBACK_RETURN_SENTINEL_OK
p17_hit1_20260801_144222_15364,1304,1304,robotol.ext,3,3,1,0x30631D,0x30631D,0x80000,0x0,0x2B1868,0x0,2,0,1,0,stop_at_base,0,0,0,,CALLBACK_RETURN_SENTINEL_OK
p17_hit1_20260801_144222_15364,1305,1305,robotol.ext,3,3,1,0x30631D,0x30631D,0x80000,0x0,0x2B1868,0x0,2,0,1,0,stop_at_base,0,0,0,,CALLBACK_RETURN_SENTINEL_OK
p17_hit1_20260801_144222_15364,1306,1306,robotol.ext,3,3,1,0x30631D,0x30631D,0x80000,0x0,0x2B1868,0x0,2,0,1,0,stop_at_base,0,0,0,,CALLBACK_RETURN_SENTINEL_OK
p17_hit1_20260801_144222_15364,1307,1307,robotol.ext,3,3,1,0x30631D,0x30631D,0x80000,0x0,0x2B1868,0x0,2,0,1,0,stop_at_base,0,0,0,,CALLBACK_RETURN_SENTINEL_OK
p17_hit1_20260801_144222_15364,1308,1308,robotol.ext,3,3,1,0x30631D,0x30631D,0x80000,0x0,0x2B1868,0x0,2,0,1,0,stop_at_base,0,0,0,,CALLBACK_RETURN_SENTINEL_OK
p17_hit1_20260801_144222_15364,1309,1309,robotol.ext,3,3,1,0x30631D,0x30631D,0x80000,0x0,0x2B1868,0x0,2,0,1,0,stop_at_base,0,0,0,,CALLBACK_RETURN_SENTINEL_OK
p17_hit1_20260801_144222_15364,1310,1310,robotol.ext,3,3,1,0x30631D,0x30631D,0x80000,0x0,0x2B1868,0x0,2,0,1,0,stop_at_base,0,0,0,,CALLBACK_RETURN_SENTINEL_OK
p17_hit1_20260801_144222_15364,1311,1311,robotol.ext,3,3,1,0x30631D,0x30631D,0x80000,0x0,0x2B1868,0x0,2,0,1,0,stop_at_base,0,0,0,,CALLBACK_RETURN_SENTINEL_OK
p17_hit1_20260801_144222_15364,1312,1312,robotol.ext,3,3,1,0x30631D,0x30631D,0x80000,0x0,0x2B1868,0x0,2,0,1,0,stop_at_base,0,0,0,,CALLBACK_RETURN_SENTINEL_OK
p17_hit1_20260801_144222_15364,1313,1313,robotol.ext,3,3,1,0x30631D,0x30631D,0x80000,0x0,0x2B1868,0x0,2,0,1,0,stop_at_base,0,0,0,,CALLBACK_RETURN_SENTINEL_OK
p17_hit1_20260801_144222_15364,1314,1314,robotol.ext,3,3,1,0x30631D,0x30631D,0x80000,0x0,0x2B1868,0x0,2,0,1,0,stop_at_base,0,0,0,,CALLBACK_RETURN_SENTINEL_OK
p17_hit1_20260801_144222_15364,1315,1315,robotol.ext,3,3,1,0x30631D,0x30631D,0x80000,0x0,0x2B1868,0x0,2,0,1,0,stop_at_base,0,0,0,,CALLBACK_RETURN_SENTINEL_OK
p17_hit1_20260801_144222_15364,1316,1316,robotol.ext,3,3,1,0x30631D,0x30631D,0x80000,0x0,0x2B1868,0x0,2,0,1,0,stop_at_base,0,0,0,,CALLBACK_RETURN_SENTINEL_OK
p17_hit1_20260801_144222_15364,1317,1317,robotol.ext,3,3,1,0x30631D,0x30631D,0x80000,0x0,0x2B1868,0x0,2,0,1,0,stop_at_base,0,0,0,,CALLBACK_RETURN_SENTINEL_OK
p17_hit1_20260801_144222_15364,1318,1318,robotol.ext,3,3,1,0x30631D,0x30631D,0x80000,0x0,0x2B1868,0x0,2,0,1,0,stop_at_base,0,0,0,,CALLBACK_RETURN_SENTINEL_OK
p17_hit1_20260801_144222_15364,1319,1319,robotol.ext,3,3,1,0x30631D,0x30631D,0x80000,0x0,0x2B1868,0x0,2,0,1,0,stop_at_base,0,0,0,,CALLBACK_RETURN_SENTINEL_OK
p17_hit1_20260801_144222_15364,1320,1320,robotol.ext,3,3,1,0x30631D,0x30631D,0x80000,0x0,0x2B1868,0x0,2,0,1,0,stop_at_base,0,0,0,,CALLBACK_RETURN_SENTINEL_OK
p17_hit1_20260801_144222_15364,1321,1321,robotol.ext,3,3,1,0x30631D,0x30631D,0x80000,0x0,0x2B1868,0x0,2,0,1,0,stop_at_base,0,0,0,,CALLBACK_RETURN_SENTINEL_OK
p17_hit1_20260801_144222_15364,1322,1322,robotol.ext,3,3,1,0x30631D,0x30631D,0x80000,0x0,0x2B1868,0x0,2,0,1,0,stop_at_base,0,0,0,,CALLBACK_RETURN_SENTINEL_OK
p17_hit1_20260801_144222_15364,1323,1323,robotol.ext,3,3,1,0x30631D,0x30631D,0x80000,0x0,0x2B1868,0x0,2,0,1,0,stop_at_base,0,0,0,,CALLBACK_RETURN_SENTINEL_OK
p17_hit1_20260801_144222_15364,1324,1324,robotol.ext,3,3,1,0x30631D,0x30631D,0x80000,0x0,0x2B1868,0x0,2,0,1,0,stop_at_base,0,0,0,,CALLBACK_RETURN_SENTINEL_OK
p17_hit1_20260801_144222_15364,1325,1325,robotol.ext,3,3,1,0x30631D,0x30631D,0x80000,0x0,0x2B1868,0x0,2,0,1,0,stop_at_base,0,0,0,,CALLBACK_RETURN_SENTINEL_OK
p17_hit1_20260801_144222_15364,1326,1326,robotol.ext,3,3,1,0x30631D,0x30631D,0x80000,0x0,0x2B1868,0x0,2,0,1,0,stop_at_base,0,0,0,,CALLBACK_RETURN_SENTINEL_OK
p17_hit1_20260801_144222_15364,1327,1327,robotol.ext,3,3,1,0x30631D,0x30631D,0x80000,0x0,0x2B1868,0x0,2,0,1,0,stop_at_base,0,0,0,,CALLBACK_RETURN_SENTINEL_OK
p17_hit1_20260801_144222_15364,1328,1328,robotol.ext,3,3,1,0x30631D,0x30631D,0x80000,0x0,0x2B1868,0x0,2,0,1,0,stop_at_base,0,0,0,,CALLBACK_RETURN_SENTINEL_OK
p17_hit1_20260801_144222_15364,1329,1329,robotol.ext,3,3,1,0x30631D,0x30631D,0x80000,0x0,0x2B1868,0x0,2,0,1,0,stop_at_base,0,0,0,,CALLBACK_RETURN_SENTINEL_OK
p17_hit1_20260801_144222_15364,1330,1330,robotol.ext,3,3,1,0x30631D,0x30631D,0x80000,0x0,0x2B1868,0x0,2,0,1,0,stop_at_base,0,0,0,,CALLBACK_RETURN_SENTINEL_OK
p17_hit1_20260801_144222_15364,1331,1331,robotol.ext,3,3,1,0x30631D,0x30631D,0x80000,0x0,0x2B1868,0x0,2,0,1,0,stop_at_base,0,0,0,,CALLBACK_RETURN_SENTINEL_OK
p17_hit1_20260801_144222_15364,1332,1332,robotol.ext,3,3,1,0x30631D,0x30631D,0x80000,0x0,0x2B1868,0x0,2,0,1,0,stop_at_base,0,0,0,,CALLBACK_RETURN_SENTINEL_OK
p17_hit1_20260801_144222_15364,1333,1333,robotol.ext,3,3,1,0x30631D,0x30631D,0x80000,0x0,0x2B1868,0x0,2,0,1,0,stop_at_base,0,0,0,,CALLBACK_RETURN_SENTINEL_OK
p17_hit1_20260801_144222_15364,1334,1334,robotol.ext,3,3,1,0x30631D,0x30631D,0x80000,0x0,0x2B1868,0x0,2,0,1,0,stop_at_base,0,0,0,,CALLBACK_RETURN_SENTINEL_OK
p17_hit1_20260801_144222_15364,1335,1335,robotol.ext,3,3,1,0x30631D,0x30631D,0x80000,0x0,0x2B1868,0x0,2,0,1,0,stop_at_base,0,0,0,,CALLBACK_RETURN_SENTINEL_OK
p17_hit1_20260801_144222_15364,1336,1336,robotol.ext,3,3,1,0x30631D,0x30631D,0x80000,0x0,0x2B1868,0x0,2,0,1,0,stop_at_base,0,0,0,,CALLBACK_RETURN_SENTINEL_OK
p17_hit1_20260801_144222_15364,1337,1337,robotol.ext,3,3,1,0x30631D,0x30631D,0x80000,0x0,0x2B1868,0x0,2,0,1,0,stop_at_base,0,0,0,,CALLBACK_RETURN_SENTINEL_OK
p17_hit1_20260801_144222_15364,1338,1338,robotol.ext,3,3,1,0x30631D,0x30631D,0x80000,0x0,0x2B1868,0x0,2,0,1,0,stop_at_base,0,0,0,,CALLBACK_RETURN_SENTINEL_OK
p17_hit1_20260801_144222_15364,1339,1339,robotol.ext,3,3,1,0x30631D,0x30631D,0x80000,0x0,0x2B1868,0x0,2,0,1,0,stop_at_base,0,0,0,,CALLBACK_RETURN_SENTINEL_OK
p17_hit1_20260801_144222_15364,1340,1340,robotol.ext,3,3,1,0x30631D,0x30631D,0x80000,0x0,0x2B1868,0x0,2,0,1,0,stop_at_base,0,0,0,,CALLBACK_RETURN_SENTINEL_OK
p17_hit1_20260801_144222_15364,1341,1341,robotol.ext,3,3,1,0x30631D,0x30631D,0x80000,0x0,0x2B1868,0x0,2,0,1,0,stop_at_base,0,0,0,,CALLBACK_RETURN_SENTINEL_OK
p17_hit1_20260801_144222_15364,1342,1342,robotol.ext,3,3,1,0x30631D,0x30631D,0x80000,0x0,0x2B1868,0x0,2,0,1,0,stop_at_base,0,0,0,,CALLBACK_RETURN_SENTINEL_OK
p17_hit1_20260801_144222_15364,1343,1343,robotol.ext,3,3,1,0x30631D,0x30631D,0x80000,0x0,0x2B1868,0x0,2,0,1,0,stop_at_base,0,0,0,,CALLBACK_RETURN_SENTINEL_OK
p17_hit1_20260801_144222_15364,1344,1344,robotol.ext,3,3,1,0x30631D,0x30631D,0x80000,0x0,0x2B1868,0x0,2,0,1,0,stop_at_base,0,0,0,,CALLBACK_RETURN_SENTINEL_OK
p17_hit1_20260801_144222_15364,1345,1345,robotol.ext,3,3,1,0x30631D,0x30631D,0x80000,0x0,0x2B1868,0x0,2,0,1,0,stop_at_base,0,0,0,,CALLBACK_RETURN_SENTINEL_OK
p17_hit1_20260801_144222_15364,1346,1346,robotol.ext,3,3,1,0x30631D,0x30631D,0x80000,0x0,0x2B1868,0x0,2,0,1,0,stop_at_base,0,0,0,,CALLBACK_RETURN_SENTINEL_OK
p17_hit1_20260801_144222_15364,1347,1347,robotol.ext,3,3,1,0x30631D,0x30631D,0x80000,0x0,0x2B1868,0x0,2,0,1,0,stop_at_base,0,0,0,,CALLBACK_RETURN_SENTINEL_OK
p17_hit1_20260801_144222_15364,1348,1348,robotol.ext,3,3,1,0x30631D,0x30631D,0x80000,0x0,0x2B1868,0x0,2,0,1,0,stop_at_base,0,0,0,,CALLBACK_RETURN_SENTINEL_OK
p17_hit1_20260801_144222_15364,1349,1349,robotol.ext,3,3,1,0x30631D,0x30631D,0x80000,0x0,0x2B1868,0x0,2,0,1,0,stop_at_base,0,0,0,,CALLBACK_RETURN_SENTINEL_OK
p17_hit1_20260801_144222_15364,1350,1350,robotol.ext,3,3,1,0x30631D,0x30631D,0x80000,0x0,0x2B1868,0x0,2,0,1,0,stop_at_base,0,0,0,,CALLBACK_RETURN_SENTINEL_OK
p17_hit1_20260801_144222_15364,1351,1351,robotol.ext,3,3,1,0x30631D,0x30631D,0x80000,0x0,0x2B1868,0x0,2,0,1,0,stop_at_base,0,0,0,,CALLBACK_RETURN_SENTINEL_OK
p17_hit1_20260801_144222_15364,1352,1352,robotol.ext,3,3,1,0x30631D,0x30631D,0x80000,0x0,0x2B1868,0x0,2,0,1,0,stop_at_base,0,0,0,,CALLBACK_RETURN_SENTINEL_OK
p17_hit1_20260801_144222_15364,1353,1353,robotol.ext,3,3,1,0x30631D,0x30631D,0x80000,0x0,0x2B1868,0x0,2,0,1,0,stop_at_base,0,0,0,,CALLBACK_RETURN_SENTINEL_OK
p17_hit1_20260801_144222_15364,1354,1354,robotol.ext,3,3,1,0x30631D,0x30631D,0x80000,0x0,0x2B1868,0x0,2,0,1,0,stop_at_base,0,0,0,,CALLBACK_RETURN_SENTINEL_OK
p17_hit1_20260801_144222_15364,1355,1355,robotol.ext,3,3,1,0x30631D,0x30631D,0x80000,0x0,0x2B1868,0x0,2,0,1,0,stop_at_base,0,0,0,,CALLBACK_RETURN_SENTINEL_OK
p17_hit1_20260801_144222_15364,1356,1356,robotol.ext,3,3,1,0x30631D,0x30631D,0x80000,0x0,0x2B1868,0x0,2,0,1,0,stop_at_base,0,0,0,,CALLBACK_RETURN_SENTINEL_OK
p17_hit1_20260801_144222_15364,1357,1357,robotol.ext,3,3,1,0x30631D,0x30631D,0x80000,0x0,0x2B1868,0x0,2,0,1,0,stop_at_base,0,0,0,,CALLBACK_RETURN_SENTINEL_OK
p17_hit1_20260801_144222_15364,1358,1358,robotol.ext,3,3,1,0x30631D,0x30631D,0x80000,0x0,0x2B1868,0x0,2,0,1,0,stop_at_base,0,0,0,,CALLBACK_RETURN_SENTINEL_OK
p17_hit1_20260801_144222_15364,1359,1359,robotol.ext,3,3,1,0x30631D,0x30631D,0x80000,0x0,0x2B1868,0x0,2,0,1,0,stop_at_base,0,0,0,,CALLBACK_RETURN_SENTINEL_OK
p17_hit1_20260801_144222_15364,1360,1360,robotol.ext,3,3,1,0x30631D,0x30631D,0x80000,0x0,0x2B1868,0x0,2,0,1,0,stop_at_base,0,0,0,,CALLBACK_RETURN_SENTINEL_OK
p17_hit1_20260801_144222_15364,1361,1361,robotol.ext,3,3,1,0x30631D,0x30631D,0x80000,0x0,0x2B1868,0x0,2,0,1,0,stop_at_base,0,0,0,,CALLBACK_RETURN_SENTINEL_OK
p17_hit1_20260801_144222_15364,1362,1362,robotol.ext,3,3,1,0x30631D,0x30631D,0x80000,0x0,0x2B1868,0x0,2,0,1,0,stop_at_base,0,0,0,,CALLBACK_RETURN_SENTINEL_OK
p17_hit1_20260801_144222_15364,1363,1363,robotol.ext,3,3,1,0x30631D,0x30631D,0x80000,0x0,0x2B1868,0x0,2,0,1,0,stop_at_base,0,0,0,,CALLBACK_RETURN_SENTINEL_OK
p17_hit1_20260801_144222_15364,1364,1364,robotol.ext,3,3,1,0x30631D,0x30631D,0x80000,0x0,0x2B1868,0x0,2,0,1,0,stop_at_base,0,0,0,,CALLBACK_RETURN_SENTINEL_OK
p17_hit1_20260801_144222_15364,1365,1365,robotol.ext,3,3,1,0x30631D,0x30631D,0x80000,0x0,0x2B1868,0x0,2,0,1,0,stop_at_base,0,0,0,,CALLBACK_RETURN_SENTINEL_OK
p17_hit1_20260801_144222_15364,1366,1366,robotol.ext,3,3,1,0x30631D,0x30631D,0x80000,0x0,0x2B1868,0x0,2,0,1,0,stop_at_base,0,0,0,,CALLBACK_RETURN_SENTINEL_OK
p17_hit1_20260801_144222_15364,1367,1367,robotol.ext,3,3,1,0x30631D,0x30631D,0x80000,0x0,0x2B1868,0x0,2,0,1,0,stop_at_base,0,0,0,,CALLBACK_RETURN_SENTINEL_OK
p17_hit1_20260801_144222_15364,1368,1368,robotol.ext,3,3,1,0x30631D,0x30631D,0x80000,0x0,0x2B1868,0x0,2,0,1,0,stop_at_base,0,0,0,,CALLBACK_RETURN_SENTINEL_OK
p17_hit1_20260801_144222_15364,1369,1369,robotol.ext,3,3,1,0x30631D,0x30631D,0x80000,0x0,0x2B1868,0x0,2,0,1,0,stop_at_base,0,0,0,,CALLBACK_RETURN_SENTINEL_OK
p17_hit1_20260801_144222_15364,1370,1370,robotol.ext,3,3,1,0x30631D,0x30631D,0x80000,0x0,0x2B1868,0x0,2,0,1,0,stop_at_base,0,0,0,,CALLBACK_RETURN_SENTINEL_OK
p17_hit1_20260801_144222_15364,1371,1371,robotol.ext,3,3,1,0x30631D,0x30631D,0x80000,0x0,0x2B1868,0x0,2,0,1,0,stop_at_base,0,0,0,,CALLBACK_RETURN_SENTINEL_OK
p17_hit1_20260801_144222_15364,1372,1372,robotol.ext,3,3,1,0x30631D,0x30631D,0x80000,0x0,0x2B1868,0x0,2,0,1,0,stop_at_base,0,0,0,,CALLBACK_RETURN_SENTINEL_OK
p17_hit1_20260801_144222_15364,1373,1373,robotol.ext,3,3,1,0x30631D,0x30631D,0x80000,0x0,0x2B1868,0x0,2,0,1,0,stop_at_base,0,0,0,,CALLBACK_RETURN_SENTINEL_OK
p17_hit1_20260801_144222_15364,1374,1374,robotol.ext,3,3,1,0x30631D,0x30631D,0x80000,0x0,0x2B1868,0x0,2,0,1,0,stop_at_base,0,0,0,,CALLBACK_RETURN_SENTINEL_OK
p17_hit1_20260801_144222_15364,1375,1375,robotol.ext,3,3,1,0x30631D,0x30631D,0x80000,0x0,0x2B1868,0x0,2,0,1,0,stop_at_base,0,0,0,,CALLBACK_RETURN_SENTINEL_OK
p17_hit1_20260801_144222_15364,1376,1376,robotol.ext,3,3,1,0x30631D,0x30631D,0x80000,0x0,0x2B1868,0x0,2,0,1,0,stop_at_base,0,0,0,,CALLBACK_RETURN_SENTINEL_OK
p17_hit1_20260801_144222_15364,1377,1377,robotol.ext,3,3,1,0x30631D,0x30631D,0x80000,0x0,0x2B1868,0x0,2,0,1,0,stop_at_base,0,0,0,,CALLBACK_RETURN_SENTINEL_OK
p17_hit1_20260801_144222_15364,1378,1378,robotol.ext,3,3,1,0x30631D,0x30631D,0x80000,0x0,0x2B1868,0x0,2,0,1,0,stop_at_base,0,0,0,,CALLBACK_RETURN_SENTINEL_OK
p17_hit1_20260801_144222_15364,1379,1379,robotol.ext,3,3,1,0x30631D,0x30631D,0x80000,0x0,0x2B1868,0x0,2,0,1,0,stop_at_base,0,0,0,,CALLBACK_RETURN_SENTINEL_OK
p17_hit1_20260801_144222_15364,1380,1380,robotol.ext,3,3,1,0x30631D,0x30631D,0x80000,0x0,0x2B1868,0x0,2,0,1,0,stop_at_base,0,0,0,,CALLBACK_RETURN_SENTINEL_OK
p17_hit1_20260801_144222_15364,1381,1381,robotol.ext,3,3,1,0x30631D,0x30631D,0x80000,0x0,0x2B1868,0x0,2,0,1,0,stop_at_base,0,0,0,,CALLBACK_RETURN_SENTINEL_OK
p17_hit1_20260801_144222_15364,1382,1382,robotol.ext,3,3,1,0x30631D,0x30631D,0x80000,0x0,0x2B1868,0x0,2,0,1,0,stop_at_base,0,0,0,,CALLBACK_RETURN_SENTINEL_OK
p17_hit1_20260801_144222_15364,1383,1383,robotol.ext,3,3,1,0x30631D,0x30631D,0x80000,0x0,0x2B1868,0x0,2,0,1,0,stop_at_base,0,0,0,,CALLBACK_RETURN_SENTINEL_OK
p17_hit1_20260801_144222_15364,1384,1384,robotol.ext,3,3,1,0x30631D,0x30631D,0x80000,0x0,0x2B1868,0x0,2,0,1,0,stop_at_base,0,0,0,,CALLBACK_RETURN_SENTINEL_OK
p17_hit1_20260801_144222_15364,1385,1385,robotol.ext,3,3,1,0x30631D,0x30631D,0x80000,0x0,0x2B1868,0x0,2,0,1,0,stop_at_base,0,0,0,,CALLBACK_RETURN_SENTINEL_OK
p17_hit1_20260801_144222_15364,1386,1386,robotol.ext,3,3,1,0x30631D,0x30631D,0x80000,0x0,0x2B1868,0x0,2,0,1,0,stop_at_base,0,0,0,,CALLBACK_RETURN_SENTINEL_OK
p17_hit1_20260801_144222_15364,1387,1387,robotol.ext,3,3,1,0x30631D,0x30631D,0x80000,0x0,0x2B1868,0x0,2,0,1,0,stop_at_base,0,0,0,,CALLBACK_RETURN_SENTINEL_OK
p17_hit1_20260801_144222_15364,1388,1388,robotol.ext,3,3,1,0x30631D,0x30631D,0x80000,0x0,0x2B1868,0x0,2,0,1,0,stop_at_base,0,0,0,,CALLBACK_RETURN_SENTINEL_OK
p17_hit1_20260801_144222_15364,1389,1389,robotol.ext,3,3,1,0x30631D,0x30631D,0x80000,0x0,0x2B1868,0x0,2,0,1,0,stop_at_base,0,0,0,,CALLBACK_RETURN_SENTINEL_OK
p17_hit1_20260801_144222_15364,1390,1390,robotol.ext,3,3,1,0x30631D,0x30631D,0x80000,0x0,0x2B1868,0x0,2,0,1,0,stop_at_base,0,0,0,,CALLBACK_RETURN_SENTINEL_OK
p17_hit1_20260801_144222_15364,1391,1391,robotol.ext,3,3,1,0x30631D,0x30631D,0x80000,0x0,0x2B1868,0x0,2,0,1,0,stop_at_base,0,0,0,,CALLBACK_RETURN_SENTINEL_OK
p17_hit1_20260801_144222_15364,1392,1392,robotol.ext,3,3,1,0x30631D,0x30631D,0x80000,0x0,0x2B1868,0x0,2,0,1,0,stop_at_base,0,0,0,,CALLBACK_RETURN_SENTINEL_OK
p17_hit1_20260801_144222_15364,1393,1393,robotol.ext,3,3,1,0x30631D,0x30631D,0x80000,0x0,0x2B1868,0x0,2,0,1,0,stop_at_base,0,0,0,,CALLBACK_RETURN_SENTINEL_OK
p17_hit1_20260801_144222_15364,1394,1394,robotol.ext,3,3,1,0x30631D,0x30631D,0x80000,0x0,0x2B1868,0x0,2,0,1,0,stop_at_base,0,0,0,,CALLBACK_RETURN_SENTINEL_OK
p17_hit1_20260801_144222_15364,1395,1395,robotol.ext,3,3,1,0x30631D,0x30631D,0x80000,0x0,0x2B1868,0x0,2,0,1,0,stop_at_base,0,0,0,,CALLBACK_RETURN_SENTINEL_OK
p17_hit1_20260801_144222_15364,1396,1396,robotol.ext,3,3,1,0x30631D,0x30631D,0x80000,0x0,0x2B1868,0x0,2,0,1,0,stop_at_base,0,0,0,,CALLBACK_RETURN_SENTINEL_OK
p17_hit1_20260801_144222_15364,1397,1397,robotol.ext,3,3,1,0x30631D,0x30631D,0x80000,0x0,0x2B1868,0x0,2,0,1,0,stop_at_base,0,0,0,,CALLBACK_RETURN_SENTINEL_OK
p17_hit1_20260801_144222_15364,1398,1398,robotol.ext,3,3,1,0x30631D,0x30631D,0x80000,0x0,0x2B1868,0x0,2,0,1,0,stop_at_base,0,0,0,,CALLBACK_RETURN_SENTINEL_OK
p17_hit1_20260801_144222_15364,1399,1399,robotol.ext,3,3,1,0x30631D,0x30631D,0x80000,0x0,0x2B1868,0x0,2,0,1,0,stop_at_base,0,0,0,,CALLBACK_RETURN_SENTINEL_OK
p17_hit1_20260801_144222_15364,1400,1400,robotol.ext,3,3,1,0x30631D,0x30631D,0x80000,0x0,0x2B1868,0x0,2,0,1,0,stop_at_base,0,0,0,,CALLBACK_RETURN_SENTINEL_OK
p17_hit1_20260801_144222_15364,1401,1401,robotol.ext,3,3,1,0x30631D,0x30631D,0x80000,0x0,0x2B1868,0x0,2,0,1,0,stop_at_base,0,0,0,,CALLBACK_RETURN_SENTINEL_OK
p17_hit1_20260801_144222_15364,1402,1402,robotol.ext,3,3,1,0x30631D,0x30631D,0x80000,0x0,0x2B1868,0x0,2,0,1,0,stop_at_base,0,0,0,,CALLBACK_RETURN_SENTINEL_OK
p17_hit1_20260801_144222_15364,1403,1403,robotol.ext,3,3,1,0x30631D,0x30631D,0x80000,0x0,0x2B1868,0x0,2,0,1,0,stop_at_base,0,0,0,,CALLBACK_RETURN_SENTINEL_OK
p17_hit1_20260801_144222_15364,1404,1404,robotol.ext,3,3,1,0x30631D,0x30631D,0x80000,0x0,0x2B1868,0x0,2,0,1,0,stop_at_base,0,0,0,,CALLBACK_RETURN_SENTINEL_OK
p17_hit1_20260801_144222_15364,1405,1405,robotol.ext,3,3,1,0x30631D,0x30631D,0x80000,0x0,0x2B1868,0x0,2,0,1,0,stop_at_base,0,0,0,,CALLBACK_RETURN_SENTINEL_OK
p17_hit1_20260801_144222_15364,1406,1406,robotol.ext,3,3,1,0x30631D,0x30631D,0x80000,0x0,0x2B1868,0x0,2,0,1,0,stop_at_base,0,0,0,,CALLBACK_RETURN_SENTINEL_OK
p17_hit1_20260801_144222_15364,1407,1407,robotol.ext,3,3,1,0x30631D,0x30631D,0x80000,0x0,0x2B1868,0x0,2,0,1,0,stop_at_base,0,0,0,,CALLBACK_RETURN_SENTINEL_OK
p17_hit1_20260801_144222_15364,1408,1408,robotol.ext,3,3,1,0x30631D,0x30631D,0x80000,0x0,0x2B1868,0x0,2,0,1,0,stop_at_base,0,0,0,,CALLBACK_RETURN_SENTINEL_OK
p17_hit1_20260801_144222_15364,1409,1409,robotol.ext,3,3,1,0x30631D,0x30631D,0x80000,0x0,0x2B1868,0x0,2,0,1,0,stop_at_base,0,0,0,,CALLBACK_RETURN_SENTINEL_OK
p17_hit1_20260801_144222_15364,1410,1410,robotol.ext,3,3,1,0x30631D,0x30631D,0x80000,0x0,0x2B1868,0x0,2,0,1,0,stop_at_base,0,0,0,,CALLBACK_RETURN_SENTINEL_OK
p17_hit1_20260801_144222_15364,1411,1411,robotol.ext,3,3,1,0x30631D,0x30631D,0x80000,0x0,0x2B1868,0x0,2,0,1,0,stop_at_base,0,0,0,,CALLBACK_RETURN_SENTINEL_OK
p17_hit1_20260801_144222_15364,1412,1412,robotol.ext,3,3,1,0x30631D,0x30631D,0x80000,0x0,0x2B1868,0x0,2,0,1,0,stop_at_base,0,0,0,,CALLBACK_RETURN_SENTINEL_OK
p17_hit1_20260801_144222_15364,1413,1413,robotol.ext,3,3,1,0x30631D,0x30631D,0x80000,0x0,0x2B1868,0x0,2,0,1,0,stop_at_base,0,0,0,,CALLBACK_RETURN_SENTINEL_OK
p17_hit1_20260801_144222_15364,1414,1414,robotol.ext,3,3,1,0x30631D,0x30631D,0x80000,0x0,0x2B1868,0x0,2,0,1,0,stop_at_base,0,0,0,,CALLBACK_RETURN_SENTINEL_OK
p17_hit1_20260801_144222_15364,1415,1415,robotol.ext,3,3,1,0x30631D,0x30631D,0x80000,0x0,0x2B1868,0x0,2,0,1,0,stop_at_base,0,0,0,,CALLBACK_RETURN_SENTINEL_OK
p17_hit1_20260801_144222_15364,1416,1416,robotol.ext,3,3,1,0x30631D,0x30631D,0x80000,0x0,0x2B1868,0x0,2,0,1,0,stop_at_base,0,0,0,,CALLBACK_RETURN_SENTINEL_OK
p17_hit1_20260801_144222_15364,1417,1417,robotol.ext,3,3,1,0x30631D,0x30631D,0x80000,0x0,0x2B1868,0x0,2,0,1,0,stop_at_base,0,0,0,,CALLBACK_RETURN_SENTINEL_OK
p17_hit1_20260801_144222_15364,1418,1418,robotol.ext,3,3,1,0x30631D,0x30631D,0x80000,0x0,0x2B1868,0x0,2,0,1,0,stop_at_base,0,0,0,,CALLBACK_RETURN_SENTINEL_OK
p17_hit1_20260801_144222_15364,1419,1419,robotol.ext,3,3,1,0x30631D,0x30631D,0x80000,0x0,0x2B1868,0x0,2,0,1,0,stop_at_base,0,0,0,,CALLBACK_RETURN_SENTINEL_OK
p17_hit1_20260801_144222_15364,1420,1420,robotol.ext,3,3,1,0x30631D,0x30631D,0x80000,0x0,0x2B1868,0x0,2,0,1,0,stop_at_base,0,0,0,,CALLBACK_RETURN_SENTINEL_OK
p17_hit1_20260801_144222_15364,1421,1421,robotol.ext,3,3,1,0x30631D,0x30631D,0x80000,0x0,0x2B1868,0x0,2,0,1,0,stop_at_base,0,0,0,,CALLBACK_RETURN_SENTINEL_OK
p17_hit1_20260801_144222_15364,1422,1422,robotol.ext,3,3,1,0x30631D,0x30631D,0x80000,0x0,0x2B1868,0x0,2,0,1,0,stop_at_base,0,0,0,,CALLBACK_RETURN_SENTINEL_OK
p17_hit1_20260801_144222_15364,1423,1423,robotol.ext,3,3,1,0x30631D,0x30631D,0x80000,0x0,0x2B1868,0x0,2,0,1,0,stop_at_base,0,0,0,,CALLBACK_RETURN_SENTINEL_OK
p17_hit1_20260801_144222_15364,1424,1424,robotol.ext,3,3,1,0x30631D,0x30631D,0x80000,0x0,0x2B1868,0x0,2,0,1,0,stop_at_base,0,0,0,,CALLBACK_RETURN_SENTINEL_OK
p17_hit1_20260801_144222_15364,1425,1425,robotol.ext,3,3,1,0x30631D,0x30631D,0x80000,0x0,0x2B1868,0x0,2,0,1,0,stop_at_base,0,0,0,,CALLBACK_RETURN_SENTINEL_OK
p17_hit1_20260801_144222_15364,1426,1426,robotol.ext,3,3,1,0x30631D,0x30631D,0x80000,0x0,0x2B1868,0x0,2,0,1,0,stop_at_base,0,0,0,,CALLBACK_RETURN_SENTINEL_OK
p17_hit1_20260801_144222_15364,1427,1427,robotol.ext,3,3,1,0x30631D,0x30631D,0x80000,0x0,0x2B1868,0x0,2,0,1,0,stop_at_base,0,0,0,,CALLBACK_RETURN_SENTINEL_OK
p17_hit1_20260801_144222_15364,1428,1428,robotol.ext,3,3,1,0x30631D,0x30631D,0x80000,0x0,0x2B1868,0x0,2,0,1,0,stop_at_base,0,0,0,,CALLBACK_RETURN_SENTINEL_OK
p17_hit1_20260801_144222_15364,1429,1429,robotol.ext,3,3,1,0x30631D,0x30631D,0x80000,0x0,0x2B1868,0x0,2,0,1,0,stop_at_base,0,0,0,,CALLBACK_RETURN_SENTINEL_OK
p17_hit1_20260801_144222_15364,1430,1430,robotol.ext,3,3,1,0x30631D,0x30631D,0x80000,0x0,0x2B1868,0x0,2,0,1,0,stop_at_base,0,0,0,,CALLBACK_RETURN_SENTINEL_OK
p17_hit1_20260801_144222_15364,1431,1431,robotol.ext,3,3,1,0x30631D,0x30631D,0x80000,0x0,0x2B1868,0x0,2,0,1,0,stop_at_base,0,0,0,,CALLBACK_RETURN_SENTINEL_OK
p17_hit1_20260801_144222_15364,1432,1432,robotol.ext,3,3,1,0x30631D,0x30631D,0x80000,0x0,0x2B1868,0x0,2,0,1,0,stop_at_base,0,0,0,,CALLBACK_RETURN_SENTINEL_OK
p17_hit1_20260801_144222_15364,1433,1433,robotol.ext,3,3,1,0x30631D,0x30631D,0x80000,0x0,0x2B1868,0x0,2,0,1,0,stop_at_base,0,0,0,,CALLBACK_RETURN_SENTINEL_OK
p17_hit1_20260801_144222_15364,1434,1434,robotol.ext,3,3,1,0x30631D,0x30631D,0x80000,0x0,0x2B1868,0x0,2,0,1,0,stop_at_base,0,0,0,,CALLBACK_RETURN_SENTINEL_OK
p17_hit1_20260801_144222_15364,1435,1435,robotol.ext,3,3,1,0x30631D,0x30631D,0x80000,0x0,0x2B1868,0x0,2,0,1,0,stop_at_base,0,0,0,,CALLBACK_RETURN_SENTINEL_OK
p17_hit1_20260801_144222_15364,1436,1436,robotol.ext,3,3,1,0x30631D,0x30631D,0x80000,0x0,0x2B1868,0x0,2,0,1,0,stop_at_base,0,0,0,,CALLBACK_RETURN_SENTINEL_OK
p17_hit1_20260801_144222_15364,1437,1437,robotol.ext,3,3,1,0x30631D,0x30631D,0x80000,0x0,0x2B1868,0x0,2,0,1,0,stop_at_base,0,0,0,,CALLBACK_RETURN_SENTINEL_OK
p17_hit1_20260801_144222_15364,1438,1438,robotol.ext,3,3,1,0x30631D,0x30631D,0x80000,0x0,0x2B1868,0x0,2,0,1,0,stop_at_base,0,0,0,,CALLBACK_RETURN_SENTINEL_OK
p17_hit1_20260801_144222_15364,1439,1439,robotol.ext,3,3,1,0x30631D,0x30631D,0x80000,0x0,0x2B1868,0x0,2,0,1,0,stop_at_base,0,0,0,,CALLBACK_RETURN_SENTINEL_OK
p17_hit1_20260801_144222_15364,1440,1440,robotol.ext,3,3,1,0x30631D,0x30631D,0x80000,0x0,0x2B1868,0x0,2,0,1,0,stop_at_base,0,0,0,,CALLBACK_RETURN_SENTINEL_OK
p17_hit1_20260801_144222_15364,1441,1441,robotol.ext,3,3,1,0x30631D,0x30631D,0x80000,0x0,0x2B1868,0x0,2,0,1,0,stop_at_base,0,0,0,,CALLBACK_RETURN_SENTINEL_OK
p17_hit1_20260801_144222_15364,1442,1442,robotol.ext,3,3,1,0x30631D,0x30631D,0x80000,0x0,0x2B1868,0x0,2,0,1,0,stop_at_base,0,0,0,,CALLBACK_RETURN_SENTINEL_OK
p17_hit1_20260801_144222_15364,1443,1443,robotol.ext,3,3,1,0x30631D,0x30631D,0x80000,0x0,0x2B1868,0x0,2,0,1,0,stop_at_base,0,0,0,,CALLBACK_RETURN_SENTINEL_OK
p17_hit1_20260801_144222_15364,1444,1444,robotol.ext,3,3,1,0x30631D,0x30631D,0x80000,0x0,0x2B1868,0x0,2,0,1,0,stop_at_base,0,0,0,,CALLBACK_RETURN_SENTINEL_OK
p17_hit1_20260801_144222_15364,1445,1445,robotol.ext,3,3,1,0x30631D,0x30631D,0x80000,0x0,0x2B1868,0x0,2,0,1,0,stop_at_base,0,0,0,,CALLBACK_RETURN_SENTINEL_OK
p17_hit1_20260801_144222_15364,1446,1446,robotol.ext,3,3,1,0x30631D,0x30631D,0x80000,0x0,0x2B1868,0x0,2,0,1,0,stop_at_base,0,0,0,,CALLBACK_RETURN_SENTINEL_OK
p17_hit1_20260801_144222_15364,1447,1447,robotol.ext,3,3,1,0x30631D,0x30631D,0x80000,0x0,0x2B1868,0x0,2,0,1,0,stop_at_base,0,0,0,,CALLBACK_RETURN_SENTINEL_OK
p17_hit1_20260801_144222_15364,1448,1448,robotol.ext,3,3,1,0x30631D,0x30631D,0x80000,0x0,0x2B1868,0x0,2,0,1,0,stop_at_base,0,0,0,,CALLBACK_RETURN_SENTINEL_OK
p17_hit1_20260801_144222_15364,1449,1449,robotol.ext,3,3,1,0x30631D,0x30631D,0x80000,0x0,0x2B1868,0x0,2,0,1,0,stop_at_base,0,0,0,,CALLBACK_RETURN_SENTINEL_OK
p17_hit1_20260801_144222_15364,1450,1450,robotol.ext,3,3,1,0x30631D,0x30631D,0x80000,0x0,0x2B1868,0x0,2,0,1,0,stop_at_base,0,0,0,,CALLBACK_RETURN_SENTINEL_OK
p17_hit1_20260801_144222_15364,1451,1451,robotol.ext,3,3,1,0x30631D,0x30631D,0x80000,0x0,0x2B1868,0x0,2,0,1,0,stop_at_base,0,0,0,,CALLBACK_RETURN_SENTINEL_OK
p17_hit1_20260801_144222_15364,1452,1452,robotol.ext,3,3,1,0x30631D,0x30631D,0x80000,0x0,0x2B1868,0x0,2,0,1,0,stop_at_base,0,0,0,,CALLBACK_RETURN_SENTINEL_OK
p17_hit1_20260801_144222_15364,1453,1453,robotol.ext,3,3,1,0x30631D,0x30631D,0x80000,0x0,0x2B1868,0x0,2,0,1,0,stop_at_base,0,0,0,,CALLBACK_RETURN_SENTINEL_OK
p17_hit1_20260801_144222_15364,1454,1454,robotol.ext,3,3,1,0x30631D,0x30631D,0x80000,0x0,0x2B1868,0x0,2,0,1,0,stop_at_base,0,0,0,,CALLBACK_RETURN_SENTINEL_OK
p17_hit1_20260801_144222_15364,1455,1455,robotol.ext,3,3,1,0x30631D,0x30631D,0x80000,0x0,0x2B1868,0x0,2,0,1,0,stop_at_base,0,0,0,,CALLBACK_RETURN_SENTINEL_OK
p17_hit1_20260801_144222_15364,1456,1456,robotol.ext,3,3,1,0x30631D,0x30631D,0x80000,0x0,0x2B1868,0x0,2,0,1,0,stop_at_base,0,0,0,,CALLBACK_RETURN_SENTINEL_OK
p17_hit1_20260801_144222_15364,1457,1457,robotol.ext,3,3,1,0x30631D,0x30631D,0x80000,0x0,0x2B1868,0x0,2,0,1,0,stop_at_base,0,0,0,,CALLBACK_RETURN_SENTINEL_OK
p17_hit1_20260801_144222_15364,1458,1458,robotol.ext,3,3,1,0x30631D,0x30631D,0x80000,0x0,0x2B1868,0x0,2,0,1,0,stop_at_base,0,0,0,,CALLBACK_RETURN_SENTINEL_OK
p17_hit1_20260801_144222_15364,1459,1459,robotol.ext,3,3,1,0x30631D,0x30631D,0x80000,0x0,0x2B1868,0x0,2,0,1,0,stop_at_base,0,0,0,,CALLBACK_RETURN_SENTINEL_OK
p17_hit1_20260801_144222_15364,1460,1460,robotol.ext,3,3,1,0x30631D,0x30631D,0x80000,0x0,0x2B1868,0x0,2,0,1,0,stop_at_base,0,0,0,,CALLBACK_RETURN_SENTINEL_OK
p17_hit1_20260801_144222_15364,1461,1461,robotol.ext,3,3,1,0x30631D,0x30631D,0x80000,0x0,0x2B1868,0x0,2,0,1,0,stop_at_base,0,0,0,,CALLBACK_RETURN_SENTINEL_OK
p17_hit1_20260801_144222_15364,1462,1462,robotol.ext,3,3,1,0x30631D,0x30631D,0x80000,0x0,0x2B1868,0x0,2,0,1,0,stop_at_base,0,0,0,,CALLBACK_RETURN_SENTINEL_OK
p17_hit1_20260801_144222_15364,1463,1463,robotol.ext,3,3,1,0x30631D,0x30631D,0x80000,0x0,0x2B1868,0x0,2,0,1,0,stop_at_base,0,0,0,,CALLBACK_RETURN_SENTINEL_OK
p17_hit1_20260801_144222_15364,1464,1464,robotol.ext,3,3,1,0x30631D,0x30631D,0x80000,0x0,0x2B1868,0x0,2,0,1,0,stop_at_base,0,0,0,,CALLBACK_RETURN_SENTINEL_OK
p17_hit1_20260801_144222_15364,1465,1465,robotol.ext,3,3,1,0x30631D,0x30631D,0x80000,0x0,0x2B1868,0x0,2,0,1,0,stop_at_base,0,0,0,,CALLBACK_RETURN_SENTINEL_OK
p17_hit1_20260801_144222_15364,1466,1466,robotol.ext,3,3,1,0x30631D,0x30631D,0x80000,0x0,0x2B1868,0x0,2,0,1,0,stop_at_base,0,0,0,,CALLBACK_RETURN_SENTINEL_OK
p17_hit1_20260801_144222_15364,1467,1467,robotol.ext,3,3,1,0x30631D,0x30631D,0x80000,0x0,0x2B1868,0x0,2,0,1,0,stop_at_base,0,0,0,,CALLBACK_RETURN_SENTINEL_OK
p17_hit1_20260801_144222_15364,1468,1468,robotol.ext,3,3,1,0x30631D,0x30631D,0x80000,0x0,0x2B1868,0x0,2,0,1,0,stop_at_base,0,0,0,,CALLBACK_RETURN_SENTINEL_OK
p17_hit1_20260801_144222_15364,1469,1469,robotol.ext,3,3,1,0x30631D,0x30631D,0x80000,0x0,0x2B1868,0x0,2,0,1,0,stop_at_base,0,0,0,,CALLBACK_RETURN_SENTINEL_OK
p17_hit1_20260801_144222_15364,1470,1470,robotol.ext,3,3,1,0x30631D,0x30631D,0x80000,0x0,0x2B1868,0x0,2,0,1,0,stop_at_base,0,0,0,,CALLBACK_RETURN_SENTINEL_OK
p17_hit1_20260801_144222_15364,1471,1471,robotol.ext,3,3,1,0x30631D,0x30631D,0x80000,0x0,0x2B1868,0x0,2,0,1,0,stop_at_base,0,0,0,,CALLBACK_RETURN_SENTINEL_OK
p17_hit1_20260801_144222_15364,1472,1472,robotol.ext,3,3,1,0x30631D,0x30631D,0x80000,0x0,0x2B1868,0x0,2,0,1,0,stop_at_base,0,0,0,,CALLBACK_RETURN_SENTINEL_OK
p17_hit1_20260801_144222_15364,1473,1473,robotol.ext,3,3,1,0x30631D,0x30631D,0x80000,0x0,0x2B1868,0x0,2,0,1,0,stop_at_base,0,0,0,,CALLBACK_RETURN_SENTINEL_OK
p17_hit1_20260801_144222_15364,1474,1474,robotol.ext,3,3,1,0x30631D,0x30631D,0x80000,0x0,0x2B1868,0x0,2,0,1,0,stop_at_base,0,0,0,,CALLBACK_RETURN_SENTINEL_OK
p17_hit1_20260801_144222_15364,1475,1475,robotol.ext,3,3,1,0x30631D,0x30631D,0x80000,0x0,0x2B1868,0x0,2,0,1,0,stop_at_base,0,0,0,,CALLBACK_RETURN_SENTINEL_OK
p17_hit1_20260801_144222_15364,1476,1476,robotol.ext,3,3,1,0x30631D,0x30631D,0x80000,0x0,0x2B1868,0x0,2,0,1,0,stop_at_base,0,0,0,,CALLBACK_RETURN_SENTINEL_OK
p17_hit1_20260801_144222_15364,1477,1477,robotol.ext,3,3,1,0x30631D,0x30631D,0x80000,0x0,0x2B1868,0x0,2,0,1,0,stop_at_base,0,0,0,,CALLBACK_RETURN_SENTINEL_OK
p17_hit1_20260801_144222_15364,1478,1478,robotol.ext,3,3,1,0x30631D,0x30631D,0x80000,0x0,0x2B1868,0x0,2,0,1,0,stop_at_base,0,0,0,,CALLBACK_RETURN_SENTINEL_OK
p17_hit1_20260801_144222_15364,1479,1479,robotol.ext,3,3,1,0x30631D,0x30631D,0x80000,0x0,0x2B1868,0x0,2,0,1,0,stop_at_base,0,0,0,,CALLBACK_RETURN_SENTINEL_OK
p17_hit1_20260801_144222_15364,1480,1480,robotol.ext,3,3,1,0x30631D,0x30631D,0x80000,0x0,0x2B1868,0x0,2,0,1,0,stop_at_base,0,0,0,,CALLBACK_RETURN_SENTINEL_OK
p17_hit1_20260801_144222_15364,1481,1481,robotol.ext,3,3,1,0x30631D,0x30631D,0x80000,0x0,0x2B1868,0x0,2,0,1,0,stop_at_base,0,0,0,,CALLBACK_RETURN_SENTINEL_OK
p17_hit1_20260801_144222_15364,1482,1482,robotol.ext,3,3,1,0x30631D,0x30631D,0x80000,0x0,0x2B1868,0x0,2,0,1,0,stop_at_base,0,0,0,,CALLBACK_RETURN_SENTINEL_OK
p17_hit1_20260801_144222_15364,1483,1483,robotol.ext,3,3,1,0x30631D,0x30631D,0x80000,0x0,0x2B1868,0x0,2,0,1,0,stop_at_base,0,0,0,,CALLBACK_RETURN_SENTINEL_OK
p17_hit1_20260801_144222_15364,1484,1484,robotol.ext,3,3,1,0x30631D,0x30631D,0x80000,0x0,0x2B1868,0x0,2,0,1,0,stop_at_base,0,0,0,,CALLBACK_RETURN_SENTINEL_OK
p17_hit1_20260801_144222_15364,1485,1485,robotol.ext,3,3,1,0x30631D,0x30631D,0x80000,0x0,0x2B1868,0x0,2,0,1,0,stop_at_base,0,0,0,,CALLBACK_RETURN_SENTINEL_OK
p17_hit1_20260801_144222_15364,1486,1486,robotol.ext,3,3,1,0x30631D,0x30631D,0x80000,0x0,0x2B1868,0x0,2,0,1,0,stop_at_base,0,0,0,,CALLBACK_RETURN_SENTINEL_OK
p17_hit1_20260801_144222_15364,1487,1487,robotol.ext,3,3,1,0x30631D,0x30631D,0x80000,0x0,0x2B1868,0x0,2,0,1,0,stop_at_base,0,0,0,,CALLBACK_RETURN_SENTINEL_OK
p17_hit1_20260801_144222_15364,1488,1488,robotol.ext,3,3,1,0x30631D,0x30631D,0x80000,0x0,0x2B1868,0x0,2,0,1,0,stop_at_base,0,0,0,,CALLBACK_RETURN_SENTINEL_OK
p17_hit1_20260801_144222_15364,1489,1489,robotol.ext,3,3,1,0x30631D,0x30631D,0x80000,0x0,0x2B1868,0x0,2,0,1,0,stop_at_base,0,0,0,,CALLBACK_RETURN_SENTINEL_OK
p17_hit1_20260801_144222_15364,1490,1490,robotol.ext,3,3,1,0x30631D,0x30631D,0x80000,0x0,0x2B1868,0x0,2,0,1,0,stop_at_base,0,0,0,,CALLBACK_RETURN_SENTINEL_OK
p17_hit1_20260801_144222_15364,1491,1491,robotol.ext,3,3,1,0x30631D,0x30631D,0x80000,0x0,0x2B1868,0x0,2,0,1,0,stop_at_base,0,0,0,,CALLBACK_RETURN_SENTINEL_OK
p17_hit1_20260801_144222_15364,1492,1492,robotol.ext,3,3,1,0x30631D,0x30631D,0x80000,0x0,0x2B1868,0x0,2,0,1,0,stop_at_base,0,0,0,,CALLBACK_RETURN_SENTINEL_OK
p17_hit1_20260801_144222_15364,1493,1493,robotol.ext,3,3,1,0x30631D,0x30631D,0x80000,0x0,0x2B1868,0x0,2,0,1,0,stop_at_base,0,0,0,,CALLBACK_RETURN_SENTINEL_OK
p17_hit1_20260801_144222_15364,1494,1494,robotol.ext,3,3,1,0x30631D,0x30631D,0x80000,0x0,0x2B1868,0x0,2,0,1,0,stop_at_base,0,0,0,,CALLBACK_RETURN_SENTINEL_OK
p17_hit1_20260801_144222_15364,1495,1495,robotol.ext,3,3,1,0x30631D,0x30631D,0x80000,0x0,0x2B1868,0x0,2,0,1,0,stop_at_base,0,0,0,,CALLBACK_RETURN_SENTINEL_OK
p17_hit1_20260801_144222_15364,1496,1496,robotol.ext,3,3,1,0x30631D,0x30631D,0x80000,0x0,0x2B1868,0x0,2,0,1,0,stop_at_base,0,0,0,,CALLBACK_RETURN_SENTINEL_OK
p17_hit1_20260801_144222_15364,1497,1497,robotol.ext,3,3,1,0x30631D,0x30631D,0x80000,0x0,0x2B1868,0x0,2,0,1,0,stop_at_base,0,0,0,,CALLBACK_RETURN_SENTINEL_OK
p17_hit1_20260801_144222_15364,1498,1498,robotol.ext,3,3,1,0x30631D,0x30631D,0x80000,0x0,0x2B1868,0x0,2,0,1,0,stop_at_base,0,0,0,,CALLBACK_RETURN_SENTINEL_OK
p17_hit1_20260801_144222_15364,1499,1499,robotol.ext,3,3,1,0x30631D,0x30631D,0x80000,0x0,0x2B1868,0x0,2,0,1,0,stop_at_base,0,0,0,,CALLBACK_RETURN_SENTINEL_OK
p17_hit1_20260801_144222_15364,1500,1500,robotol.ext,3,3,1,0x30631D,0x30631D,0x80000,0x0,0x2B1868,0x0,2,0,1,0,stop_at_base,0,0,0,,CALLBACK_RETURN_SENTINEL_OK
p17_hit1_20260801_144222_15364,1501,1501,robotol.ext,3,3,1,0x30631D,0x30631D,0x80000,0x0,0x2B1868,0x0,2,0,1,0,stop_at_base,0,0,0,,CALLBACK_RETURN_SENTINEL_OK
p17_hit1_20260801_144222_15364,1502,1502,robotol.ext,3,3,1,0x30631D,0x30631D,0x80000,0x0,0x2B1868,0x0,2,0,1,0,stop_at_base,0,0,0,,CALLBACK_RETURN_SENTINEL_OK
p17_hit1_20260801_144222_15364,1503,1503,robotol.ext,3,3,1,0x30631D,0x30631D,0x80000,0x0,0x2B1868,0x0,2,0,1,0,stop_at_base,0,0,0,,CALLBACK_RETURN_SENTINEL_OK
p17_hit1_20260801_144222_15364,1504,1504,robotol.ext,3,3,1,0x30631D,0x30631D,0x80000,0x0,0x2B1868,0x0,2,0,1,0,stop_at_base,0,0,0,,CALLBACK_RETURN_SENTINEL_OK
p17_hit1_20260801_144222_15364,1505,1505,robotol.ext,3,3,1,0x30631D,0x30631D,0x80000,0x0,0x2B1868,0x0,2,0,1,0,stop_at_base,0,0,0,,CALLBACK_RETURN_SENTINEL_OK
p17_hit1_20260801_144222_15364,1506,1506,robotol.ext,3,3,1,0x30631D,0x30631D,0x80000,0x0,0x2B1868,0x0,2,0,1,0,stop_at_base,0,0,0,,CALLBACK_RETURN_SENTINEL_OK
p17_hit1_20260801_144222_15364,1507,1507,robotol.ext,3,3,1,0x30631D,0x30631D,0x80000,0x0,0x2B1868,0x0,2,0,1,0,stop_at_base,0,0,0,,CALLBACK_RETURN_SENTINEL_OK
p17_hit1_20260801_144222_15364,1508,1508,robotol.ext,3,3,1,0x30631D,0x30631D,0x80000,0x0,0x2B1868,0x0,2,0,1,0,stop_at_base,0,0,0,,CALLBACK_RETURN_SENTINEL_OK
p17_hit1_20260801_144222_15364,1509,1509,robotol.ext,3,3,1,0x30631D,0x30631D,0x80000,0x0,0x2B1868,0x0,2,0,1,0,stop_at_base,0,0,0,,CALLBACK_RETURN_SENTINEL_OK
p17_hit1_20260801_144222_15364,1510,1510,robotol.ext,3,3,1,0x30631D,0x30631D,0x80000,0x0,0x2B1868,0x0,2,0,1,0,stop_at_base,0,0,0,,CALLBACK_RETURN_SENTINEL_OK
p17_hit1_20260801_144222_15364,1511,1511,robotol.ext,3,3,1,0x30631D,0x30631D,0x80000,0x0,0x2B1868,0x0,2,0,1,0,stop_at_base,0,0,0,,CALLBACK_RETURN_SENTINEL_OK
p17_hit1_20260801_144222_15364,1512,1512,robotol.ext,3,3,1,0x30631D,0x30631D,0x80000,0x0,0x2B1868,0x0,2,0,1,0,stop_at_base,0,0,0,,CALLBACK_RETURN_SENTINEL_OK
p17_hit1_20260801_144222_15364,1513,1513,robotol.ext,3,3,1,0x30631D,0x30631D,0x80000,0x0,0x2B1868,0x0,2,0,1,0,stop_at_base,0,0,0,,CALLBACK_RETURN_SENTINEL_OK
p17_hit1_20260801_144222_15364,1514,1514,robotol.ext,3,3,1,0x30631D,0x30631D,0x80000,0x0,0x2B1868,0x0,2,0,1,0,stop_at_base,0,0,0,,CALLBACK_RETURN_SENTINEL_OK
p17_hit1_20260801_144222_15364,1515,1515,robotol.ext,3,3,1,0x30631D,0x30631D,0x80000,0x0,0x2B1868,0x0,2,0,1,0,stop_at_base,0,0,0,,CALLBACK_RETURN_SENTINEL_OK
p17_hit1_20260801_144222_15364,1516,1516,robotol.ext,3,3,1,0x30631D,0x30631D,0x80000,0x0,0x2B1868,0x0,2,0,1,0,stop_at_base,0,0,0,,CALLBACK_RETURN_SENTINEL_OK
p17_hit1_20260801_144222_15364,1517,1517,robotol.ext,3,3,1,0x30631D,0x30631D,0x80000,0x0,0x2B1868,0x0,2,0,1,0,stop_at_base,0,0,0,,CALLBACK_RETURN_SENTINEL_OK
p17_hit1_20260801_144222_15364,1518,1518,robotol.ext,3,3,1,0x30631D,0x30631D,0x80000,0x0,0x2B1868,0x0,2,0,1,0,stop_at_base,0,0,0,,CALLBACK_RETURN_SENTINEL_OK
p17_hit1_20260801_144222_15364,1519,1519,robotol.ext,3,3,1,0x30631D,0x30631D,0x80000,0x0,0x2B1868,0x0,2,0,1,0,stop_at_base,0,0,0,,CALLBACK_RETURN_SENTINEL_OK
p17_hit1_20260801_144222_15364,1520,1520,robotol.ext,3,3,1,0x30631D,0x30631D,0x80000,0x0,0x2B1868,0x0,2,0,1,0,stop_at_base,0,0,0,,CALLBACK_RETURN_SENTINEL_OK
p17_hit1_20260801_144222_15364,1521,1521,robotol.ext,3,3,1,0x30631D,0x30631D,0x80000,0x0,0x2B1868,0x0,2,0,1,0,stop_at_base,0,0,0,,CALLBACK_RETURN_SENTINEL_OK
p17_hit1_20260801_144222_15364,1522,1522,robotol.ext,3,3,1,0x30631D,0x30631D,0x80000,0x0,0x2B1868,0x0,2,0,1,0,stop_at_base,0,0,0,,CALLBACK_RETURN_SENTINEL_OK
p17_hit1_20260801_144222_15364,1523,1523,robotol.ext,3,3,1,0x30631D,0x30631D,0x80000,0x0,0x2B1868,0x0,2,0,1,0,stop_at_base,0,0,0,,CALLBACK_RETURN_SENTINEL_OK
p17_hit1_20260801_144222_15364,1524,1524,robotol.ext,3,3,1,0x30631D,0x30631D,0x80000,0x0,0x2B1868,0x0,2,0,1,0,stop_at_base,0,0,0,,CALLBACK_RETURN_SENTINEL_OK
p17_hit1_20260801_144222_15364,1525,1525,robotol.ext,3,3,1,0x30631D,0x30631D,0x80000,0x0,0x2B1868,0x0,2,0,1,0,stop_at_base,0,0,0,,CALLBACK_RETURN_SENTINEL_OK
p17_hit1_20260801_144222_15364,1526,1526,robotol.ext,3,3,1,0x30631D,0x30631D,0x80000,0x0,0x2B1868,0x0,2,0,1,0,stop_at_base,0,0,0,,CALLBACK_RETURN_SENTINEL_OK
p17_hit1_20260801_144222_15364,1527,1527,robotol.ext,3,3,1,0x30631D,0x30631D,0x80000,0x0,0x2B1868,0x0,2,0,1,0,stop_at_base,0,0,0,,CALLBACK_RETURN_SENTINEL_OK
p17_hit1_20260801_144222_15364,1528,1528,robotol.ext,3,3,1,0x30631D,0x30631D,0x80000,0x0,0x2B1868,0x0,2,0,1,0,stop_at_base,0,0,0,,CALLBACK_RETURN_SENTINEL_OK
p17_hit1_20260801_144222_15364,1529,1529,robotol.ext,3,3,1,0x30631D,0x30631D,0x80000,0x0,0x2B1868,0x0,2,0,1,0,stop_at_base,0,0,0,,CALLBACK_RETURN_SENTINEL_OK
p17_hit1_20260801_144222_15364,1530,1530,robotol.ext,3,3,1,0x30631D,0x30631D,0x80000,0x0,0x2B1868,0x0,2,0,1,0,stop_at_base,0,0,0,,CALLBACK_RETURN_SENTINEL_OK
p17_hit1_20260801_144222_15364,1531,1531,robotol.ext,3,3,1,0x30631D,0x30631D,0x80000,0x0,0x2B1868,0x0,2,0,1,0,stop_at_base,0,0,0,,CALLBACK_RETURN_SENTINEL_OK
p17_hit1_20260801_144222_15364,1532,1532,robotol.ext,3,3,1,0x30631D,0x30631D,0x80000,0x0,0x2B1868,0x0,2,0,1,0,stop_at_base,0,0,0,,CALLBACK_RETURN_SENTINEL_OK
p17_hit1_20260801_144222_15364,1533,1533,robotol.ext,3,3,1,0x30631D,0x30631D,0x80000,0x0,0x2B1868,0x0,2,0,1,0,stop_at_base,0,0,0,,CALLBACK_RETURN_SENTINEL_OK
p17_hit1_20260801_144222_15364,1534,1534,robotol.ext,3,3,1,0x30631D,0x30631D,0x80000,0x0,0x2B1868,0x0,2,0,1,0,stop_at_base,0,0,0,,CALLBACK_RETURN_SENTINEL_OK
p17_hit1_20260801_144222_15364,1535,1535,robotol.ext,3,3,1,0x30631D,0x30631D,0x80000,0x0,0x2B1868,0x0,2,0,1,0,stop_at_base,0,0,0,,CALLBACK_RETURN_SENTINEL_OK
p17_hit1_20260801_144222_15364,1536,1536,robotol.ext,3,3,1,0x30631D,0x30631D,0x80000,0x0,0x2B1868,0x0,2,0,1,0,stop_at_base,0,0,0,,CALLBACK_RETURN_SENTINEL_OK
p17_hit1_20260801_144222_15364,1537,1537,robotol.ext,3,3,1,0x30631D,0x30631D,0x80000,0x0,0x2B1868,0x0,2,0,1,0,stop_at_base,0,0,0,,CALLBACK_RETURN_SENTINEL_OK
p17_hit1_20260801_144222_15364,1538,1538,robotol.ext,3,3,1,0x30631D,0x30631D,0x80000,0x0,0x2B1868,0x0,2,0,1,0,stop_at_base,0,0,0,,CALLBACK_RETURN_SENTINEL_OK
p17_hit1_20260801_144222_15364,1539,1539,robotol.ext,3,3,1,0x30631D,0x30631D,0x80000,0x0,0x2B1868,0x0,2,0,1,0,stop_at_base,0,0,0,,CALLBACK_RETURN_SENTINEL_OK
p17_hit1_20260801_144222_15364,1540,1540,robotol.ext,3,3,1,0x30631D,0x30631D,0x80000,0x0,0x2B1868,0x0,2,0,1,0,stop_at_base,0,0,0,,CALLBACK_RETURN_SENTINEL_OK
p17_hit1_20260801_144222_15364,1541,1541,robotol.ext,3,3,1,0x30631D,0x30631D,0x80000,0x0,0x2B1868,0x0,2,0,1,0,stop_at_base,0,0,0,,CALLBACK_RETURN_SENTINEL_OK
p17_hit1_20260801_144222_15364,1542,1542,robotol.ext,3,3,1,0x30631D,0x30631D,0x80000,0x0,0x2B1868,0x0,2,0,1,0,stop_at_base,0,0,0,,CALLBACK_RETURN_SENTINEL_OK
p17_hit1_20260801_144222_15364,1543,1543,robotol.ext,3,3,1,0x30631D,0x30631D,0x80000,0x0,0x2B1868,0x0,2,0,1,0,stop_at_base,0,0,0,,CALLBACK_RETURN_SENTINEL_OK
p17_hit2_20260801_144528_12572,1,1,robotol.ext,3,3,1,0x30631D,0x30631D,0x80000,0x0,0x2B1868,0x0,2,0,1,0,stop_at_base,0,0,0,,CALLBACK_RETURN_SENTINEL_OK
p17_hit2_20260801_144528_12572,2,2,robotol.ext,3,3,1,0x30631D,0x30631D,0x80000,0x0,0x2B1868,0x0,2,0,1,0,stop_at_base,0,0,0,,CALLBACK_RETURN_SENTINEL_OK
p17_hit2_20260801_144528_12572,3,3,robotol.ext,3,3,1,0x30631D,0x30631D,0x80000,0x0,0x2B1868,0x0,2,0,1,0,stop_at_base,0,0,0,,CALLBACK_RETURN_SENTINEL_OK
p17_hit2_20260801_144528_12572,4,4,robotol.ext,3,3,1,0x30631D,0x30631D,0x80000,0x0,0x2B1868,0x0,2,0,1,0,stop_at_base,0,0,0,,CALLBACK_RETURN_SENTINEL_OK
p17_hit2_20260801_144528_12572,5,5,robotol.ext,3,3,1,0x30631D,0x30631D,0x80000,0x0,0x2B1868,0x0,2,0,1,0,stop_at_base,0,0,0,,CALLBACK_RETURN_SENTINEL_OK
p17_hit2_20260801_144528_12572,6,6,robotol.ext,3,3,1,0x30631D,0x30631D,0x80000,0x0,0x2B1868,0x0,2,0,1,0,stop_at_base,0,0,0,,CALLBACK_RETURN_SENTINEL_OK
p17_hit2_20260801_144528_12572,7,7,robotol.ext,3,3,1,0x30631D,0x30631D,0x80000,0x0,0x2B1868,0x0,2,0,1,0,stop_at_base,0,0,0,,CALLBACK_RETURN_SENTINEL_OK
p17_hit2_20260801_144528_12572,8,8,robotol.ext,3,3,1,0x30631D,0x30631D,0x80000,0x0,0x2B1868,0x0,2,0,1,0,stop_at_base,0,0,0,,CALLBACK_RETURN_SENTINEL_OK
p17_hit2_20260801_144528_12572,9,9,robotol.ext,3,3,1,0x30631D,0x30631D,0x80000,0x0,0x2B1868,0x0,2,0,1,0,stop_at_base,0,0,0,,CALLBACK_RETURN_SENTINEL_OK
p17_hit2_20260801_144528_12572,10,10,robotol.ext,3,3,1,0x30631D,0x30631D,0x80000,0x0,0x2B1868,0x0,2,0,1,0,stop_at_base,0,0,0,,CALLBACK_RETURN_SENTINEL_OK
p17_hit2_20260801_144528_12572,11,11,robotol.ext,3,3,1,0x30631D,0x30631D,0x80000,0x0,0x2B1868,0x0,2,0,1,0,stop_at_base,0,0,0,,CALLBACK_RETURN_SENTINEL_OK
p17_hit2_20260801_144528_12572,12,12,robotol.ext,3,3,1,0x30631D,0x30631D,0x80000,0x0,0x2B1868,0x0,2,0,1,0,stop_at_base,0,0,0,,CALLBACK_RETURN_SENTINEL_OK
p17_hit2_20260801_144528_12572,13,13,robotol.ext,3,3,1,0x30631D,0x30631D,0x80000,0x0,0x2B1868,0x0,2,0,1,0,stop_at_base,0,0,0,,CALLBACK_RETURN_SENTINEL_OK
p17_hit2_20260801_144528_12572,14,14,robotol.ext,3,3,1,0x30631D,0x30631D,0x80000,0x0,0x2B1868,0x0,2,0,1,0,stop_at_base,0,0,0,,CALLBACK_RETURN_SENTINEL_OK
p17_hit2_20260801_144528_12572,15,15,robotol.ext,3,3,1,0x30631D,0x30631D,0x80000,0x0,0x2B1868,0x0,2,0,1,0,stop_at_base,0,0,0,,CALLBACK_RETURN_SENTINEL_OK
p17_hit2_20260801_144528_12572,16,16,robotol.ext,3,3,1,0x30631D,0x30631D,0x80000,0x0,0x2B1868,0x0,2,0,1,0,stop_at_base,0,0,0,,CALLBACK_RETURN_SENTINEL_OK
p17_hit2_20260801_144528_12572,17,17,robotol.ext,3,3,1,0x30631D,0x30631D,0x80000,0x0,0x2B1868,0x0,2,0,1,0,stop_at_base,0,0,0,,CALLBACK_RETURN_SENTINEL_OK
p17_hit2_20260801_144528_12572,18,18,robotol.ext,3,3,1,0x30631D,0x30631D,0x80000,0x0,0x2B1868,0x0,2,0,1,0,stop_at_base,0,0,0,,CALLBACK_RETURN_SENTINEL_OK
p17_hit2_20260801_144528_12572,19,19,robotol.ext,3,3,1,0x30631D,0x30631D,0x80000,0x0,0x2B1868,0x0,2,0,1,0,stop_at_base,0,0,0,,CALLBACK_RETURN_SENTINEL_OK
p17_hit2_20260801_144528_12572,20,20,robotol.ext,3,3,1,0x30631D,0x30631D,0x80000,0x0,0x2B1868,0x0,2,0,1,0,stop_at_base,0,0,0,,CALLBACK_RETURN_SENTINEL_OK
p17_hit2_20260801_144528_12572,21,21,robotol.ext,3,3,1,0x30631D,0x30631D,0x80000,0x0,0x2B1868,0x0,2,0,1,0,stop_at_base,0,0,0,,CALLBACK_RETURN_SENTINEL_OK
p17_hit2_20260801_144528_12572,22,22,robotol.ext,3,3,1,0x30631D,0x30631D,0x80000,0x0,0x2B1868,0x0,2,0,1,0,stop_at_base,0,0,0,,CALLBACK_RETURN_SENTINEL_OK
p17_hit2_20260801_144528_12572,23,23,robotol.ext,3,3,1,0x30631D,0x30631D,0x80000,0x0,0x2B1868,0x0,2,0,1,0,stop_at_base,0,0,0,,CALLBACK_RETURN_SENTINEL_OK
p17_hit2_20260801_144528_12572,24,24,robotol.ext,3,3,1,0x30631D,0x30631D,0x80000,0x0,0x2B1868,0x0,2,0,1,0,stop_at_base,0,0,0,,CALLBACK_RETURN_SENTINEL_OK
p17_hit2_20260801_144528_12572,25,25,robotol.ext,3,3,1,0x30631D,0x30631D,0x80000,0x0,0x2B1868,0x0,2,0,1,0,stop_at_base,0,0,0,,CALLBACK_RETURN_SENTINEL_OK
p17_hit2_20260801_144528_12572,26,26,robotol.ext,3,3,1,0x30631D,0x30631D,0x80000,0x0,0x2B1868,0x0,2,0,1,0,stop_at_base,0,0,0,,CALLBACK_RETURN_SENTINEL_OK
p17_hit2_20260801_144528_12572,27,27,robotol.ext,3,3,1,0x30631D,0x30631D,0x80000,0x0,0x2B1868,0x0,2,0,1,0,stop_at_base,0,0,0,,CALLBACK_RETURN_SENTINEL_OK
p17_hit2_20260801_144528_12572,28,28,robotol.ext,3,3,1,0x30631D,0x30631D,0x80000,0x0,0x2B1868,0x0,2,0,1,0,stop_at_base,0,0,0,,CALLBACK_RETURN_SENTINEL_OK
p17_hit2_20260801_144528_12572,29,29,robotol.ext,3,3,1,0x30631D,0x30631D,0x80000,0x0,0x2B1868,0x0,2,0,1,0,stop_at_base,0,0,0,,CALLBACK_RETURN_SENTINEL_OK
p17_hit2_20260801_144528_12572,30,30,robotol.ext,3,3,1,0x30631D,0x30631D,0x80000,0x0,0x2B1868,0x0,2,0,1,0,stop_at_base,0,0,0,,CALLBACK_RETURN_SENTINEL_OK
p17_hit2_20260801_144528_12572,31,31,robotol.ext,3,3,1,0x30631D,0x30631D,0x80000,0x0,0x2B1868,0x0,2,0,1,0,stop_at_base,0,0,0,,CALLBACK_RETURN_SENTINEL_OK
p17_hit2_20260801_144528_12572,32,32,robotol.ext,3,3,1,0x30631D,0x30631D,0x80000,0x0,0x2B1868,0x0,2,0,1,0,stop_at_base,0,0,0,,CALLBACK_RETURN_SENTINEL_OK
p17_hit2_20260801_144528_12572,33,33,robotol.ext,3,3,1,0x30631D,0x30631D,0x80000,0x0,0x2B1868,0x0,2,0,1,0,stop_at_base,0,0,0,,CALLBACK_RETURN_SENTINEL_OK
p17_hit2_20260801_144528_12572,34,34,robotol.ext,3,3,1,0x30631D,0x30631D,0x80000,0x0,0x2B1868,0x0,2,0,1,0,stop_at_base,0,0,0,,CALLBACK_RETURN_SENTINEL_OK
p17_hit2_20260801_144528_12572,35,35,robotol.ext,3,3,1,0x30631D,0x30631D,0x80000,0x0,0x2B1868,0x0,2,0,1,0,stop_at_base,0,0,0,,CALLBACK_RETURN_SENTINEL_OK
p17_hit2_20260801_144528_12572,36,36,robotol.ext,3,3,1,0x30631D,0x30631D,0x80000,0x0,0x2B1868,0x0,2,0,1,0,stop_at_base,0,0,0,,CALLBACK_RETURN_SENTINEL_OK
p17_hit2_20260801_144528_12572,37,37,robotol.ext,3,3,1,0x30631D,0x30631D,0x80000,0x0,0x2B1868,0x0,2,0,1,0,stop_at_base,0,0,0,,CALLBACK_RETURN_SENTINEL_OK
p17_hit2_20260801_144528_12572,38,38,robotol.ext,3,3,1,0x30631D,0x30631D,0x80000,0x0,0x2B1868,0x0,2,0,1,0,stop_at_base,0,0,0,,CALLBACK_RETURN_SENTINEL_OK
p17_hit2_20260801_144528_12572,39,39,robotol.ext,3,3,1,0x30631D,0x30631D,0x80000,0x0,0x2B1868,0x0,2,0,1,0,stop_at_base,0,0,0,,CALLBACK_RETURN_SENTINEL_OK
p17_hit2_20260801_144528_12572,40,40,robotol.ext,3,3,1,0x30631D,0x30631D,0x80000,0x0,0x2B1868,0x0,2,0,1,0,stop_at_base,0,0,0,,CALLBACK_RETURN_SENTINEL_OK
p17_hit2_20260801_144528_12572,41,41,robotol.ext,3,3,1,0x30631D,0x30631D,0x80000,0x0,0x2B1868,0x0,2,0,1,0,stop_at_base,0,0,0,,CALLBACK_RETURN_SENTINEL_OK
p17_hit2_20260801_144528_12572,42,42,robotol.ext,3,3,1,0x30631D,0x30631D,0x80000,0x0,0x2B1868,0x0,2,0,1,0,stop_at_base,0,0,0,,CALLBACK_RETURN_SENTINEL_OK
p17_hit2_20260801_144528_12572,43,43,robotol.ext,3,3,1,0x30631D,0x30631D,0x80000,0x0,0x2B1868,0x0,2,0,1,0,stop_at_base,0,0,0,,CALLBACK_RETURN_SENTINEL_OK
p17_hit2_20260801_144528_12572,44,44,robotol.ext,3,3,1,0x30631D,0x30631D,0x80000,0x0,0x2B1868,0x0,2,0,1,0,stop_at_base,0,0,0,,CALLBACK_RETURN_SENTINEL_OK
p17_hit2_20260801_144528_12572,45,45,robotol.ext,3,3,1,0x30631D,0x30631D,0x80000,0x0,0x2B1868,0x0,2,0,1,0,stop_at_base,0,0,0,,CALLBACK_RETURN_SENTINEL_OK
p17_hit2_20260801_144528_12572,46,46,robotol.ext,3,3,1,0x30631D,0x30631D,0x80000,0x0,0x2B1868,0x0,2,0,1,0,stop_at_base,0,0,0,,CALLBACK_RETURN_SENTINEL_OK
p17_hit2_20260801_144528_12572,47,47,robotol.ext,3,3,1,0x30631D,0x30631D,0x80000,0x0,0x2B1868,0x0,2,0,1,0,stop_at_base,0,0,0,,CALLBACK_RETURN_SENTINEL_OK
p17_hit2_20260801_144528_12572,48,48,robotol.ext,3,3,1,0x30631D,0x30631D,0x80000,0x0,0x2B1868,0x0,2,0,1,0,stop_at_base,0,0,0,,CALLBACK_RETURN_SENTINEL_OK
p17_hit2_20260801_144528_12572,49,49,robotol.ext,3,3,1,0x30631D,0x30631D,0x80000,0x0,0x2B1868,0x0,2,0,1,0,stop_at_base,0,0,0,,CALLBACK_RETURN_SENTINEL_OK
p17_hit2_20260801_144528_12572,50,50,robotol.ext,3,3,1,0x30631D,0x30631D,0x80000,0x0,0x2B1868,0x0,2,0,1,0,stop_at_base,0,0,0,,CALLBACK_RETURN_SENTINEL_OK
p17_hit2_20260801_144528_12572,51,51,robotol.ext,3,3,1,0x30631D,0x30631D,0x80000,0x0,0x2B1868,0x0,2,0,1,0,stop_at_base,0,0,0,,CALLBACK_RETURN_SENTINEL_OK
p17_hit2_20260801_144528_12572,52,52,robotol.ext,3,3,1,0x30631D,0x30631D,0x80000,0x0,0x2B1868,0x0,2,0,1,0,stop_at_base,0,0,0,,CALLBACK_RETURN_SENTINEL_OK
p17_hit2_20260801_144528_12572,53,53,robotol.ext,3,3,1,0x30631D,0x30631D,0x80000,0x0,0x2B1868,0x0,2,0,1,0,stop_at_base,0,0,0,,CALLBACK_RETURN_SENTINEL_OK
p17_hit2_20260801_144528_12572,54,54,robotol.ext,3,3,1,0x30631D,0x30631D,0x80000,0x0,0x2B1868,0x0,2,0,1,0,stop_at_base,0,0,0,,CALLBACK_RETURN_SENTINEL_OK
p17_hit2_20260801_144528_12572,55,55,robotol.ext,3,3,1,0x30631D,0x30631D,0x80000,0x0,0x2B1868,0x0,2,0,1,0,stop_at_base,0,0,0,,CALLBACK_RETURN_SENTINEL_OK
p17_hit2_20260801_144528_12572,56,56,robotol.ext,3,3,1,0x30631D,0x30631D,0x80000,0x0,0x2B1868,0x0,2,0,1,0,stop_at_base,0,0,0,,CALLBACK_RETURN_SENTINEL_OK
p17_hit2_20260801_144528_12572,57,57,robotol.ext,3,3,1,0x30631D,0x30631D,0x80000,0x0,0x2B1868,0x0,2,0,1,0,stop_at_base,0,0,0,,CALLBACK_RETURN_SENTINEL_OK
p17_hit2_20260801_144528_12572,58,58,robotol.ext,3,3,1,0x30631D,0x30631D,0x80000,0x0,0x2B1868,0x0,2,0,1,0,stop_at_base,0,0,0,,CALLBACK_RETURN_SENTINEL_OK
p17_hit2_20260801_144528_12572,59,59,robotol.ext,3,3,1,0x30631D,0x30631D,0x80000,0x0,0x2B1868,0x0,2,0,1,0,stop_at_base,0,0,0,,CALLBACK_RETURN_SENTINEL_OK
p17_hit2_20260801_144528_12572,60,60,robotol.ext,3,3,1,0x30631D,0x30631D,0x80000,0x0,0x2B1868,0x0,2,0,1,0,stop_at_base,0,0,0,,CALLBACK_RETURN_SENTINEL_OK
p17_hit2_20260801_144528_12572,61,61,robotol.ext,3,3,1,0x30631D,0x30631D,0x80000,0x0,0x2B1868,0x0,2,0,1,0,stop_at_base,0,0,0,,CALLBACK_RETURN_SENTINEL_OK
p17_hit2_20260801_144528_12572,62,62,robotol.ext,3,3,1,0x30631D,0x30631D,0x80000,0x0,0x2B1868,0x0,2,0,1,0,stop_at_base,0,0,0,,CALLBACK_RETURN_SENTINEL_OK
p17_hit2_20260801_144528_12572,63,63,robotol.ext,3,3,1,0x30631D,0x30631D,0x80000,0x0,0x2B1868,0x0,2,0,1,0,stop_at_base,0,0,0,,CALLBACK_RETURN_SENTINEL_OK
p17_hit2_20260801_144528_12572,64,64,robotol.ext,3,3,1,0x30631D,0x30631D,0x80000,0x0,0x2B1868,0x0,2,0,1,0,stop_at_base,0,0,0,,CALLBACK_RETURN_SENTINEL_OK
p17_hit2_20260801_144528_12572,65,65,robotol.ext,3,3,1,0x30631D,0x30631D,0x80000,0x0,0x2B1868,0x0,2,0,1,0,stop_at_base,0,0,0,,CALLBACK_RETURN_SENTINEL_OK
p17_hit2_20260801_144528_12572,66,66,robotol.ext,3,3,1,0x30631D,0x30631D,0x80000,0x0,0x2B1868,0x0,2,0,1,0,stop_at_base,0,0,0,,CALLBACK_RETURN_SENTINEL_OK
p17_hit2_20260801_144528_12572,67,67,robotol.ext,3,3,1,0x30631D,0x30631D,0x80000,0x0,0x2B1868,0x0,2,0,1,0,stop_at_base,0,0,0,,CALLBACK_RETURN_SENTINEL_OK
p17_hit2_20260801_144528_12572,68,68,robotol.ext,3,3,1,0x30631D,0x30631D,0x80000,0x0,0x2B1868,0x0,2,0,1,0,stop_at_base,0,0,0,,CALLBACK_RETURN_SENTINEL_OK
p17_hit2_20260801_144528_12572,69,69,robotol.ext,3,3,1,0x30631D,0x30631D,0x80000,0x0,0x2B1868,0x0,2,0,1,0,stop_at_base,0,0,0,,CALLBACK_RETURN_SENTINEL_OK
p17_hit2_20260801_144528_12572,70,70,robotol.ext,3,3,1,0x30631D,0x30631D,0x80000,0x0,0x2B1868,0x0,2,0,1,0,stop_at_base,0,0,0,,CALLBACK_RETURN_SENTINEL_OK
p17_hit2_20260801_144528_12572,71,71,robotol.ext,3,3,1,0x30631D,0x30631D,0x80000,0x0,0x2B1868,0x0,2,0,1,0,stop_at_base,0,0,0,,CALLBACK_RETURN_SENTINEL_OK
p17_hit2_20260801_144528_12572,72,72,robotol.ext,3,3,1,0x30631D,0x30631D,0x80000,0x0,0x2B1868,0x0,2,0,1,0,stop_at_base,0,0,0,,CALLBACK_RETURN_SENTINEL_OK
p17_hit2_20260801_144528_12572,73,73,robotol.ext,3,3,1,0x30631D,0x30631D,0x80000,0x0,0x2B1868,0x0,2,0,1,0,stop_at_base,0,0,0,,CALLBACK_RETURN_SENTINEL_OK
p17_hit2_20260801_144528_12572,74,74,robotol.ext,3,3,1,0x30631D,0x30631D,0x80000,0x0,0x2B1868,0x0,2,0,1,0,stop_at_base,0,0,0,,CALLBACK_RETURN_SENTINEL_OK
p17_hit2_20260801_144528_12572,75,75,robotol.ext,3,3,1,0x30631D,0x30631D,0x80000,0x0,0x2B1868,0x0,2,0,1,0,stop_at_base,0,0,0,,CALLBACK_RETURN_SENTINEL_OK
p17_hit2_20260801_144528_12572,76,76,robotol.ext,3,3,1,0x30631D,0x30631D,0x80000,0x0,0x2B1868,0x0,2,0,1,0,stop_at_base,0,0,0,,CALLBACK_RETURN_SENTINEL_OK
p17_hit2_20260801_144528_12572,77,77,robotol.ext,3,3,1,0x30631D,0x30631D,0x80000,0x0,0x2B1868,0x0,2,0,1,0,stop_at_base,0,0,0,,CALLBACK_RETURN_SENTINEL_OK
p17_hit2_20260801_144528_12572,78,78,robotol.ext,3,3,1,0x30631D,0x30631D,0x80000,0x0,0x2B1868,0x0,2,0,1,0,stop_at_base,0,0,0,,CALLBACK_RETURN_SENTINEL_OK
p17_hit2_20260801_144528_12572,79,79,robotol.ext,3,3,1,0x30631D,0x30631D,0x80000,0x0,0x2B1868,0x0,2,0,1,0,stop_at_base,0,0,0,,CALLBACK_RETURN_SENTINEL_OK
p17_hit2_20260801_144528_12572,80,80,robotol.ext,3,3,1,0x30631D,0x30631D,0x80000,0x0,0x2B1868,0x0,2,0,1,0,stop_at_base,0,0,0,,CALLBACK_RETURN_SENTINEL_OK
p17_hit2_20260801_144528_12572,81,81,robotol.ext,3,3,1,0x30631D,0x30631D,0x80000,0x0,0x2B1868,0x0,2,0,1,0,stop_at_base,0,0,0,,CALLBACK_RETURN_SENTINEL_OK
p17_hit2_20260801_144528_12572,82,82,robotol.ext,3,3,1,0x30631D,0x30631D,0x80000,0x0,0x2B1868,0x0,2,0,1,0,stop_at_base,0,0,0,,CALLBACK_RETURN_SENTINEL_OK
p17_hit2_20260801_144528_12572,83,83,robotol.ext,3,3,1,0x30631D,0x30631D,0x80000,0x0,0x2B1868,0x0,2,0,1,0,stop_at_base,0,0,0,,CALLBACK_RETURN_SENTINEL_OK
p17_hit2_20260801_144528_12572,84,84,robotol.ext,3,3,1,0x30631D,0x30631D,0x80000,0x0,0x2B1868,0x0,2,0,1,0,stop_at_base,0,0,0,,CALLBACK_RETURN_SENTINEL_OK
p17_hit2_20260801_144528_12572,85,85,robotol.ext,3,3,1,0x30631D,0x30631D,0x80000,0x0,0x2B1868,0x0,2,0,1,0,stop_at_base,0,0,0,,CALLBACK_RETURN_SENTINEL_OK
p17_hit2_20260801_144528_12572,86,86,robotol.ext,3,3,1,0x30631D,0x30631D,0x80000,0x0,0x2B1868,0x0,2,0,1,0,stop_at_base,0,0,0,,CALLBACK_RETURN_SENTINEL_OK
p17_hit2_20260801_144528_12572,87,87,robotol.ext,3,3,1,0x30631D,0x30631D,0x80000,0x0,0x2B1868,0x0,2,0,1,0,stop_at_base,0,0,0,,CALLBACK_RETURN_SENTINEL_OK
p17_hit2_20260801_144528_12572,88,88,robotol.ext,3,3,1,0x30631D,0x30631D,0x80000,0x0,0x2B1868,0x0,2,0,1,0,stop_at_base,0,0,0,,CALLBACK_RETURN_SENTINEL_OK
p17_hit2_20260801_144528_12572,89,89,robotol.ext,3,3,1,0x30631D,0x30631D,0x80000,0x0,0x2B1868,0x0,2,0,1,0,stop_at_base,0,0,0,,CALLBACK_RETURN_SENTINEL_OK
p17_hit2_20260801_144528_12572,90,90,robotol.ext,3,3,1,0x30631D,0x30631D,0x80000,0x0,0x2B1868,0x0,2,0,1,0,stop_at_base,0,0,0,,CALLBACK_RETURN_SENTINEL_OK
p17_hit2_20260801_144528_12572,91,91,robotol.ext,3,3,1,0x30631D,0x30631D,0x80000,0x0,0x2B1868,0x0,2,0,1,0,stop_at_base,0,0,0,,CALLBACK_RETURN_SENTINEL_OK
p17_hit2_20260801_144528_12572,92,92,robotol.ext,3,3,1,0x30631D,0x30631D,0x80000,0x0,0x2B1868,0x0,2,0,1,0,stop_at_base,0,0,0,,CALLBACK_RETURN_SENTINEL_OK
p17_hit2_20260801_144528_12572,93,93,robotol.ext,3,3,1,0x30631D,0x30631D,0x80000,0x0,0x2B1868,0x0,2,0,1,0,stop_at_base,0,0,0,,CALLBACK_RETURN_SENTINEL_OK
p17_hit2_20260801_144528_12572,94,94,robotol.ext,3,3,1,0x30631D,0x30631D,0x80000,0x0,0x2B1868,0x0,2,0,1,0,stop_at_base,0,0,0,,CALLBACK_RETURN_SENTINEL_OK
p17_hit2_20260801_144528_12572,95,95,robotol.ext,3,3,1,0x30631D,0x30631D,0x80000,0x0,0x2B1868,0x0,2,0,1,0,stop_at_base,0,0,0,,CALLBACK_RETURN_SENTINEL_OK
p17_hit2_20260801_144528_12572,96,96,robotol.ext,3,3,1,0x30631D,0x30631D,0x80000,0x0,0x2B1868,0x0,2,0,1,0,stop_at_base,0,0,0,,CALLBACK_RETURN_SENTINEL_OK
p17_hit2_20260801_144528_12572,97,97,robotol.ext,3,3,1,0x30631D,0x30631D,0x80000,0x0,0x2B1868,0x0,2,0,1,0,stop_at_base,0,0,0,,CALLBACK_RETURN_SENTINEL_OK
p17_hit2_20260801_144528_12572,98,98,robotol.ext,3,3,1,0x30631D,0x30631D,0x80000,0x0,0x2B1868,0x0,2,0,1,0,stop_at_base,0,0,0,,CALLBACK_RETURN_SENTINEL_OK
p17_hit2_20260801_144528_12572,99,99,robotol.ext,3,3,1,0x30631D,0x30631D,0x80000,0x0,0x2B1868,0x0,2,0,1,0,stop_at_base,0,0,0,,CALLBACK_RETURN_SENTINEL_OK
p17_hit2_20260801_144528_12572,100,100,robotol.ext,3,3,1,0x30631D,0x30631D,0x80000,0x0,0x2B1868,0x0,2,0,1,0,stop_at_base,0,0,0,,CALLBACK_RETURN_SENTINEL_OK
p17_hit2_20260801_144528_12572,101,101,robotol.ext,3,3,1,0x30631D,0x30631D,0x80000,0x0,0x2B1868,0x0,2,0,1,0,stop_at_base,0,0,0,,CALLBACK_RETURN_SENTINEL_OK
p17_hit2_20260801_144528_12572,102,102,robotol.ext,3,3,1,0x30631D,0x30631D,0x80000,0x0,0x2B1868,0x0,2,0,1,0,stop_at_base,0,0,0,,CALLBACK_RETURN_SENTINEL_OK
p17_hit2_20260801_144528_12572,103,103,robotol.ext,3,3,1,0x30631D,0x30631D,0x80000,0x0,0x2B1868,0x0,2,0,1,0,stop_at_base,0,0,0,,CALLBACK_RETURN_SENTINEL_OK
p17_hit2_20260801_144528_12572,104,104,robotol.ext,3,3,1,0x30631D,0x30631D,0x80000,0x0,0x2B1868,0x0,2,0,1,0,stop_at_base,0,0,0,,CALLBACK_RETURN_SENTINEL_OK
p17_hit2_20260801_144528_12572,105,105,robotol.ext,3,3,1,0x30631D,0x30631D,0x80000,0x0,0x2B1868,0x0,2,0,1,0,stop_at_base,0,0,0,,CALLBACK_RETURN_SENTINEL_OK
p17_hit2_20260801_144528_12572,106,106,robotol.ext,3,3,1,0x30631D,0x30631D,0x80000,0x0,0x2B1868,0x0,2,0,1,0,stop_at_base,0,0,0,,CALLBACK_RETURN_SENTINEL_OK
p17_hit2_20260801_144528_12572,107,107,robotol.ext,3,3,1,0x30631D,0x30631D,0x80000,0x0,0x2B1868,0x0,2,0,1,0,stop_at_base,0,0,0,,CALLBACK_RETURN_SENTINEL_OK
p17_hit2_20260801_144528_12572,108,108,robotol.ext,3,3,1,0x30631D,0x30631D,0x80000,0x0,0x2B1868,0x0,2,0,1,0,stop_at_base,0,0,0,,CALLBACK_RETURN_SENTINEL_OK
p17_hit2_20260801_144528_12572,109,109,robotol.ext,3,3,1,0x30631D,0x30631D,0x80000,0x0,0x2B1868,0x0,2,0,1,0,stop_at_base,0,0,0,,CALLBACK_RETURN_SENTINEL_OK
p17_hit2_20260801_144528_12572,110,110,robotol.ext,3,3,1,0x30631D,0x30631D,0x80000,0x0,0x2B1868,0x0,2,0,1,0,stop_at_base,0,0,0,,CALLBACK_RETURN_SENTINEL_OK
p17_hit2_20260801_144528_12572,111,111,robotol.ext,3,3,1,0x30631D,0x30631D,0x80000,0x0,0x2B1868,0x0,2,0,1,0,stop_at_base,0,0,0,,CALLBACK_RETURN_SENTINEL_OK
p17_hit2_20260801_144528_12572,112,112,robotol.ext,3,3,1,0x30631D,0x30631D,0x80000,0x0,0x2B1868,0x0,2,0,1,0,stop_at_base,0,0,0,,CALLBACK_RETURN_SENTINEL_OK
p17_hit2_20260801_144528_12572,113,113,robotol.ext,3,3,1,0x30631D,0x30631D,0x80000,0x0,0x2B1868,0x0,2,0,1,0,stop_at_base,0,0,0,,CALLBACK_RETURN_SENTINEL_OK
p17_hit2_20260801_144528_12572,114,114,robotol.ext,3,3,1,0x30631D,0x30631D,0x80000,0x0,0x2B1868,0x0,2,0,1,0,stop_at_base,0,0,0,,CALLBACK_RETURN_SENTINEL_OK
p17_hit2_20260801_144528_12572,115,115,robotol.ext,3,3,1,0x30631D,0x30631D,0x80000,0x0,0x2B1868,0x0,2,0,1,0,stop_at_base,0,0,0,,CALLBACK_RETURN_SENTINEL_OK
p17_hit2_20260801_144528_12572,116,116,robotol.ext,3,3,1,0x30631D,0x30631D,0x80000,0x0,0x2B1868,0x0,2,0,1,0,stop_at_base,0,0,0,,CALLBACK_RETURN_SENTINEL_OK
p17_hit2_20260801_144528_12572,117,117,robotol.ext,3,3,1,0x30631D,0x30631D,0x80000,0x0,0x2B1868,0x0,2,0,1,0,stop_at_base,0,0,0,,CALLBACK_RETURN_SENTINEL_OK
p17_hit2_20260801_144528_12572,118,118,robotol.ext,3,3,1,0x30631D,0x30631D,0x80000,0x0,0x2B1868,0x0,2,0,1,0,stop_at_base,0,0,0,,CALLBACK_RETURN_SENTINEL_OK
p17_hit2_20260801_144528_12572,119,119,robotol.ext,3,3,1,0x30631D,0x30631D,0x80000,0x0,0x2B1868,0x0,2,0,1,0,stop_at_base,0,0,0,,CALLBACK_RETURN_SENTINEL_OK
p17_hit2_20260801_144528_12572,120,120,robotol.ext,3,3,1,0x30631D,0x30631D,0x80000,0x0,0x2B1868,0x0,2,0,1,0,stop_at_base,0,0,0,,CALLBACK_RETURN_SENTINEL_OK
p17_hit2_20260801_144528_12572,121,121,robotol.ext,3,3,1,0x30631D,0x30631D,0x80000,0x0,0x2B1868,0x0,2,0,1,0,stop_at_base,0,0,0,,CALLBACK_RETURN_SENTINEL_OK
p17_hit2_20260801_144528_12572,122,122,robotol.ext,3,3,1,0x30631D,0x30631D,0x80000,0x0,0x2B1868,0x0,2,0,1,0,stop_at_base,0,0,0,,CALLBACK_RETURN_SENTINEL_OK
p17_hit2_20260801_144528_12572,123,123,robotol.ext,3,3,1,0x30631D,0x30631D,0x80000,0x0,0x2B1868,0x0,2,0,1,0,stop_at_base,0,0,0,,CALLBACK_RETURN_SENTINEL_OK
p17_hit2_20260801_144528_12572,124,124,robotol.ext,3,3,1,0x30631D,0x30631D,0x80000,0x0,0x2B1868,0x0,2,0,1,0,stop_at_base,0,0,0,,CALLBACK_RETURN_SENTINEL_OK
p17_hit2_20260801_144528_12572,125,125,robotol.ext,3,3,1,0x30631D,0x30631D,0x80000,0x0,0x2B1868,0x0,2,0,1,0,stop_at_base,0,0,0,,CALLBACK_RETURN_SENTINEL_OK
p17_hit2_20260801_144528_12572,126,126,robotol.ext,3,3,1,0x30631D,0x30631D,0x80000,0x0,0x2B1868,0x0,2,0,1,0,stop_at_base,0,0,0,,CALLBACK_RETURN_SENTINEL_OK
p17_hit2_20260801_144528_12572,127,127,robotol.ext,3,3,1,0x30631D,0x30631D,0x80000,0x0,0x2B1868,0x0,2,0,1,0,stop_at_base,0,0,0,,CALLBACK_RETURN_SENTINEL_OK
p17_hit2_20260801_144528_12572,128,128,robotol.ext,3,3,1,0x30631D,0x30631D,0x80000,0x0,0x2B1868,0x0,2,0,1,0,stop_at_base,0,0,0,,CALLBACK_RETURN_SENTINEL_OK
p17_hit2_20260801_144528_12572,129,129,robotol.ext,3,3,1,0x30631D,0x30631D,0x80000,0x0,0x2B1868,0x0,2,0,1,0,stop_at_base,0,0,0,,CALLBACK_RETURN_SENTINEL_OK
p17_hit2_20260801_144528_12572,130,130,robotol.ext,3,3,1,0x30631D,0x30631D,0x80000,0x0,0x2B1868,0x0,2,0,1,0,stop_at_base,0,0,0,,CALLBACK_RETURN_SENTINEL_OK
p17_hit2_20260801_144528_12572,131,131,robotol.ext,3,3,1,0x30631D,0x30631D,0x80000,0x0,0x2B1868,0x0,2,0,1,0,stop_at_base,0,0,0,,CALLBACK_RETURN_SENTINEL_OK
p17_hit2_20260801_144528_12572,132,132,robotol.ext,3,3,1,0x30631D,0x30631D,0x80000,0x0,0x2B1868,0x0,2,0,1,0,stop_at_base,0,0,0,,CALLBACK_RETURN_SENTINEL_OK
p17_hit2_20260801_144528_12572,133,133,robotol.ext,3,3,1,0x30631D,0x30631D,0x80000,0x0,0x2B1868,0x0,2,0,1,0,stop_at_base,0,0,0,,CALLBACK_RETURN_SENTINEL_OK
p17_hit2_20260801_144528_12572,134,134,robotol.ext,3,3,1,0x30631D,0x30631D,0x80000,0x0,0x2B1868,0x0,2,0,1,0,stop_at_base,0,0,0,,CALLBACK_RETURN_SENTINEL_OK
p17_hit2_20260801_144528_12572,135,135,robotol.ext,3,3,1,0x30631D,0x30631D,0x80000,0x0,0x2B1868,0x0,2,0,1,0,stop_at_base,0,0,0,,CALLBACK_RETURN_SENTINEL_OK
p17_hit2_20260801_144528_12572,136,136,robotol.ext,3,3,1,0x30631D,0x30631D,0x80000,0x0,0x2B1868,0x0,2,0,1,0,stop_at_base,0,0,0,,CALLBACK_RETURN_SENTINEL_OK
p17_hit2_20260801_144528_12572,137,137,robotol.ext,3,3,1,0x30631D,0x30631D,0x80000,0x0,0x2B1868,0x0,2,0,1,0,stop_at_base,0,0,0,,CALLBACK_RETURN_SENTINEL_OK
p17_hit2_20260801_144528_12572,138,138,robotol.ext,3,3,1,0x30631D,0x30631D,0x80000,0x0,0x2B1868,0x0,2,0,1,0,stop_at_base,0,0,0,,CALLBACK_RETURN_SENTINEL_OK
p17_hit2_20260801_144528_12572,139,139,robotol.ext,3,3,1,0x30631D,0x30631D,0x80000,0x0,0x2B1868,0x0,2,0,1,0,stop_at_base,0,0,0,,CALLBACK_RETURN_SENTINEL_OK
p17_hit2_20260801_144528_12572,140,140,robotol.ext,3,3,1,0x30631D,0x30631D,0x80000,0x0,0x2B1868,0x0,2,0,1,0,stop_at_base,0,0,0,,CALLBACK_RETURN_SENTINEL_OK
p17_hit2_20260801_144528_12572,141,141,robotol.ext,3,3,1,0x30631D,0x30631D,0x80000,0x0,0x2B1868,0x0,2,0,1,0,stop_at_base,0,0,0,,CALLBACK_RETURN_SENTINEL_OK
p17_hit2_20260801_144528_12572,142,142,robotol.ext,3,3,1,0x30631D,0x30631D,0x80000,0x0,0x2B1868,0x0,2,0,1,0,stop_at_base,0,0,0,,CALLBACK_RETURN_SENTINEL_OK
p17_hit2_20260801_144528_12572,143,143,robotol.ext,3,3,1,0x30631D,0x30631D,0x80000,0x0,0x2B1868,0x0,2,0,1,0,stop_at_base,0,0,0,,CALLBACK_RETURN_SENTINEL_OK
p17_hit2_20260801_144528_12572,144,144,robotol.ext,3,3,1,0x30631D,0x30631D,0x80000,0x0,0x2B1868,0x0,2,0,1,0,stop_at_base,0,0,0,,CALLBACK_RETURN_SENTINEL_OK
p17_hit2_20260801_144528_12572,145,145,robotol.ext,3,3,1,0x30631D,0x30631D,0x80000,0x0,0x2B1868,0x0,2,0,1,0,stop_at_base,0,0,0,,CALLBACK_RETURN_SENTINEL_OK
p17_hit2_20260801_144528_12572,146,146,robotol.ext,3,3,1,0x30631D,0x30631D,0x80000,0x0,0x2B1868,0x0,2,0,1,0,stop_at_base,0,0,0,,CALLBACK_RETURN_SENTINEL_OK
p17_hit2_20260801_144528_12572,147,147,robotol.ext,3,3,1,0x30631D,0x30631D,0x80000,0x0,0x2B1868,0x0,2,0,1,0,stop_at_base,0,0,0,,CALLBACK_RETURN_SENTINEL_OK
p17_hit2_20260801_144528_12572,148,148,robotol.ext,3,3,1,0x30631D,0x30631D,0x80000,0x0,0x2B1868,0x0,2,0,1,0,stop_at_base,0,0,0,,CALLBACK_RETURN_SENTINEL_OK
p17_hit2_20260801_144528_12572,149,149,robotol.ext,3,3,1,0x30631D,0x30631D,0x80000,0x0,0x2B1868,0x0,2,0,1,0,stop_at_base,0,0,0,,CALLBACK_RETURN_SENTINEL_OK
p17_hit2_20260801_144528_12572,150,150,robotol.ext,3,3,1,0x30631D,0x30631D,0x80000,0x0,0x2B1868,0x0,2,0,1,0,stop_at_base,0,0,0,,CALLBACK_RETURN_SENTINEL_OK
p17_hit2_20260801_144528_12572,151,151,robotol.ext,3,3,1,0x30631D,0x30631D,0x80000,0x0,0x2B1868,0x0,2,0,1,0,stop_at_base,0,0,0,,CALLBACK_RETURN_SENTINEL_OK
p17_hit2_20260801_144528_12572,152,152,robotol.ext,3,3,1,0x30631D,0x30631D,0x80000,0x0,0x2B1868,0x0,2,0,1,0,stop_at_base,0,0,0,,CALLBACK_RETURN_SENTINEL_OK
p17_hit2_20260801_144528_12572,153,153,robotol.ext,3,3,1,0x30631D,0x30631D,0x80000,0x0,0x2B1868,0x0,2,0,1,0,stop_at_base,0,0,0,,CALLBACK_RETURN_SENTINEL_OK
p17_hit2_20260801_144528_12572,154,154,robotol.ext,3,3,1,0x30631D,0x30631D,0x80000,0x0,0x2B1868,0x0,2,0,1,0,stop_at_base,0,0,0,,CALLBACK_RETURN_SENTINEL_OK
p17_hit2_20260801_144528_12572,155,155,robotol.ext,3,3,1,0x30631D,0x30631D,0x80000,0x0,0x2B1868,0x0,2,0,1,0,stop_at_base,0,0,0,,CALLBACK_RETURN_SENTINEL_OK
p17_hit2_20260801_144528_12572,156,156,robotol.ext,3,3,1,0x30631D,0x30631D,0x80000,0x0,0x2B1868,0x0,2,0,1,0,stop_at_base,0,0,0,,CALLBACK_RETURN_SENTINEL_OK
p17_hit2_20260801_144528_12572,157,157,robotol.ext,3,3,1,0x30631D,0x30631D,0x80000,0x0,0x2B1868,0x0,2,0,1,0,stop_at_base,0,0,0,,CALLBACK_RETURN_SENTINEL_OK
p17_hit2_20260801_144528_12572,158,158,robotol.ext,3,3,1,0x30631D,0x30631D,0x80000,0x0,0x2B1868,0x0,2,0,1,0,stop_at_base,0,0,0,,CALLBACK_RETURN_SENTINEL_OK
p17_hit2_20260801_144528_12572,159,159,robotol.ext,3,3,1,0x30631D,0x30631D,0x80000,0x0,0x2B1868,0x0,2,0,1,0,stop_at_base,0,0,0,,CALLBACK_RETURN_SENTINEL_OK
p17_hit2_20260801_144528_12572,160,160,robotol.ext,3,3,1,0x30631D,0x30631D,0x80000,0x0,0x2B1868,0x0,2,0,1,0,stop_at_base,0,0,0,,CALLBACK_RETURN_SENTINEL_OK
p17_hit2_20260801_144528_12572,161,161,robotol.ext,3,3,1,0x30631D,0x30631D,0x80000,0x0,0x2B1868,0x0,2,0,1,0,stop_at_base,0,0,0,,CALLBACK_RETURN_SENTINEL_OK
p17_hit2_20260801_144528_12572,162,162,robotol.ext,3,3,1,0x30631D,0x30631D,0x80000,0x0,0x2B1868,0x0,2,0,1,0,stop_at_base,0,0,0,,CALLBACK_RETURN_SENTINEL_OK
p17_hit2_20260801_144528_12572,163,163,robotol.ext,3,3,1,0x30631D,0x30631D,0x80000,0x0,0x2B1868,0x0,2,0,1,0,stop_at_base,0,0,0,,CALLBACK_RETURN_SENTINEL_OK
p17_hit2_20260801_144528_12572,164,164,robotol.ext,3,3,1,0x30631D,0x30631D,0x80000,0x0,0x2B1868,0x0,2,0,1,0,stop_at_base,0,0,0,,CALLBACK_RETURN_SENTINEL_OK
p17_hit2_20260801_144528_12572,165,165,robotol.ext,3,3,1,0x30631D,0x30631D,0x80000,0x0,0x2B1868,0x0,2,0,1,0,stop_at_base,0,0,0,,CALLBACK_RETURN_SENTINEL_OK
p17_hit2_20260801_144528_12572,166,166,robotol.ext,3,3,1,0x30631D,0x30631D,0x80000,0x0,0x2B1868,0x0,2,0,1,0,stop_at_base,0,0,0,,CALLBACK_RETURN_SENTINEL_OK
p17_hit2_20260801_144528_12572,167,167,robotol.ext,3,3,1,0x30631D,0x30631D,0x80000,0x0,0x2B1868,0x0,2,0,1,0,stop_at_base,0,0,0,,CALLBACK_RETURN_SENTINEL_OK
p17_hit2_20260801_144528_12572,168,168,robotol.ext,3,3,1,0x30631D,0x30631D,0x80000,0x0,0x2B1868,0x0,2,0,1,0,stop_at_base,0,0,0,,CALLBACK_RETURN_SENTINEL_OK
p17_hit2_20260801_144528_12572,169,169,robotol.ext,3,3,1,0x30631D,0x30631D,0x80000,0x0,0x2B1868,0x0,2,0,1,0,stop_at_base,0,0,0,,CALLBACK_RETURN_SENTINEL_OK
p17_hit2_20260801_144528_12572,170,170,robotol.ext,3,3,1,0x30631D,0x30631D,0x80000,0x0,0x2B1868,0x0,2,0,1,0,stop_at_base,0,0,0,,CALLBACK_RETURN_SENTINEL_OK
p17_hit2_20260801_144528_12572,171,171,robotol.ext,3,3,1,0x30631D,0x30631D,0x80000,0x0,0x2B1868,0x0,2,0,1,0,stop_at_base,0,0,0,,CALLBACK_RETURN_SENTINEL_OK
p17_hit2_20260801_144528_12572,172,172,robotol.ext,3,3,1,0x30631D,0x30631D,0x80000,0x0,0x2B1868,0x0,2,0,1,0,stop_at_base,0,0,0,,CALLBACK_RETURN_SENTINEL_OK
p17_hit2_20260801_144528_12572,173,173,robotol.ext,3,3,1,0x30631D,0x30631D,0x80000,0x0,0x2B1868,0x0,2,0,1,0,stop_at_base,0,0,0,,CALLBACK_RETURN_SENTINEL_OK
p17_hit2_20260801_144528_12572,174,174,robotol.ext,3,3,1,0x30631D,0x30631D,0x80000,0x0,0x2B1868,0x0,2,0,1,0,stop_at_base,0,0,0,,CALLBACK_RETURN_SENTINEL_OK
p17_hit2_20260801_144528_12572,175,175,robotol.ext,3,3,1,0x30631D,0x30631D,0x80000,0x0,0x2B1868,0x0,2,0,1,0,stop_at_base,0,0,0,,CALLBACK_RETURN_SENTINEL_OK
p17_hit2_20260801_144528_12572,176,176,robotol.ext,3,3,1,0x30631D,0x30631D,0x80000,0x0,0x2B1868,0x0,2,0,1,0,stop_at_base,0,0,0,,CALLBACK_RETURN_SENTINEL_OK
p17_hit2_20260801_144528_12572,177,177,robotol.ext,3,3,1,0x30631D,0x30631D,0x80000,0x0,0x2B1868,0x0,2,0,1,0,stop_at_base,0,0,0,,CALLBACK_RETURN_SENTINEL_OK
p17_hit2_20260801_144528_12572,178,178,robotol.ext,3,3,1,0x30631D,0x30631D,0x80000,0x0,0x2B1868,0x0,2,0,1,0,stop_at_base,0,0,0,,CALLBACK_RETURN_SENTINEL_OK
p17_hit2_20260801_144528_12572,179,179,robotol.ext,3,3,1,0x30631D,0x30631D,0x80000,0x0,0x2B1868,0x0,2,0,1,0,stop_at_base,0,0,0,,CALLBACK_RETURN_SENTINEL_OK
p17_hit2_20260801_144528_12572,180,180,robotol.ext,3,3,1,0x30631D,0x30631D,0x80000,0x0,0x2B1868,0x0,2,0,1,0,stop_at_base,0,0,0,,CALLBACK_RETURN_SENTINEL_OK
p17_hit2_20260801_144528_12572,181,181,robotol.ext,3,3,1,0x30631D,0x30631D,0x80000,0x0,0x2B1868,0x0,2,0,1,0,stop_at_base,0,0,0,,CALLBACK_RETURN_SENTINEL_OK
p17_hit2_20260801_144528_12572,182,182,robotol.ext,3,3,1,0x30631D,0x30631D,0x80000,0x0,0x2B1868,0x0,2,0,1,0,stop_at_base,0,0,0,,CALLBACK_RETURN_SENTINEL_OK
p17_hit2_20260801_144528_12572,183,183,robotol.ext,3,3,1,0x30631D,0x30631D,0x80000,0x0,0x2B1868,0x0,2,0,1,0,stop_at_base,0,0,0,,CALLBACK_RETURN_SENTINEL_OK
p17_hit2_20260801_144528_12572,184,184,robotol.ext,3,3,1,0x30631D,0x30631D,0x80000,0x0,0x2B1868,0x0,2,0,1,0,stop_at_base,0,0,0,,CALLBACK_RETURN_SENTINEL_OK
p17_hit2_20260801_144528_12572,185,185,robotol.ext,3,3,1,0x30631D,0x30631D,0x80000,0x0,0x2B1868,0x0,2,0,1,0,stop_at_base,0,0,0,,CALLBACK_RETURN_SENTINEL_OK
p17_hit2_20260801_144528_12572,186,186,robotol.ext,3,3,1,0x30631D,0x30631D,0x80000,0x0,0x2B1868,0x0,2,0,1,0,stop_at_base,0,0,0,,CALLBACK_RETURN_SENTINEL_OK
p17_hit2_20260801_144528_12572,187,187,robotol.ext,3,3,1,0x30631D,0x30631D,0x80000,0x0,0x2B1868,0x0,2,0,1,0,stop_at_base,0,0,0,,CALLBACK_RETURN_SENTINEL_OK
p17_hit2_20260801_144528_12572,188,188,robotol.ext,3,3,1,0x30631D,0x30631D,0x80000,0x0,0x2B1868,0x0,2,0,1,0,stop_at_base,0,0,0,,CALLBACK_RETURN_SENTINEL_OK
p17_hit2_20260801_144528_12572,189,189,robotol.ext,3,3,1,0x30631D,0x30631D,0x80000,0x0,0x2B1868,0x0,2,0,1,0,stop_at_base,0,0,0,,CALLBACK_RETURN_SENTINEL_OK
p17_hit2_20260801_144528_12572,190,190,robotol.ext,3,3,1,0x30631D,0x30631D,0x80000,0x0,0x2B1868,0x0,2,0,1,0,stop_at_base,0,0,0,,CALLBACK_RETURN_SENTINEL_OK
p17_hit2_20260801_144528_12572,191,191,robotol.ext,3,3,1,0x30631D,0x30631D,0x80000,0x0,0x2B1868,0x0,2,0,1,0,stop_at_base,0,0,0,,CALLBACK_RETURN_SENTINEL_OK
p17_hit2_20260801_144528_12572,192,192,robotol.ext,3,3,1,0x30631D,0x30631D,0x80000,0x0,0x2B1868,0x0,2,0,1,0,stop_at_base,0,0,0,,CALLBACK_RETURN_SENTINEL_OK
p17_hit2_20260801_144528_12572,193,193,robotol.ext,3,3,1,0x30631D,0x30631D,0x80000,0x0,0x2B1868,0x0,2,0,1,0,stop_at_base,0,0,0,,CALLBACK_RETURN_SENTINEL_OK
p17_hit2_20260801_144528_12572,194,194,robotol.ext,3,3,1,0x30631D,0x30631D,0x80000,0x0,0x2B1868,0x0,2,0,1,0,stop_at_base,0,0,0,,CALLBACK_RETURN_SENTINEL_OK
p17_hit2_20260801_144528_12572,195,195,robotol.ext,3,3,1,0x30631D,0x30631D,0x80000,0x0,0x2B1868,0x0,2,0,1,0,stop_at_base,0,0,0,,CALLBACK_RETURN_SENTINEL_OK
p17_hit2_20260801_144528_12572,196,196,robotol.ext,3,3,1,0x30631D,0x30631D,0x80000,0x0,0x2B1868,0x0,2,0,1,0,stop_at_base,0,0,0,,CALLBACK_RETURN_SENTINEL_OK
p17_hit2_20260801_144528_12572,197,197,robotol.ext,3,3,1,0x30631D,0x30631D,0x80000,0x0,0x2B1868,0x0,2,0,1,0,stop_at_base,0,0,0,,CALLBACK_RETURN_SENTINEL_OK
p17_hit2_20260801_144528_12572,198,198,robotol.ext,3,3,1,0x30631D,0x30631D,0x80000,0x0,0x2B1868,0x0,2,0,1,0,stop_at_base,0,0,0,,CALLBACK_RETURN_SENTINEL_OK
p17_hit2_20260801_144528_12572,199,199,robotol.ext,3,3,1,0x30631D,0x30631D,0x80000,0x0,0x2B1868,0x0,2,0,1,0,stop_at_base,0,0,0,,CALLBACK_RETURN_SENTINEL_OK
p17_hit2_20260801_144528_12572,200,200,robotol.ext,3,3,1,0x30631D,0x30631D,0x80000,0x0,0x2B1868,0x0,2,0,1,0,stop_at_base,0,0,0,,CALLBACK_RETURN_SENTINEL_OK
p17_hit2_20260801_144528_12572,201,201,robotol.ext,3,3,1,0x30631D,0x30631D,0x80000,0x0,0x2B1868,0x0,2,0,1,0,stop_at_base,0,0,0,,CALLBACK_RETURN_SENTINEL_OK
p17_hit2_20260801_144528_12572,202,202,robotol.ext,3,3,1,0x30631D,0x30631D,0x80000,0x0,0x2B1868,0x0,2,0,1,0,stop_at_base,0,0,0,,CALLBACK_RETURN_SENTINEL_OK
p17_hit2_20260801_144528_12572,203,203,robotol.ext,3,3,1,0x30631D,0x30631D,0x80000,0x0,0x2B1868,0x0,2,0,1,0,stop_at_base,0,0,0,,CALLBACK_RETURN_SENTINEL_OK
p17_hit2_20260801_144528_12572,204,204,robotol.ext,3,3,1,0x30631D,0x30631D,0x80000,0x0,0x2B1868,0x0,2,0,1,0,stop_at_base,0,0,0,,CALLBACK_RETURN_SENTINEL_OK
p17_hit2_20260801_144528_12572,205,205,robotol.ext,3,3,1,0x30631D,0x30631D,0x80000,0x0,0x2B1868,0x0,2,0,1,0,stop_at_base,0,0,0,,CALLBACK_RETURN_SENTINEL_OK
p17_hit2_20260801_144528_12572,206,206,robotol.ext,3,3,1,0x30631D,0x30631D,0x80000,0x0,0x2B1868,0x0,2,0,1,0,stop_at_base,0,0,0,,CALLBACK_RETURN_SENTINEL_OK
p17_hit2_20260801_144528_12572,207,207,robotol.ext,3,3,1,0x30631D,0x30631D,0x80000,0x0,0x2B1868,0x0,2,0,1,0,stop_at_base,0,0,0,,CALLBACK_RETURN_SENTINEL_OK
p17_hit2_20260801_144528_12572,208,208,robotol.ext,3,3,1,0x30631D,0x30631D,0x80000,0x0,0x2B1868,0x0,2,0,1,0,stop_at_base,0,0,0,,CALLBACK_RETURN_SENTINEL_OK
p17_hit2_20260801_144528_12572,209,209,robotol.ext,3,3,1,0x30631D,0x30631D,0x80000,0x0,0x2B1868,0x0,2,0,1,0,stop_at_base,0,0,0,,CALLBACK_RETURN_SENTINEL_OK
p17_hit2_20260801_144528_12572,210,210,robotol.ext,3,3,1,0x30631D,0x30631D,0x80000,0x0,0x2B1868,0x0,2,0,1,0,stop_at_base,0,0,0,,CALLBACK_RETURN_SENTINEL_OK
p17_hit2_20260801_144528_12572,211,211,robotol.ext,3,3,1,0x30631D,0x30631D,0x80000,0x0,0x2B1868,0x0,2,0,1,0,stop_at_base,0,0,0,,CALLBACK_RETURN_SENTINEL_OK
p17_hit2_20260801_144528_12572,212,212,robotol.ext,3,3,1,0x30631D,0x30631D,0x80000,0x0,0x2B1868,0x0,2,0,1,0,stop_at_base,0,0,0,,CALLBACK_RETURN_SENTINEL_OK
p17_hit2_20260801_144528_12572,213,213,robotol.ext,3,3,1,0x30631D,0x30631D,0x80000,0x0,0x2B1868,0x0,2,0,1,0,stop_at_base,0,0,0,,CALLBACK_RETURN_SENTINEL_OK
p17_hit2_20260801_144528_12572,214,214,robotol.ext,3,3,1,0x30631D,0x30631D,0x80000,0x0,0x2B1868,0x0,2,0,1,0,stop_at_base,0,0,0,,CALLBACK_RETURN_SENTINEL_OK
p17_hit2_20260801_144528_12572,215,215,robotol.ext,3,3,1,0x30631D,0x30631D,0x80000,0x0,0x2B1868,0x0,2,0,1,0,stop_at_base,0,0,0,,CALLBACK_RETURN_SENTINEL_OK
p17_hit2_20260801_144528_12572,216,216,robotol.ext,3,3,1,0x30631D,0x30631D,0x80000,0x0,0x2B1868,0x0,2,0,1,0,stop_at_base,0,0,0,,CALLBACK_RETURN_SENTINEL_OK
p17_hit2_20260801_144528_12572,217,217,robotol.ext,3,3,1,0x30631D,0x30631D,0x80000,0x0,0x2B1868,0x0,2,0,1,0,stop_at_base,0,0,0,,CALLBACK_RETURN_SENTINEL_OK
p17_hit2_20260801_144528_12572,218,218,robotol.ext,3,3,1,0x30631D,0x30631D,0x80000,0x0,0x2B1868,0x0,2,0,1,0,stop_at_base,0,0,0,,CALLBACK_RETURN_SENTINEL_OK
p17_hit2_20260801_144528_12572,219,219,robotol.ext,3,3,1,0x30631D,0x30631D,0x80000,0x0,0x2B1868,0x0,2,0,1,0,stop_at_base,0,0,0,,CALLBACK_RETURN_SENTINEL_OK
p17_hit2_20260801_144528_12572,220,220,robotol.ext,3,3,1,0x30631D,0x30631D,0x80000,0x0,0x2B1868,0x0,2,0,1,0,stop_at_base,0,0,0,,CALLBACK_RETURN_SENTINEL_OK
p17_hit2_20260801_144528_12572,221,221,robotol.ext,3,3,1,0x30631D,0x30631D,0x80000,0x0,0x2B1868,0x0,2,0,1,0,stop_at_base,0,0,0,,CALLBACK_RETURN_SENTINEL_OK
p17_hit2_20260801_144528_12572,222,222,robotol.ext,3,3,1,0x30631D,0x30631D,0x80000,0x0,0x2B1868,0x0,2,0,1,0,stop_at_base,0,0,0,,CALLBACK_RETURN_SENTINEL_OK
p17_hit2_20260801_144528_12572,223,223,robotol.ext,3,3,1,0x30631D,0x30631D,0x80000,0x0,0x2B1868,0x0,2,0,1,0,stop_at_base,0,0,0,,CALLBACK_RETURN_SENTINEL_OK
p17_hit2_20260801_144528_12572,224,224,robotol.ext,3,3,1,0x30631D,0x30631D,0x80000,0x0,0x2B1868,0x0,2,0,1,0,stop_at_base,0,0,0,,CALLBACK_RETURN_SENTINEL_OK
p17_hit2_20260801_144528_12572,225,225,robotol.ext,3,3,1,0x30631D,0x30631D,0x80000,0x0,0x2B1868,0x0,2,0,1,0,stop_at_base,0,0,0,,CALLBACK_RETURN_SENTINEL_OK
p17_hit2_20260801_144528_12572,226,226,robotol.ext,3,3,1,0x30631D,0x30631D,0x80000,0x0,0x2B1868,0x0,2,0,1,0,stop_at_base,0,0,0,,CALLBACK_RETURN_SENTINEL_OK
p17_hit2_20260801_144528_12572,227,227,robotol.ext,3,3,1,0x30631D,0x30631D,0x80000,0x0,0x2B1868,0x0,2,0,1,0,stop_at_base,0,0,0,,CALLBACK_RETURN_SENTINEL_OK
p17_hit2_20260801_144528_12572,228,228,robotol.ext,3,3,1,0x30631D,0x30631D,0x80000,0x0,0x2B1868,0x0,2,0,1,0,stop_at_base,0,0,0,,CALLBACK_RETURN_SENTINEL_OK
p17_hit2_20260801_144528_12572,229,229,robotol.ext,3,3,1,0x30631D,0x30631D,0x80000,0x0,0x2B1868,0x0,2,0,1,0,stop_at_base,0,0,0,,CALLBACK_RETURN_SENTINEL_OK
p17_hit2_20260801_144528_12572,230,230,robotol.ext,3,3,1,0x30631D,0x30631D,0x80000,0x0,0x2B1868,0x0,2,0,1,0,stop_at_base,0,0,0,,CALLBACK_RETURN_SENTINEL_OK
p17_hit2_20260801_144528_12572,231,231,robotol.ext,3,3,1,0x30631D,0x30631D,0x80000,0x0,0x2B1868,0x0,2,0,1,0,stop_at_base,0,0,0,,CALLBACK_RETURN_SENTINEL_OK
p17_hit2_20260801_144528_12572,232,232,robotol.ext,3,3,1,0x30631D,0x30631D,0x80000,0x0,0x2B1868,0x0,2,0,1,0,stop_at_base,0,0,0,,CALLBACK_RETURN_SENTINEL_OK
p17_hit2_20260801_144528_12572,233,233,robotol.ext,3,3,1,0x30631D,0x30631D,0x80000,0x0,0x2B1868,0x0,2,0,1,0,stop_at_base,0,0,0,,CALLBACK_RETURN_SENTINEL_OK
p17_hit2_20260801_144528_12572,234,234,robotol.ext,3,3,1,0x30631D,0x30631D,0x80000,0x0,0x2B1868,0x0,2,0,1,0,stop_at_base,0,0,0,,CALLBACK_RETURN_SENTINEL_OK
p17_hit2_20260801_144528_12572,235,235,robotol.ext,3,3,1,0x30631D,0x30631D,0x80000,0x0,0x2B1868,0x0,2,0,1,0,stop_at_base,0,0,0,,CALLBACK_RETURN_SENTINEL_OK
p17_hit2_20260801_144528_12572,236,236,robotol.ext,3,3,1,0x30631D,0x30631D,0x80000,0x0,0x2B1868,0x0,2,0,1,0,stop_at_base,0,0,0,,CALLBACK_RETURN_SENTINEL_OK
p17_hit2_20260801_144528_12572,237,237,robotol.ext,3,3,1,0x30631D,0x30631D,0x80000,0x0,0x2B1868,0x0,2,0,1,0,stop_at_base,0,0,0,,CALLBACK_RETURN_SENTINEL_OK
p17_hit2_20260801_144528_12572,238,238,robotol.ext,3,3,1,0x30631D,0x30631D,0x80000,0x0,0x2B1868,0x0,2,0,1,0,stop_at_base,0,0,0,,CALLBACK_RETURN_SENTINEL_OK
p17_hit2_20260801_144528_12572,239,239,robotol.ext,3,3,1,0x30631D,0x30631D,0x80000,0x0,0x2B1868,0x0,2,0,1,0,stop_at_base,0,0,0,,CALLBACK_RETURN_SENTINEL_OK
p17_hit2_20260801_144528_12572,240,240,robotol.ext,3,3,1,0x30631D,0x30631D,0x80000,0x0,0x2B1868,0x0,2,0,1,0,stop_at_base,0,0,0,,CALLBACK_RETURN_SENTINEL_OK
p17_hit2_20260801_144528_12572,241,241,robotol.ext,3,3,1,0x30631D,0x30631D,0x80000,0x0,0x2B1868,0x0,2,0,1,0,stop_at_base,0,0,0,,CALLBACK_RETURN_SENTINEL_OK
p17_hit2_20260801_144528_12572,242,242,robotol.ext,3,3,1,0x30631D,0x30631D,0x80000,0x0,0x2B1868,0x0,2,0,1,0,stop_at_base,0,0,0,,CALLBACK_RETURN_SENTINEL_OK
p17_hit2_20260801_144528_12572,243,243,robotol.ext,3,3,1,0x30631D,0x30631D,0x80000,0x0,0x2B1868,0x0,2,0,1,0,stop_at_base,0,0,0,,CALLBACK_RETURN_SENTINEL_OK
p17_hit2_20260801_144528_12572,244,244,robotol.ext,3,3,1,0x30631D,0x30631D,0x80000,0x0,0x2B1868,0x0,2,0,1,0,stop_at_base,0,0,0,,CALLBACK_RETURN_SENTINEL_OK
p17_hit2_20260801_144528_12572,245,245,robotol.ext,3,3,1,0x30631D,0x30631D,0x80000,0x0,0x2B1868,0x0,2,0,1,0,stop_at_base,0,0,0,,CALLBACK_RETURN_SENTINEL_OK
p17_hit2_20260801_144528_12572,246,246,robotol.ext,3,3,1,0x30631D,0x30631D,0x80000,0x0,0x2B1868,0x0,2,0,1,0,stop_at_base,0,0,0,,CALLBACK_RETURN_SENTINEL_OK
p17_hit2_20260801_144528_12572,247,247,robotol.ext,3,3,1,0x30631D,0x30631D,0x80000,0x0,0x2B1868,0x0,2,0,1,0,stop_at_base,0,0,0,,CALLBACK_RETURN_SENTINEL_OK
p17_hit2_20260801_144528_12572,248,248,robotol.ext,3,3,1,0x30631D,0x30631D,0x80000,0x0,0x2B1868,0x0,2,0,1,0,stop_at_base,0,0,0,,CALLBACK_RETURN_SENTINEL_OK
p17_hit2_20260801_144528_12572,249,249,robotol.ext,3,3,1,0x30631D,0x30631D,0x80000,0x0,0x2B1868,0x0,2,0,1,0,stop_at_base,0,0,0,,CALLBACK_RETURN_SENTINEL_OK
p17_hit2_20260801_144528_12572,250,250,robotol.ext,3,3,1,0x30631D,0x30631D,0x80000,0x0,0x2B1868,0x0,2,0,1,0,stop_at_base,0,0,0,,CALLBACK_RETURN_SENTINEL_OK
p17_hit2_20260801_144528_12572,251,251,robotol.ext,3,3,1,0x30631D,0x30631D,0x80000,0x0,0x2B1868,0x0,2,0,1,0,stop_at_base,0,0,0,,CALLBACK_RETURN_SENTINEL_OK
p17_hit2_20260801_144528_12572,252,252,robotol.ext,3,3,1,0x30631D,0x30631D,0x80000,0x0,0x2B1868,0x0,2,0,1,0,stop_at_base,0,0,0,,CALLBACK_RETURN_SENTINEL_OK
p17_hit2_20260801_144528_12572,253,253,robotol.ext,3,3,1,0x30631D,0x30631D,0x80000,0x0,0x2B1868,0x0,2,0,1,0,stop_at_base,0,0,0,,CALLBACK_RETURN_SENTINEL_OK
p17_hit2_20260801_144528_12572,254,254,robotol.ext,3,3,1,0x30631D,0x30631D,0x80000,0x0,0x2B1868,0x0,2,0,1,0,stop_at_base,0,0,0,,CALLBACK_RETURN_SENTINEL_OK
p17_hit2_20260801_144528_12572,255,255,robotol.ext,3,3,1,0x30631D,0x30631D,0x80000,0x0,0x2B1868,0x0,2,0,1,0,stop_at_base,0,0,0,,CALLBACK_RETURN_SENTINEL_OK
p17_hit2_20260801_144528_12572,256,256,robotol.ext,3,3,1,0x30631D,0x30631D,0x80000,0x0,0x2B1868,0x0,2,0,1,0,stop_at_base,0,0,0,,CALLBACK_RETURN_SENTINEL_OK
p17_hit2_20260801_144528_12572,257,257,robotol.ext,3,3,1,0x30631D,0x30631D,0x80000,0x0,0x2B1868,0x0,2,0,1,0,stop_at_base,0,0,0,,CALLBACK_RETURN_SENTINEL_OK
p17_hit2_20260801_144528_12572,258,258,robotol.ext,3,3,1,0x30631D,0x30631D,0x80000,0x0,0x2B1868,0x0,2,0,1,0,stop_at_base,0,0,0,,CALLBACK_RETURN_SENTINEL_OK
p17_hit2_20260801_144528_12572,259,259,robotol.ext,3,3,1,0x30631D,0x30631D,0x80000,0x0,0x2B1868,0x0,2,0,1,0,stop_at_base,0,0,0,,CALLBACK_RETURN_SENTINEL_OK
p17_hit2_20260801_144528_12572,260,260,robotol.ext,3,3,1,0x30631D,0x30631D,0x80000,0x0,0x2B1868,0x0,2,0,1,0,stop_at_base,0,0,0,,CALLBACK_RETURN_SENTINEL_OK
p17_hit2_20260801_144528_12572,261,261,robotol.ext,3,3,1,0x30631D,0x30631D,0x80000,0x0,0x2B1868,0x0,2,0,1,0,stop_at_base,0,0,0,,CALLBACK_RETURN_SENTINEL_OK
p17_hit2_20260801_144528_12572,262,262,robotol.ext,3,3,1,0x30631D,0x30631D,0x80000,0x0,0x2B1868,0x0,2,0,1,0,stop_at_base,0,0,0,,CALLBACK_RETURN_SENTINEL_OK
p17_hit2_20260801_144528_12572,263,263,robotol.ext,3,3,1,0x30631D,0x30631D,0x80000,0x0,0x2B1868,0x0,2,0,1,0,stop_at_base,0,0,0,,CALLBACK_RETURN_SENTINEL_OK
p17_hit2_20260801_144528_12572,264,264,robotol.ext,3,3,1,0x30631D,0x30631D,0x80000,0x0,0x2B1868,0x0,2,0,1,0,stop_at_base,0,0,0,,CALLBACK_RETURN_SENTINEL_OK
p17_hit2_20260801_144528_12572,265,265,robotol.ext,3,3,1,0x30631D,0x30631D,0x80000,0x0,0x2B1868,0x0,2,0,1,0,stop_at_base,0,0,0,,CALLBACK_RETURN_SENTINEL_OK
p17_hit2_20260801_144528_12572,266,266,robotol.ext,3,3,1,0x30631D,0x30631D,0x80000,0x0,0x2B1868,0x0,2,0,1,0,stop_at_base,0,0,0,,CALLBACK_RETURN_SENTINEL_OK
p17_hit2_20260801_144528_12572,267,267,robotol.ext,3,3,1,0x30631D,0x30631D,0x80000,0x0,0x2B1868,0x0,2,0,1,0,stop_at_base,0,0,0,,CALLBACK_RETURN_SENTINEL_OK
p17_hit2_20260801_144528_12572,268,268,robotol.ext,3,3,1,0x30631D,0x30631D,0x80000,0x0,0x2B1868,0x0,2,0,1,0,stop_at_base,0,0,0,,CALLBACK_RETURN_SENTINEL_OK
p17_hit2_20260801_144528_12572,269,269,robotol.ext,3,3,1,0x30631D,0x30631D,0x80000,0x0,0x2B1868,0x0,2,0,1,0,stop_at_base,0,0,0,,CALLBACK_RETURN_SENTINEL_OK
p17_hit2_20260801_144528_12572,270,270,robotol.ext,3,3,1,0x30631D,0x30631D,0x80000,0x0,0x2B1868,0x0,2,0,1,0,stop_at_base,0,0,0,,CALLBACK_RETURN_SENTINEL_OK
p17_hit2_20260801_144528_12572,271,271,robotol.ext,3,3,1,0x30631D,0x30631D,0x80000,0x0,0x2B1868,0x0,2,0,1,0,stop_at_base,0,0,0,,CALLBACK_RETURN_SENTINEL_OK
p17_hit2_20260801_144528_12572,272,272,robotol.ext,3,3,1,0x30631D,0x30631D,0x80000,0x0,0x2B1868,0x0,2,0,1,0,stop_at_base,0,0,0,,CALLBACK_RETURN_SENTINEL_OK
p17_hit2_20260801_144528_12572,273,273,robotol.ext,3,3,1,0x30631D,0x30631D,0x80000,0x0,0x2B1868,0x0,2,0,1,0,stop_at_base,0,0,0,,CALLBACK_RETURN_SENTINEL_OK
p17_hit2_20260801_144528_12572,274,274,robotol.ext,3,3,1,0x30631D,0x30631D,0x80000,0x0,0x2B1868,0x0,2,0,1,0,stop_at_base,0,0,0,,CALLBACK_RETURN_SENTINEL_OK
p17_hit2_20260801_144528_12572,275,275,robotol.ext,3,3,1,0x30631D,0x30631D,0x80000,0x0,0x2B1868,0x0,2,0,1,0,stop_at_base,0,0,0,,CALLBACK_RETURN_SENTINEL_OK
p17_hit2_20260801_144528_12572,276,276,robotol.ext,3,3,1,0x30631D,0x30631D,0x80000,0x0,0x2B1868,0x0,2,0,1,0,stop_at_base,0,0,0,,CALLBACK_RETURN_SENTINEL_OK
p17_hit2_20260801_144528_12572,277,277,robotol.ext,3,3,1,0x30631D,0x30631D,0x80000,0x0,0x2B1868,0x0,2,0,1,0,stop_at_base,0,0,0,,CALLBACK_RETURN_SENTINEL_OK
p17_hit2_20260801_144528_12572,278,278,robotol.ext,3,3,1,0x30631D,0x30631D,0x80000,0x0,0x2B1868,0x0,2,0,1,0,stop_at_base,0,0,0,,CALLBACK_RETURN_SENTINEL_OK
p17_hit2_20260801_144528_12572,279,279,robotol.ext,3,3,1,0x30631D,0x30631D,0x80000,0x0,0x2B1868,0x0,2,0,1,0,stop_at_base,0,0,0,,CALLBACK_RETURN_SENTINEL_OK
p17_hit2_20260801_144528_12572,280,280,robotol.ext,3,3,1,0x30631D,0x30631D,0x80000,0x0,0x2B1868,0x0,2,0,1,0,stop_at_base,0,0,0,,CALLBACK_RETURN_SENTINEL_OK
p17_hit2_20260801_144528_12572,281,281,robotol.ext,3,3,1,0x30631D,0x30631D,0x80000,0x0,0x2B1868,0x0,2,0,1,0,stop_at_base,0,0,0,,CALLBACK_RETURN_SENTINEL_OK
p17_hit2_20260801_144528_12572,282,282,robotol.ext,3,3,1,0x30631D,0x30631D,0x80000,0x0,0x2B1868,0x0,2,0,1,0,stop_at_base,0,0,0,,CALLBACK_RETURN_SENTINEL_OK
p17_hit2_20260801_144528_12572,283,283,robotol.ext,3,3,1,0x30631D,0x30631D,0x80000,0x0,0x2B1868,0x0,2,0,1,0,stop_at_base,0,0,0,,CALLBACK_RETURN_SENTINEL_OK
p17_hit2_20260801_144528_12572,284,284,robotol.ext,3,3,1,0x30631D,0x30631D,0x80000,0x0,0x2B1868,0x0,2,0,1,0,stop_at_base,0,0,0,,CALLBACK_RETURN_SENTINEL_OK
p17_hit2_20260801_144528_12572,285,285,robotol.ext,3,3,1,0x30631D,0x30631D,0x80000,0x0,0x2B1868,0x0,2,0,1,0,stop_at_base,0,0,0,,CALLBACK_RETURN_SENTINEL_OK
p17_hit2_20260801_144528_12572,286,286,robotol.ext,3,3,1,0x30631D,0x30631D,0x80000,0x0,0x2B1868,0x0,2,0,1,0,stop_at_base,0,0,0,,CALLBACK_RETURN_SENTINEL_OK
p17_hit2_20260801_144528_12572,287,287,robotol.ext,3,3,1,0x30631D,0x30631D,0x80000,0x0,0x2B1868,0x0,2,0,1,0,stop_at_base,0,0,0,,CALLBACK_RETURN_SENTINEL_OK
p17_hit2_20260801_144528_12572,288,288,robotol.ext,3,3,1,0x30631D,0x30631D,0x80000,0x0,0x2B1868,0x0,2,0,1,0,stop_at_base,0,0,0,,CALLBACK_RETURN_SENTINEL_OK
p17_hit2_20260801_144528_12572,289,289,robotol.ext,3,3,1,0x30631D,0x30631D,0x80000,0x0,0x2B1868,0x0,2,0,1,0,stop_at_base,0,0,0,,CALLBACK_RETURN_SENTINEL_OK
p17_hit2_20260801_144528_12572,290,290,robotol.ext,3,3,1,0x30631D,0x30631D,0x80000,0x0,0x2B1868,0x0,2,0,1,0,stop_at_base,0,0,0,,CALLBACK_RETURN_SENTINEL_OK
p17_hit2_20260801_144528_12572,291,291,robotol.ext,3,3,1,0x30631D,0x30631D,0x80000,0x0,0x2B1868,0x0,2,0,1,0,stop_at_base,0,0,0,,CALLBACK_RETURN_SENTINEL_OK
p17_hit2_20260801_144528_12572,292,292,robotol.ext,3,3,1,0x30631D,0x30631D,0x80000,0x0,0x2B1868,0x0,2,0,1,0,stop_at_base,0,0,0,,CALLBACK_RETURN_SENTINEL_OK
p17_hit2_20260801_144528_12572,293,293,robotol.ext,3,3,1,0x30631D,0x30631D,0x80000,0x0,0x2B1868,0x0,2,0,1,0,stop_at_base,0,0,0,,CALLBACK_RETURN_SENTINEL_OK
p17_hit2_20260801_144528_12572,294,294,robotol.ext,3,3,1,0x30631D,0x30631D,0x80000,0x0,0x2B1868,0x0,2,0,1,0,stop_at_base,0,0,0,,CALLBACK_RETURN_SENTINEL_OK
p17_hit2_20260801_144528_12572,295,295,robotol.ext,3,3,1,0x30631D,0x30631D,0x80000,0x0,0x2B1868,0x0,2,0,1,0,stop_at_base,0,0,0,,CALLBACK_RETURN_SENTINEL_OK
p17_hit2_20260801_144528_12572,296,296,robotol.ext,3,3,1,0x30631D,0x30631D,0x80000,0x0,0x2B1868,0x0,2,0,1,0,stop_at_base,0,0,0,,CALLBACK_RETURN_SENTINEL_OK
p17_hit2_20260801_144528_12572,297,297,robotol.ext,3,3,1,0x30631D,0x30631D,0x80000,0x0,0x2B1868,0x0,2,0,1,0,stop_at_base,0,0,0,,CALLBACK_RETURN_SENTINEL_OK
p17_hit2_20260801_144528_12572,298,298,robotol.ext,3,3,1,0x30631D,0x30631D,0x80000,0x0,0x2B1868,0x0,2,0,1,0,stop_at_base,0,0,0,,CALLBACK_RETURN_SENTINEL_OK
p17_hit2_20260801_144528_12572,299,299,robotol.ext,3,3,1,0x30631D,0x30631D,0x80000,0x0,0x2B1868,0x0,2,0,1,0,stop_at_base,0,0,0,,CALLBACK_RETURN_SENTINEL_OK
p17_hit2_20260801_144528_12572,300,300,robotol.ext,3,3,1,0x30631D,0x30631D,0x80000,0x0,0x2B1868,0x0,2,0,1,0,stop_at_base,0,0,0,,CALLBACK_RETURN_SENTINEL_OK
p17_hit2_20260801_144528_12572,301,301,robotol.ext,3,3,1,0x30631D,0x30631D,0x80000,0x0,0x2B1868,0x0,2,0,1,0,stop_at_base,0,0,0,,CALLBACK_RETURN_SENTINEL_OK
p17_hit2_20260801_144528_12572,302,302,robotol.ext,3,3,1,0x30631D,0x30631D,0x80000,0x0,0x2B1868,0x0,2,0,1,0,stop_at_base,0,0,0,,CALLBACK_RETURN_SENTINEL_OK
p17_hit2_20260801_144528_12572,303,303,robotol.ext,3,3,1,0x30631D,0x30631D,0x80000,0x0,0x2B1868,0x0,2,0,1,0,stop_at_base,0,0,0,,CALLBACK_RETURN_SENTINEL_OK
p17_hit2_20260801_144528_12572,304,304,robotol.ext,3,3,1,0x30631D,0x30631D,0x80000,0x0,0x2B1868,0x0,2,0,1,0,stop_at_base,0,0,0,,CALLBACK_RETURN_SENTINEL_OK
p17_hit2_20260801_144528_12572,305,305,robotol.ext,3,3,1,0x30631D,0x30631D,0x80000,0x0,0x2B1868,0x0,2,0,1,0,stop_at_base,0,0,0,,CALLBACK_RETURN_SENTINEL_OK
p17_hit2_20260801_144528_12572,306,306,robotol.ext,3,3,1,0x30631D,0x30631D,0x80000,0x0,0x2B1868,0x0,2,0,1,0,stop_at_base,0,0,0,,CALLBACK_RETURN_SENTINEL_OK
p17_hit2_20260801_144528_12572,307,307,robotol.ext,3,3,1,0x30631D,0x30631D,0x80000,0x0,0x2B1868,0x0,2,0,1,0,stop_at_base,0,0,0,,CALLBACK_RETURN_SENTINEL_OK
p17_hit2_20260801_144528_12572,308,308,robotol.ext,3,3,1,0x30631D,0x30631D,0x80000,0x0,0x2B1868,0x0,2,0,1,0,stop_at_base,0,0,0,,CALLBACK_RETURN_SENTINEL_OK
p17_hit2_20260801_144528_12572,309,309,robotol.ext,3,3,1,0x30631D,0x30631D,0x80000,0x0,0x2B1868,0x0,2,0,1,0,stop_at_base,0,0,0,,CALLBACK_RETURN_SENTINEL_OK
p17_hit2_20260801_144528_12572,310,310,robotol.ext,3,3,1,0x30631D,0x30631D,0x80000,0x0,0x2B1868,0x0,2,0,1,0,stop_at_base,0,0,0,,CALLBACK_RETURN_SENTINEL_OK
p17_hit2_20260801_144528_12572,311,311,robotol.ext,3,3,1,0x30631D,0x30631D,0x80000,0x0,0x2B1868,0x0,2,0,1,0,stop_at_base,0,0,0,,CALLBACK_RETURN_SENTINEL_OK
p17_hit2_20260801_144528_12572,312,312,robotol.ext,3,3,1,0x30631D,0x30631D,0x80000,0x0,0x2B1868,0x0,2,0,1,0,stop_at_base,0,0,0,,CALLBACK_RETURN_SENTINEL_OK
p17_hit2_20260801_144528_12572,313,313,robotol.ext,3,3,1,0x30631D,0x30631D,0x80000,0x0,0x2B1868,0x0,2,0,1,0,stop_at_base,0,0,0,,CALLBACK_RETURN_SENTINEL_OK
p17_hit2_20260801_144528_12572,314,314,robotol.ext,3,3,1,0x30631D,0x30631D,0x80000,0x0,0x2B1868,0x0,2,0,1,0,stop_at_base,0,0,0,,CALLBACK_RETURN_SENTINEL_OK
p17_hit2_20260801_144528_12572,315,315,robotol.ext,3,3,1,0x30631D,0x30631D,0x80000,0x0,0x2B1868,0x0,2,0,1,0,stop_at_base,0,0,0,,CALLBACK_RETURN_SENTINEL_OK
p17_hit2_20260801_144528_12572,316,316,robotol.ext,3,3,1,0x30631D,0x30631D,0x80000,0x0,0x2B1868,0x0,2,0,1,0,stop_at_base,0,0,0,,CALLBACK_RETURN_SENTINEL_OK
p17_hit2_20260801_144528_12572,317,317,robotol.ext,3,3,1,0x30631D,0x30631D,0x80000,0x0,0x2B1868,0x0,2,0,1,0,stop_at_base,0,0,0,,CALLBACK_RETURN_SENTINEL_OK
p17_hit2_20260801_144528_12572,318,318,robotol.ext,3,3,1,0x30631D,0x30631D,0x80000,0x0,0x2B1868,0x0,2,0,1,0,stop_at_base,0,0,0,,CALLBACK_RETURN_SENTINEL_OK
p17_hit2_20260801_144528_12572,319,319,robotol.ext,3,3,1,0x30631D,0x30631D,0x80000,0x0,0x2B1868,0x0,2,0,1,0,stop_at_base,0,0,0,,CALLBACK_RETURN_SENTINEL_OK
p17_hit2_20260801_144528_12572,320,320,robotol.ext,3,3,1,0x30631D,0x30631D,0x80000,0x0,0x2B1868,0x0,2,0,1,0,stop_at_base,0,0,0,,CALLBACK_RETURN_SENTINEL_OK
p17_hit2_20260801_144528_12572,321,321,robotol.ext,3,3,1,0x30631D,0x30631D,0x80000,0x0,0x2B1868,0x0,2,0,1,0,stop_at_base,0,0,0,,CALLBACK_RETURN_SENTINEL_OK
p17_hit2_20260801_144528_12572,322,322,robotol.ext,3,3,1,0x30631D,0x30631D,0x80000,0x0,0x2B1868,0x0,2,0,1,0,stop_at_base,0,0,0,,CALLBACK_RETURN_SENTINEL_OK
p17_hit2_20260801_144528_12572,323,323,robotol.ext,3,3,1,0x30631D,0x30631D,0x80000,0x0,0x2B1868,0x0,2,0,1,0,stop_at_base,0,0,0,,CALLBACK_RETURN_SENTINEL_OK
p17_hit2_20260801_144528_12572,324,324,robotol.ext,3,3,1,0x30631D,0x30631D,0x80000,0x0,0x2B1868,0x0,2,0,1,0,stop_at_base,0,0,0,,CALLBACK_RETURN_SENTINEL_OK
p17_hit2_20260801_144528_12572,325,325,robotol.ext,3,3,1,0x30631D,0x30631D,0x80000,0x0,0x2B1868,0x0,2,0,1,0,stop_at_base,0,0,0,,CALLBACK_RETURN_SENTINEL_OK
p17_hit2_20260801_144528_12572,326,326,robotol.ext,3,3,1,0x30631D,0x30631D,0x80000,0x0,0x2B1868,0x0,2,0,1,0,stop_at_base,0,0,0,,CALLBACK_RETURN_SENTINEL_OK
p17_hit2_20260801_144528_12572,327,327,robotol.ext,3,3,1,0x30631D,0x30631D,0x80000,0x0,0x2B1868,0x0,2,0,1,0,stop_at_base,0,0,0,,CALLBACK_RETURN_SENTINEL_OK
p17_hit2_20260801_144528_12572,328,328,robotol.ext,3,3,1,0x30631D,0x30631D,0x80000,0x0,0x2B1868,0x0,2,0,1,0,stop_at_base,0,0,0,,CALLBACK_RETURN_SENTINEL_OK
p17_hit2_20260801_144528_12572,329,329,robotol.ext,3,3,1,0x30631D,0x30631D,0x80000,0x0,0x2B1868,0x0,2,0,1,0,stop_at_base,0,0,0,,CALLBACK_RETURN_SENTINEL_OK
p17_hit2_20260801_144528_12572,330,330,robotol.ext,3,3,1,0x30631D,0x30631D,0x80000,0x0,0x2B1868,0x0,2,0,1,0,stop_at_base,0,0,0,,CALLBACK_RETURN_SENTINEL_OK
p17_hit2_20260801_144528_12572,331,331,robotol.ext,3,3,1,0x30631D,0x30631D,0x80000,0x0,0x2B1868,0x0,2,0,1,0,stop_at_base,0,0,0,,CALLBACK_RETURN_SENTINEL_OK
p17_hit2_20260801_144528_12572,332,332,robotol.ext,3,3,1,0x30631D,0x30631D,0x80000,0x0,0x2B1868,0x0,2,0,1,0,stop_at_base,0,0,0,,CALLBACK_RETURN_SENTINEL_OK
p17_hit2_20260801_144528_12572,333,333,robotol.ext,3,3,1,0x30631D,0x30631D,0x80000,0x0,0x2B1868,0x0,2,0,1,0,stop_at_base,0,0,0,,CALLBACK_RETURN_SENTINEL_OK
p17_hit2_20260801_144528_12572,334,334,robotol.ext,3,3,1,0x30631D,0x30631D,0x80000,0x0,0x2B1868,0x0,2,0,1,0,stop_at_base,0,0,0,,CALLBACK_RETURN_SENTINEL_OK
p17_hit2_20260801_144528_12572,335,335,robotol.ext,3,3,1,0x30631D,0x30631D,0x80000,0x0,0x2B1868,0x0,2,0,1,0,stop_at_base,0,0,0,,CALLBACK_RETURN_SENTINEL_OK
p17_hit2_20260801_144528_12572,336,336,robotol.ext,3,3,1,0x30631D,0x30631D,0x80000,0x0,0x2B1868,0x0,2,0,1,0,stop_at_base,0,0,0,,CALLBACK_RETURN_SENTINEL_OK
p17_hit2_20260801_144528_12572,337,337,robotol.ext,3,3,1,0x30631D,0x30631D,0x80000,0x0,0x2B1868,0x0,2,0,1,0,stop_at_base,0,0,0,,CALLBACK_RETURN_SENTINEL_OK
p17_hit2_20260801_144528_12572,338,338,robotol.ext,3,3,1,0x30631D,0x30631D,0x80000,0x0,0x2B1868,0x0,2,0,1,0,stop_at_base,0,0,0,,CALLBACK_RETURN_SENTINEL_OK
p17_hit2_20260801_144528_12572,339,339,robotol.ext,3,3,1,0x30631D,0x30631D,0x80000,0x0,0x2B1868,0x0,2,0,1,0,stop_at_base,0,0,0,,CALLBACK_RETURN_SENTINEL_OK
p17_hit2_20260801_144528_12572,340,340,robotol.ext,3,3,1,0x30631D,0x30631D,0x80000,0x0,0x2B1868,0x0,2,0,1,0,stop_at_base,0,0,0,,CALLBACK_RETURN_SENTINEL_OK
p17_hit2_20260801_144528_12572,341,341,robotol.ext,3,3,1,0x30631D,0x30631D,0x80000,0x0,0x2B1868,0x0,2,0,1,0,stop_at_base,0,0,0,,CALLBACK_RETURN_SENTINEL_OK
p17_hit2_20260801_144528_12572,342,342,robotol.ext,3,3,1,0x30631D,0x30631D,0x80000,0x0,0x2B1868,0x0,2,0,1,0,stop_at_base,0,0,0,,CALLBACK_RETURN_SENTINEL_OK
p17_hit2_20260801_144528_12572,343,343,robotol.ext,3,3,1,0x30631D,0x30631D,0x80000,0x0,0x2B1868,0x0,2,0,1,0,stop_at_base,0,0,0,,CALLBACK_RETURN_SENTINEL_OK
p17_hit2_20260801_144528_12572,344,344,robotol.ext,3,3,1,0x30631D,0x30631D,0x80000,0x0,0x2B1868,0x0,2,0,1,0,stop_at_base,0,0,0,,CALLBACK_RETURN_SENTINEL_OK
p17_hit2_20260801_144528_12572,345,345,robotol.ext,3,3,1,0x30631D,0x30631D,0x80000,0x0,0x2B1868,0x0,2,0,1,0,stop_at_base,0,0,0,,CALLBACK_RETURN_SENTINEL_OK
p17_hit2_20260801_144528_12572,346,346,robotol.ext,3,3,1,0x30631D,0x30631D,0x80000,0x0,0x2B1868,0x0,2,0,1,0,stop_at_base,0,0,0,,CALLBACK_RETURN_SENTINEL_OK
p17_hit2_20260801_144528_12572,347,347,robotol.ext,3,3,1,0x30631D,0x30631D,0x80000,0x0,0x2B1868,0x0,2,0,1,0,stop_at_base,0,0,0,,CALLBACK_RETURN_SENTINEL_OK
p17_hit2_20260801_144528_12572,348,348,robotol.ext,3,3,1,0x30631D,0x30631D,0x80000,0x0,0x2B1868,0x0,2,0,1,0,stop_at_base,0,0,0,,CALLBACK_RETURN_SENTINEL_OK
p17_hit2_20260801_144528_12572,349,349,robotol.ext,3,3,1,0x30631D,0x30631D,0x80000,0x0,0x2B1868,0x0,2,0,1,0,stop_at_base,0,0,0,,CALLBACK_RETURN_SENTINEL_OK
p17_hit2_20260801_144528_12572,350,350,robotol.ext,3,3,1,0x30631D,0x30631D,0x80000,0x0,0x2B1868,0x0,2,0,1,0,stop_at_base,0,0,0,,CALLBACK_RETURN_SENTINEL_OK
p17_hit2_20260801_144528_12572,351,351,robotol.ext,3,3,1,0x30631D,0x30631D,0x80000,0x0,0x2B1868,0x0,2,0,1,0,stop_at_base,0,0,0,,CALLBACK_RETURN_SENTINEL_OK
p17_hit2_20260801_144528_12572,352,352,robotol.ext,3,3,1,0x30631D,0x30631D,0x80000,0x0,0x2B1868,0x0,2,0,1,0,stop_at_base,0,0,0,,CALLBACK_RETURN_SENTINEL_OK
p17_hit2_20260801_144528_12572,353,353,robotol.ext,3,3,1,0x30631D,0x30631D,0x80000,0x0,0x2B1868,0x0,2,0,1,0,stop_at_base,0,0,0,,CALLBACK_RETURN_SENTINEL_OK
p17_hit2_20260801_144528_12572,354,354,robotol.ext,3,3,1,0x30631D,0x30631D,0x80000,0x0,0x2B1868,0x0,2,0,1,0,stop_at_base,0,0,0,,CALLBACK_RETURN_SENTINEL_OK
p17_hit2_20260801_144528_12572,355,355,robotol.ext,3,3,1,0x30631D,0x30631D,0x80000,0x0,0x2B1868,0x0,2,0,1,0,stop_at_base,0,0,0,,CALLBACK_RETURN_SENTINEL_OK
p17_hit2_20260801_144528_12572,356,356,robotol.ext,3,3,1,0x30631D,0x30631D,0x80000,0x0,0x2B1868,0x0,2,0,1,0,stop_at_base,0,0,0,,CALLBACK_RETURN_SENTINEL_OK
p17_hit2_20260801_144528_12572,357,357,robotol.ext,3,3,1,0x30631D,0x30631D,0x80000,0x0,0x2B1868,0x0,2,0,1,0,stop_at_base,0,0,0,,CALLBACK_RETURN_SENTINEL_OK
p17_hit2_20260801_144528_12572,358,358,robotol.ext,3,3,1,0x30631D,0x30631D,0x80000,0x0,0x2B1868,0x0,2,0,1,0,stop_at_base,0,0,0,,CALLBACK_RETURN_SENTINEL_OK
p17_hit2_20260801_144528_12572,359,359,robotol.ext,3,3,1,0x30631D,0x30631D,0x80000,0x0,0x2B1868,0x0,2,0,1,0,stop_at_base,0,0,0,,CALLBACK_RETURN_SENTINEL_OK
p17_hit2_20260801_144528_12572,360,360,robotol.ext,3,3,1,0x30631D,0x30631D,0x80000,0x0,0x2B1868,0x0,2,0,1,0,stop_at_base,0,0,0,,CALLBACK_RETURN_SENTINEL_OK
p17_hit2_20260801_144528_12572,361,361,robotol.ext,3,3,1,0x30631D,0x30631D,0x80000,0x0,0x2B1868,0x0,2,0,1,0,stop_at_base,0,0,0,,CALLBACK_RETURN_SENTINEL_OK
p17_hit2_20260801_144528_12572,362,362,robotol.ext,3,3,1,0x30631D,0x30631D,0x80000,0x0,0x2B1868,0x0,2,0,1,0,stop_at_base,0,0,0,,CALLBACK_RETURN_SENTINEL_OK
p17_hit2_20260801_144528_12572,363,363,robotol.ext,3,3,1,0x30631D,0x30631D,0x80000,0x0,0x2B1868,0x0,2,0,1,0,stop_at_base,0,0,0,,CALLBACK_RETURN_SENTINEL_OK
p17_hit2_20260801_144528_12572,364,364,robotol.ext,3,3,1,0x30631D,0x30631D,0x80000,0x0,0x2B1868,0x0,2,0,1,0,stop_at_base,0,0,0,,CALLBACK_RETURN_SENTINEL_OK
p17_hit2_20260801_144528_12572,365,365,robotol.ext,3,3,1,0x30631D,0x30631D,0x80000,0x0,0x2B1868,0x0,2,0,1,0,stop_at_base,0,0,0,,CALLBACK_RETURN_SENTINEL_OK
p17_hit2_20260801_144528_12572,366,366,robotol.ext,3,3,1,0x30631D,0x30631D,0x80000,0x0,0x2B1868,0x0,2,0,1,0,stop_at_base,0,0,0,,CALLBACK_RETURN_SENTINEL_OK
p17_hit2_20260801_144528_12572,367,367,robotol.ext,3,3,1,0x30631D,0x30631D,0x80000,0x0,0x2B1868,0x0,2,0,1,0,stop_at_base,0,0,0,,CALLBACK_RETURN_SENTINEL_OK
p17_hit2_20260801_144528_12572,368,368,robotol.ext,3,3,1,0x30631D,0x30631D,0x80000,0x0,0x2B1868,0x0,2,0,1,0,stop_at_base,0,0,0,,CALLBACK_RETURN_SENTINEL_OK
p17_hit2_20260801_144528_12572,369,369,robotol.ext,3,3,1,0x30631D,0x30631D,0x80000,0x0,0x2B1868,0x0,2,0,1,0,stop_at_base,0,0,0,,CALLBACK_RETURN_SENTINEL_OK
p17_hit2_20260801_144528_12572,370,370,robotol.ext,3,3,1,0x30631D,0x30631D,0x80000,0x0,0x2B1868,0x0,2,0,1,0,stop_at_base,0,0,0,,CALLBACK_RETURN_SENTINEL_OK
p17_hit2_20260801_144528_12572,371,371,robotol.ext,3,3,1,0x30631D,0x30631D,0x80000,0x0,0x2B1868,0x0,2,0,1,0,stop_at_base,0,0,0,,CALLBACK_RETURN_SENTINEL_OK
p17_hit2_20260801_144528_12572,372,372,robotol.ext,3,3,1,0x30631D,0x30631D,0x80000,0x0,0x2B1868,0x0,2,0,1,0,stop_at_base,0,0,0,,CALLBACK_RETURN_SENTINEL_OK
p17_hit2_20260801_144528_12572,373,373,robotol.ext,3,3,1,0x30631D,0x30631D,0x80000,0x0,0x2B1868,0x0,2,0,1,0,stop_at_base,0,0,0,,CALLBACK_RETURN_SENTINEL_OK
p17_hit2_20260801_144528_12572,374,374,robotol.ext,3,3,1,0x30631D,0x30631D,0x80000,0x0,0x2B1868,0x0,2,0,1,0,stop_at_base,0,0,0,,CALLBACK_RETURN_SENTINEL_OK
p17_hit2_20260801_144528_12572,375,375,robotol.ext,3,3,1,0x30631D,0x30631D,0x80000,0x0,0x2B1868,0x0,2,0,1,0,stop_at_base,0,0,0,,CALLBACK_RETURN_SENTINEL_OK
p17_hit2_20260801_144528_12572,376,376,robotol.ext,3,3,1,0x30631D,0x30631D,0x80000,0x0,0x2B1868,0x0,2,0,1,0,stop_at_base,0,0,0,,CALLBACK_RETURN_SENTINEL_OK
p17_hit2_20260801_144528_12572,377,377,robotol.ext,3,3,1,0x30631D,0x30631D,0x80000,0x0,0x2B1868,0x0,2,0,1,0,stop_at_base,0,0,0,,CALLBACK_RETURN_SENTINEL_OK
p17_hit2_20260801_144528_12572,378,378,robotol.ext,3,3,1,0x30631D,0x30631D,0x80000,0x0,0x2B1868,0x0,2,0,1,0,stop_at_base,0,0,0,,CALLBACK_RETURN_SENTINEL_OK
p17_hit2_20260801_144528_12572,379,379,robotol.ext,3,3,1,0x30631D,0x30631D,0x80000,0x0,0x2B1868,0x0,2,0,1,0,stop_at_base,0,0,0,,CALLBACK_RETURN_SENTINEL_OK
p17_hit2_20260801_144528_12572,380,380,robotol.ext,3,3,1,0x30631D,0x30631D,0x80000,0x0,0x2B1868,0x0,2,0,1,0,stop_at_base,0,0,0,,CALLBACK_RETURN_SENTINEL_OK
p17_hit2_20260801_144528_12572,381,381,robotol.ext,3,3,1,0x30631D,0x30631D,0x80000,0x0,0x2B1868,0x0,2,0,1,0,stop_at_base,0,0,0,,CALLBACK_RETURN_SENTINEL_OK
p17_hit2_20260801_144528_12572,382,382,robotol.ext,3,3,1,0x30631D,0x30631D,0x80000,0x0,0x2B1868,0x0,2,0,1,0,stop_at_base,0,0,0,,CALLBACK_RETURN_SENTINEL_OK
p17_hit2_20260801_144528_12572,383,383,robotol.ext,3,3,1,0x30631D,0x30631D,0x80000,0x0,0x2B1868,0x0,2,0,1,0,stop_at_base,0,0,0,,CALLBACK_RETURN_SENTINEL_OK
p17_hit2_20260801_144528_12572,384,384,robotol.ext,3,3,1,0x30631D,0x30631D,0x80000,0x0,0x2B1868,0x0,2,0,1,0,stop_at_base,0,0,0,,CALLBACK_RETURN_SENTINEL_OK
p17_hit2_20260801_144528_12572,385,385,robotol.ext,3,3,1,0x30631D,0x30631D,0x80000,0x0,0x2B1868,0x0,2,0,1,0,stop_at_base,0,0,0,,CALLBACK_RETURN_SENTINEL_OK
p17_hit2_20260801_144528_12572,386,386,robotol.ext,3,3,1,0x30631D,0x30631D,0x80000,0x0,0x2B1868,0x0,2,0,1,0,stop_at_base,0,0,0,,CALLBACK_RETURN_SENTINEL_OK
p17_hit2_20260801_144528_12572,387,387,robotol.ext,3,3,1,0x30631D,0x30631D,0x80000,0x0,0x2B1868,0x0,2,0,1,0,stop_at_base,0,0,0,,CALLBACK_RETURN_SENTINEL_OK
p17_hit2_20260801_144528_12572,388,388,robotol.ext,3,3,1,0x30631D,0x30631D,0x80000,0x0,0x2B1868,0x0,2,0,1,0,stop_at_base,0,0,0,,CALLBACK_RETURN_SENTINEL_OK
p17_hit2_20260801_144528_12572,389,389,robotol.ext,3,3,1,0x30631D,0x30631D,0x80000,0x0,0x2B1868,0x0,2,0,1,0,stop_at_base,0,0,0,,CALLBACK_RETURN_SENTINEL_OK
p17_hit2_20260801_144528_12572,390,390,robotol.ext,3,3,1,0x30631D,0x30631D,0x80000,0x0,0x2B1868,0x0,2,0,1,0,stop_at_base,0,0,0,,CALLBACK_RETURN_SENTINEL_OK
p17_hit2_20260801_144528_12572,391,391,robotol.ext,3,3,1,0x30631D,0x30631D,0x80000,0x0,0x2B1868,0x0,2,0,1,0,stop_at_base,0,0,0,,CALLBACK_RETURN_SENTINEL_OK
p17_hit2_20260801_144528_12572,392,392,robotol.ext,3,3,1,0x30631D,0x30631D,0x80000,0x0,0x2B1868,0x0,2,0,1,0,stop_at_base,0,0,0,,CALLBACK_RETURN_SENTINEL_OK
p17_hit2_20260801_144528_12572,393,393,robotol.ext,3,3,1,0x30631D,0x30631D,0x80000,0x0,0x2B1868,0x0,2,0,1,0,stop_at_base,0,0,0,,CALLBACK_RETURN_SENTINEL_OK
p17_hit2_20260801_144528_12572,394,394,robotol.ext,3,3,1,0x30631D,0x30631D,0x80000,0x0,0x2B1868,0x0,2,0,1,0,stop_at_base,0,0,0,,CALLBACK_RETURN_SENTINEL_OK
p17_hit2_20260801_144528_12572,395,395,robotol.ext,3,3,1,0x30631D,0x30631D,0x80000,0x0,0x2B1868,0x0,2,0,1,0,stop_at_base,0,0,0,,CALLBACK_RETURN_SENTINEL_OK
p17_hit2_20260801_144528_12572,396,396,robotol.ext,3,3,1,0x30631D,0x30631D,0x80000,0x0,0x2B1868,0x0,2,0,1,0,stop_at_base,0,0,0,,CALLBACK_RETURN_SENTINEL_OK
p17_hit2_20260801_144528_12572,397,397,robotol.ext,3,3,1,0x30631D,0x30631D,0x80000,0x0,0x2B1868,0x0,2,0,1,0,stop_at_base,0,0,0,,CALLBACK_RETURN_SENTINEL_OK
p17_hit2_20260801_144528_12572,398,398,robotol.ext,3,3,1,0x30631D,0x30631D,0x80000,0x0,0x2B1868,0x0,2,0,1,0,stop_at_base,0,0,0,,CALLBACK_RETURN_SENTINEL_OK
p17_hit2_20260801_144528_12572,399,399,robotol.ext,3,3,1,0x30631D,0x30631D,0x80000,0x0,0x2B1868,0x0,2,0,1,0,stop_at_base,0,0,0,,CALLBACK_RETURN_SENTINEL_OK
p17_hit2_20260801_144528_12572,400,400,robotol.ext,3,3,1,0x30631D,0x30631D,0x80000,0x0,0x2B1868,0x0,2,0,1,0,stop_at_base,0,0,0,,CALLBACK_RETURN_SENTINEL_OK
p17_hit2_20260801_144528_12572,401,401,robotol.ext,3,3,1,0x30631D,0x30631D,0x80000,0x0,0x2B1868,0x0,2,0,1,0,stop_at_base,0,0,0,,CALLBACK_RETURN_SENTINEL_OK
p17_hit2_20260801_144528_12572,402,402,robotol.ext,3,3,1,0x30631D,0x30631D,0x80000,0x0,0x2B1868,0x0,2,0,1,0,stop_at_base,0,0,0,,CALLBACK_RETURN_SENTINEL_OK
p17_hit2_20260801_144528_12572,403,403,robotol.ext,3,3,1,0x30631D,0x30631D,0x80000,0x0,0x2B1868,0x0,2,0,1,0,stop_at_base,0,0,0,,CALLBACK_RETURN_SENTINEL_OK
p17_hit2_20260801_144528_12572,404,404,robotol.ext,3,3,1,0x30631D,0x30631D,0x80000,0x0,0x2B1868,0x0,2,0,1,0,stop_at_base,0,0,0,,CALLBACK_RETURN_SENTINEL_OK
p17_hit2_20260801_144528_12572,405,405,robotol.ext,3,3,1,0x30631D,0x30631D,0x80000,0x0,0x2B1868,0x0,2,0,1,0,stop_at_base,0,0,0,,CALLBACK_RETURN_SENTINEL_OK
p17_hit2_20260801_144528_12572,406,406,robotol.ext,3,3,1,0x30631D,0x30631D,0x80000,0x0,0x2B1868,0x0,2,0,1,0,stop_at_base,0,0,0,,CALLBACK_RETURN_SENTINEL_OK
p17_hit2_20260801_144528_12572,407,407,robotol.ext,3,3,1,0x30631D,0x30631D,0x80000,0x0,0x2B1868,0x0,2,0,1,0,stop_at_base,0,0,0,,CALLBACK_RETURN_SENTINEL_OK
p17_hit2_20260801_144528_12572,408,408,robotol.ext,3,3,1,0x30631D,0x30631D,0x80000,0x0,0x2B1868,0x0,2,0,1,0,stop_at_base,0,0,0,,CALLBACK_RETURN_SENTINEL_OK
p17_hit2_20260801_144528_12572,409,409,robotol.ext,3,3,1,0x30631D,0x30631D,0x80000,0x0,0x2B1868,0x0,2,0,1,0,stop_at_base,0,0,0,,CALLBACK_RETURN_SENTINEL_OK
p17_hit2_20260801_144528_12572,410,410,robotol.ext,3,3,1,0x30631D,0x30631D,0x80000,0x0,0x2B1868,0x0,2,0,1,0,stop_at_base,0,0,0,,CALLBACK_RETURN_SENTINEL_OK
p17_hit2_20260801_144528_12572,411,411,robotol.ext,3,3,1,0x30631D,0x30631D,0x80000,0x0,0x2B1868,0x0,2,0,1,0,stop_at_base,0,0,0,,CALLBACK_RETURN_SENTINEL_OK
p17_hit2_20260801_144528_12572,412,412,robotol.ext,3,3,1,0x30631D,0x30631D,0x80000,0x0,0x2B1868,0x0,2,0,1,0,stop_at_base,0,0,0,,CALLBACK_RETURN_SENTINEL_OK
p17_hit2_20260801_144528_12572,413,413,robotol.ext,3,3,1,0x30631D,0x30631D,0x80000,0x0,0x2B1868,0x0,2,0,1,0,stop_at_base,0,0,0,,CALLBACK_RETURN_SENTINEL_OK
p17_hit2_20260801_144528_12572,414,414,robotol.ext,3,3,1,0x30631D,0x30631D,0x80000,0x0,0x2B1868,0x0,2,0,1,0,stop_at_base,0,0,0,,CALLBACK_RETURN_SENTINEL_OK
p17_hit2_20260801_144528_12572,415,415,robotol.ext,3,3,1,0x30631D,0x30631D,0x80000,0x0,0x2B1868,0x0,2,0,1,0,stop_at_base,0,0,0,,CALLBACK_RETURN_SENTINEL_OK
p17_hit2_20260801_144528_12572,416,416,robotol.ext,3,3,1,0x30631D,0x30631D,0x80000,0x0,0x2B1868,0x0,2,0,1,0,stop_at_base,0,0,0,,CALLBACK_RETURN_SENTINEL_OK
p17_hit2_20260801_144528_12572,417,417,robotol.ext,3,3,1,0x30631D,0x30631D,0x80000,0x0,0x2B1868,0x0,2,0,1,0,stop_at_base,0,0,0,,CALLBACK_RETURN_SENTINEL_OK
p17_hit2_20260801_144528_12572,418,418,robotol.ext,3,3,1,0x30631D,0x30631D,0x80000,0x0,0x2B1868,0x0,2,0,1,0,stop_at_base,0,0,0,,CALLBACK_RETURN_SENTINEL_OK
p17_hit2_20260801_144528_12572,419,419,robotol.ext,3,3,1,0x30631D,0x30631D,0x80000,0x0,0x2B1868,0x0,2,0,1,0,stop_at_base,0,0,0,,CALLBACK_RETURN_SENTINEL_OK
p17_hit2_20260801_144528_12572,420,420,robotol.ext,3,3,1,0x30631D,0x30631D,0x80000,0x0,0x2B1868,0x0,2,0,1,0,stop_at_base,0,0,0,,CALLBACK_RETURN_SENTINEL_OK
p17_hit2_20260801_144528_12572,421,421,robotol.ext,3,3,1,0x30631D,0x30631D,0x80000,0x0,0x2B1868,0x0,2,0,1,0,stop_at_base,0,0,0,,CALLBACK_RETURN_SENTINEL_OK
p17_hit2_20260801_144528_12572,422,422,robotol.ext,3,3,1,0x30631D,0x30631D,0x80000,0x0,0x2B1868,0x0,2,0,1,0,stop_at_base,0,0,0,,CALLBACK_RETURN_SENTINEL_OK
p17_hit2_20260801_144528_12572,423,423,robotol.ext,3,3,1,0x30631D,0x30631D,0x80000,0x0,0x2B1868,0x0,2,0,1,0,stop_at_base,0,0,0,,CALLBACK_RETURN_SENTINEL_OK
p17_hit2_20260801_144528_12572,424,424,robotol.ext,3,3,1,0x30631D,0x30631D,0x80000,0x0,0x2B1868,0x0,2,0,1,0,stop_at_base,0,0,0,,CALLBACK_RETURN_SENTINEL_OK
p17_hit2_20260801_144528_12572,425,425,robotol.ext,3,3,1,0x30631D,0x30631D,0x80000,0x0,0x2B1868,0x0,2,0,1,0,stop_at_base,0,0,0,,CALLBACK_RETURN_SENTINEL_OK
p17_hit2_20260801_144528_12572,426,426,robotol.ext,3,3,1,0x30631D,0x30631D,0x80000,0x0,0x2B1868,0x0,2,0,1,0,stop_at_base,0,0,0,,CALLBACK_RETURN_SENTINEL_OK
p17_hit2_20260801_144528_12572,427,427,robotol.ext,3,3,1,0x30631D,0x30631D,0x80000,0x0,0x2B1868,0x0,2,0,1,0,stop_at_base,0,0,0,,CALLBACK_RETURN_SENTINEL_OK
p17_hit2_20260801_144528_12572,428,428,robotol.ext,3,3,1,0x30631D,0x30631D,0x80000,0x0,0x2B1868,0x0,2,0,1,0,stop_at_base,0,0,0,,CALLBACK_RETURN_SENTINEL_OK
p17_hit2_20260801_144528_12572,429,429,robotol.ext,3,3,1,0x30631D,0x30631D,0x80000,0x0,0x2B1868,0x0,2,0,1,0,stop_at_base,0,0,0,,CALLBACK_RETURN_SENTINEL_OK
p17_hit2_20260801_144528_12572,430,430,robotol.ext,3,3,1,0x30631D,0x30631D,0x80000,0x0,0x2B1868,0x0,2,0,1,0,stop_at_base,0,0,0,,CALLBACK_RETURN_SENTINEL_OK
p17_hit2_20260801_144528_12572,431,431,robotol.ext,3,3,1,0x30631D,0x30631D,0x80000,0x0,0x2B1868,0x0,2,0,1,0,stop_at_base,0,0,0,,CALLBACK_RETURN_SENTINEL_OK
p17_hit2_20260801_144528_12572,432,432,robotol.ext,3,3,1,0x30631D,0x30631D,0x80000,0x0,0x2B1868,0x0,2,0,1,0,stop_at_base,0,0,0,,CALLBACK_RETURN_SENTINEL_OK
p17_hit2_20260801_144528_12572,433,433,robotol.ext,3,3,1,0x30631D,0x30631D,0x80000,0x0,0x2B1868,0x0,2,0,1,0,stop_at_base,0,0,0,,CALLBACK_RETURN_SENTINEL_OK
p17_hit2_20260801_144528_12572,434,434,robotol.ext,3,3,1,0x30631D,0x30631D,0x80000,0x0,0x2B1868,0x0,2,0,1,0,stop_at_base,0,0,0,,CALLBACK_RETURN_SENTINEL_OK
p17_hit2_20260801_144528_12572,435,435,robotol.ext,3,3,1,0x30631D,0x30631D,0x80000,0x0,0x2B1868,0x0,2,0,1,0,stop_at_base,0,0,0,,CALLBACK_RETURN_SENTINEL_OK
p17_hit2_20260801_144528_12572,436,436,robotol.ext,3,3,1,0x30631D,0x30631D,0x80000,0x0,0x2B1868,0x0,2,0,1,0,stop_at_base,0,0,0,,CALLBACK_RETURN_SENTINEL_OK
p17_hit2_20260801_144528_12572,437,437,robotol.ext,3,3,1,0x30631D,0x30631D,0x80000,0x0,0x2B1868,0x0,2,0,1,0,stop_at_base,0,0,0,,CALLBACK_RETURN_SENTINEL_OK
p17_hit2_20260801_144528_12572,438,438,robotol.ext,3,3,1,0x30631D,0x30631D,0x80000,0x0,0x2B1868,0x0,2,0,1,0,stop_at_base,0,0,0,,CALLBACK_RETURN_SENTINEL_OK
p17_hit2_20260801_144528_12572,439,439,robotol.ext,3,3,1,0x30631D,0x30631D,0x80000,0x0,0x2B1868,0x0,2,0,1,0,stop_at_base,0,0,0,,CALLBACK_RETURN_SENTINEL_OK
p17_hit2_20260801_144528_12572,440,440,robotol.ext,3,3,1,0x30631D,0x30631D,0x80000,0x0,0x2B1868,0x0,2,0,1,0,stop_at_base,0,0,0,,CALLBACK_RETURN_SENTINEL_OK
p17_hit2_20260801_144528_12572,441,441,robotol.ext,3,3,1,0x30631D,0x30631D,0x80000,0x0,0x2B1868,0x0,2,0,1,0,stop_at_base,0,0,0,,CALLBACK_RETURN_SENTINEL_OK
p17_hit2_20260801_144528_12572,442,442,robotol.ext,3,3,1,0x30631D,0x30631D,0x80000,0x0,0x2B1868,0x0,2,0,1,0,stop_at_base,0,0,0,,CALLBACK_RETURN_SENTINEL_OK
p17_hit2_20260801_144528_12572,443,443,robotol.ext,3,3,1,0x30631D,0x30631D,0x80000,0x0,0x2B1868,0x0,2,0,1,0,stop_at_base,0,0,0,,CALLBACK_RETURN_SENTINEL_OK
p17_hit2_20260801_144528_12572,444,444,robotol.ext,3,3,1,0x30631D,0x30631D,0x80000,0x0,0x2B1868,0x0,2,0,1,0,stop_at_base,0,0,0,,CALLBACK_RETURN_SENTINEL_OK
p17_hit2_20260801_144528_12572,445,445,robotol.ext,3,3,1,0x30631D,0x30631D,0x80000,0x0,0x2B1868,0x0,2,0,1,0,stop_at_base,0,0,0,,CALLBACK_RETURN_SENTINEL_OK
p17_hit2_20260801_144528_12572,446,446,robotol.ext,3,3,1,0x30631D,0x30631D,0x80000,0x0,0x2B1868,0x0,2,0,1,0,stop_at_base,0,0,0,,CALLBACK_RETURN_SENTINEL_OK
p17_hit2_20260801_144528_12572,447,447,robotol.ext,3,3,1,0x30631D,0x30631D,0x80000,0x0,0x2B1868,0x0,2,0,1,0,stop_at_base,0,0,0,,CALLBACK_RETURN_SENTINEL_OK
p17_hit2_20260801_144528_12572,448,448,robotol.ext,3,3,1,0x30631D,0x30631D,0x80000,0x0,0x2B1868,0x0,2,0,1,0,stop_at_base,0,0,0,,CALLBACK_RETURN_SENTINEL_OK
p17_hit2_20260801_144528_12572,449,449,robotol.ext,3,3,1,0x30631D,0x30631D,0x80000,0x0,0x2B1868,0x0,2,0,1,0,stop_at_base,0,0,0,,CALLBACK_RETURN_SENTINEL_OK
p17_hit2_20260801_144528_12572,450,450,robotol.ext,3,3,1,0x30631D,0x30631D,0x80000,0x0,0x2B1868,0x0,2,0,1,0,stop_at_base,0,0,0,,CALLBACK_RETURN_SENTINEL_OK
p17_hit2_20260801_144528_12572,451,451,robotol.ext,3,3,1,0x30631D,0x30631D,0x80000,0x0,0x2B1868,0x0,2,0,1,0,stop_at_base,0,0,0,,CALLBACK_RETURN_SENTINEL_OK
p17_hit2_20260801_144528_12572,452,452,robotol.ext,3,3,1,0x30631D,0x30631D,0x80000,0x0,0x2B1868,0x0,2,0,1,0,stop_at_base,0,0,0,,CALLBACK_RETURN_SENTINEL_OK
p17_hit2_20260801_144528_12572,453,453,robotol.ext,3,3,1,0x30631D,0x30631D,0x80000,0x0,0x2B1868,0x0,2,0,1,0,stop_at_base,0,0,0,,CALLBACK_RETURN_SENTINEL_OK
p17_hit2_20260801_144528_12572,454,454,robotol.ext,3,3,1,0x30631D,0x30631D,0x80000,0x0,0x2B1868,0x0,2,0,1,0,stop_at_base,0,0,0,,CALLBACK_RETURN_SENTINEL_OK
p17_hit2_20260801_144528_12572,455,455,robotol.ext,3,3,1,0x30631D,0x30631D,0x80000,0x0,0x2B1868,0x0,2,0,1,0,stop_at_base,0,0,0,,CALLBACK_RETURN_SENTINEL_OK
p17_hit2_20260801_144528_12572,456,456,robotol.ext,3,3,1,0x30631D,0x30631D,0x80000,0x0,0x2B1868,0x0,2,0,1,0,stop_at_base,0,0,0,,CALLBACK_RETURN_SENTINEL_OK
p17_hit2_20260801_144528_12572,457,457,robotol.ext,3,3,1,0x30631D,0x30631D,0x80000,0x0,0x2B1868,0x0,2,0,1,0,stop_at_base,0,0,0,,CALLBACK_RETURN_SENTINEL_OK
p17_hit2_20260801_144528_12572,458,458,robotol.ext,3,3,1,0x30631D,0x30631D,0x80000,0x0,0x2B1868,0x0,2,0,1,0,stop_at_base,0,0,0,,CALLBACK_RETURN_SENTINEL_OK
p17_hit2_20260801_144528_12572,459,459,robotol.ext,3,3,1,0x30631D,0x30631D,0x80000,0x0,0x2B1868,0x0,2,0,1,0,stop_at_base,0,0,0,,CALLBACK_RETURN_SENTINEL_OK
p17_hit2_20260801_144528_12572,460,460,robotol.ext,3,3,1,0x30631D,0x30631D,0x80000,0x0,0x2B1868,0x0,2,0,1,0,stop_at_base,0,0,0,,CALLBACK_RETURN_SENTINEL_OK
p17_hit2_20260801_144528_12572,461,461,robotol.ext,3,3,1,0x30631D,0x30631D,0x80000,0x0,0x2B1868,0x0,2,0,1,0,stop_at_base,0,0,0,,CALLBACK_RETURN_SENTINEL_OK
p17_hit2_20260801_144528_12572,462,462,robotol.ext,3,3,1,0x30631D,0x30631D,0x80000,0x0,0x2B1868,0x0,2,0,1,0,stop_at_base,0,0,0,,CALLBACK_RETURN_SENTINEL_OK
p17_hit2_20260801_144528_12572,463,463,robotol.ext,3,3,1,0x30631D,0x30631D,0x80000,0x0,0x2B1868,0x0,2,0,1,0,stop_at_base,0,0,0,,CALLBACK_RETURN_SENTINEL_OK
p17_hit2_20260801_144528_12572,464,464,robotol.ext,3,3,1,0x30631D,0x30631D,0x80000,0x0,0x2B1868,0x0,2,0,1,0,stop_at_base,0,0,0,,CALLBACK_RETURN_SENTINEL_OK
p17_hit2_20260801_144528_12572,465,465,robotol.ext,3,3,1,0x30631D,0x30631D,0x80000,0x0,0x2B1868,0x0,2,0,1,0,stop_at_base,0,0,0,,CALLBACK_RETURN_SENTINEL_OK
p17_hit2_20260801_144528_12572,466,466,robotol.ext,3,3,1,0x30631D,0x30631D,0x80000,0x0,0x2B1868,0x0,2,0,1,0,stop_at_base,0,0,0,,CALLBACK_RETURN_SENTINEL_OK
p17_hit2_20260801_144528_12572,467,467,robotol.ext,3,3,1,0x30631D,0x30631D,0x80000,0x0,0x2B1868,0x0,2,0,1,0,stop_at_base,0,0,0,,CALLBACK_RETURN_SENTINEL_OK
p17_hit2_20260801_144528_12572,468,468,robotol.ext,3,3,1,0x30631D,0x30631D,0x80000,0x0,0x2B1868,0x0,2,0,1,0,stop_at_base,0,0,0,,CALLBACK_RETURN_SENTINEL_OK
p17_hit2_20260801_144528_12572,469,469,robotol.ext,3,3,1,0x30631D,0x30631D,0x80000,0x0,0x2B1868,0x0,2,0,1,0,stop_at_base,0,0,0,,CALLBACK_RETURN_SENTINEL_OK
p17_hit2_20260801_144528_12572,470,470,robotol.ext,3,3,1,0x30631D,0x30631D,0x80000,0x0,0x2B1868,0x0,2,0,1,0,stop_at_base,0,0,0,,CALLBACK_RETURN_SENTINEL_OK
p17_hit2_20260801_144528_12572,471,471,robotol.ext,3,3,1,0x30631D,0x30631D,0x80000,0x0,0x2B1868,0x0,2,0,1,0,stop_at_base,0,0,0,,CALLBACK_RETURN_SENTINEL_OK
p17_hit2_20260801_144528_12572,472,472,robotol.ext,3,3,1,0x30631D,0x30631D,0x80000,0x0,0x2B1868,0x0,2,0,1,0,stop_at_base,0,0,0,,CALLBACK_RETURN_SENTINEL_OK
p17_hit2_20260801_144528_12572,473,473,robotol.ext,3,3,1,0x30631D,0x30631D,0x80000,0x0,0x2B1868,0x0,2,0,1,0,stop_at_base,0,0,0,,CALLBACK_RETURN_SENTINEL_OK
p17_hit2_20260801_144528_12572,474,474,robotol.ext,3,3,1,0x30631D,0x30631D,0x80000,0x0,0x2B1868,0x0,2,0,1,0,stop_at_base,0,0,0,,CALLBACK_RETURN_SENTINEL_OK
p17_hit2_20260801_144528_12572,475,475,robotol.ext,3,3,1,0x30631D,0x30631D,0x80000,0x0,0x2B1868,0x0,2,0,1,0,stop_at_base,0,0,0,,CALLBACK_RETURN_SENTINEL_OK
p17_hit2_20260801_144528_12572,476,476,robotol.ext,3,3,1,0x30631D,0x30631D,0x80000,0x0,0x2B1868,0x0,2,0,1,0,stop_at_base,0,0,0,,CALLBACK_RETURN_SENTINEL_OK
p17_hit2_20260801_144528_12572,477,477,robotol.ext,3,3,1,0x30631D,0x30631D,0x80000,0x0,0x2B1868,0x0,2,0,1,0,stop_at_base,0,0,0,,CALLBACK_RETURN_SENTINEL_OK
p17_hit2_20260801_144528_12572,478,478,robotol.ext,3,3,1,0x30631D,0x30631D,0x80000,0x0,0x2B1868,0x0,2,0,1,0,stop_at_base,0,0,0,,CALLBACK_RETURN_SENTINEL_OK
p17_hit2_20260801_144528_12572,479,479,robotol.ext,3,3,1,0x30631D,0x30631D,0x80000,0x0,0x2B1868,0x0,2,0,1,0,stop_at_base,0,0,0,,CALLBACK_RETURN_SENTINEL_OK
p17_hit2_20260801_144528_12572,480,480,robotol.ext,3,3,1,0x30631D,0x30631D,0x80000,0x0,0x2B1868,0x0,2,0,1,0,stop_at_base,0,0,0,,CALLBACK_RETURN_SENTINEL_OK
p17_hit2_20260801_144528_12572,481,481,robotol.ext,3,3,1,0x30631D,0x30631D,0x80000,0x0,0x2B1868,0x0,2,0,1,0,stop_at_base,0,0,0,,CALLBACK_RETURN_SENTINEL_OK
p17_hit2_20260801_144528_12572,482,482,robotol.ext,3,3,1,0x30631D,0x30631D,0x80000,0x0,0x2B1868,0x0,2,0,1,0,stop_at_base,0,0,0,,CALLBACK_RETURN_SENTINEL_OK
p17_hit2_20260801_144528_12572,483,483,robotol.ext,3,3,1,0x30631D,0x30631D,0x80000,0x0,0x2B1868,0x0,2,0,1,0,stop_at_base,0,0,0,,CALLBACK_RETURN_SENTINEL_OK
p17_hit2_20260801_144528_12572,484,484,robotol.ext,3,3,1,0x30631D,0x30631D,0x80000,0x0,0x2B1868,0x0,2,0,1,0,stop_at_base,0,0,0,,CALLBACK_RETURN_SENTINEL_OK
p17_hit2_20260801_144528_12572,485,485,robotol.ext,3,3,1,0x30631D,0x30631D,0x80000,0x0,0x2B1868,0x0,2,0,1,0,stop_at_base,0,0,0,,CALLBACK_RETURN_SENTINEL_OK
p17_hit2_20260801_144528_12572,486,486,robotol.ext,3,3,1,0x30631D,0x30631D,0x80000,0x0,0x2B1868,0x0,2,0,1,0,stop_at_base,0,0,0,,CALLBACK_RETURN_SENTINEL_OK
p17_hit2_20260801_144528_12572,487,487,robotol.ext,3,3,1,0x30631D,0x30631D,0x80000,0x0,0x2B1868,0x0,2,0,1,0,stop_at_base,0,0,0,,CALLBACK_RETURN_SENTINEL_OK
p17_hit2_20260801_144528_12572,488,488,robotol.ext,3,3,1,0x30631D,0x30631D,0x80000,0x0,0x2B1868,0x0,2,0,1,0,stop_at_base,0,0,0,,CALLBACK_RETURN_SENTINEL_OK
p17_hit2_20260801_144528_12572,489,489,robotol.ext,3,3,1,0x30631D,0x30631D,0x80000,0x0,0x2B1868,0x0,2,0,1,0,stop_at_base,0,0,0,,CALLBACK_RETURN_SENTINEL_OK
p17_hit2_20260801_144528_12572,490,490,robotol.ext,3,3,1,0x30631D,0x30631D,0x80000,0x0,0x2B1868,0x0,2,0,1,0,stop_at_base,0,0,0,,CALLBACK_RETURN_SENTINEL_OK
p17_hit2_20260801_144528_12572,491,491,robotol.ext,3,3,1,0x30631D,0x30631D,0x80000,0x0,0x2B1868,0x0,2,0,1,0,stop_at_base,0,0,0,,CALLBACK_RETURN_SENTINEL_OK
p17_hit2_20260801_144528_12572,492,492,robotol.ext,3,3,1,0x30631D,0x30631D,0x80000,0x0,0x2B1868,0x0,2,0,1,0,stop_at_base,0,0,0,,CALLBACK_RETURN_SENTINEL_OK
p17_hit2_20260801_144528_12572,493,493,robotol.ext,3,3,1,0x30631D,0x30631D,0x80000,0x0,0x2B1868,0x0,2,0,1,0,stop_at_base,0,0,0,,CALLBACK_RETURN_SENTINEL_OK
p17_hit2_20260801_144528_12572,494,494,robotol.ext,3,3,1,0x30631D,0x30631D,0x80000,0x0,0x2B1868,0x0,2,0,1,0,stop_at_base,0,0,0,,CALLBACK_RETURN_SENTINEL_OK
p17_hit2_20260801_144528_12572,495,495,robotol.ext,3,3,1,0x30631D,0x30631D,0x80000,0x0,0x2B1868,0x0,2,0,1,0,stop_at_base,0,0,0,,CALLBACK_RETURN_SENTINEL_OK
p17_hit2_20260801_144528_12572,496,496,robotol.ext,3,3,1,0x30631D,0x30631D,0x80000,0x0,0x2B1868,0x0,2,0,1,0,stop_at_base,0,0,0,,CALLBACK_RETURN_SENTINEL_OK
p17_hit2_20260801_144528_12572,497,497,robotol.ext,3,3,1,0x30631D,0x30631D,0x80000,0x0,0x2B1868,0x0,2,0,1,0,stop_at_base,0,0,0,,CALLBACK_RETURN_SENTINEL_OK
p17_hit2_20260801_144528_12572,498,498,robotol.ext,3,3,1,0x30631D,0x30631D,0x80000,0x0,0x2B1868,0x0,2,0,1,0,stop_at_base,0,0,0,,CALLBACK_RETURN_SENTINEL_OK
p17_hit2_20260801_144528_12572,499,499,robotol.ext,3,3,1,0x30631D,0x30631D,0x80000,0x0,0x2B1868,0x0,2,0,1,0,stop_at_base,0,0,0,,CALLBACK_RETURN_SENTINEL_OK
p17_hit2_20260801_144528_12572,500,500,robotol.ext,3,3,1,0x30631D,0x30631D,0x80000,0x0,0x2B1868,0x0,2,0,1,0,stop_at_base,0,0,0,,CALLBACK_RETURN_SENTINEL_OK
p17_hit2_20260801_144528_12572,501,501,robotol.ext,3,3,1,0x30631D,0x30631D,0x80000,0x0,0x2B1868,0x0,2,0,1,0,stop_at_base,0,0,0,,CALLBACK_RETURN_SENTINEL_OK
p17_hit2_20260801_144528_12572,502,502,robotol.ext,3,3,1,0x30631D,0x30631D,0x80000,0x0,0x2B1868,0x0,2,0,1,0,stop_at_base,0,0,0,,CALLBACK_RETURN_SENTINEL_OK
p17_hit2_20260801_144528_12572,503,503,robotol.ext,3,3,1,0x30631D,0x30631D,0x80000,0x0,0x2B1868,0x0,2,0,1,0,stop_at_base,0,0,0,,CALLBACK_RETURN_SENTINEL_OK
p17_hit2_20260801_144528_12572,504,504,robotol.ext,3,3,1,0x30631D,0x30631D,0x80000,0x0,0x2B1868,0x0,2,0,1,0,stop_at_base,0,0,0,,CALLBACK_RETURN_SENTINEL_OK
p17_hit2_20260801_144528_12572,505,505,robotol.ext,3,3,1,0x30631D,0x30631D,0x80000,0x0,0x2B1868,0x0,2,0,1,0,stop_at_base,0,0,0,,CALLBACK_RETURN_SENTINEL_OK
p17_hit2_20260801_144528_12572,506,506,robotol.ext,3,3,1,0x30631D,0x30631D,0x80000,0x0,0x2B1868,0x0,2,0,1,0,stop_at_base,0,0,0,,CALLBACK_RETURN_SENTINEL_OK
p17_hit2_20260801_144528_12572,507,507,robotol.ext,3,3,1,0x30631D,0x30631D,0x80000,0x0,0x2B1868,0x0,2,0,1,0,stop_at_base,0,0,0,,CALLBACK_RETURN_SENTINEL_OK
p17_hit2_20260801_144528_12572,508,508,robotol.ext,3,3,1,0x30631D,0x30631D,0x80000,0x0,0x2B1868,0x0,2,0,1,0,stop_at_base,0,0,0,,CALLBACK_RETURN_SENTINEL_OK
p17_hit2_20260801_144528_12572,509,509,robotol.ext,3,3,1,0x30631D,0x30631D,0x80000,0x0,0x2B1868,0x0,2,0,1,0,stop_at_base,0,0,0,,CALLBACK_RETURN_SENTINEL_OK
p17_hit2_20260801_144528_12572,510,510,robotol.ext,3,3,1,0x30631D,0x30631D,0x80000,0x0,0x2B1868,0x0,2,0,1,0,stop_at_base,0,0,0,,CALLBACK_RETURN_SENTINEL_OK
p17_hit2_20260801_144528_12572,511,511,robotol.ext,3,3,1,0x30631D,0x30631D,0x80000,0x0,0x2B1868,0x0,2,0,1,0,stop_at_base,0,0,0,,CALLBACK_RETURN_SENTINEL_OK
p17_hit2_20260801_144528_12572,512,512,robotol.ext,3,3,1,0x30631D,0x30631D,0x80000,0x0,0x2B1868,0x0,2,0,1,0,stop_at_base,0,0,0,,CALLBACK_RETURN_SENTINEL_OK
p17_hit2_20260801_144528_12572,513,513,robotol.ext,3,3,1,0x30631D,0x30631D,0x80000,0x0,0x2B1868,0x0,2,0,1,0,stop_at_base,0,0,0,,CALLBACK_RETURN_SENTINEL_OK
p17_hit2_20260801_144528_12572,514,514,robotol.ext,3,3,1,0x30631D,0x30631D,0x80000,0x0,0x2B1868,0x0,2,0,1,0,stop_at_base,0,0,0,,CALLBACK_RETURN_SENTINEL_OK
p17_hit2_20260801_144528_12572,515,515,robotol.ext,3,3,1,0x30631D,0x30631D,0x80000,0x0,0x2B1868,0x0,2,0,1,0,stop_at_base,0,0,0,,CALLBACK_RETURN_SENTINEL_OK
p17_hit2_20260801_144528_12572,516,516,robotol.ext,3,3,1,0x30631D,0x30631D,0x80000,0x0,0x2B1868,0x0,2,0,1,0,stop_at_base,0,0,0,,CALLBACK_RETURN_SENTINEL_OK
p17_hit2_20260801_144528_12572,517,517,robotol.ext,3,3,1,0x30631D,0x30631D,0x80000,0x0,0x2B1868,0x0,2,0,1,0,stop_at_base,0,0,0,,CALLBACK_RETURN_SENTINEL_OK
p17_hit2_20260801_144528_12572,518,518,robotol.ext,3,3,1,0x30631D,0x30631D,0x80000,0x0,0x2B1868,0x0,2,0,1,0,stop_at_base,0,0,0,,CALLBACK_RETURN_SENTINEL_OK
p17_hit2_20260801_144528_12572,519,519,robotol.ext,3,3,1,0x30631D,0x30631D,0x80000,0x0,0x2B1868,0x0,2,0,1,0,stop_at_base,0,0,0,,CALLBACK_RETURN_SENTINEL_OK
p17_hit2_20260801_144528_12572,520,520,robotol.ext,3,3,1,0x30631D,0x30631D,0x80000,0x0,0x2B1868,0x0,2,0,1,0,stop_at_base,0,0,0,,CALLBACK_RETURN_SENTINEL_OK
p17_hit2_20260801_144528_12572,521,521,robotol.ext,3,3,1,0x30631D,0x30631D,0x80000,0x0,0x2B1868,0x0,2,0,1,0,stop_at_base,0,0,0,,CALLBACK_RETURN_SENTINEL_OK
p17_hit2_20260801_144528_12572,522,522,robotol.ext,3,3,1,0x30631D,0x30631D,0x80000,0x0,0x2B1868,0x0,2,0,1,0,stop_at_base,0,0,0,,CALLBACK_RETURN_SENTINEL_OK
p17_hit2_20260801_144528_12572,523,523,robotol.ext,3,3,1,0x30631D,0x30631D,0x80000,0x0,0x2B1868,0x0,2,0,1,0,stop_at_base,0,0,0,,CALLBACK_RETURN_SENTINEL_OK
p17_hit2_20260801_144528_12572,524,524,robotol.ext,3,3,1,0x30631D,0x30631D,0x80000,0x0,0x2B1868,0x0,2,0,1,0,stop_at_base,0,0,0,,CALLBACK_RETURN_SENTINEL_OK
p17_hit2_20260801_144528_12572,525,525,robotol.ext,3,3,1,0x30631D,0x30631D,0x80000,0x0,0x2B1868,0x0,2,0,1,0,stop_at_base,0,0,0,,CALLBACK_RETURN_SENTINEL_OK
p17_hit2_20260801_144528_12572,526,526,robotol.ext,3,3,1,0x30631D,0x30631D,0x80000,0x0,0x2B1868,0x0,2,0,1,0,stop_at_base,0,0,0,,CALLBACK_RETURN_SENTINEL_OK
p17_hit2_20260801_144528_12572,527,527,robotol.ext,3,3,1,0x30631D,0x30631D,0x80000,0x0,0x2B1868,0x0,2,0,1,0,stop_at_base,0,0,0,,CALLBACK_RETURN_SENTINEL_OK
p17_hit2_20260801_144528_12572,528,528,robotol.ext,3,3,1,0x30631D,0x30631D,0x80000,0x0,0x2B1868,0x0,2,0,1,0,stop_at_base,0,0,0,,CALLBACK_RETURN_SENTINEL_OK
p17_hit2_20260801_144528_12572,529,529,robotol.ext,3,3,1,0x30631D,0x30631D,0x80000,0x0,0x2B1868,0x0,2,0,1,0,stop_at_base,0,0,0,,CALLBACK_RETURN_SENTINEL_OK
p17_hit2_20260801_144528_12572,530,530,robotol.ext,3,3,1,0x30631D,0x30631D,0x80000,0x0,0x2B1868,0x0,2,0,1,0,stop_at_base,0,0,0,,CALLBACK_RETURN_SENTINEL_OK
p17_hit2_20260801_144528_12572,531,531,robotol.ext,3,3,1,0x30631D,0x30631D,0x80000,0x0,0x2B1868,0x0,2,0,1,0,stop_at_base,0,0,0,,CALLBACK_RETURN_SENTINEL_OK
p17_hit2_20260801_144528_12572,532,532,robotol.ext,3,3,1,0x30631D,0x30631D,0x80000,0x0,0x2B1868,0x0,2,0,1,0,stop_at_base,0,0,0,,CALLBACK_RETURN_SENTINEL_OK
p17_hit2_20260801_144528_12572,533,533,robotol.ext,3,3,1,0x30631D,0x30631D,0x80000,0x0,0x2B1868,0x0,2,0,1,0,stop_at_base,0,0,0,,CALLBACK_RETURN_SENTINEL_OK
p17_hit2_20260801_144528_12572,534,534,robotol.ext,3,3,1,0x30631D,0x30631D,0x80000,0x0,0x2B1868,0x0,2,0,1,0,stop_at_base,0,0,0,,CALLBACK_RETURN_SENTINEL_OK
p17_hit2_20260801_144528_12572,535,535,robotol.ext,3,3,1,0x30631D,0x30631D,0x80000,0x0,0x2B1868,0x0,2,0,1,0,stop_at_base,0,0,0,,CALLBACK_RETURN_SENTINEL_OK
p17_hit2_20260801_144528_12572,536,536,robotol.ext,3,3,1,0x30631D,0x30631D,0x80000,0x0,0x2B1868,0x0,2,0,1,0,stop_at_base,0,0,0,,CALLBACK_RETURN_SENTINEL_OK
p17_hit2_20260801_144528_12572,537,537,robotol.ext,3,3,1,0x30631D,0x30631D,0x80000,0x0,0x2B1868,0x0,2,0,1,0,stop_at_base,0,0,0,,CALLBACK_RETURN_SENTINEL_OK
p17_hit2_20260801_144528_12572,538,538,robotol.ext,3,3,1,0x30631D,0x30631D,0x80000,0x0,0x2B1868,0x0,2,0,1,0,stop_at_base,0,0,0,,CALLBACK_RETURN_SENTINEL_OK
p17_hit2_20260801_144528_12572,539,539,robotol.ext,3,3,1,0x30631D,0x30631D,0x80000,0x0,0x2B1868,0x0,2,0,1,0,stop_at_base,0,0,0,,CALLBACK_RETURN_SENTINEL_OK
p17_hit2_20260801_144528_12572,540,540,robotol.ext,3,3,1,0x30631D,0x30631D,0x80000,0x0,0x2B1868,0x0,2,0,1,0,stop_at_base,0,0,0,,CALLBACK_RETURN_SENTINEL_OK
p17_hit2_20260801_144528_12572,541,541,robotol.ext,3,3,1,0x30631D,0x30631D,0x80000,0x0,0x2B1868,0x0,2,0,1,0,stop_at_base,0,0,0,,CALLBACK_RETURN_SENTINEL_OK
p17_hit2_20260801_144528_12572,542,542,robotol.ext,3,3,1,0x30631D,0x30631D,0x80000,0x0,0x2B1868,0x0,2,0,1,0,stop_at_base,0,0,0,,CALLBACK_RETURN_SENTINEL_OK
p17_hit2_20260801_144528_12572,543,543,robotol.ext,3,3,1,0x30631D,0x30631D,0x80000,0x0,0x2B1868,0x0,2,0,1,0,stop_at_base,0,0,0,,CALLBACK_RETURN_SENTINEL_OK
p17_hit2_20260801_144528_12572,544,544,robotol.ext,3,3,1,0x30631D,0x30631D,0x80000,0x0,0x2B1868,0x0,2,0,1,0,stop_at_base,0,0,0,,CALLBACK_RETURN_SENTINEL_OK
p17_hit2_20260801_144528_12572,545,545,robotol.ext,3,3,1,0x30631D,0x30631D,0x80000,0x0,0x2B1868,0x0,2,0,1,0,stop_at_base,0,0,0,,CALLBACK_RETURN_SENTINEL_OK
p17_hit2_20260801_144528_12572,546,546,robotol.ext,3,3,1,0x30631D,0x30631D,0x80000,0x0,0x2B1868,0x0,2,0,1,0,stop_at_base,0,0,0,,CALLBACK_RETURN_SENTINEL_OK
p17_hit2_20260801_144528_12572,547,547,robotol.ext,3,3,1,0x30631D,0x30631D,0x80000,0x0,0x2B1868,0x0,2,0,1,0,stop_at_base,0,0,0,,CALLBACK_RETURN_SENTINEL_OK
p17_hit2_20260801_144528_12572,548,548,robotol.ext,3,3,1,0x30631D,0x30631D,0x80000,0x0,0x2B1868,0x0,2,0,1,0,stop_at_base,0,0,0,,CALLBACK_RETURN_SENTINEL_OK
p17_hit2_20260801_144528_12572,549,549,robotol.ext,3,3,1,0x30631D,0x30631D,0x80000,0x0,0x2B1868,0x0,2,0,1,0,stop_at_base,0,0,0,,CALLBACK_RETURN_SENTINEL_OK
p17_hit2_20260801_144528_12572,550,550,robotol.ext,3,3,1,0x30631D,0x30631D,0x80000,0x0,0x2B1868,0x0,2,0,1,0,stop_at_base,0,0,0,,CALLBACK_RETURN_SENTINEL_OK
p17_hit2_20260801_144528_12572,551,551,robotol.ext,3,3,1,0x30631D,0x30631D,0x80000,0x0,0x2B1868,0x0,2,0,1,0,stop_at_base,0,0,0,,CALLBACK_RETURN_SENTINEL_OK
p17_hit2_20260801_144528_12572,552,552,robotol.ext,3,3,1,0x30631D,0x30631D,0x80000,0x0,0x2B1868,0x0,2,0,1,0,stop_at_base,0,0,0,,CALLBACK_RETURN_SENTINEL_OK
p17_hit2_20260801_144528_12572,553,553,robotol.ext,3,3,1,0x30631D,0x30631D,0x80000,0x0,0x2B1868,0x0,2,0,1,0,stop_at_base,0,0,0,,CALLBACK_RETURN_SENTINEL_OK
p17_hit2_20260801_144528_12572,554,554,robotol.ext,3,3,1,0x30631D,0x30631D,0x80000,0x0,0x2B1868,0x0,2,0,1,0,stop_at_base,0,0,0,,CALLBACK_RETURN_SENTINEL_OK
p17_hit2_20260801_144528_12572,555,555,robotol.ext,3,3,1,0x30631D,0x30631D,0x80000,0x0,0x2B1868,0x0,2,0,1,0,stop_at_base,0,0,0,,CALLBACK_RETURN_SENTINEL_OK
p17_hit2_20260801_144528_12572,556,556,robotol.ext,3,3,1,0x30631D,0x30631D,0x80000,0x0,0x2B1868,0x0,2,0,1,0,stop_at_base,0,0,0,,CALLBACK_RETURN_SENTINEL_OK
p17_hit2_20260801_144528_12572,557,557,robotol.ext,3,3,1,0x30631D,0x30631D,0x80000,0x0,0x2B1868,0x0,2,0,1,0,stop_at_base,0,0,0,,CALLBACK_RETURN_SENTINEL_OK
p17_hit2_20260801_144528_12572,558,558,robotol.ext,3,3,1,0x30631D,0x30631D,0x80000,0x0,0x2B1868,0x0,2,0,1,0,stop_at_base,0,0,0,,CALLBACK_RETURN_SENTINEL_OK
p17_hit2_20260801_144528_12572,559,559,robotol.ext,3,3,1,0x30631D,0x30631D,0x80000,0x0,0x2B1868,0x0,2,0,1,0,stop_at_base,0,0,0,,CALLBACK_RETURN_SENTINEL_OK
p17_hit2_20260801_144528_12572,560,560,robotol.ext,3,3,1,0x30631D,0x30631D,0x80000,0x0,0x2B1868,0x0,2,0,1,0,stop_at_base,0,0,0,,CALLBACK_RETURN_SENTINEL_OK
p17_hit2_20260801_144528_12572,561,561,robotol.ext,3,3,1,0x30631D,0x30631D,0x80000,0x0,0x2B1868,0x0,2,0,1,0,stop_at_base,0,0,0,,CALLBACK_RETURN_SENTINEL_OK
p17_hit2_20260801_144528_12572,562,562,robotol.ext,3,3,1,0x30631D,0x30631D,0x80000,0x0,0x2B1868,0x0,2,0,1,0,stop_at_base,0,0,0,,CALLBACK_RETURN_SENTINEL_OK
p17_hit2_20260801_144528_12572,563,563,robotol.ext,3,3,1,0x30631D,0x30631D,0x80000,0x0,0x2B1868,0x0,2,0,1,0,stop_at_base,0,0,0,,CALLBACK_RETURN_SENTINEL_OK
p17_hit2_20260801_144528_12572,564,564,robotol.ext,3,3,1,0x30631D,0x30631D,0x80000,0x0,0x2B1868,0x0,2,0,1,0,stop_at_base,0,0,0,,CALLBACK_RETURN_SENTINEL_OK
p17_hit2_20260801_144528_12572,565,565,robotol.ext,3,3,1,0x30631D,0x30631D,0x80000,0x0,0x2B1868,0x0,2,0,1,0,stop_at_base,0,0,0,,CALLBACK_RETURN_SENTINEL_OK
p17_hit2_20260801_144528_12572,566,566,robotol.ext,3,3,1,0x30631D,0x30631D,0x80000,0x0,0x2B1868,0x0,2,0,1,0,stop_at_base,0,0,0,,CALLBACK_RETURN_SENTINEL_OK
p17_hit2_20260801_144528_12572,567,567,robotol.ext,3,3,1,0x30631D,0x30631D,0x80000,0x0,0x2B1868,0x0,2,0,1,0,stop_at_base,0,0,0,,CALLBACK_RETURN_SENTINEL_OK
p17_hit2_20260801_144528_12572,568,568,robotol.ext,3,3,1,0x30631D,0x30631D,0x80000,0x0,0x2B1868,0x0,2,0,1,0,stop_at_base,0,0,0,,CALLBACK_RETURN_SENTINEL_OK
p17_hit2_20260801_144528_12572,569,569,robotol.ext,3,3,1,0x30631D,0x30631D,0x80000,0x0,0x2B1868,0x0,2,0,1,0,stop_at_base,0,0,0,,CALLBACK_RETURN_SENTINEL_OK
p17_hit2_20260801_144528_12572,570,570,robotol.ext,3,3,1,0x30631D,0x30631D,0x80000,0x0,0x2B1868,0x0,2,0,1,0,stop_at_base,0,0,0,,CALLBACK_RETURN_SENTINEL_OK
p17_hit2_20260801_144528_12572,571,571,robotol.ext,3,3,1,0x30631D,0x30631D,0x80000,0x0,0x2B1868,0x0,2,0,1,0,stop_at_base,0,0,0,,CALLBACK_RETURN_SENTINEL_OK
p17_hit2_20260801_144528_12572,572,572,robotol.ext,3,3,1,0x30631D,0x30631D,0x80000,0x0,0x2B1868,0x0,2,0,1,0,stop_at_base,0,0,0,,CALLBACK_RETURN_SENTINEL_OK
p17_hit2_20260801_144528_12572,573,573,robotol.ext,3,3,1,0x30631D,0x30631D,0x80000,0x0,0x2B1868,0x0,2,0,1,0,stop_at_base,0,0,0,,CALLBACK_RETURN_SENTINEL_OK
p17_hit2_20260801_144528_12572,574,574,robotol.ext,3,3,1,0x30631D,0x30631D,0x80000,0x0,0x2B1868,0x0,2,0,1,0,stop_at_base,0,0,0,,CALLBACK_RETURN_SENTINEL_OK
p17_hit2_20260801_144528_12572,575,575,robotol.ext,3,3,1,0x30631D,0x30631D,0x80000,0x0,0x2B1868,0x0,2,0,1,0,stop_at_base,0,0,0,,CALLBACK_RETURN_SENTINEL_OK
p17_hit2_20260801_144528_12572,576,576,robotol.ext,3,3,1,0x30631D,0x30631D,0x80000,0x0,0x2B1868,0x0,2,0,1,0,stop_at_base,0,0,0,,CALLBACK_RETURN_SENTINEL_OK
p17_hit2_20260801_144528_12572,577,577,robotol.ext,3,3,1,0x30631D,0x30631D,0x80000,0x0,0x2B1868,0x0,2,0,1,0,stop_at_base,0,0,0,,CALLBACK_RETURN_SENTINEL_OK
p17_hit2_20260801_144528_12572,578,578,robotol.ext,3,3,1,0x30631D,0x30631D,0x80000,0x0,0x2B1868,0x0,2,0,1,0,stop_at_base,0,0,0,,CALLBACK_RETURN_SENTINEL_OK
p17_hit2_20260801_144528_12572,579,579,robotol.ext,3,3,1,0x30631D,0x30631D,0x80000,0x0,0x2B1868,0x0,2,0,1,0,stop_at_base,0,0,0,,CALLBACK_RETURN_SENTINEL_OK
p17_hit2_20260801_144528_12572,580,580,robotol.ext,3,3,1,0x30631D,0x30631D,0x80000,0x0,0x2B1868,0x0,2,0,1,0,stop_at_base,0,0,0,,CALLBACK_RETURN_SENTINEL_OK
p17_hit2_20260801_144528_12572,581,581,robotol.ext,3,3,1,0x30631D,0x30631D,0x80000,0x0,0x2B1868,0x0,2,0,1,0,stop_at_base,0,0,0,,CALLBACK_RETURN_SENTINEL_OK
p17_hit2_20260801_144528_12572,582,582,robotol.ext,3,3,1,0x30631D,0x30631D,0x80000,0x0,0x2B1868,0x0,2,0,1,0,stop_at_base,0,0,0,,CALLBACK_RETURN_SENTINEL_OK
p17_hit2_20260801_144528_12572,583,583,robotol.ext,3,3,1,0x30631D,0x30631D,0x80000,0x0,0x2B1868,0x0,2,0,1,0,stop_at_base,0,0,0,,CALLBACK_RETURN_SENTINEL_OK
p17_hit2_20260801_144528_12572,584,584,robotol.ext,3,3,1,0x30631D,0x30631D,0x80000,0x0,0x2B1868,0x0,2,0,1,0,stop_at_base,0,0,0,,CALLBACK_RETURN_SENTINEL_OK
p17_hit2_20260801_144528_12572,585,585,robotol.ext,3,3,1,0x30631D,0x30631D,0x80000,0x0,0x2B1868,0x0,2,0,1,0,stop_at_base,0,0,0,,CALLBACK_RETURN_SENTINEL_OK
p17_hit2_20260801_144528_12572,586,586,robotol.ext,3,3,1,0x30631D,0x30631D,0x80000,0x0,0x2B1868,0x0,2,0,1,0,stop_at_base,0,0,0,,CALLBACK_RETURN_SENTINEL_OK
p17_hit2_20260801_144528_12572,587,587,robotol.ext,3,3,1,0x30631D,0x30631D,0x80000,0x0,0x2B1868,0x0,2,0,1,0,stop_at_base,0,0,0,,CALLBACK_RETURN_SENTINEL_OK
p17_hit2_20260801_144528_12572,588,588,robotol.ext,3,3,1,0x30631D,0x30631D,0x80000,0x0,0x2B1868,0x0,2,0,1,0,stop_at_base,0,0,0,,CALLBACK_RETURN_SENTINEL_OK
p17_hit2_20260801_144528_12572,589,589,robotol.ext,3,3,1,0x30631D,0x30631D,0x80000,0x0,0x2B1868,0x0,2,0,1,0,stop_at_base,0,0,0,,CALLBACK_RETURN_SENTINEL_OK
p17_hit2_20260801_144528_12572,590,590,robotol.ext,3,3,1,0x30631D,0x30631D,0x80000,0x0,0x2B1868,0x0,2,0,1,0,stop_at_base,0,0,0,,CALLBACK_RETURN_SENTINEL_OK
p17_hit2_20260801_144528_12572,591,591,robotol.ext,3,3,1,0x30631D,0x30631D,0x80000,0x0,0x2B1868,0x0,2,0,1,0,stop_at_base,0,0,0,,CALLBACK_RETURN_SENTINEL_OK
p17_hit2_20260801_144528_12572,592,592,robotol.ext,3,3,1,0x30631D,0x30631D,0x80000,0x0,0x2B1868,0x0,2,0,1,0,stop_at_base,0,0,0,,CALLBACK_RETURN_SENTINEL_OK
p17_hit2_20260801_144528_12572,593,593,robotol.ext,3,3,1,0x30631D,0x30631D,0x80000,0x0,0x2B1868,0x0,2,0,1,0,stop_at_base,0,0,0,,CALLBACK_RETURN_SENTINEL_OK
p17_hit2_20260801_144528_12572,594,594,robotol.ext,3,3,1,0x30631D,0x30631D,0x80000,0x0,0x2B1868,0x0,2,0,1,0,stop_at_base,0,0,0,,CALLBACK_RETURN_SENTINEL_OK
p17_hit2_20260801_144528_12572,595,595,robotol.ext,3,3,1,0x30631D,0x30631D,0x80000,0x0,0x2B1868,0x0,2,0,1,0,stop_at_base,0,0,0,,CALLBACK_RETURN_SENTINEL_OK
p17_hit2_20260801_144528_12572,596,596,robotol.ext,3,3,1,0x30631D,0x30631D,0x80000,0x0,0x2B1868,0x0,2,0,1,0,stop_at_base,0,0,0,,CALLBACK_RETURN_SENTINEL_OK
p17_hit2_20260801_144528_12572,597,597,robotol.ext,3,3,1,0x30631D,0x30631D,0x80000,0x0,0x2B1868,0x0,2,0,1,0,stop_at_base,0,0,0,,CALLBACK_RETURN_SENTINEL_OK
p17_hit2_20260801_144528_12572,598,598,robotol.ext,3,3,1,0x30631D,0x30631D,0x80000,0x0,0x2B1868,0x0,2,0,1,0,stop_at_base,0,0,0,,CALLBACK_RETURN_SENTINEL_OK
p17_hit2_20260801_144528_12572,599,599,robotol.ext,3,3,1,0x30631D,0x30631D,0x80000,0x0,0x2B1868,0x0,2,0,1,0,stop_at_base,0,0,0,,CALLBACK_RETURN_SENTINEL_OK
p17_hit2_20260801_144528_12572,600,600,robotol.ext,3,3,1,0x30631D,0x30631D,0x80000,0x0,0x2B1868,0x0,2,0,1,0,stop_at_base,0,0,0,,CALLBACK_RETURN_SENTINEL_OK
p17_hit2_20260801_144528_12572,601,601,robotol.ext,3,3,1,0x30631D,0x30631D,0x80000,0x0,0x2B1868,0x0,2,0,1,0,stop_at_base,0,0,0,,CALLBACK_RETURN_SENTINEL_OK
p17_hit2_20260801_144528_12572,602,602,robotol.ext,3,3,1,0x30631D,0x30631D,0x80000,0x0,0x2B1868,0x0,2,0,1,0,stop_at_base,0,0,0,,CALLBACK_RETURN_SENTINEL_OK
p17_hit2_20260801_144528_12572,603,603,robotol.ext,3,3,1,0x30631D,0x30631D,0x80000,0x0,0x2B1868,0x0,2,0,1,0,stop_at_base,0,0,0,,CALLBACK_RETURN_SENTINEL_OK
p17_hit2_20260801_144528_12572,604,604,robotol.ext,3,3,1,0x30631D,0x30631D,0x80000,0x0,0x2B1868,0x0,2,0,1,0,stop_at_base,0,0,0,,CALLBACK_RETURN_SENTINEL_OK
p17_hit2_20260801_144528_12572,605,605,robotol.ext,3,3,1,0x30631D,0x30631D,0x80000,0x0,0x2B1868,0x0,2,0,1,0,stop_at_base,0,0,0,,CALLBACK_RETURN_SENTINEL_OK
p17_hit2_20260801_144528_12572,606,606,robotol.ext,3,3,1,0x30631D,0x30631D,0x80000,0x0,0x2B1868,0x0,2,0,1,0,stop_at_base,0,0,0,,CALLBACK_RETURN_SENTINEL_OK
p17_hit2_20260801_144528_12572,607,607,robotol.ext,3,3,1,0x30631D,0x30631D,0x80000,0x0,0x2B1868,0x0,2,0,1,0,stop_at_base,0,0,0,,CALLBACK_RETURN_SENTINEL_OK
p17_hit2_20260801_144528_12572,608,608,robotol.ext,3,3,1,0x30631D,0x30631D,0x80000,0x0,0x2B1868,0x0,2,0,1,0,stop_at_base,0,0,0,,CALLBACK_RETURN_SENTINEL_OK
p17_hit2_20260801_144528_12572,609,609,robotol.ext,3,3,1,0x30631D,0x30631D,0x80000,0x0,0x2B1868,0x0,2,0,1,0,stop_at_base,0,0,0,,CALLBACK_RETURN_SENTINEL_OK
p17_hit2_20260801_144528_12572,610,610,robotol.ext,3,3,1,0x30631D,0x30631D,0x80000,0x0,0x2B1868,0x0,2,0,1,0,stop_at_base,0,0,0,,CALLBACK_RETURN_SENTINEL_OK
p17_hit2_20260801_144528_12572,611,611,robotol.ext,3,3,1,0x30631D,0x30631D,0x80000,0x0,0x2B1868,0x0,2,0,1,0,stop_at_base,0,0,0,,CALLBACK_RETURN_SENTINEL_OK
p17_hit2_20260801_144528_12572,612,612,robotol.ext,3,3,1,0x30631D,0x30631D,0x80000,0x0,0x2B1868,0x0,2,0,1,0,stop_at_base,0,0,0,,CALLBACK_RETURN_SENTINEL_OK
p17_hit2_20260801_144528_12572,613,613,robotol.ext,3,3,1,0x30631D,0x30631D,0x80000,0x0,0x2B1868,0x0,2,0,1,0,stop_at_base,0,0,0,,CALLBACK_RETURN_SENTINEL_OK
p17_hit2_20260801_144528_12572,614,614,robotol.ext,3,3,1,0x30631D,0x30631D,0x80000,0x0,0x2B1868,0x0,2,0,1,0,stop_at_base,0,0,0,,CALLBACK_RETURN_SENTINEL_OK
p17_hit2_20260801_144528_12572,615,615,robotol.ext,3,3,1,0x30631D,0x30631D,0x80000,0x0,0x2B1868,0x0,2,0,1,0,stop_at_base,0,0,0,,CALLBACK_RETURN_SENTINEL_OK
p17_hit2_20260801_144528_12572,616,616,robotol.ext,3,3,1,0x30631D,0x30631D,0x80000,0x0,0x2B1868,0x0,2,0,1,0,stop_at_base,0,0,0,,CALLBACK_RETURN_SENTINEL_OK
p17_hit2_20260801_144528_12572,617,617,robotol.ext,3,3,1,0x30631D,0x30631D,0x80000,0x0,0x2B1868,0x0,2,0,1,0,stop_at_base,0,0,0,,CALLBACK_RETURN_SENTINEL_OK
p17_hit2_20260801_144528_12572,618,618,robotol.ext,3,3,1,0x30631D,0x30631D,0x80000,0x0,0x2B1868,0x0,2,0,1,0,stop_at_base,0,0,0,,CALLBACK_RETURN_SENTINEL_OK
p17_hit2_20260801_144528_12572,619,619,robotol.ext,3,3,1,0x30631D,0x30631D,0x80000,0x0,0x2B1868,0x0,2,0,1,0,stop_at_base,0,0,0,,CALLBACK_RETURN_SENTINEL_OK
p17_hit2_20260801_144528_12572,620,620,robotol.ext,3,3,1,0x30631D,0x30631D,0x80000,0x0,0x2B1868,0x0,2,0,1,0,stop_at_base,0,0,0,,CALLBACK_RETURN_SENTINEL_OK
p17_hit2_20260801_144528_12572,621,621,robotol.ext,3,3,1,0x30631D,0x30631D,0x80000,0x0,0x2B1868,0x0,2,0,1,0,stop_at_base,0,0,0,,CALLBACK_RETURN_SENTINEL_OK
p17_hit2_20260801_144528_12572,622,622,robotol.ext,3,3,1,0x30631D,0x30631D,0x80000,0x0,0x2B1868,0x0,2,0,1,0,stop_at_base,0,0,0,,CALLBACK_RETURN_SENTINEL_OK
p17_hit2_20260801_144528_12572,623,623,robotol.ext,3,3,1,0x30631D,0x30631D,0x80000,0x0,0x2B1868,0x0,2,0,1,0,stop_at_base,0,0,0,,CALLBACK_RETURN_SENTINEL_OK
p17_hit2_20260801_144528_12572,624,624,robotol.ext,3,3,1,0x30631D,0x30631D,0x80000,0x0,0x2B1868,0x0,2,0,1,0,stop_at_base,0,0,0,,CALLBACK_RETURN_SENTINEL_OK
p17_hit2_20260801_144528_12572,625,625,robotol.ext,3,3,1,0x30631D,0x30631D,0x80000,0x0,0x2B1868,0x0,2,0,1,0,stop_at_base,0,0,0,,CALLBACK_RETURN_SENTINEL_OK
p17_hit2_20260801_144528_12572,626,626,robotol.ext,3,3,1,0x30631D,0x30631D,0x80000,0x0,0x2B1868,0x0,2,0,1,0,stop_at_base,0,0,0,,CALLBACK_RETURN_SENTINEL_OK
p17_hit2_20260801_144528_12572,627,627,robotol.ext,3,3,1,0x30631D,0x30631D,0x80000,0x0,0x2B1868,0x0,2,0,1,0,stop_at_base,0,0,0,,CALLBACK_RETURN_SENTINEL_OK
p17_hit2_20260801_144528_12572,628,628,robotol.ext,3,3,1,0x30631D,0x30631D,0x80000,0x0,0x2B1868,0x0,2,0,1,0,stop_at_base,0,0,0,,CALLBACK_RETURN_SENTINEL_OK
p17_hit2_20260801_144528_12572,629,629,robotol.ext,3,3,1,0x30631D,0x30631D,0x80000,0x0,0x2B1868,0x0,2,0,1,0,stop_at_base,0,0,0,,CALLBACK_RETURN_SENTINEL_OK
p17_hit2_20260801_144528_12572,630,630,robotol.ext,3,3,1,0x30631D,0x30631D,0x80000,0x0,0x2B1868,0x0,2,0,1,0,stop_at_base,0,0,0,,CALLBACK_RETURN_SENTINEL_OK
p17_hit2_20260801_144528_12572,631,631,robotol.ext,3,3,1,0x30631D,0x30631D,0x80000,0x0,0x2B1868,0x0,2,0,1,0,stop_at_base,0,0,0,,CALLBACK_RETURN_SENTINEL_OK
p17_hit2_20260801_144528_12572,632,632,robotol.ext,3,3,1,0x30631D,0x30631D,0x80000,0x0,0x2B1868,0x0,2,0,1,0,stop_at_base,0,0,0,,CALLBACK_RETURN_SENTINEL_OK
p17_hit2_20260801_144528_12572,633,633,robotol.ext,3,3,1,0x30631D,0x30631D,0x80000,0x0,0x2B1868,0x0,2,0,1,0,stop_at_base,0,0,0,,CALLBACK_RETURN_SENTINEL_OK
p17_hit2_20260801_144528_12572,634,634,robotol.ext,3,3,1,0x30631D,0x30631D,0x80000,0x0,0x2B1868,0x0,2,0,1,0,stop_at_base,0,0,0,,CALLBACK_RETURN_SENTINEL_OK
p17_hit2_20260801_144528_12572,635,635,robotol.ext,3,3,1,0x30631D,0x30631D,0x80000,0x0,0x2B1868,0x0,2,0,1,0,stop_at_base,0,0,0,,CALLBACK_RETURN_SENTINEL_OK
p17_hit2_20260801_144528_12572,636,636,robotol.ext,3,3,1,0x30631D,0x30631D,0x80000,0x0,0x2B1868,0x0,2,0,1,0,stop_at_base,0,0,0,,CALLBACK_RETURN_SENTINEL_OK
p17_hit2_20260801_144528_12572,637,637,robotol.ext,3,3,1,0x30631D,0x30631D,0x80000,0x0,0x2B1868,0x0,2,0,1,0,stop_at_base,0,0,0,,CALLBACK_RETURN_SENTINEL_OK
p17_hit2_20260801_144528_12572,638,638,robotol.ext,3,3,1,0x30631D,0x30631D,0x80000,0x0,0x2B1868,0x0,2,0,1,0,stop_at_base,0,0,0,,CALLBACK_RETURN_SENTINEL_OK
p17_hit2_20260801_144528_12572,639,639,robotol.ext,3,3,1,0x30631D,0x30631D,0x80000,0x0,0x2B1868,0x0,2,0,1,0,stop_at_base,0,0,0,,CALLBACK_RETURN_SENTINEL_OK
p17_hit2_20260801_144528_12572,640,640,robotol.ext,3,3,1,0x30631D,0x30631D,0x80000,0x0,0x2B1868,0x0,2,0,1,0,stop_at_base,0,0,0,,CALLBACK_RETURN_SENTINEL_OK
p17_hit2_20260801_144528_12572,641,641,robotol.ext,3,3,1,0x30631D,0x30631D,0x80000,0x0,0x2B1868,0x0,2,0,1,0,stop_at_base,0,0,0,,CALLBACK_RETURN_SENTINEL_OK
p17_hit2_20260801_144528_12572,642,642,robotol.ext,3,3,1,0x30631D,0x30631D,0x80000,0x0,0x2B1868,0x0,2,0,1,0,stop_at_base,0,0,0,,CALLBACK_RETURN_SENTINEL_OK
p17_hit2_20260801_144528_12572,643,643,robotol.ext,3,3,1,0x30631D,0x30631D,0x80000,0x0,0x2B1868,0x0,2,0,1,0,stop_at_base,0,0,0,,CALLBACK_RETURN_SENTINEL_OK
p17_hit2_20260801_144528_12572,644,644,robotol.ext,3,3,1,0x30631D,0x30631D,0x80000,0x0,0x2B1868,0x0,2,0,1,0,stop_at_base,0,0,0,,CALLBACK_RETURN_SENTINEL_OK
p17_hit2_20260801_144528_12572,645,645,robotol.ext,3,3,1,0x30631D,0x30631D,0x80000,0x0,0x2B1868,0x0,2,0,1,0,stop_at_base,0,0,0,,CALLBACK_RETURN_SENTINEL_OK
p17_hit2_20260801_144528_12572,646,646,robotol.ext,3,3,1,0x30631D,0x30631D,0x80000,0x0,0x2B1868,0x0,2,0,1,0,stop_at_base,0,0,0,,CALLBACK_RETURN_SENTINEL_OK
p17_hit2_20260801_144528_12572,647,647,robotol.ext,3,3,1,0x30631D,0x30631D,0x80000,0x0,0x2B1868,0x0,2,0,1,0,stop_at_base,0,0,0,,CALLBACK_RETURN_SENTINEL_OK
p17_hit2_20260801_144528_12572,648,648,robotol.ext,3,3,1,0x30631D,0x30631D,0x80000,0x0,0x2B1868,0x0,2,0,1,0,stop_at_base,0,0,0,,CALLBACK_RETURN_SENTINEL_OK
p17_hit2_20260801_144528_12572,649,649,robotol.ext,3,3,1,0x30631D,0x30631D,0x80000,0x0,0x2B1868,0x0,2,0,1,0,stop_at_base,0,0,0,,CALLBACK_RETURN_SENTINEL_OK
p17_hit2_20260801_144528_12572,650,650,robotol.ext,3,3,1,0x30631D,0x30631D,0x80000,0x0,0x2B1868,0x0,2,0,1,0,stop_at_base,0,0,0,,CALLBACK_RETURN_SENTINEL_OK
p17_hit2_20260801_144528_12572,651,651,robotol.ext,3,3,1,0x30631D,0x30631D,0x80000,0x0,0x2B1868,0x0,2,0,1,0,stop_at_base,0,0,0,,CALLBACK_RETURN_SENTINEL_OK
p17_hit2_20260801_144528_12572,652,652,robotol.ext,3,3,1,0x30631D,0x30631D,0x80000,0x0,0x2B1868,0x0,2,0,1,0,stop_at_base,0,0,0,,CALLBACK_RETURN_SENTINEL_OK
p17_hit2_20260801_144528_12572,653,653,robotol.ext,3,3,1,0x30631D,0x30631D,0x80000,0x0,0x2B1868,0x0,2,0,1,0,stop_at_base,0,0,0,,CALLBACK_RETURN_SENTINEL_OK
p17_hit2_20260801_144528_12572,654,654,robotol.ext,3,3,1,0x30631D,0x30631D,0x80000,0x0,0x2B1868,0x0,2,0,1,0,stop_at_base,0,0,0,,CALLBACK_RETURN_SENTINEL_OK
p17_hit2_20260801_144528_12572,655,655,robotol.ext,3,3,1,0x30631D,0x30631D,0x80000,0x0,0x2B1868,0x0,2,0,1,0,stop_at_base,0,0,0,,CALLBACK_RETURN_SENTINEL_OK
p17_hit2_20260801_144528_12572,656,656,robotol.ext,3,3,1,0x30631D,0x30631D,0x80000,0x0,0x2B1868,0x0,2,0,1,0,stop_at_base,0,0,0,,CALLBACK_RETURN_SENTINEL_OK
p17_hit2_20260801_144528_12572,657,657,robotol.ext,3,3,1,0x30631D,0x30631D,0x80000,0x0,0x2B1868,0x0,2,0,1,0,stop_at_base,0,0,0,,CALLBACK_RETURN_SENTINEL_OK
p17_hit2_20260801_144528_12572,658,658,robotol.ext,3,3,1,0x30631D,0x30631D,0x80000,0x0,0x2B1868,0x0,2,0,1,0,stop_at_base,0,0,0,,CALLBACK_RETURN_SENTINEL_OK
p17_hit2_20260801_144528_12572,659,659,robotol.ext,3,3,1,0x30631D,0x30631D,0x80000,0x0,0x2B1868,0x0,2,0,1,0,stop_at_base,0,0,0,,CALLBACK_RETURN_SENTINEL_OK
p17_hit2_20260801_144528_12572,660,660,robotol.ext,3,3,1,0x30631D,0x30631D,0x80000,0x0,0x2B1868,0x0,2,0,1,0,stop_at_base,0,0,0,,CALLBACK_RETURN_SENTINEL_OK
p17_hit2_20260801_144528_12572,661,661,robotol.ext,3,3,1,0x30631D,0x30631D,0x80000,0x0,0x2B1868,0x0,2,0,1,0,stop_at_base,0,0,0,,CALLBACK_RETURN_SENTINEL_OK
p17_hit2_20260801_144528_12572,662,662,robotol.ext,3,3,1,0x30631D,0x30631D,0x80000,0x0,0x2B1868,0x0,2,0,1,0,stop_at_base,0,0,0,,CALLBACK_RETURN_SENTINEL_OK
p17_hit2_20260801_144528_12572,663,663,robotol.ext,3,3,1,0x30631D,0x30631D,0x80000,0x0,0x2B1868,0x0,2,0,1,0,stop_at_base,0,0,0,,CALLBACK_RETURN_SENTINEL_OK
p17_hit2_20260801_144528_12572,664,664,robotol.ext,3,3,1,0x30631D,0x30631D,0x80000,0x0,0x2B1868,0x0,2,0,1,0,stop_at_base,0,0,0,,CALLBACK_RETURN_SENTINEL_OK
p17_hit2_20260801_144528_12572,665,665,robotol.ext,3,3,1,0x30631D,0x30631D,0x80000,0x0,0x2B1868,0x0,2,0,1,0,stop_at_base,0,0,0,,CALLBACK_RETURN_SENTINEL_OK
p17_hit2_20260801_144528_12572,666,666,robotol.ext,3,3,1,0x30631D,0x30631D,0x80000,0x0,0x2B1868,0x0,2,0,1,0,stop_at_base,0,0,0,,CALLBACK_RETURN_SENTINEL_OK
p17_hit2_20260801_144528_12572,667,667,robotol.ext,3,3,1,0x30631D,0x30631D,0x80000,0x0,0x2B1868,0x0,2,0,1,0,stop_at_base,0,0,0,,CALLBACK_RETURN_SENTINEL_OK
p17_hit2_20260801_144528_12572,668,668,robotol.ext,3,3,1,0x30631D,0x30631D,0x80000,0x0,0x2B1868,0x0,2,0,1,0,stop_at_base,0,0,0,,CALLBACK_RETURN_SENTINEL_OK
p17_hit2_20260801_144528_12572,669,669,robotol.ext,3,3,1,0x30631D,0x30631D,0x80000,0x0,0x2B1868,0x0,2,0,1,0,stop_at_base,0,0,0,,CALLBACK_RETURN_SENTINEL_OK
p17_hit2_20260801_144528_12572,670,670,robotol.ext,3,3,1,0x30631D,0x30631D,0x80000,0x0,0x2B1868,0x0,2,0,1,0,stop_at_base,0,0,0,,CALLBACK_RETURN_SENTINEL_OK
p17_hit2_20260801_144528_12572,671,671,robotol.ext,3,3,1,0x30631D,0x30631D,0x80000,0x0,0x2B1868,0x0,2,0,1,0,stop_at_base,0,0,0,,CALLBACK_RETURN_SENTINEL_OK
p17_hit2_20260801_144528_12572,672,672,robotol.ext,3,3,1,0x30631D,0x30631D,0x80000,0x0,0x2B1868,0x0,2,0,1,0,stop_at_base,0,0,0,,CALLBACK_RETURN_SENTINEL_OK
p17_hit2_20260801_144528_12572,673,673,robotol.ext,3,3,1,0x30631D,0x30631D,0x80000,0x0,0x2B1868,0x0,2,0,1,0,stop_at_base,0,0,0,,CALLBACK_RETURN_SENTINEL_OK
p17_hit2_20260801_144528_12572,674,674,robotol.ext,3,3,1,0x30631D,0x30631D,0x80000,0x0,0x2B1868,0x0,2,0,1,0,stop_at_base,0,0,0,,CALLBACK_RETURN_SENTINEL_OK
p17_hit2_20260801_144528_12572,675,675,robotol.ext,3,3,1,0x30631D,0x30631D,0x80000,0x0,0x2B1868,0x0,2,0,1,0,stop_at_base,0,0,0,,CALLBACK_RETURN_SENTINEL_OK
p17_hit2_20260801_144528_12572,676,676,robotol.ext,3,3,1,0x30631D,0x30631D,0x80000,0x0,0x2B1868,0x0,2,0,1,0,stop_at_base,0,0,0,,CALLBACK_RETURN_SENTINEL_OK
p17_hit2_20260801_144528_12572,677,677,robotol.ext,3,3,1,0x30631D,0x30631D,0x80000,0x0,0x2B1868,0x0,2,0,1,0,stop_at_base,0,0,0,,CALLBACK_RETURN_SENTINEL_OK
p17_hit2_20260801_144528_12572,678,678,robotol.ext,3,3,1,0x30631D,0x30631D,0x80000,0x0,0x2B1868,0x0,2,0,1,0,stop_at_base,0,0,0,,CALLBACK_RETURN_SENTINEL_OK
p17_hit2_20260801_144528_12572,679,679,robotol.ext,3,3,1,0x30631D,0x30631D,0x80000,0x0,0x2B1868,0x0,2,0,1,0,stop_at_base,0,0,0,,CALLBACK_RETURN_SENTINEL_OK
p17_hit2_20260801_144528_12572,680,680,robotol.ext,3,3,1,0x30631D,0x30631D,0x80000,0x0,0x2B1868,0x0,2,0,1,0,stop_at_base,0,0,0,,CALLBACK_RETURN_SENTINEL_OK
p17_hit2_20260801_144528_12572,681,681,robotol.ext,3,3,1,0x30631D,0x30631D,0x80000,0x0,0x2B1868,0x0,2,0,1,0,stop_at_base,0,0,0,,CALLBACK_RETURN_SENTINEL_OK
p17_hit2_20260801_144528_12572,682,682,robotol.ext,3,3,1,0x30631D,0x30631D,0x80000,0x0,0x2B1868,0x0,2,0,1,0,stop_at_base,0,0,0,,CALLBACK_RETURN_SENTINEL_OK
p17_hit2_20260801_144528_12572,683,683,robotol.ext,3,3,1,0x30631D,0x30631D,0x80000,0x0,0x2B1868,0x0,2,0,1,0,stop_at_base,0,0,0,,CALLBACK_RETURN_SENTINEL_OK
p17_hit2_20260801_144528_12572,684,684,robotol.ext,3,3,1,0x30631D,0x30631D,0x80000,0x0,0x2B1868,0x0,2,0,1,0,stop_at_base,0,0,0,,CALLBACK_RETURN_SENTINEL_OK
p17_hit2_20260801_144528_12572,685,685,robotol.ext,3,3,1,0x30631D,0x30631D,0x80000,0x0,0x2B1868,0x0,2,0,1,0,stop_at_base,0,0,0,,CALLBACK_RETURN_SENTINEL_OK
p17_hit2_20260801_144528_12572,686,686,robotol.ext,3,3,1,0x30631D,0x30631D,0x80000,0x0,0x2B1868,0x0,2,0,1,0,stop_at_base,0,0,0,,CALLBACK_RETURN_SENTINEL_OK
p17_hit2_20260801_144528_12572,687,687,robotol.ext,3,3,1,0x30631D,0x30631D,0x80000,0x0,0x2B1868,0x0,2,0,1,0,stop_at_base,0,0,0,,CALLBACK_RETURN_SENTINEL_OK
p17_hit2_20260801_144528_12572,688,688,robotol.ext,3,3,1,0x30631D,0x30631D,0x80000,0x0,0x2B1868,0x0,2,0,1,0,stop_at_base,0,0,0,,CALLBACK_RETURN_SENTINEL_OK
p17_hit2_20260801_144528_12572,689,689,robotol.ext,3,3,1,0x30631D,0x30631D,0x80000,0x0,0x2B1868,0x0,2,0,1,0,stop_at_base,0,0,0,,CALLBACK_RETURN_SENTINEL_OK
p17_hit2_20260801_144528_12572,690,690,robotol.ext,3,3,1,0x30631D,0x30631D,0x80000,0x0,0x2B1868,0x0,2,0,1,0,stop_at_base,0,0,0,,CALLBACK_RETURN_SENTINEL_OK
p17_hit2_20260801_144528_12572,691,691,robotol.ext,3,3,1,0x30631D,0x30631D,0x80000,0x0,0x2B1868,0x0,2,0,1,0,stop_at_base,0,0,0,,CALLBACK_RETURN_SENTINEL_OK
p17_hit2_20260801_144528_12572,692,692,robotol.ext,3,3,1,0x30631D,0x30631D,0x80000,0x0,0x2B1868,0x0,2,0,1,0,stop_at_base,0,0,0,,CALLBACK_RETURN_SENTINEL_OK
p17_hit2_20260801_144528_12572,693,693,robotol.ext,3,3,1,0x30631D,0x30631D,0x80000,0x0,0x2B1868,0x0,2,0,1,0,stop_at_base,0,0,0,,CALLBACK_RETURN_SENTINEL_OK
p17_hit2_20260801_144528_12572,694,694,robotol.ext,3,3,1,0x30631D,0x30631D,0x80000,0x0,0x2B1868,0x0,2,0,1,0,stop_at_base,0,0,0,,CALLBACK_RETURN_SENTINEL_OK
p17_hit2_20260801_144528_12572,695,695,robotol.ext,3,3,1,0x30631D,0x30631D,0x80000,0x0,0x2B1868,0x0,2,0,1,0,stop_at_base,0,0,0,,CALLBACK_RETURN_SENTINEL_OK
p17_hit2_20260801_144528_12572,696,696,robotol.ext,3,3,1,0x30631D,0x30631D,0x80000,0x0,0x2B1868,0x0,2,0,1,0,stop_at_base,0,0,0,,CALLBACK_RETURN_SENTINEL_OK
p17_hit2_20260801_144528_12572,697,697,robotol.ext,3,3,1,0x30631D,0x30631D,0x80000,0x0,0x2B1868,0x0,2,0,1,0,stop_at_base,0,0,0,,CALLBACK_RETURN_SENTINEL_OK
p17_hit2_20260801_144528_12572,698,698,robotol.ext,3,3,1,0x30631D,0x30631D,0x80000,0x0,0x2B1868,0x0,2,0,1,0,stop_at_base,0,0,0,,CALLBACK_RETURN_SENTINEL_OK
p17_hit2_20260801_144528_12572,699,699,robotol.ext,3,3,1,0x30631D,0x30631D,0x80000,0x0,0x2B1868,0x0,2,0,1,0,stop_at_base,0,0,0,,CALLBACK_RETURN_SENTINEL_OK
p17_hit2_20260801_144528_12572,700,700,robotol.ext,3,3,1,0x30631D,0x30631D,0x80000,0x0,0x2B1868,0x0,2,0,1,0,stop_at_base,0,0,0,,CALLBACK_RETURN_SENTINEL_OK
p17_hit2_20260801_144528_12572,701,701,robotol.ext,3,3,1,0x30631D,0x30631D,0x80000,0x0,0x2B1868,0x0,2,0,1,0,stop_at_base,0,0,0,,CALLBACK_RETURN_SENTINEL_OK
p17_hit2_20260801_144528_12572,702,702,robotol.ext,3,3,1,0x30631D,0x30631D,0x80000,0x0,0x2B1868,0x0,2,0,1,0,stop_at_base,0,0,0,,CALLBACK_RETURN_SENTINEL_OK
p17_hit2_20260801_144528_12572,703,703,robotol.ext,3,3,1,0x30631D,0x30631D,0x80000,0x0,0x2B1868,0x0,2,0,1,0,stop_at_base,0,0,0,,CALLBACK_RETURN_SENTINEL_OK
p17_hit2_20260801_144528_12572,704,704,robotol.ext,3,3,1,0x30631D,0x30631D,0x80000,0x0,0x2B1868,0x0,2,0,1,0,stop_at_base,0,0,0,,CALLBACK_RETURN_SENTINEL_OK
p17_hit2_20260801_144528_12572,705,705,robotol.ext,3,3,1,0x30631D,0x30631D,0x80000,0x0,0x2B1868,0x0,2,0,1,0,stop_at_base,0,0,0,,CALLBACK_RETURN_SENTINEL_OK
p17_hit2_20260801_144528_12572,706,706,robotol.ext,3,3,1,0x30631D,0x30631D,0x80000,0x0,0x2B1868,0x0,2,0,1,0,stop_at_base,0,0,0,,CALLBACK_RETURN_SENTINEL_OK
p17_hit2_20260801_144528_12572,707,707,robotol.ext,3,3,1,0x30631D,0x30631D,0x80000,0x0,0x2B1868,0x0,2,0,1,0,stop_at_base,0,0,0,,CALLBACK_RETURN_SENTINEL_OK
p17_hit2_20260801_144528_12572,708,708,robotol.ext,3,3,1,0x30631D,0x30631D,0x80000,0x0,0x2B1868,0x0,2,0,1,0,stop_at_base,0,0,0,,CALLBACK_RETURN_SENTINEL_OK
p17_hit2_20260801_144528_12572,709,709,robotol.ext,3,3,1,0x30631D,0x30631D,0x80000,0x0,0x2B1868,0x0,2,0,1,0,stop_at_base,0,0,0,,CALLBACK_RETURN_SENTINEL_OK
p17_hit2_20260801_144528_12572,710,710,robotol.ext,3,3,1,0x30631D,0x30631D,0x80000,0x0,0x2B1868,0x0,2,0,1,0,stop_at_base,0,0,0,,CALLBACK_RETURN_SENTINEL_OK
p17_hit2_20260801_144528_12572,711,711,robotol.ext,3,3,1,0x30631D,0x30631D,0x80000,0x0,0x2B1868,0x0,2,0,1,0,stop_at_base,0,0,0,,CALLBACK_RETURN_SENTINEL_OK
p17_hit2_20260801_144528_12572,712,712,robotol.ext,3,3,1,0x30631D,0x30631D,0x80000,0x0,0x2B1868,0x0,2,0,1,0,stop_at_base,0,0,0,,CALLBACK_RETURN_SENTINEL_OK
p17_hit2_20260801_144528_12572,713,713,robotol.ext,3,3,1,0x30631D,0x30631D,0x80000,0x0,0x2B1868,0x0,2,0,1,0,stop_at_base,0,0,0,,CALLBACK_RETURN_SENTINEL_OK
p17_hit2_20260801_144528_12572,714,714,robotol.ext,3,3,1,0x30631D,0x30631D,0x80000,0x0,0x2B1868,0x0,2,0,1,0,stop_at_base,0,0,0,,CALLBACK_RETURN_SENTINEL_OK
p17_hit2_20260801_144528_12572,715,715,robotol.ext,3,3,1,0x30631D,0x30631D,0x80000,0x0,0x2B1868,0x0,2,0,1,0,stop_at_base,0,0,0,,CALLBACK_RETURN_SENTINEL_OK
p17_hit2_20260801_144528_12572,716,716,robotol.ext,3,3,1,0x30631D,0x30631D,0x80000,0x0,0x2B1868,0x0,2,0,1,0,stop_at_base,0,0,0,,CALLBACK_RETURN_SENTINEL_OK
p17_hit2_20260801_144528_12572,717,717,robotol.ext,3,3,1,0x30631D,0x30631D,0x80000,0x0,0x2B1868,0x0,2,0,1,0,stop_at_base,0,0,0,,CALLBACK_RETURN_SENTINEL_OK
p17_hit2_20260801_144528_12572,718,718,robotol.ext,3,3,1,0x30631D,0x30631D,0x80000,0x0,0x2B1868,0x0,2,0,1,0,stop_at_base,0,0,0,,CALLBACK_RETURN_SENTINEL_OK
p17_hit2_20260801_144528_12572,719,719,robotol.ext,3,3,1,0x30631D,0x30631D,0x80000,0x0,0x2B1868,0x0,2,0,1,0,stop_at_base,0,0,0,,CALLBACK_RETURN_SENTINEL_OK
p17_hit2_20260801_144528_12572,720,720,robotol.ext,3,3,1,0x30631D,0x30631D,0x80000,0x0,0x2B1868,0x0,2,0,1,0,stop_at_base,0,0,0,,CALLBACK_RETURN_SENTINEL_OK
p17_hit2_20260801_144528_12572,721,721,robotol.ext,3,3,1,0x30631D,0x30631D,0x80000,0x0,0x2B1868,0x0,2,0,1,0,stop_at_base,0,0,0,,CALLBACK_RETURN_SENTINEL_OK
p17_hit2_20260801_144528_12572,722,722,robotol.ext,3,3,1,0x30631D,0x30631D,0x80000,0x0,0x2B1868,0x0,2,0,1,0,stop_at_base,0,0,0,,CALLBACK_RETURN_SENTINEL_OK
p17_hit2_20260801_144528_12572,723,723,robotol.ext,3,3,1,0x30631D,0x30631D,0x80000,0x0,0x2B1868,0x0,2,0,1,0,stop_at_base,0,0,0,,CALLBACK_RETURN_SENTINEL_OK
p17_hit2_20260801_144528_12572,724,724,robotol.ext,3,3,1,0x30631D,0x30631D,0x80000,0x0,0x2B1868,0x0,2,0,1,0,stop_at_base,0,0,0,,CALLBACK_RETURN_SENTINEL_OK
p17_hit2_20260801_144528_12572,725,725,robotol.ext,3,3,1,0x30631D,0x30631D,0x80000,0x0,0x2B1868,0x0,2,0,1,0,stop_at_base,0,0,0,,CALLBACK_RETURN_SENTINEL_OK
p17_hit2_20260801_144528_12572,726,726,robotol.ext,3,3,1,0x30631D,0x30631D,0x80000,0x0,0x2B1868,0x0,2,0,1,0,stop_at_base,0,0,0,,CALLBACK_RETURN_SENTINEL_OK
p17_hit2_20260801_144528_12572,727,727,robotol.ext,3,3,1,0x30631D,0x30631D,0x80000,0x0,0x2B1868,0x0,2,0,1,0,stop_at_base,0,0,0,,CALLBACK_RETURN_SENTINEL_OK
p17_hit2_20260801_144528_12572,728,728,robotol.ext,3,3,1,0x30631D,0x30631D,0x80000,0x0,0x2B1868,0x0,2,0,1,0,stop_at_base,0,0,0,,CALLBACK_RETURN_SENTINEL_OK
p17_hit2_20260801_144528_12572,729,729,robotol.ext,3,3,1,0x30631D,0x30631D,0x80000,0x0,0x2B1868,0x0,2,0,1,0,stop_at_base,0,0,0,,CALLBACK_RETURN_SENTINEL_OK
p17_hit2_20260801_144528_12572,730,730,robotol.ext,3,3,1,0x30631D,0x30631D,0x80000,0x0,0x2B1868,0x0,2,0,1,0,stop_at_base,0,0,0,,CALLBACK_RETURN_SENTINEL_OK
p17_hit2_20260801_144528_12572,731,731,robotol.ext,3,3,1,0x30631D,0x30631D,0x80000,0x0,0x2B1868,0x0,2,0,1,0,stop_at_base,0,0,0,,CALLBACK_RETURN_SENTINEL_OK
p17_hit2_20260801_144528_12572,732,732,robotol.ext,3,3,1,0x30631D,0x30631D,0x80000,0x0,0x2B1868,0x0,2,0,1,0,stop_at_base,0,0,0,,CALLBACK_RETURN_SENTINEL_OK
p17_hit2_20260801_144528_12572,733,733,robotol.ext,3,3,1,0x30631D,0x30631D,0x80000,0x0,0x2B1868,0x0,2,0,1,0,stop_at_base,0,0,0,,CALLBACK_RETURN_SENTINEL_OK
p17_hit2_20260801_144528_12572,734,734,robotol.ext,3,3,1,0x30631D,0x30631D,0x80000,0x0,0x2B1868,0x0,2,0,1,0,stop_at_base,0,0,0,,CALLBACK_RETURN_SENTINEL_OK
p17_hit2_20260801_144528_12572,735,735,robotol.ext,3,3,1,0x30631D,0x30631D,0x80000,0x0,0x2B1868,0x0,2,0,1,0,stop_at_base,0,0,0,,CALLBACK_RETURN_SENTINEL_OK
p17_hit2_20260801_144528_12572,736,736,robotol.ext,3,3,1,0x30631D,0x30631D,0x80000,0x0,0x2B1868,0x0,2,0,1,0,stop_at_base,0,0,0,,CALLBACK_RETURN_SENTINEL_OK
p17_hit2_20260801_144528_12572,737,737,robotol.ext,3,3,1,0x30631D,0x30631D,0x80000,0x0,0x2B1868,0x0,2,0,1,0,stop_at_base,0,0,0,,CALLBACK_RETURN_SENTINEL_OK
p17_hit2_20260801_144528_12572,738,738,robotol.ext,3,3,1,0x30631D,0x30631D,0x80000,0x0,0x2B1868,0x0,2,0,1,0,stop_at_base,0,0,0,,CALLBACK_RETURN_SENTINEL_OK
p17_hit2_20260801_144528_12572,739,739,robotol.ext,3,3,1,0x30631D,0x30631D,0x80000,0x0,0x2B1868,0x0,2,0,1,0,stop_at_base,0,0,0,,CALLBACK_RETURN_SENTINEL_OK
p17_hit2_20260801_144528_12572,740,740,robotol.ext,3,3,1,0x30631D,0x30631D,0x80000,0x0,0x2B1868,0x0,2,0,1,0,stop_at_base,0,0,0,,CALLBACK_RETURN_SENTINEL_OK
p17_hit2_20260801_144528_12572,741,741,robotol.ext,3,3,1,0x30631D,0x30631D,0x80000,0x0,0x2B1868,0x0,2,0,1,0,stop_at_base,0,0,0,,CALLBACK_RETURN_SENTINEL_OK
p17_hit2_20260801_144528_12572,742,742,robotol.ext,3,3,1,0x30631D,0x30631D,0x80000,0x0,0x2B1868,0x0,2,0,1,0,stop_at_base,0,0,0,,CALLBACK_RETURN_SENTINEL_OK
p17_hit2_20260801_144528_12572,743,743,robotol.ext,3,3,1,0x30631D,0x30631D,0x80000,0x0,0x2B1868,0x0,2,0,1,0,stop_at_base,0,0,0,,CALLBACK_RETURN_SENTINEL_OK
p17_hit2_20260801_144528_12572,744,744,robotol.ext,3,3,1,0x30631D,0x30631D,0x80000,0x0,0x2B1868,0x0,2,0,1,0,stop_at_base,0,0,0,,CALLBACK_RETURN_SENTINEL_OK
p17_hit2_20260801_144528_12572,745,745,robotol.ext,3,3,1,0x30631D,0x30631D,0x80000,0x0,0x2B1868,0x0,2,0,1,0,stop_at_base,0,0,0,,CALLBACK_RETURN_SENTINEL_OK
p17_hit2_20260801_144528_12572,746,746,robotol.ext,3,3,1,0x30631D,0x30631D,0x80000,0x0,0x2B1868,0x0,2,0,1,0,stop_at_base,0,0,0,,CALLBACK_RETURN_SENTINEL_OK
p17_hit2_20260801_144528_12572,747,747,robotol.ext,3,3,1,0x30631D,0x30631D,0x80000,0x0,0x2B1868,0x0,2,0,1,0,stop_at_base,0,0,0,,CALLBACK_RETURN_SENTINEL_OK
p17_hit2_20260801_144528_12572,748,748,robotol.ext,3,3,1,0x30631D,0x30631D,0x80000,0x0,0x2B1868,0x0,2,0,1,0,stop_at_base,0,0,0,,CALLBACK_RETURN_SENTINEL_OK
p17_hit2_20260801_144528_12572,749,749,robotol.ext,3,3,1,0x30631D,0x30631D,0x80000,0x0,0x2B1868,0x0,2,0,1,0,stop_at_base,0,0,0,,CALLBACK_RETURN_SENTINEL_OK
p17_hit2_20260801_144528_12572,750,750,robotol.ext,3,3,1,0x30631D,0x30631D,0x80000,0x0,0x2B1868,0x0,2,0,1,0,stop_at_base,0,0,0,,CALLBACK_RETURN_SENTINEL_OK
p17_hit2_20260801_144528_12572,751,751,robotol.ext,3,3,1,0x30631D,0x30631D,0x80000,0x0,0x2B1868,0x0,2,0,1,0,stop_at_base,0,0,0,,CALLBACK_RETURN_SENTINEL_OK
p17_hit2_20260801_144528_12572,752,752,robotol.ext,3,3,1,0x30631D,0x30631D,0x80000,0x0,0x2B1868,0x0,2,0,1,0,stop_at_base,0,0,0,,CALLBACK_RETURN_SENTINEL_OK
p17_hit2_20260801_144528_12572,753,753,robotol.ext,3,3,1,0x30631D,0x30631D,0x80000,0x0,0x2B1868,0x0,2,0,1,0,stop_at_base,0,0,0,,CALLBACK_RETURN_SENTINEL_OK
p17_hit2_20260801_144528_12572,754,754,robotol.ext,3,3,1,0x30631D,0x30631D,0x80000,0x0,0x2B1868,0x0,2,0,1,0,stop_at_base,0,0,0,,CALLBACK_RETURN_SENTINEL_OK
p17_hit2_20260801_144528_12572,755,755,robotol.ext,3,3,1,0x30631D,0x30631D,0x80000,0x0,0x2B1868,0x0,2,0,1,0,stop_at_base,0,0,0,,CALLBACK_RETURN_SENTINEL_OK
p17_hit2_20260801_144528_12572,756,756,robotol.ext,3,3,1,0x30631D,0x30631D,0x80000,0x0,0x2B1868,0x0,2,0,1,0,stop_at_base,0,0,0,,CALLBACK_RETURN_SENTINEL_OK
p17_hit2_20260801_144528_12572,757,757,robotol.ext,3,3,1,0x30631D,0x30631D,0x80000,0x0,0x2B1868,0x0,2,0,1,0,stop_at_base,0,0,0,,CALLBACK_RETURN_SENTINEL_OK
p17_hit2_20260801_144528_12572,758,758,robotol.ext,3,3,1,0x30631D,0x30631D,0x80000,0x0,0x2B1868,0x0,2,0,1,0,stop_at_base,0,0,0,,CALLBACK_RETURN_SENTINEL_OK
p17_hit2_20260801_144528_12572,759,759,robotol.ext,3,3,1,0x30631D,0x30631D,0x80000,0x0,0x2B1868,0x0,2,0,1,0,stop_at_base,0,0,0,,CALLBACK_RETURN_SENTINEL_OK
p17_hit2_20260801_144528_12572,760,760,robotol.ext,3,3,1,0x30631D,0x30631D,0x80000,0x0,0x2B1868,0x0,2,0,1,0,stop_at_base,0,0,0,,CALLBACK_RETURN_SENTINEL_OK
p17_hit2_20260801_144528_12572,761,761,robotol.ext,3,3,1,0x30631D,0x30631D,0x80000,0x0,0x2B1868,0x0,2,0,1,0,stop_at_base,0,0,0,,CALLBACK_RETURN_SENTINEL_OK
p17_hit2_20260801_144528_12572,762,762,robotol.ext,3,3,1,0x30631D,0x30631D,0x80000,0x0,0x2B1868,0x0,2,0,1,0,stop_at_base,0,0,0,,CALLBACK_RETURN_SENTINEL_OK
p17_hit2_20260801_144528_12572,763,763,robotol.ext,3,3,1,0x30631D,0x30631D,0x80000,0x0,0x2B1868,0x0,2,0,1,0,stop_at_base,0,0,0,,CALLBACK_RETURN_SENTINEL_OK
p17_hit2_20260801_144528_12572,764,764,robotol.ext,3,3,1,0x30631D,0x30631D,0x80000,0x0,0x2B1868,0x0,2,0,1,0,stop_at_base,0,0,0,,CALLBACK_RETURN_SENTINEL_OK
p17_hit2_20260801_144528_12572,765,765,robotol.ext,3,3,1,0x30631D,0x30631D,0x80000,0x0,0x2B1868,0x0,2,0,1,0,stop_at_base,0,0,0,,CALLBACK_RETURN_SENTINEL_OK
p17_hit2_20260801_144528_12572,766,766,robotol.ext,3,3,1,0x30631D,0x30631D,0x80000,0x0,0x2B1868,0x0,2,0,1,0,stop_at_base,0,0,0,,CALLBACK_RETURN_SENTINEL_OK
p17_hit2_20260801_144528_12572,767,767,robotol.ext,3,3,1,0x30631D,0x30631D,0x80000,0x0,0x2B1868,0x0,2,0,1,0,stop_at_base,0,0,0,,CALLBACK_RETURN_SENTINEL_OK
p17_hit2_20260801_144528_12572,768,768,robotol.ext,3,3,1,0x30631D,0x30631D,0x80000,0x0,0x2B1868,0x0,2,0,1,0,stop_at_base,0,0,0,,CALLBACK_RETURN_SENTINEL_OK
p17_hit2_20260801_144528_12572,769,769,robotol.ext,3,3,1,0x30631D,0x30631D,0x80000,0x0,0x2B1868,0x0,2,0,1,0,stop_at_base,0,0,0,,CALLBACK_RETURN_SENTINEL_OK
p17_hit2_20260801_144528_12572,770,770,robotol.ext,3,3,1,0x30631D,0x30631D,0x80000,0x0,0x2B1868,0x0,2,0,1,0,stop_at_base,0,0,0,,CALLBACK_RETURN_SENTINEL_OK
p17_hit2_20260801_144528_12572,771,771,robotol.ext,3,3,1,0x30631D,0x30631D,0x80000,0x0,0x2B1868,0x0,2,0,1,0,stop_at_base,0,0,0,,CALLBACK_RETURN_SENTINEL_OK
p17_hit2_20260801_144528_12572,772,772,robotol.ext,3,3,1,0x30631D,0x30631D,0x80000,0x0,0x2B1868,0x0,2,0,1,0,stop_at_base,0,0,0,,CALLBACK_RETURN_SENTINEL_OK
p17_hit2_20260801_144528_12572,773,773,robotol.ext,3,3,1,0x30631D,0x30631D,0x80000,0x0,0x2B1868,0x0,2,0,1,0,stop_at_base,0,0,0,,CALLBACK_RETURN_SENTINEL_OK
p17_hit2_20260801_144528_12572,774,774,robotol.ext,3,3,1,0x30631D,0x30631D,0x80000,0x0,0x2B1868,0x0,2,0,1,0,stop_at_base,0,0,0,,CALLBACK_RETURN_SENTINEL_OK
p17_hit2_20260801_144528_12572,775,775,robotol.ext,3,3,1,0x30631D,0x30631D,0x80000,0x0,0x2B1868,0x0,2,0,1,0,stop_at_base,0,0,0,,CALLBACK_RETURN_SENTINEL_OK
p17_hit2_20260801_144528_12572,776,776,robotol.ext,3,3,1,0x30631D,0x30631D,0x80000,0x0,0x2B1868,0x0,2,0,1,0,stop_at_base,0,0,0,,CALLBACK_RETURN_SENTINEL_OK
p17_hit2_20260801_144528_12572,777,777,robotol.ext,3,3,1,0x30631D,0x30631D,0x80000,0x0,0x2B1868,0x0,2,0,1,0,stop_at_base,0,0,0,,CALLBACK_RETURN_SENTINEL_OK
p17_hit2_20260801_144528_12572,778,778,robotol.ext,3,3,1,0x30631D,0x30631D,0x80000,0x0,0x2B1868,0x0,2,0,1,0,stop_at_base,0,0,0,,CALLBACK_RETURN_SENTINEL_OK
p17_hit2_20260801_144528_12572,779,779,robotol.ext,3,3,1,0x30631D,0x30631D,0x80000,0x0,0x2B1868,0x0,2,0,1,0,stop_at_base,0,0,0,,CALLBACK_RETURN_SENTINEL_OK
p17_hit2_20260801_144528_12572,780,780,robotol.ext,3,3,1,0x30631D,0x30631D,0x80000,0x0,0x2B1868,0x0,2,0,1,0,stop_at_base,0,0,0,,CALLBACK_RETURN_SENTINEL_OK
p17_hit2_20260801_144528_12572,781,781,robotol.ext,3,3,1,0x30631D,0x30631D,0x80000,0x0,0x2B1868,0x0,2,0,1,0,stop_at_base,0,0,0,,CALLBACK_RETURN_SENTINEL_OK
p17_hit2_20260801_144528_12572,782,782,robotol.ext,3,3,1,0x30631D,0x30631D,0x80000,0x0,0x2B1868,0x0,2,0,1,0,stop_at_base,0,0,0,,CALLBACK_RETURN_SENTINEL_OK
p17_hit2_20260801_144528_12572,783,783,robotol.ext,3,3,1,0x30631D,0x30631D,0x80000,0x0,0x2B1868,0x0,2,0,1,0,stop_at_base,0,0,0,,CALLBACK_RETURN_SENTINEL_OK
p17_hit2_20260801_144528_12572,784,784,robotol.ext,3,3,1,0x30631D,0x30631D,0x80000,0x0,0x2B1868,0x0,2,0,1,0,stop_at_base,0,0,0,,CALLBACK_RETURN_SENTINEL_OK
p17_hit2_20260801_144528_12572,785,785,robotol.ext,3,3,1,0x30631D,0x30631D,0x80000,0x0,0x2B1868,0x0,2,0,1,0,stop_at_base,0,0,0,,CALLBACK_RETURN_SENTINEL_OK
p17_hit2_20260801_144528_12572,786,786,robotol.ext,3,3,1,0x30631D,0x30631D,0x80000,0x0,0x2B1868,0x0,2,0,1,0,stop_at_base,0,0,0,,CALLBACK_RETURN_SENTINEL_OK
p17_hit2_20260801_144528_12572,787,787,robotol.ext,3,3,1,0x30631D,0x30631D,0x80000,0x0,0x2B1868,0x0,2,0,1,0,stop_at_base,0,0,0,,CALLBACK_RETURN_SENTINEL_OK
p17_hit2_20260801_144528_12572,788,788,robotol.ext,3,3,1,0x30631D,0x30631D,0x80000,0x0,0x2B1868,0x0,2,0,1,0,stop_at_base,0,0,0,,CALLBACK_RETURN_SENTINEL_OK
p17_hit2_20260801_144528_12572,789,789,robotol.ext,3,3,1,0x30631D,0x30631D,0x80000,0x0,0x2B1868,0x0,2,0,1,0,stop_at_base,0,0,0,,CALLBACK_RETURN_SENTINEL_OK
p17_hit2_20260801_144528_12572,790,790,robotol.ext,3,3,1,0x30631D,0x30631D,0x80000,0x0,0x2B1868,0x0,2,0,1,0,stop_at_base,0,0,0,,CALLBACK_RETURN_SENTINEL_OK
p17_hit2_20260801_144528_12572,791,791,robotol.ext,3,3,1,0x30631D,0x30631D,0x80000,0x0,0x2B1868,0x0,2,0,1,0,stop_at_base,0,0,0,,CALLBACK_RETURN_SENTINEL_OK
p17_hit2_20260801_144528_12572,792,792,robotol.ext,3,3,1,0x30631D,0x30631D,0x80000,0x0,0x2B1868,0x0,2,0,1,0,stop_at_base,0,0,0,,CALLBACK_RETURN_SENTINEL_OK
p17_hit2_20260801_144528_12572,793,793,robotol.ext,3,3,1,0x30631D,0x30631D,0x80000,0x0,0x2B1868,0x0,2,0,1,0,stop_at_base,0,0,0,,CALLBACK_RETURN_SENTINEL_OK
p17_hit2_20260801_144528_12572,794,794,robotol.ext,3,3,1,0x30631D,0x30631D,0x80000,0x0,0x2B1868,0x0,2,0,1,0,stop_at_base,0,0,0,,CALLBACK_RETURN_SENTINEL_OK
p17_hit2_20260801_144528_12572,795,795,robotol.ext,3,3,1,0x30631D,0x30631D,0x80000,0x0,0x2B1868,0x0,2,0,1,0,stop_at_base,0,0,0,,CALLBACK_RETURN_SENTINEL_OK
p17_hit2_20260801_144528_12572,796,796,robotol.ext,3,3,1,0x30631D,0x30631D,0x80000,0x0,0x2B1868,0x0,2,0,1,0,stop_at_base,0,0,0,,CALLBACK_RETURN_SENTINEL_OK
p17_hit2_20260801_144528_12572,797,797,robotol.ext,3,3,1,0x30631D,0x30631D,0x80000,0x0,0x2B1868,0x0,2,0,1,0,stop_at_base,0,0,0,,CALLBACK_RETURN_SENTINEL_OK
p17_hit2_20260801_144528_12572,798,798,robotol.ext,3,3,1,0x30631D,0x30631D,0x80000,0x0,0x2B1868,0x0,2,0,1,0,stop_at_base,0,0,0,,CALLBACK_RETURN_SENTINEL_OK
p17_hit2_20260801_144528_12572,799,799,robotol.ext,3,3,1,0x30631D,0x30631D,0x80000,0x0,0x2B1868,0x0,2,0,1,0,stop_at_base,0,0,0,,CALLBACK_RETURN_SENTINEL_OK
p17_hit2_20260801_144528_12572,800,800,robotol.ext,3,3,1,0x30631D,0x30631D,0x80000,0x0,0x2B1868,0x0,2,0,1,0,stop_at_base,0,0,0,,CALLBACK_RETURN_SENTINEL_OK
p17_hit2_20260801_144528_12572,801,801,robotol.ext,3,3,1,0x30631D,0x30631D,0x80000,0x0,0x2B1868,0x0,2,0,1,0,stop_at_base,0,0,0,,CALLBACK_RETURN_SENTINEL_OK
p17_hit2_20260801_144528_12572,802,802,robotol.ext,3,3,1,0x30631D,0x30631D,0x80000,0x0,0x2B1868,0x0,2,0,1,0,stop_at_base,0,0,0,,CALLBACK_RETURN_SENTINEL_OK
p17_hit2_20260801_144528_12572,803,803,robotol.ext,3,3,1,0x30631D,0x30631D,0x80000,0x0,0x2B1868,0x0,2,0,1,0,stop_at_base,0,0,0,,CALLBACK_RETURN_SENTINEL_OK
p17_hit2_20260801_144528_12572,804,804,robotol.ext,3,3,1,0x30631D,0x30631D,0x80000,0x0,0x2B1868,0x0,2,0,1,0,stop_at_base,0,0,0,,CALLBACK_RETURN_SENTINEL_OK
p17_hit2_20260801_144528_12572,805,805,robotol.ext,3,3,1,0x30631D,0x30631D,0x80000,0x0,0x2B1868,0x0,2,0,1,0,stop_at_base,0,0,0,,CALLBACK_RETURN_SENTINEL_OK
p17_hit2_20260801_144528_12572,806,806,robotol.ext,3,3,1,0x30631D,0x30631D,0x80000,0x0,0x2B1868,0x0,2,0,1,0,stop_at_base,0,0,0,,CALLBACK_RETURN_SENTINEL_OK
p17_hit2_20260801_144528_12572,807,807,robotol.ext,3,3,1,0x30631D,0x30631D,0x80000,0x0,0x2B1868,0x0,2,0,1,0,stop_at_base,0,0,0,,CALLBACK_RETURN_SENTINEL_OK
p17_hit2_20260801_144528_12572,808,808,robotol.ext,3,3,1,0x30631D,0x30631D,0x80000,0x0,0x2B1868,0x0,2,0,1,0,stop_at_base,0,0,0,,CALLBACK_RETURN_SENTINEL_OK
p17_hit2_20260801_144528_12572,809,809,robotol.ext,3,3,1,0x30631D,0x30631D,0x80000,0x0,0x2B1868,0x0,2,0,1,0,stop_at_base,0,0,0,,CALLBACK_RETURN_SENTINEL_OK
p17_hit2_20260801_144528_12572,810,810,robotol.ext,3,3,1,0x30631D,0x30631D,0x80000,0x0,0x2B1868,0x0,2,0,1,0,stop_at_base,0,0,0,,CALLBACK_RETURN_SENTINEL_OK
p17_hit2_20260801_144528_12572,811,811,robotol.ext,3,3,1,0x30631D,0x30631D,0x80000,0x0,0x2B1868,0x0,2,0,1,0,stop_at_base,0,0,0,,CALLBACK_RETURN_SENTINEL_OK
p17_hit2_20260801_144528_12572,812,812,robotol.ext,3,3,1,0x30631D,0x30631D,0x80000,0x0,0x2B1868,0x0,2,0,1,0,stop_at_base,0,0,0,,CALLBACK_RETURN_SENTINEL_OK
p17_hit2_20260801_144528_12572,813,813,robotol.ext,3,3,1,0x30631D,0x30631D,0x80000,0x0,0x2B1868,0x0,2,0,1,0,stop_at_base,0,0,0,,CALLBACK_RETURN_SENTINEL_OK
p17_hit2_20260801_144528_12572,814,814,robotol.ext,3,3,1,0x30631D,0x30631D,0x80000,0x0,0x2B1868,0x0,2,0,1,0,stop_at_base,0,0,0,,CALLBACK_RETURN_SENTINEL_OK
p17_hit2_20260801_144528_12572,815,815,robotol.ext,3,3,1,0x30631D,0x30631D,0x80000,0x0,0x2B1868,0x0,2,0,1,0,stop_at_base,0,0,0,,CALLBACK_RETURN_SENTINEL_OK
p17_hit2_20260801_144528_12572,816,816,robotol.ext,3,3,1,0x30631D,0x30631D,0x80000,0x0,0x2B1868,0x0,2,0,1,0,stop_at_base,0,0,0,,CALLBACK_RETURN_SENTINEL_OK
p17_hit2_20260801_144528_12572,817,817,robotol.ext,3,3,1,0x30631D,0x30631D,0x80000,0x0,0x2B1868,0x0,2,0,1,0,stop_at_base,0,0,0,,CALLBACK_RETURN_SENTINEL_OK
p17_hit2_20260801_144528_12572,818,818,robotol.ext,3,3,1,0x30631D,0x30631D,0x80000,0x0,0x2B1868,0x0,2,0,1,0,stop_at_base,0,0,0,,CALLBACK_RETURN_SENTINEL_OK
p17_hit2_20260801_144528_12572,819,819,robotol.ext,3,3,1,0x30631D,0x30631D,0x80000,0x0,0x2B1868,0x0,2,0,1,0,stop_at_base,0,0,0,,CALLBACK_RETURN_SENTINEL_OK
p17_hit2_20260801_144528_12572,820,820,robotol.ext,3,3,1,0x30631D,0x30631D,0x80000,0x0,0x2B1868,0x0,2,0,1,0,stop_at_base,0,0,0,,CALLBACK_RETURN_SENTINEL_OK
p17_hit2_20260801_144528_12572,821,821,robotol.ext,3,3,1,0x30631D,0x30631D,0x80000,0x0,0x2B1868,0x0,2,0,1,0,stop_at_base,0,0,0,,CALLBACK_RETURN_SENTINEL_OK
p17_hit2_20260801_144528_12572,822,822,robotol.ext,3,3,1,0x30631D,0x30631D,0x80000,0x0,0x2B1868,0x0,2,0,1,0,stop_at_base,0,0,0,,CALLBACK_RETURN_SENTINEL_OK
p17_hit2_20260801_144528_12572,823,823,robotol.ext,3,3,1,0x30631D,0x30631D,0x80000,0x0,0x2B1868,0x0,2,0,1,0,stop_at_base,0,0,0,,CALLBACK_RETURN_SENTINEL_OK
p17_hit2_20260801_144528_12572,824,824,robotol.ext,3,3,1,0x30631D,0x30631D,0x80000,0x0,0x2B1868,0x0,2,0,1,0,stop_at_base,0,0,0,,CALLBACK_RETURN_SENTINEL_OK
p17_hit2_20260801_144528_12572,825,825,robotol.ext,3,3,1,0x30631D,0x30631D,0x80000,0x0,0x2B1868,0x0,2,0,1,0,stop_at_base,0,0,0,,CALLBACK_RETURN_SENTINEL_OK
p17_hit2_20260801_144528_12572,826,826,robotol.ext,3,3,1,0x30631D,0x30631D,0x80000,0x0,0x2B1868,0x0,2,0,1,0,stop_at_base,0,0,0,,CALLBACK_RETURN_SENTINEL_OK
p17_hit2_20260801_144528_12572,827,827,robotol.ext,3,3,1,0x30631D,0x30631D,0x80000,0x0,0x2B1868,0x0,2,0,1,0,stop_at_base,0,0,0,,CALLBACK_RETURN_SENTINEL_OK
p17_hit2_20260801_144528_12572,828,828,robotol.ext,3,3,1,0x30631D,0x30631D,0x80000,0x0,0x2B1868,0x0,2,0,1,0,stop_at_base,0,0,0,,CALLBACK_RETURN_SENTINEL_OK
p17_hit2_20260801_144528_12572,829,829,robotol.ext,3,3,1,0x30631D,0x30631D,0x80000,0x0,0x2B1868,0x0,2,0,1,0,stop_at_base,0,0,0,,CALLBACK_RETURN_SENTINEL_OK
p17_hit2_20260801_144528_12572,830,830,robotol.ext,3,3,1,0x30631D,0x30631D,0x80000,0x0,0x2B1868,0x0,2,0,1,0,stop_at_base,0,0,0,,CALLBACK_RETURN_SENTINEL_OK
p17_hit2_20260801_144528_12572,831,831,robotol.ext,3,3,1,0x30631D,0x30631D,0x80000,0x0,0x2B1868,0x0,2,0,1,0,stop_at_base,0,0,0,,CALLBACK_RETURN_SENTINEL_OK
p17_hit2_20260801_144528_12572,832,832,robotol.ext,3,3,1,0x30631D,0x30631D,0x80000,0x0,0x2B1868,0x0,2,0,1,0,stop_at_base,0,0,0,,CALLBACK_RETURN_SENTINEL_OK
p17_hit2_20260801_144528_12572,833,833,robotol.ext,3,3,1,0x30631D,0x30631D,0x80000,0x0,0x2B1868,0x0,2,0,1,0,stop_at_base,0,0,0,,CALLBACK_RETURN_SENTINEL_OK
p17_hit2_20260801_144528_12572,834,834,robotol.ext,3,3,1,0x30631D,0x30631D,0x80000,0x0,0x2B1868,0x0,2,0,1,0,stop_at_base,0,0,0,,CALLBACK_RETURN_SENTINEL_OK
p17_hit2_20260801_144528_12572,835,835,robotol.ext,3,3,1,0x30631D,0x30631D,0x80000,0x0,0x2B1868,0x0,2,0,1,0,stop_at_base,0,0,0,,CALLBACK_RETURN_SENTINEL_OK
p17_hit2_20260801_144528_12572,836,836,robotol.ext,3,3,1,0x30631D,0x30631D,0x80000,0x0,0x2B1868,0x0,2,0,1,0,stop_at_base,0,0,0,,CALLBACK_RETURN_SENTINEL_OK
p17_hit2_20260801_144528_12572,837,837,robotol.ext,3,3,1,0x30631D,0x30631D,0x80000,0x0,0x2B1868,0x0,2,0,1,0,stop_at_base,0,0,0,,CALLBACK_RETURN_SENTINEL_OK
p17_hit2_20260801_144528_12572,838,838,robotol.ext,3,3,1,0x30631D,0x30631D,0x80000,0x0,0x2B1868,0x0,2,0,1,0,stop_at_base,0,0,0,,CALLBACK_RETURN_SENTINEL_OK
p17_hit2_20260801_144528_12572,839,839,robotol.ext,3,3,1,0x30631D,0x30631D,0x80000,0x0,0x2B1868,0x0,2,0,1,0,stop_at_base,0,0,0,,CALLBACK_RETURN_SENTINEL_OK
p17_hit2_20260801_144528_12572,840,840,robotol.ext,3,3,1,0x30631D,0x30631D,0x80000,0x0,0x2B1868,0x0,2,0,1,0,stop_at_base,0,0,0,,CALLBACK_RETURN_SENTINEL_OK
p17_hit2_20260801_144528_12572,841,841,robotol.ext,3,3,1,0x30631D,0x30631D,0x80000,0x0,0x2B1868,0x0,2,0,1,0,stop_at_base,0,0,0,,CALLBACK_RETURN_SENTINEL_OK
p17_hit2_20260801_144528_12572,842,842,robotol.ext,3,3,1,0x30631D,0x30631D,0x80000,0x0,0x2B1868,0x0,2,0,1,0,stop_at_base,0,0,0,,CALLBACK_RETURN_SENTINEL_OK
p17_hit2_20260801_144528_12572,843,843,robotol.ext,3,3,1,0x30631D,0x30631D,0x80000,0x0,0x2B1868,0x0,2,0,1,0,stop_at_base,0,0,0,,CALLBACK_RETURN_SENTINEL_OK
p17_hit2_20260801_144528_12572,844,844,robotol.ext,3,3,1,0x30631D,0x30631D,0x80000,0x0,0x2B1868,0x0,2,0,1,0,stop_at_base,0,0,0,,CALLBACK_RETURN_SENTINEL_OK
p17_hit2_20260801_144528_12572,845,845,robotol.ext,3,3,1,0x30631D,0x30631D,0x80000,0x0,0x2B1868,0x0,2,0,1,0,stop_at_base,0,0,0,,CALLBACK_RETURN_SENTINEL_OK
p17_hit2_20260801_144528_12572,846,846,robotol.ext,3,3,1,0x30631D,0x30631D,0x80000,0x0,0x2B1868,0x0,2,0,1,0,stop_at_base,0,0,0,,CALLBACK_RETURN_SENTINEL_OK
p17_hit2_20260801_144528_12572,847,847,robotol.ext,3,3,1,0x30631D,0x30631D,0x80000,0x0,0x2B1868,0x0,2,0,1,0,stop_at_base,0,0,0,,CALLBACK_RETURN_SENTINEL_OK
p17_hit2_20260801_144528_12572,848,848,robotol.ext,3,3,1,0x30631D,0x30631D,0x80000,0x0,0x2B1868,0x0,2,0,1,0,stop_at_base,0,0,0,,CALLBACK_RETURN_SENTINEL_OK
p17_hit2_20260801_144528_12572,849,849,robotol.ext,3,3,1,0x30631D,0x30631D,0x80000,0x0,0x2B1868,0x0,2,0,1,0,stop_at_base,0,0,0,,CALLBACK_RETURN_SENTINEL_OK
p17_hit2_20260801_144528_12572,850,850,robotol.ext,3,3,1,0x30631D,0x30631D,0x80000,0x0,0x2B1868,0x0,2,0,1,0,stop_at_base,0,0,0,,CALLBACK_RETURN_SENTINEL_OK
p17_hit2_20260801_144528_12572,851,851,robotol.ext,3,3,1,0x30631D,0x30631D,0x80000,0x0,0x2B1868,0x0,2,0,1,0,stop_at_base,0,0,0,,CALLBACK_RETURN_SENTINEL_OK
p17_hit2_20260801_144528_12572,852,852,robotol.ext,3,3,1,0x30631D,0x30631D,0x80000,0x0,0x2B1868,0x0,2,0,1,0,stop_at_base,0,0,0,,CALLBACK_RETURN_SENTINEL_OK
p17_hit2_20260801_144528_12572,853,853,robotol.ext,3,3,1,0x30631D,0x30631D,0x80000,0x0,0x2B1868,0x0,2,0,1,0,stop_at_base,0,0,0,,CALLBACK_RETURN_SENTINEL_OK
p17_hit2_20260801_144528_12572,854,854,robotol.ext,3,3,1,0x30631D,0x30631D,0x80000,0x0,0x2B1868,0x0,2,0,1,0,stop_at_base,0,0,0,,CALLBACK_RETURN_SENTINEL_OK
p17_hit2_20260801_144528_12572,855,855,robotol.ext,3,3,1,0x30631D,0x30631D,0x80000,0x0,0x2B1868,0x0,2,0,1,0,stop_at_base,0,0,0,,CALLBACK_RETURN_SENTINEL_OK
p17_hit2_20260801_144528_12572,856,856,robotol.ext,3,3,1,0x30631D,0x30631D,0x80000,0x0,0x2B1868,0x0,2,0,1,0,stop_at_base,0,0,0,,CALLBACK_RETURN_SENTINEL_OK
p17_hit2_20260801_144528_12572,857,857,robotol.ext,3,3,1,0x30631D,0x30631D,0x80000,0x0,0x2B1868,0x0,2,0,1,0,stop_at_base,0,0,0,,CALLBACK_RETURN_SENTINEL_OK
p17_hit2_20260801_144528_12572,858,858,robotol.ext,3,3,1,0x30631D,0x30631D,0x80000,0x0,0x2B1868,0x0,2,0,1,0,stop_at_base,0,0,0,,CALLBACK_RETURN_SENTINEL_OK
p17_hit2_20260801_144528_12572,859,859,robotol.ext,3,3,1,0x30631D,0x30631D,0x80000,0x0,0x2B1868,0x0,2,0,1,0,stop_at_base,0,0,0,,CALLBACK_RETURN_SENTINEL_OK
p17_hit2_20260801_144528_12572,860,860,robotol.ext,3,3,1,0x30631D,0x30631D,0x80000,0x0,0x2B1868,0x0,2,0,1,0,stop_at_base,0,0,0,,CALLBACK_RETURN_SENTINEL_OK
p17_hit2_20260801_144528_12572,861,861,robotol.ext,3,3,1,0x30631D,0x30631D,0x80000,0x0,0x2B1868,0x0,2,0,1,0,stop_at_base,0,0,0,,CALLBACK_RETURN_SENTINEL_OK
p17_hit2_20260801_144528_12572,862,862,robotol.ext,3,3,1,0x30631D,0x30631D,0x80000,0x0,0x2B1868,0x0,2,0,1,0,stop_at_base,0,0,0,,CALLBACK_RETURN_SENTINEL_OK
p17_hit2_20260801_144528_12572,863,863,robotol.ext,3,3,1,0x30631D,0x30631D,0x80000,0x0,0x2B1868,0x0,2,0,1,0,stop_at_base,0,0,0,,CALLBACK_RETURN_SENTINEL_OK
p17_hit2_20260801_144528_12572,864,864,robotol.ext,3,3,1,0x30631D,0x30631D,0x80000,0x0,0x2B1868,0x0,2,0,1,0,stop_at_base,0,0,0,,CALLBACK_RETURN_SENTINEL_OK
p17_hit2_20260801_144528_12572,865,865,robotol.ext,3,3,1,0x30631D,0x30631D,0x80000,0x0,0x2B1868,0x0,2,0,1,0,stop_at_base,0,0,0,,CALLBACK_RETURN_SENTINEL_OK
p17_hit2_20260801_144528_12572,866,866,robotol.ext,3,3,1,0x30631D,0x30631D,0x80000,0x0,0x2B1868,0x0,2,0,1,0,stop_at_base,0,0,0,,CALLBACK_RETURN_SENTINEL_OK
p17_hit2_20260801_144528_12572,867,867,robotol.ext,3,3,1,0x30631D,0x30631D,0x80000,0x0,0x2B1868,0x0,2,0,1,0,stop_at_base,0,0,0,,CALLBACK_RETURN_SENTINEL_OK
p17_hit2_20260801_144528_12572,868,868,robotol.ext,3,3,1,0x30631D,0x30631D,0x80000,0x0,0x2B1868,0x0,2,0,1,0,stop_at_base,0,0,0,,CALLBACK_RETURN_SENTINEL_OK
p17_hit2_20260801_144528_12572,869,869,robotol.ext,3,3,1,0x30631D,0x30631D,0x80000,0x0,0x2B1868,0x0,2,0,1,0,stop_at_base,0,0,0,,CALLBACK_RETURN_SENTINEL_OK
p17_hit2_20260801_144528_12572,870,870,robotol.ext,3,3,1,0x30631D,0x30631D,0x80000,0x0,0x2B1868,0x0,2,0,1,0,stop_at_base,0,0,0,,CALLBACK_RETURN_SENTINEL_OK
p17_hit2_20260801_144528_12572,871,871,robotol.ext,3,3,1,0x30631D,0x30631D,0x80000,0x0,0x2B1868,0x0,2,0,1,0,stop_at_base,0,0,0,,CALLBACK_RETURN_SENTINEL_OK
p17_hit2_20260801_144528_12572,872,872,robotol.ext,3,3,1,0x30631D,0x30631D,0x80000,0x0,0x2B1868,0x0,2,0,1,0,stop_at_base,0,0,0,,CALLBACK_RETURN_SENTINEL_OK
p17_hit2_20260801_144528_12572,873,873,robotol.ext,3,3,1,0x30631D,0x30631D,0x80000,0x0,0x2B1868,0x0,2,0,1,0,stop_at_base,0,0,0,,CALLBACK_RETURN_SENTINEL_OK
p17_hit2_20260801_144528_12572,874,874,robotol.ext,3,3,1,0x30631D,0x30631D,0x80000,0x0,0x2B1868,0x0,2,0,1,0,stop_at_base,0,0,0,,CALLBACK_RETURN_SENTINEL_OK
p17_hit2_20260801_144528_12572,875,875,robotol.ext,3,3,1,0x30631D,0x30631D,0x80000,0x0,0x2B1868,0x0,2,0,1,0,stop_at_base,0,0,0,,CALLBACK_RETURN_SENTINEL_OK
p17_hit2_20260801_144528_12572,876,876,robotol.ext,3,3,1,0x30631D,0x30631D,0x80000,0x0,0x2B1868,0x0,2,0,1,0,stop_at_base,0,0,0,,CALLBACK_RETURN_SENTINEL_OK
p17_hit2_20260801_144528_12572,877,877,robotol.ext,3,3,1,0x30631D,0x30631D,0x80000,0x0,0x2B1868,0x0,2,0,1,0,stop_at_base,0,0,0,,CALLBACK_RETURN_SENTINEL_OK
p17_hit2_20260801_144528_12572,878,878,robotol.ext,3,3,1,0x30631D,0x30631D,0x80000,0x0,0x2B1868,0x0,2,0,1,0,stop_at_base,0,0,0,,CALLBACK_RETURN_SENTINEL_OK
p17_hit2_20260801_144528_12572,879,879,robotol.ext,3,3,1,0x30631D,0x30631D,0x80000,0x0,0x2B1868,0x0,2,0,1,0,stop_at_base,0,0,0,,CALLBACK_RETURN_SENTINEL_OK
p17_hit2_20260801_144528_12572,880,880,robotol.ext,3,3,1,0x30631D,0x30631D,0x80000,0x0,0x2B1868,0x0,2,0,1,0,stop_at_base,0,0,0,,CALLBACK_RETURN_SENTINEL_OK
p17_hit2_20260801_144528_12572,881,881,robotol.ext,3,3,1,0x30631D,0x30631D,0x80000,0x0,0x2B1868,0x0,2,0,1,0,stop_at_base,0,0,0,,CALLBACK_RETURN_SENTINEL_OK
p17_hit2_20260801_144528_12572,882,882,robotol.ext,3,3,1,0x30631D,0x30631D,0x80000,0x0,0x2B1868,0x0,2,0,1,0,stop_at_base,0,0,0,,CALLBACK_RETURN_SENTINEL_OK
p17_hit2_20260801_144528_12572,883,883,robotol.ext,3,3,1,0x30631D,0x30631D,0x80000,0x0,0x2B1868,0x0,2,0,1,0,stop_at_base,0,0,0,,CALLBACK_RETURN_SENTINEL_OK
p17_hit2_20260801_144528_12572,884,884,robotol.ext,3,3,1,0x30631D,0x30631D,0x80000,0x0,0x2B1868,0x0,2,0,1,0,stop_at_base,0,0,0,,CALLBACK_RETURN_SENTINEL_OK
p17_hit2_20260801_144528_12572,885,885,robotol.ext,3,3,1,0x30631D,0x30631D,0x80000,0x0,0x2B1868,0x0,2,0,1,0,stop_at_base,0,0,0,,CALLBACK_RETURN_SENTINEL_OK
p17_hit2_20260801_144528_12572,886,886,robotol.ext,3,3,1,0x30631D,0x30631D,0x80000,0x0,0x2B1868,0x0,2,0,1,0,stop_at_base,0,0,0,,CALLBACK_RETURN_SENTINEL_OK
p17_hit2_20260801_144528_12572,887,887,robotol.ext,3,3,1,0x30631D,0x30631D,0x80000,0x0,0x2B1868,0x0,2,0,1,0,stop_at_base,0,0,0,,CALLBACK_RETURN_SENTINEL_OK
p17_hit2_20260801_144528_12572,888,888,robotol.ext,3,3,1,0x30631D,0x30631D,0x80000,0x0,0x2B1868,0x0,2,0,1,0,stop_at_base,0,0,0,,CALLBACK_RETURN_SENTINEL_OK
p17_hit2_20260801_144528_12572,889,889,robotol.ext,3,3,1,0x30631D,0x30631D,0x80000,0x0,0x2B1868,0x0,2,0,1,0,stop_at_base,0,0,0,,CALLBACK_RETURN_SENTINEL_OK
p17_hit2_20260801_144528_12572,890,890,robotol.ext,3,3,1,0x30631D,0x30631D,0x80000,0x0,0x2B1868,0x0,2,0,1,0,stop_at_base,0,0,0,,CALLBACK_RETURN_SENTINEL_OK
p17_hit2_20260801_144528_12572,891,891,robotol.ext,3,3,1,0x30631D,0x30631D,0x80000,0x0,0x2B1868,0x0,2,0,1,0,stop_at_base,0,0,0,,CALLBACK_RETURN_SENTINEL_OK
p17_hit2_20260801_144528_12572,892,892,robotol.ext,3,3,1,0x30631D,0x30631D,0x80000,0x0,0x2B1868,0x0,2,0,1,0,stop_at_base,0,0,0,,CALLBACK_RETURN_SENTINEL_OK
p17_hit2_20260801_144528_12572,893,893,robotol.ext,3,3,1,0x30631D,0x30631D,0x80000,0x0,0x2B1868,0x0,2,0,1,0,stop_at_base,0,0,0,,CALLBACK_RETURN_SENTINEL_OK
p17_hit2_20260801_144528_12572,894,894,robotol.ext,3,3,1,0x30631D,0x30631D,0x80000,0x0,0x2B1868,0x0,2,0,1,0,stop_at_base,0,0,0,,CALLBACK_RETURN_SENTINEL_OK
p17_hit2_20260801_144528_12572,895,895,robotol.ext,3,3,1,0x30631D,0x30631D,0x80000,0x0,0x2B1868,0x0,2,0,1,0,stop_at_base,0,0,0,,CALLBACK_RETURN_SENTINEL_OK
p17_hit2_20260801_144528_12572,896,896,robotol.ext,3,3,1,0x30631D,0x30631D,0x80000,0x0,0x2B1868,0x0,2,0,1,0,stop_at_base,0,0,0,,CALLBACK_RETURN_SENTINEL_OK
p17_hit2_20260801_144528_12572,897,897,robotol.ext,3,3,1,0x30631D,0x30631D,0x80000,0x0,0x2B1868,0x0,2,0,1,0,stop_at_base,0,0,0,,CALLBACK_RETURN_SENTINEL_OK
p17_hit2_20260801_144528_12572,898,898,robotol.ext,3,3,1,0x30631D,0x30631D,0x80000,0x0,0x2B1868,0x0,2,0,1,0,stop_at_base,0,0,0,,CALLBACK_RETURN_SENTINEL_OK
p17_hit2_20260801_144528_12572,899,899,robotol.ext,3,3,1,0x30631D,0x30631D,0x80000,0x0,0x2B1868,0x0,2,0,1,0,stop_at_base,0,0,0,,CALLBACK_RETURN_SENTINEL_OK
p17_hit2_20260801_144528_12572,900,900,robotol.ext,3,3,1,0x30631D,0x30631D,0x80000,0x0,0x2B1868,0x0,2,0,1,0,stop_at_base,0,0,0,,CALLBACK_RETURN_SENTINEL_OK
p17_hit2_20260801_144528_12572,901,901,robotol.ext,3,3,1,0x30631D,0x30631D,0x80000,0x0,0x2B1868,0x0,2,0,1,0,stop_at_base,0,0,0,,CALLBACK_RETURN_SENTINEL_OK
p17_hit2_20260801_144528_12572,902,902,robotol.ext,3,3,1,0x30631D,0x30631D,0x80000,0x0,0x2B1868,0x0,2,0,1,0,stop_at_base,0,0,0,,CALLBACK_RETURN_SENTINEL_OK
p17_hit2_20260801_144528_12572,903,903,robotol.ext,3,3,1,0x30631D,0x30631D,0x80000,0x0,0x2B1868,0x0,2,0,1,0,stop_at_base,0,0,0,,CALLBACK_RETURN_SENTINEL_OK
p17_hit2_20260801_144528_12572,904,904,robotol.ext,3,3,1,0x30631D,0x30631D,0x80000,0x0,0x2B1868,0x0,2,0,1,0,stop_at_base,0,0,0,,CALLBACK_RETURN_SENTINEL_OK
p17_hit2_20260801_144528_12572,905,905,robotol.ext,3,3,1,0x30631D,0x30631D,0x80000,0x0,0x2B1868,0x0,2,0,1,0,stop_at_base,0,0,0,,CALLBACK_RETURN_SENTINEL_OK
p17_hit2_20260801_144528_12572,906,906,robotol.ext,3,3,1,0x30631D,0x30631D,0x80000,0x0,0x2B1868,0x0,2,0,1,0,stop_at_base,0,0,0,,CALLBACK_RETURN_SENTINEL_OK
p17_hit2_20260801_144528_12572,907,907,robotol.ext,3,3,1,0x30631D,0x30631D,0x80000,0x0,0x2B1868,0x0,2,0,1,0,stop_at_base,0,0,0,,CALLBACK_RETURN_SENTINEL_OK
p17_hit2_20260801_144528_12572,908,908,robotol.ext,3,3,1,0x30631D,0x30631D,0x80000,0x0,0x2B1868,0x0,2,0,1,0,stop_at_base,0,0,0,,CALLBACK_RETURN_SENTINEL_OK
p17_hit2_20260801_144528_12572,909,909,robotol.ext,3,3,1,0x30631D,0x30631D,0x80000,0x0,0x2B1868,0x0,2,0,1,0,stop_at_base,0,0,0,,CALLBACK_RETURN_SENTINEL_OK
p17_hit2_20260801_144528_12572,910,910,robotol.ext,3,3,1,0x30631D,0x30631D,0x80000,0x0,0x2B1868,0x0,2,0,1,0,stop_at_base,0,0,0,,CALLBACK_RETURN_SENTINEL_OK
p17_hit2_20260801_144528_12572,911,911,robotol.ext,3,3,1,0x30631D,0x30631D,0x80000,0x0,0x2B1868,0x0,2,0,1,0,stop_at_base,0,0,0,,CALLBACK_RETURN_SENTINEL_OK
p17_hit2_20260801_144528_12572,912,912,robotol.ext,3,3,1,0x30631D,0x30631D,0x80000,0x0,0x2B1868,0x0,2,0,1,0,stop_at_base,0,0,0,,CALLBACK_RETURN_SENTINEL_OK
p17_hit2_20260801_144528_12572,913,913,robotol.ext,3,3,1,0x30631D,0x30631D,0x80000,0x0,0x2B1868,0x0,2,0,1,0,stop_at_base,0,0,0,,CALLBACK_RETURN_SENTINEL_OK
p17_hit2_20260801_144528_12572,914,914,robotol.ext,3,3,1,0x30631D,0x30631D,0x80000,0x0,0x2B1868,0x0,2,0,1,0,stop_at_base,0,0,0,,CALLBACK_RETURN_SENTINEL_OK
p17_hit2_20260801_144528_12572,915,915,robotol.ext,3,3,1,0x30631D,0x30631D,0x80000,0x0,0x2B1868,0x0,2,0,1,0,stop_at_base,0,0,0,,CALLBACK_RETURN_SENTINEL_OK
p17_hit2_20260801_144528_12572,916,916,robotol.ext,3,3,1,0x30631D,0x30631D,0x80000,0x0,0x2B1868,0x0,2,0,1,0,stop_at_base,0,0,0,,CALLBACK_RETURN_SENTINEL_OK
p17_hit2_20260801_144528_12572,917,917,robotol.ext,3,3,1,0x30631D,0x30631D,0x80000,0x0,0x2B1868,0x0,2,0,1,0,stop_at_base,0,0,0,,CALLBACK_RETURN_SENTINEL_OK
p17_hit2_20260801_144528_12572,918,918,robotol.ext,3,3,1,0x30631D,0x30631D,0x80000,0x0,0x2B1868,0x0,2,0,1,0,stop_at_base,0,0,0,,CALLBACK_RETURN_SENTINEL_OK
p17_hit2_20260801_144528_12572,919,919,robotol.ext,3,3,1,0x30631D,0x30631D,0x80000,0x0,0x2B1868,0x0,2,0,1,0,stop_at_base,0,0,0,,CALLBACK_RETURN_SENTINEL_OK
p17_hit2_20260801_144528_12572,920,920,robotol.ext,3,3,1,0x30631D,0x30631D,0x80000,0x0,0x2B1868,0x0,2,0,1,0,stop_at_base,0,0,0,,CALLBACK_RETURN_SENTINEL_OK
p17_hit2_20260801_144528_12572,921,921,robotol.ext,3,3,1,0x30631D,0x30631D,0x80000,0x0,0x2B1868,0x0,2,0,1,0,stop_at_base,0,0,0,,CALLBACK_RETURN_SENTINEL_OK
p17_hit2_20260801_144528_12572,922,922,robotol.ext,3,3,1,0x30631D,0x30631D,0x80000,0x0,0x2B1868,0x0,2,0,1,0,stop_at_base,0,0,0,,CALLBACK_RETURN_SENTINEL_OK
p17_hit2_20260801_144528_12572,923,923,robotol.ext,3,3,1,0x30631D,0x30631D,0x80000,0x0,0x2B1868,0x0,2,0,1,0,stop_at_base,0,0,0,,CALLBACK_RETURN_SENTINEL_OK
p17_hit2_20260801_144528_12572,924,924,robotol.ext,3,3,1,0x30631D,0x30631D,0x80000,0x0,0x2B1868,0x0,2,0,1,0,stop_at_base,0,0,0,,CALLBACK_RETURN_SENTINEL_OK
p17_hit2_20260801_144528_12572,925,925,robotol.ext,3,3,1,0x30631D,0x30631D,0x80000,0x0,0x2B1868,0x0,2,0,1,0,stop_at_base,0,0,0,,CALLBACK_RETURN_SENTINEL_OK
p17_hit2_20260801_144528_12572,926,926,robotol.ext,3,3,1,0x30631D,0x30631D,0x80000,0x0,0x2B1868,0x0,2,0,1,0,stop_at_base,0,0,0,,CALLBACK_RETURN_SENTINEL_OK
p17_hit2_20260801_144528_12572,927,927,robotol.ext,3,3,1,0x30631D,0x30631D,0x80000,0x0,0x2B1868,0x0,2,0,1,0,stop_at_base,0,0,0,,CALLBACK_RETURN_SENTINEL_OK
p17_hit2_20260801_144528_12572,928,928,robotol.ext,3,3,1,0x30631D,0x30631D,0x80000,0x0,0x2B1868,0x0,2,0,1,0,stop_at_base,0,0,0,,CALLBACK_RETURN_SENTINEL_OK
p17_hit2_20260801_144528_12572,929,929,robotol.ext,3,3,1,0x30631D,0x30631D,0x80000,0x0,0x2B1868,0x0,2,0,1,0,stop_at_base,0,0,0,,CALLBACK_RETURN_SENTINEL_OK
p17_hit2_20260801_144528_12572,930,930,robotol.ext,3,3,1,0x30631D,0x30631D,0x80000,0x0,0x2B1868,0x0,2,0,1,0,stop_at_base,0,0,0,,CALLBACK_RETURN_SENTINEL_OK
p17_hit2_20260801_144528_12572,931,931,robotol.ext,3,3,1,0x30631D,0x30631D,0x80000,0x0,0x2B1868,0x0,2,0,1,0,stop_at_base,0,0,0,,CALLBACK_RETURN_SENTINEL_OK
p17_hit2_20260801_144528_12572,932,932,robotol.ext,3,3,1,0x30631D,0x30631D,0x80000,0x0,0x2B1868,0x0,2,0,1,0,stop_at_base,0,0,0,,CALLBACK_RETURN_SENTINEL_OK
p17_hit2_20260801_144528_12572,933,933,robotol.ext,3,3,1,0x30631D,0x30631D,0x80000,0x0,0x2B1868,0x0,2,0,1,0,stop_at_base,0,0,0,,CALLBACK_RETURN_SENTINEL_OK
p17_hit2_20260801_144528_12572,934,934,robotol.ext,3,3,1,0x30631D,0x30631D,0x80000,0x0,0x2B1868,0x0,2,0,1,0,stop_at_base,0,0,0,,CALLBACK_RETURN_SENTINEL_OK
p17_hit2_20260801_144528_12572,935,935,robotol.ext,3,3,1,0x30631D,0x30631D,0x80000,0x0,0x2B1868,0x0,2,0,1,0,stop_at_base,0,0,0,,CALLBACK_RETURN_SENTINEL_OK
p17_hit2_20260801_144528_12572,936,936,robotol.ext,3,3,1,0x30631D,0x30631D,0x80000,0x0,0x2B1868,0x0,2,0,1,0,stop_at_base,0,0,0,,CALLBACK_RETURN_SENTINEL_OK
p17_hit2_20260801_144528_12572,937,937,robotol.ext,3,3,1,0x30631D,0x30631D,0x80000,0x0,0x2B1868,0x0,2,0,1,0,stop_at_base,0,0,0,,CALLBACK_RETURN_SENTINEL_OK
p17_hit2_20260801_144528_12572,938,938,robotol.ext,3,3,1,0x30631D,0x30631D,0x80000,0x0,0x2B1868,0x0,2,0,1,0,stop_at_base,0,0,0,,CALLBACK_RETURN_SENTINEL_OK
p17_hit2_20260801_144528_12572,939,939,robotol.ext,3,3,1,0x30631D,0x30631D,0x80000,0x0,0x2B1868,0x0,2,0,1,0,stop_at_base,0,0,0,,CALLBACK_RETURN_SENTINEL_OK
p17_hit2_20260801_144528_12572,940,940,robotol.ext,3,3,1,0x30631D,0x30631D,0x80000,0x0,0x2B1868,0x0,2,0,1,0,stop_at_base,0,0,0,,CALLBACK_RETURN_SENTINEL_OK
p17_hit2_20260801_144528_12572,941,941,robotol.ext,3,3,1,0x30631D,0x30631D,0x80000,0x0,0x2B1868,0x0,2,0,1,0,stop_at_base,0,0,0,,CALLBACK_RETURN_SENTINEL_OK
p17_hit2_20260801_144528_12572,942,942,robotol.ext,3,3,1,0x30631D,0x30631D,0x80000,0x0,0x2B1868,0x0,2,0,1,0,stop_at_base,0,0,0,,CALLBACK_RETURN_SENTINEL_OK
p17_hit2_20260801_144528_12572,943,943,robotol.ext,3,3,1,0x30631D,0x30631D,0x80000,0x0,0x2B1868,0x0,2,0,1,0,stop_at_base,0,0,0,,CALLBACK_RETURN_SENTINEL_OK
p17_hit2_20260801_144528_12572,944,944,robotol.ext,3,3,1,0x30631D,0x30631D,0x80000,0x0,0x2B1868,0x0,2,0,1,0,stop_at_base,0,0,0,,CALLBACK_RETURN_SENTINEL_OK
p17_hit2_20260801_144528_12572,945,945,robotol.ext,3,3,1,0x30631D,0x30631D,0x80000,0x0,0x2B1868,0x0,2,0,1,0,stop_at_base,0,0,0,,CALLBACK_RETURN_SENTINEL_OK
p17_hit2_20260801_144528_12572,946,946,robotol.ext,3,3,1,0x30631D,0x30631D,0x80000,0x0,0x2B1868,0x0,2,0,1,0,stop_at_base,0,0,0,,CALLBACK_RETURN_SENTINEL_OK
p17_hit2_20260801_144528_12572,947,947,robotol.ext,3,3,1,0x30631D,0x30631D,0x80000,0x0,0x2B1868,0x0,2,0,1,0,stop_at_base,0,0,0,,CALLBACK_RETURN_SENTINEL_OK
p17_hit2_20260801_144528_12572,948,948,robotol.ext,3,3,1,0x30631D,0x30631D,0x80000,0x0,0x2B1868,0x0,2,0,1,0,stop_at_base,0,0,0,,CALLBACK_RETURN_SENTINEL_OK
p17_hit2_20260801_144528_12572,949,949,robotol.ext,3,3,1,0x30631D,0x30631D,0x80000,0x0,0x2B1868,0x0,2,0,1,0,stop_at_base,0,0,0,,CALLBACK_RETURN_SENTINEL_OK
p17_hit2_20260801_144528_12572,950,950,robotol.ext,3,3,1,0x30631D,0x30631D,0x80000,0x0,0x2B1868,0x0,2,0,1,0,stop_at_base,0,0,0,,CALLBACK_RETURN_SENTINEL_OK
p17_hit2_20260801_144528_12572,951,951,robotol.ext,3,3,1,0x30631D,0x30631D,0x80000,0x0,0x2B1868,0x0,2,0,1,0,stop_at_base,0,0,0,,CALLBACK_RETURN_SENTINEL_OK
p17_hit2_20260801_144528_12572,952,952,robotol.ext,3,3,1,0x30631D,0x30631D,0x80000,0x0,0x2B1868,0x0,2,0,1,0,stop_at_base,0,0,0,,CALLBACK_RETURN_SENTINEL_OK
p17_hit2_20260801_144528_12572,953,953,robotol.ext,3,3,1,0x30631D,0x30631D,0x80000,0x0,0x2B1868,0x0,2,0,1,0,stop_at_base,0,0,0,,CALLBACK_RETURN_SENTINEL_OK
p17_hit2_20260801_144528_12572,954,954,robotol.ext,3,3,1,0x30631D,0x30631D,0x80000,0x0,0x2B1868,0x0,2,0,1,0,stop_at_base,0,0,0,,CALLBACK_RETURN_SENTINEL_OK
p17_hit2_20260801_144528_12572,955,955,robotol.ext,3,3,1,0x30631D,0x30631D,0x80000,0x0,0x2B1868,0x0,2,0,1,0,stop_at_base,0,0,0,,CALLBACK_RETURN_SENTINEL_OK
p17_hit2_20260801_144528_12572,956,956,robotol.ext,3,3,1,0x30631D,0x30631D,0x80000,0x0,0x2B1868,0x0,2,0,1,0,stop_at_base,0,0,0,,CALLBACK_RETURN_SENTINEL_OK
p17_hit2_20260801_144528_12572,957,957,robotol.ext,3,3,1,0x30631D,0x30631D,0x80000,0x0,0x2B1868,0x0,2,0,1,0,stop_at_base,0,0,0,,CALLBACK_RETURN_SENTINEL_OK
p17_hit2_20260801_144528_12572,958,958,robotol.ext,3,3,1,0x30631D,0x30631D,0x80000,0x0,0x2B1868,0x0,2,0,1,0,stop_at_base,0,0,0,,CALLBACK_RETURN_SENTINEL_OK
p17_hit2_20260801_144528_12572,959,959,robotol.ext,3,3,1,0x30631D,0x30631D,0x80000,0x0,0x2B1868,0x0,2,0,1,0,stop_at_base,0,0,0,,CALLBACK_RETURN_SENTINEL_OK
p17_hit2_20260801_144528_12572,960,960,robotol.ext,3,3,1,0x30631D,0x30631D,0x80000,0x0,0x2B1868,0x0,2,0,1,0,stop_at_base,0,0,0,,CALLBACK_RETURN_SENTINEL_OK
p17_hit2_20260801_144528_12572,961,961,robotol.ext,3,3,1,0x30631D,0x30631D,0x80000,0x0,0x2B1868,0x0,2,0,1,0,stop_at_base,0,0,0,,CALLBACK_RETURN_SENTINEL_OK
p17_hit2_20260801_144528_12572,962,962,robotol.ext,3,3,1,0x30631D,0x30631D,0x80000,0x0,0x2B1868,0x0,2,0,1,0,stop_at_base,0,0,0,,CALLBACK_RETURN_SENTINEL_OK
p17_hit2_20260801_144528_12572,963,963,robotol.ext,3,3,1,0x30631D,0x30631D,0x80000,0x0,0x2B1868,0x0,2,0,1,0,stop_at_base,0,0,0,,CALLBACK_RETURN_SENTINEL_OK
p17_hit2_20260801_144528_12572,964,964,robotol.ext,3,3,1,0x30631D,0x30631D,0x80000,0x0,0x2B1868,0x0,2,0,1,0,stop_at_base,0,0,0,,CALLBACK_RETURN_SENTINEL_OK
p17_hit2_20260801_144528_12572,965,965,robotol.ext,3,3,1,0x30631D,0x30631D,0x80000,0x0,0x2B1868,0x0,2,0,1,0,stop_at_base,0,0,0,,CALLBACK_RETURN_SENTINEL_OK
p17_hit2_20260801_144528_12572,966,966,robotol.ext,3,3,1,0x30631D,0x30631D,0x80000,0x0,0x2B1868,0x0,2,0,1,0,stop_at_base,0,0,0,,CALLBACK_RETURN_SENTINEL_OK
p17_hit2_20260801_144528_12572,967,967,robotol.ext,3,3,1,0x30631D,0x30631D,0x80000,0x0,0x2B1868,0x0,2,0,1,0,stop_at_base,0,0,0,,CALLBACK_RETURN_SENTINEL_OK
p17_hit2_20260801_144528_12572,968,968,robotol.ext,3,3,1,0x30631D,0x30631D,0x80000,0x0,0x2B1868,0x0,2,0,1,0,stop_at_base,0,0,0,,CALLBACK_RETURN_SENTINEL_OK
p17_hit2_20260801_144528_12572,969,969,robotol.ext,3,3,1,0x30631D,0x30631D,0x80000,0x0,0x2B1868,0x0,2,0,1,0,stop_at_base,0,0,0,,CALLBACK_RETURN_SENTINEL_OK
p17_hit2_20260801_144528_12572,970,970,robotol.ext,3,3,1,0x30631D,0x30631D,0x80000,0x0,0x2B1868,0x0,2,0,1,0,stop_at_base,0,0,0,,CALLBACK_RETURN_SENTINEL_OK
p17_hit2_20260801_144528_12572,971,971,robotol.ext,3,3,1,0x30631D,0x30631D,0x80000,0x0,0x2B1868,0x0,2,0,1,0,stop_at_base,0,0,0,,CALLBACK_RETURN_SENTINEL_OK
p17_hit2_20260801_144528_12572,972,972,robotol.ext,3,3,1,0x30631D,0x30631D,0x80000,0x0,0x2B1868,0x0,2,0,1,0,stop_at_base,0,0,0,,CALLBACK_RETURN_SENTINEL_OK
p17_hit2_20260801_144528_12572,973,973,robotol.ext,3,3,1,0x30631D,0x30631D,0x80000,0x0,0x2B1868,0x0,2,0,1,0,stop_at_base,0,0,0,,CALLBACK_RETURN_SENTINEL_OK
p17_hit2_20260801_144528_12572,974,974,robotol.ext,3,3,1,0x30631D,0x30631D,0x80000,0x0,0x2B1868,0x0,2,0,1,0,stop_at_base,0,0,0,,CALLBACK_RETURN_SENTINEL_OK
p17_hit2_20260801_144528_12572,975,975,robotol.ext,3,3,1,0x30631D,0x30631D,0x80000,0x0,0x2B1868,0x0,2,0,1,0,stop_at_base,0,0,0,,CALLBACK_RETURN_SENTINEL_OK
p17_hit2_20260801_144528_12572,976,976,robotol.ext,3,3,1,0x30631D,0x30631D,0x80000,0x0,0x2B1868,0x0,2,0,1,0,stop_at_base,0,0,0,,CALLBACK_RETURN_SENTINEL_OK
p17_hit2_20260801_144528_12572,977,977,robotol.ext,3,3,1,0x30631D,0x30631D,0x80000,0x0,0x2B1868,0x0,2,0,1,0,stop_at_base,0,0,0,,CALLBACK_RETURN_SENTINEL_OK
p17_hit2_20260801_144528_12572,978,978,robotol.ext,3,3,1,0x30631D,0x30631D,0x80000,0x0,0x2B1868,0x0,2,0,1,0,stop_at_base,0,0,0,,CALLBACK_RETURN_SENTINEL_OK
p17_hit2_20260801_144528_12572,979,979,robotol.ext,3,3,1,0x30631D,0x30631D,0x80000,0x0,0x2B1868,0x0,2,0,1,0,stop_at_base,0,0,0,,CALLBACK_RETURN_SENTINEL_OK
p17_hit2_20260801_144528_12572,980,980,robotol.ext,3,3,1,0x30631D,0x30631D,0x80000,0x0,0x2B1868,0x0,2,0,1,0,stop_at_base,0,0,0,,CALLBACK_RETURN_SENTINEL_OK
p17_hit2_20260801_144528_12572,981,981,robotol.ext,3,3,1,0x30631D,0x30631D,0x80000,0x0,0x2B1868,0x0,2,0,1,0,stop_at_base,0,0,0,,CALLBACK_RETURN_SENTINEL_OK
p17_hit2_20260801_144528_12572,982,982,robotol.ext,3,3,1,0x30631D,0x30631D,0x80000,0x0,0x2B1868,0x0,2,0,1,0,stop_at_base,0,0,0,,CALLBACK_RETURN_SENTINEL_OK
p17_hit2_20260801_144528_12572,983,983,robotol.ext,3,3,1,0x30631D,0x30631D,0x80000,0x0,0x2B1868,0x0,2,0,1,0,stop_at_base,0,0,0,,CALLBACK_RETURN_SENTINEL_OK
p17_hit2_20260801_144528_12572,984,984,robotol.ext,3,3,1,0x30631D,0x30631D,0x80000,0x0,0x2B1868,0x0,2,0,1,0,stop_at_base,0,0,0,,CALLBACK_RETURN_SENTINEL_OK
p17_hit2_20260801_144528_12572,985,985,robotol.ext,3,3,1,0x30631D,0x30631D,0x80000,0x0,0x2B1868,0x0,2,0,1,0,stop_at_base,0,0,0,,CALLBACK_RETURN_SENTINEL_OK
p17_hit2_20260801_144528_12572,986,986,robotol.ext,3,3,1,0x30631D,0x30631D,0x80000,0x0,0x2B1868,0x0,2,0,1,0,stop_at_base,0,0,0,,CALLBACK_RETURN_SENTINEL_OK
p17_hit2_20260801_144528_12572,987,987,robotol.ext,3,3,1,0x30631D,0x30631D,0x80000,0x0,0x2B1868,0x0,2,0,1,0,stop_at_base,0,0,0,,CALLBACK_RETURN_SENTINEL_OK
p17_hit2_20260801_144528_12572,988,988,robotol.ext,3,3,1,0x30631D,0x30631D,0x80000,0x0,0x2B1868,0x0,2,0,1,0,stop_at_base,0,0,0,,CALLBACK_RETURN_SENTINEL_OK
p17_hit2_20260801_144528_12572,989,989,robotol.ext,3,3,1,0x30631D,0x30631D,0x80000,0x0,0x2B1868,0x0,2,0,1,0,stop_at_base,0,0,0,,CALLBACK_RETURN_SENTINEL_OK
p17_hit2_20260801_144528_12572,990,990,robotol.ext,3,3,1,0x30631D,0x30631D,0x80000,0x0,0x2B1868,0x0,2,0,1,0,stop_at_base,0,0,0,,CALLBACK_RETURN_SENTINEL_OK
p17_hit2_20260801_144528_12572,991,991,robotol.ext,3,3,1,0x30631D,0x30631D,0x80000,0x0,0x2B1868,0x0,2,0,1,0,stop_at_base,0,0,0,,CALLBACK_RETURN_SENTINEL_OK
p17_hit2_20260801_144528_12572,992,992,robotol.ext,3,3,1,0x30631D,0x30631D,0x80000,0x0,0x2B1868,0x0,2,0,1,0,stop_at_base,0,0,0,,CALLBACK_RETURN_SENTINEL_OK
p17_hit2_20260801_144528_12572,993,993,robotol.ext,3,3,1,0x30631D,0x30631D,0x80000,0x0,0x2B1868,0x0,2,0,1,0,stop_at_base,0,0,0,,CALLBACK_RETURN_SENTINEL_OK
p17_hit2_20260801_144528_12572,994,994,robotol.ext,3,3,1,0x30631D,0x30631D,0x80000,0x0,0x2B1868,0x0,2,0,1,0,stop_at_base,0,0,0,,CALLBACK_RETURN_SENTINEL_OK
p17_hit2_20260801_144528_12572,995,995,robotol.ext,3,3,1,0x30631D,0x30631D,0x80000,0x0,0x2B1868,0x0,2,0,1,0,stop_at_base,0,0,0,,CALLBACK_RETURN_SENTINEL_OK
p17_hit2_20260801_144528_12572,996,996,robotol.ext,3,3,1,0x30631D,0x30631D,0x80000,0x0,0x2B1868,0x0,2,0,1,0,stop_at_base,0,0,0,,CALLBACK_RETURN_SENTINEL_OK
p17_hit2_20260801_144528_12572,997,997,robotol.ext,3,3,1,0x30631D,0x30631D,0x80000,0x0,0x2B1868,0x0,2,0,1,0,stop_at_base,0,0,0,,CALLBACK_RETURN_SENTINEL_OK
p17_hit2_20260801_144528_12572,998,998,robotol.ext,3,3,1,0x30631D,0x30631D,0x80000,0x0,0x2B1868,0x0,2,0,1,0,stop_at_base,0,0,0,,CALLBACK_RETURN_SENTINEL_OK
p17_hit2_20260801_144528_12572,999,999,robotol.ext,3,3,1,0x30631D,0x30631D,0x80000,0x0,0x2B1868,0x0,2,0,1,0,stop_at_base,0,0,0,,CALLBACK_RETURN_SENTINEL_OK
p17_hit2_20260801_144528_12572,1000,1000,robotol.ext,3,3,1,0x30631D,0x30631D,0x80000,0x0,0x2B1868,0x0,2,0,1,0,stop_at_base,0,0,0,,CALLBACK_RETURN_SENTINEL_OK
p17_hit2_20260801_144528_12572,1001,1001,robotol.ext,3,3,1,0x30631D,0x30631D,0x80000,0x0,0x2B1868,0x0,2,0,1,0,stop_at_base,0,0,0,,CALLBACK_RETURN_SENTINEL_OK
p17_hit2_20260801_144528_12572,1002,1002,robotol.ext,3,3,1,0x30631D,0x30631D,0x80000,0x0,0x2B1868,0x0,2,0,1,0,stop_at_base,0,0,0,,CALLBACK_RETURN_SENTINEL_OK
p17_hit2_20260801_144528_12572,1003,1003,robotol.ext,3,3,1,0x30631D,0x30631D,0x80000,0x0,0x2B1868,0x0,2,0,1,0,stop_at_base,0,0,0,,CALLBACK_RETURN_SENTINEL_OK
p17_hit2_20260801_144528_12572,1004,1004,robotol.ext,3,3,1,0x30631D,0x30631D,0x80000,0x0,0x2B1868,0x0,2,0,1,0,stop_at_base,0,0,0,,CALLBACK_RETURN_SENTINEL_OK
p17_hit2_20260801_144528_12572,1005,1005,robotol.ext,3,3,1,0x30631D,0x30631D,0x80000,0x0,0x2B1868,0x0,2,0,1,0,stop_at_base,0,0,0,,CALLBACK_RETURN_SENTINEL_OK
p17_hit2_20260801_144528_12572,1006,1006,robotol.ext,3,3,1,0x30631D,0x30631D,0x80000,0x0,0x2B1868,0x0,2,0,1,0,stop_at_base,0,0,0,,CALLBACK_RETURN_SENTINEL_OK
p17_hit2_20260801_144528_12572,1007,1007,robotol.ext,3,3,1,0x30631D,0x30631D,0x80000,0x0,0x2B1868,0x0,2,0,1,0,stop_at_base,0,0,0,,CALLBACK_RETURN_SENTINEL_OK
p17_hit2_20260801_144528_12572,1008,1008,robotol.ext,3,3,1,0x30631D,0x30631D,0x80000,0x0,0x2B1868,0x0,2,0,1,0,stop_at_base,0,0,0,,CALLBACK_RETURN_SENTINEL_OK
p17_hit2_20260801_144528_12572,1009,1009,robotol.ext,3,3,1,0x30631D,0x30631D,0x80000,0x0,0x2B1868,0x0,2,0,1,0,stop_at_base,0,0,0,,CALLBACK_RETURN_SENTINEL_OK
p17_hit2_20260801_144528_12572,1010,1010,robotol.ext,3,3,1,0x30631D,0x30631D,0x80000,0x0,0x2B1868,0x0,2,0,1,0,stop_at_base,0,0,0,,CALLBACK_RETURN_SENTINEL_OK
p17_hit2_20260801_144528_12572,1011,1011,robotol.ext,3,3,1,0x30631D,0x30631D,0x80000,0x0,0x2B1868,0x0,2,0,1,0,stop_at_base,0,0,0,,CALLBACK_RETURN_SENTINEL_OK
p17_hit2_20260801_144528_12572,1012,1012,robotol.ext,3,3,1,0x30631D,0x30631D,0x80000,0x0,0x2B1868,0x0,2,0,1,0,stop_at_base,0,0,0,,CALLBACK_RETURN_SENTINEL_OK
p17_hit2_20260801_144528_12572,1013,1013,robotol.ext,3,3,1,0x30631D,0x30631D,0x80000,0x0,0x2B1868,0x0,2,0,1,0,stop_at_base,0,0,0,,CALLBACK_RETURN_SENTINEL_OK
p17_hit2_20260801_144528_12572,1014,1014,robotol.ext,3,3,1,0x30631D,0x30631D,0x80000,0x0,0x2B1868,0x0,2,0,1,0,stop_at_base,0,0,0,,CALLBACK_RETURN_SENTINEL_OK
p17_hit2_20260801_144528_12572,1015,1015,robotol.ext,3,3,1,0x30631D,0x30631D,0x80000,0x0,0x2B1868,0x0,2,0,1,0,stop_at_base,0,0,0,,CALLBACK_RETURN_SENTINEL_OK
p17_hit2_20260801_144528_12572,1016,1016,robotol.ext,3,3,1,0x30631D,0x30631D,0x80000,0x0,0x2B1868,0x0,2,0,1,0,stop_at_base,0,0,0,,CALLBACK_RETURN_SENTINEL_OK
p17_hit2_20260801_144528_12572,1017,1017,robotol.ext,3,3,1,0x30631D,0x30631D,0x80000,0x0,0x2B1868,0x0,2,0,1,0,stop_at_base,0,0,0,,CALLBACK_RETURN_SENTINEL_OK
p17_hit2_20260801_144528_12572,1018,1018,robotol.ext,3,3,1,0x30631D,0x30631D,0x80000,0x0,0x2B1868,0x0,2,0,1,0,stop_at_base,0,0,0,,CALLBACK_RETURN_SENTINEL_OK
p17_hit2_20260801_144528_12572,1019,1019,robotol.ext,3,3,1,0x30631D,0x30631D,0x80000,0x0,0x2B1868,0x0,2,0,1,0,stop_at_base,0,0,0,,CALLBACK_RETURN_SENTINEL_OK
p17_hit2_20260801_144528_12572,1020,1020,robotol.ext,3,3,1,0x30631D,0x30631D,0x80000,0x0,0x2B1868,0x0,2,0,1,0,stop_at_base,0,0,0,,CALLBACK_RETURN_SENTINEL_OK
p17_hit2_20260801_144528_12572,1021,1021,robotol.ext,3,3,1,0x30631D,0x30631D,0x80000,0x0,0x2B1868,0x0,2,0,1,0,stop_at_base,0,0,0,,CALLBACK_RETURN_SENTINEL_OK
p17_hit2_20260801_144528_12572,1022,1022,robotol.ext,3,3,1,0x30631D,0x30631D,0x80000,0x0,0x2B1868,0x0,2,0,1,0,stop_at_base,0,0,0,,CALLBACK_RETURN_SENTINEL_OK
p17_hit2_20260801_144528_12572,1023,1023,robotol.ext,3,3,1,0x30631D,0x30631D,0x80000,0x0,0x2B1868,0x0,2,0,1,0,stop_at_base,0,0,0,,CALLBACK_RETURN_SENTINEL_OK
p17_hit2_20260801_144528_12572,1024,1024,robotol.ext,3,3,1,0x30631D,0x30631D,0x80000,0x0,0x2B1868,0x0,2,0,1,0,stop_at_base,0,0,0,,CALLBACK_RETURN_SENTINEL_OK
p17_hit2_20260801_144528_12572,1025,1025,robotol.ext,3,3,1,0x30631D,0x30631D,0x80000,0x0,0x2B1868,0x0,2,0,1,0,stop_at_base,0,0,0,,CALLBACK_RETURN_SENTINEL_OK
p17_hit2_20260801_144528_12572,1026,1026,robotol.ext,3,3,1,0x30631D,0x30631D,0x80000,0x0,0x2B1868,0x0,2,0,1,0,stop_at_base,0,0,0,,CALLBACK_RETURN_SENTINEL_OK
p17_hit2_20260801_144528_12572,1027,1027,robotol.ext,3,3,1,0x30631D,0x30631D,0x80000,0x0,0x2B1868,0x0,2,0,1,0,stop_at_base,0,0,0,,CALLBACK_RETURN_SENTINEL_OK
p17_hit2_20260801_144528_12572,1028,1028,robotol.ext,3,3,1,0x30631D,0x30631D,0x80000,0x0,0x2B1868,0x0,2,0,1,0,stop_at_base,0,0,0,,CALLBACK_RETURN_SENTINEL_OK
p17_hit2_20260801_144528_12572,1029,1029,robotol.ext,3,3,1,0x30631D,0x30631D,0x80000,0x0,0x2B1868,0x0,2,0,1,0,stop_at_base,0,0,0,,CALLBACK_RETURN_SENTINEL_OK
p17_hit2_20260801_144528_12572,1030,1030,robotol.ext,3,3,1,0x30631D,0x30631D,0x80000,0x0,0x2B1868,0x0,2,0,1,0,stop_at_base,0,0,0,,CALLBACK_RETURN_SENTINEL_OK
p17_hit2_20260801_144528_12572,1031,1031,robotol.ext,3,3,1,0x30631D,0x30631D,0x80000,0x0,0x2B1868,0x0,2,0,1,0,stop_at_base,0,0,0,,CALLBACK_RETURN_SENTINEL_OK
p17_hit2_20260801_144528_12572,1032,1032,robotol.ext,3,3,1,0x30631D,0x30631D,0x80000,0x0,0x2B1868,0x0,2,0,1,0,stop_at_base,0,0,0,,CALLBACK_RETURN_SENTINEL_OK
p17_hit2_20260801_144528_12572,1033,1033,robotol.ext,3,3,1,0x30631D,0x30631D,0x80000,0x0,0x2B1868,0x0,2,0,1,0,stop_at_base,0,0,0,,CALLBACK_RETURN_SENTINEL_OK
p17_hit2_20260801_144528_12572,1034,1034,robotol.ext,3,3,1,0x30631D,0x30631D,0x80000,0x0,0x2B1868,0x0,2,0,1,0,stop_at_base,0,0,0,,CALLBACK_RETURN_SENTINEL_OK
p17_hit2_20260801_144528_12572,1035,1035,robotol.ext,3,3,1,0x30631D,0x30631D,0x80000,0x0,0x2B1868,0x0,2,0,1,0,stop_at_base,0,0,0,,CALLBACK_RETURN_SENTINEL_OK
p17_hit2_20260801_144528_12572,1036,1036,robotol.ext,3,3,1,0x30631D,0x30631D,0x80000,0x0,0x2B1868,0x0,2,0,1,0,stop_at_base,0,0,0,,CALLBACK_RETURN_SENTINEL_OK
p17_hit2_20260801_144528_12572,1037,1037,robotol.ext,3,3,1,0x30631D,0x30631D,0x80000,0x0,0x2B1868,0x0,2,0,1,0,stop_at_base,0,0,0,,CALLBACK_RETURN_SENTINEL_OK
p17_hit2_20260801_144528_12572,1038,1038,robotol.ext,3,3,1,0x30631D,0x30631D,0x80000,0x0,0x2B1868,0x0,2,0,1,0,stop_at_base,0,0,0,,CALLBACK_RETURN_SENTINEL_OK
p17_hit2_20260801_144528_12572,1039,1039,robotol.ext,3,3,1,0x30631D,0x30631D,0x80000,0x0,0x2B1868,0x0,2,0,1,0,stop_at_base,0,0,0,,CALLBACK_RETURN_SENTINEL_OK
p17_hit2_20260801_144528_12572,1040,1040,robotol.ext,3,3,1,0x30631D,0x30631D,0x80000,0x0,0x2B1868,0x0,2,0,1,0,stop_at_base,0,0,0,,CALLBACK_RETURN_SENTINEL_OK
p17_hit2_20260801_144528_12572,1041,1041,robotol.ext,3,3,1,0x30631D,0x30631D,0x80000,0x0,0x2B1868,0x0,2,0,1,0,stop_at_base,0,0,0,,CALLBACK_RETURN_SENTINEL_OK
p17_hit2_20260801_144528_12572,1042,1042,robotol.ext,3,3,1,0x30631D,0x30631D,0x80000,0x0,0x2B1868,0x0,2,0,1,0,stop_at_base,0,0,0,,CALLBACK_RETURN_SENTINEL_OK
p17_hit2_20260801_144528_12572,1043,1043,robotol.ext,3,3,1,0x30631D,0x30631D,0x80000,0x0,0x2B1868,0x0,2,0,1,0,stop_at_base,0,0,0,,CALLBACK_RETURN_SENTINEL_OK
p17_hit2_20260801_144528_12572,1044,1044,robotol.ext,3,3,1,0x30631D,0x30631D,0x80000,0x0,0x2B1868,0x0,2,0,1,0,stop_at_base,0,0,0,,CALLBACK_RETURN_SENTINEL_OK
p17_hit2_20260801_144528_12572,1045,1045,robotol.ext,3,3,1,0x30631D,0x30631D,0x80000,0x0,0x2B1868,0x0,2,0,1,0,stop_at_base,0,0,0,,CALLBACK_RETURN_SENTINEL_OK
p17_hit2_20260801_144528_12572,1046,1046,robotol.ext,3,3,1,0x30631D,0x30631D,0x80000,0x0,0x2B1868,0x0,2,0,1,0,stop_at_base,0,0,0,,CALLBACK_RETURN_SENTINEL_OK
p17_hit2_20260801_144528_12572,1047,1047,robotol.ext,3,3,1,0x30631D,0x30631D,0x80000,0x0,0x2B1868,0x0,2,0,1,0,stop_at_base,0,0,0,,CALLBACK_RETURN_SENTINEL_OK
p17_hit2_20260801_144528_12572,1048,1048,robotol.ext,3,3,1,0x30631D,0x30631D,0x80000,0x0,0x2B1868,0x0,2,0,1,0,stop_at_base,0,0,0,,CALLBACK_RETURN_SENTINEL_OK
p17_hit2_20260801_144528_12572,1049,1049,robotol.ext,3,3,1,0x30631D,0x30631D,0x80000,0x0,0x2B1868,0x0,2,0,1,0,stop_at_base,0,0,0,,CALLBACK_RETURN_SENTINEL_OK
p17_hit2_20260801_144528_12572,1050,1050,robotol.ext,3,3,1,0x30631D,0x30631D,0x80000,0x0,0x2B1868,0x0,2,0,1,0,stop_at_base,0,0,0,,CALLBACK_RETURN_SENTINEL_OK
p17_hit2_20260801_144528_12572,1051,1051,robotol.ext,3,3,1,0x30631D,0x30631D,0x80000,0x0,0x2B1868,0x0,2,0,1,0,stop_at_base,0,0,0,,CALLBACK_RETURN_SENTINEL_OK
p17_hit2_20260801_144528_12572,1052,1052,robotol.ext,3,3,1,0x30631D,0x30631D,0x80000,0x0,0x2B1868,0x0,2,0,1,0,stop_at_base,0,0,0,,CALLBACK_RETURN_SENTINEL_OK
p17_hit2_20260801_144528_12572,1053,1053,robotol.ext,3,3,1,0x30631D,0x30631D,0x80000,0x0,0x2B1868,0x0,2,0,1,0,stop_at_base,0,0,0,,CALLBACK_RETURN_SENTINEL_OK
p17_hit2_20260801_144528_12572,1054,1054,robotol.ext,3,3,1,0x30631D,0x30631D,0x80000,0x0,0x2B1868,0x0,2,0,1,0,stop_at_base,0,0,0,,CALLBACK_RETURN_SENTINEL_OK
p17_hit2_20260801_144528_12572,1055,1055,robotol.ext,3,3,1,0x30631D,0x30631D,0x80000,0x0,0x2B1868,0x0,2,0,1,0,stop_at_base,0,0,0,,CALLBACK_RETURN_SENTINEL_OK
p17_hit2_20260801_144528_12572,1056,1056,robotol.ext,3,3,1,0x30631D,0x30631D,0x80000,0x0,0x2B1868,0x0,2,0,1,0,stop_at_base,0,0,0,,CALLBACK_RETURN_SENTINEL_OK
p17_hit2_20260801_144528_12572,1057,1057,robotol.ext,3,3,1,0x30631D,0x30631D,0x80000,0x0,0x2B1868,0x0,2,0,1,0,stop_at_base,0,0,0,,CALLBACK_RETURN_SENTINEL_OK
p17_hit2_20260801_144528_12572,1058,1058,robotol.ext,3,3,1,0x30631D,0x30631D,0x80000,0x0,0x2B1868,0x0,2,0,1,0,stop_at_base,0,0,0,,CALLBACK_RETURN_SENTINEL_OK
p17_hit2_20260801_144528_12572,1059,1059,robotol.ext,3,3,1,0x30631D,0x30631D,0x80000,0x0,0x2B1868,0x0,2,0,1,0,stop_at_base,0,0,0,,CALLBACK_RETURN_SENTINEL_OK
p17_hit2_20260801_144528_12572,1060,1060,robotol.ext,3,3,1,0x30631D,0x30631D,0x80000,0x0,0x2B1868,0x0,2,0,1,0,stop_at_base,0,0,0,,CALLBACK_RETURN_SENTINEL_OK
p17_hit2_20260801_144528_12572,1061,1061,robotol.ext,3,3,1,0x30631D,0x30631D,0x80000,0x0,0x2B1868,0x0,2,0,1,0,stop_at_base,0,0,0,,CALLBACK_RETURN_SENTINEL_OK
p17_hit2_20260801_144528_12572,1062,1062,robotol.ext,3,3,1,0x30631D,0x30631D,0x80000,0x0,0x2B1868,0x0,2,0,1,0,stop_at_base,0,0,0,,CALLBACK_RETURN_SENTINEL_OK
p17_hit2_20260801_144528_12572,1063,1063,robotol.ext,3,3,1,0x30631D,0x30631D,0x80000,0x0,0x2B1868,0x0,2,0,1,0,stop_at_base,0,0,0,,CALLBACK_RETURN_SENTINEL_OK
p17_hit2_20260801_144528_12572,1064,1064,robotol.ext,3,3,1,0x30631D,0x30631D,0x80000,0x0,0x2B1868,0x0,2,0,1,0,stop_at_base,0,0,0,,CALLBACK_RETURN_SENTINEL_OK
p17_hit2_20260801_144528_12572,1065,1065,robotol.ext,3,3,1,0x30631D,0x30631D,0x80000,0x0,0x2B1868,0x0,2,0,1,0,stop_at_base,0,0,0,,CALLBACK_RETURN_SENTINEL_OK
p17_hit2_20260801_144528_12572,1066,1066,robotol.ext,3,3,1,0x30631D,0x30631D,0x80000,0x0,0x2B1868,0x0,2,0,1,0,stop_at_base,0,0,0,,CALLBACK_RETURN_SENTINEL_OK
p17_hit2_20260801_144528_12572,1067,1067,robotol.ext,3,3,1,0x30631D,0x30631D,0x80000,0x0,0x2B1868,0x0,2,0,1,0,stop_at_base,0,0,0,,CALLBACK_RETURN_SENTINEL_OK
p17_hit2_20260801_144528_12572,1068,1068,robotol.ext,3,3,1,0x30631D,0x30631D,0x80000,0x0,0x2B1868,0x0,2,0,1,0,stop_at_base,0,0,0,,CALLBACK_RETURN_SENTINEL_OK
p17_hit2_20260801_144528_12572,1069,1069,robotol.ext,3,3,1,0x30631D,0x30631D,0x80000,0x0,0x2B1868,0x0,2,0,1,0,stop_at_base,0,0,0,,CALLBACK_RETURN_SENTINEL_OK
p17_hit2_20260801_144528_12572,1070,1070,robotol.ext,3,3,1,0x30631D,0x30631D,0x80000,0x0,0x2B1868,0x0,2,0,1,0,stop_at_base,0,0,0,,CALLBACK_RETURN_SENTINEL_OK
p17_hit2_20260801_144528_12572,1071,1071,robotol.ext,3,3,1,0x30631D,0x30631D,0x80000,0x0,0x2B1868,0x0,2,0,1,0,stop_at_base,0,0,0,,CALLBACK_RETURN_SENTINEL_OK
p17_hit2_20260801_144528_12572,1072,1072,robotol.ext,3,3,1,0x30631D,0x30631D,0x80000,0x0,0x2B1868,0x0,2,0,1,0,stop_at_base,0,0,0,,CALLBACK_RETURN_SENTINEL_OK
p17_hit2_20260801_144528_12572,1073,1073,robotol.ext,3,3,1,0x30631D,0x30631D,0x80000,0x0,0x2B1868,0x0,2,0,1,0,stop_at_base,0,0,0,,CALLBACK_RETURN_SENTINEL_OK
p17_hit2_20260801_144528_12572,1074,1074,robotol.ext,3,3,1,0x30631D,0x30631D,0x80000,0x0,0x2B1868,0x0,2,0,1,0,stop_at_base,0,0,0,,CALLBACK_RETURN_SENTINEL_OK
p17_hit2_20260801_144528_12572,1075,1075,robotol.ext,3,3,1,0x30631D,0x30631D,0x80000,0x0,0x2B1868,0x0,2,0,1,0,stop_at_base,0,0,0,,CALLBACK_RETURN_SENTINEL_OK
p17_hit2_20260801_144528_12572,1076,1076,robotol.ext,3,3,1,0x30631D,0x30631D,0x80000,0x0,0x2B1868,0x0,2,0,1,0,stop_at_base,0,0,0,,CALLBACK_RETURN_SENTINEL_OK
p17_hit2_20260801_144528_12572,1077,1077,robotol.ext,3,3,1,0x30631D,0x30631D,0x80000,0x0,0x2B1868,0x0,2,0,1,0,stop_at_base,0,0,0,,CALLBACK_RETURN_SENTINEL_OK
p17_hit2_20260801_144528_12572,1078,1078,robotol.ext,3,3,1,0x30631D,0x30631D,0x80000,0x0,0x2B1868,0x0,2,0,1,0,stop_at_base,0,0,0,,CALLBACK_RETURN_SENTINEL_OK
p17_hit2_20260801_144528_12572,1079,1079,robotol.ext,3,3,1,0x30631D,0x30631D,0x80000,0x0,0x2B1868,0x0,2,0,1,0,stop_at_base,0,0,0,,CALLBACK_RETURN_SENTINEL_OK
p17_hit2_20260801_144528_12572,1080,1080,robotol.ext,3,3,1,0x30631D,0x30631D,0x80000,0x0,0x2B1868,0x0,2,0,1,0,stop_at_base,0,0,0,,CALLBACK_RETURN_SENTINEL_OK
p17_hit2_20260801_144528_12572,1081,1081,robotol.ext,3,3,1,0x30631D,0x30631D,0x80000,0x0,0x2B1868,0x0,2,0,1,0,stop_at_base,0,0,0,,CALLBACK_RETURN_SENTINEL_OK
p17_hit2_20260801_144528_12572,1082,1082,robotol.ext,3,3,1,0x30631D,0x30631D,0x80000,0x0,0x2B1868,0x0,2,0,1,0,stop_at_base,0,0,0,,CALLBACK_RETURN_SENTINEL_OK
p17_hit2_20260801_144528_12572,1083,1083,robotol.ext,3,3,1,0x30631D,0x30631D,0x80000,0x0,0x2B1868,0x0,2,0,1,0,stop_at_base,0,0,0,,CALLBACK_RETURN_SENTINEL_OK
p17_hit2_20260801_144528_12572,1084,1084,robotol.ext,3,3,1,0x30631D,0x30631D,0x80000,0x0,0x2B1868,0x0,2,0,1,0,stop_at_base,0,0,0,,CALLBACK_RETURN_SENTINEL_OK
p17_hit2_20260801_144528_12572,1085,1085,robotol.ext,3,3,1,0x30631D,0x30631D,0x80000,0x0,0x2B1868,0x0,2,0,1,0,stop_at_base,0,0,0,,CALLBACK_RETURN_SENTINEL_OK
p17_hit2_20260801_144528_12572,1086,1086,robotol.ext,3,3,1,0x30631D,0x30631D,0x80000,0x0,0x2B1868,0x0,2,0,1,0,stop_at_base,0,0,0,,CALLBACK_RETURN_SENTINEL_OK
p17_hit2_20260801_144528_12572,1087,1087,robotol.ext,3,3,1,0x30631D,0x30631D,0x80000,0x0,0x2B1868,0x0,2,0,1,0,stop_at_base,0,0,0,,CALLBACK_RETURN_SENTINEL_OK
p17_hit2_20260801_144528_12572,1088,1088,robotol.ext,3,3,1,0x30631D,0x30631D,0x80000,0x0,0x2B1868,0x0,2,0,1,0,stop_at_base,0,0,0,,CALLBACK_RETURN_SENTINEL_OK
p17_hit2_20260801_144528_12572,1089,1089,robotol.ext,3,3,1,0x30631D,0x30631D,0x80000,0x0,0x2B1868,0x0,2,0,1,0,stop_at_base,0,0,0,,CALLBACK_RETURN_SENTINEL_OK
p17_hit2_20260801_144528_12572,1090,1090,robotol.ext,3,3,1,0x30631D,0x30631D,0x80000,0x0,0x2B1868,0x0,2,0,1,0,stop_at_base,0,0,0,,CALLBACK_RETURN_SENTINEL_OK
p17_hit2_20260801_144528_12572,1091,1091,robotol.ext,3,3,1,0x30631D,0x30631D,0x80000,0x0,0x2B1868,0x0,2,0,1,0,stop_at_base,0,0,0,,CALLBACK_RETURN_SENTINEL_OK
p17_hit2_20260801_144528_12572,1092,1092,robotol.ext,3,3,1,0x30631D,0x30631D,0x80000,0x0,0x2B1868,0x0,2,0,1,0,stop_at_base,0,0,0,,CALLBACK_RETURN_SENTINEL_OK
p17_hit2_20260801_144528_12572,1093,1093,robotol.ext,3,3,1,0x30631D,0x30631D,0x80000,0x0,0x2B1868,0x0,2,0,1,0,stop_at_base,0,0,0,,CALLBACK_RETURN_SENTINEL_OK
p17_hit2_20260801_144528_12572,1094,1094,robotol.ext,3,3,1,0x30631D,0x30631D,0x80000,0x0,0x2B1868,0x0,2,0,1,0,stop_at_base,0,0,0,,CALLBACK_RETURN_SENTINEL_OK
p17_hit2_20260801_144528_12572,1095,1095,robotol.ext,3,3,1,0x30631D,0x30631D,0x80000,0x0,0x2B1868,0x0,2,0,1,0,stop_at_base,0,0,0,,CALLBACK_RETURN_SENTINEL_OK
p17_hit2_20260801_144528_12572,1096,1096,robotol.ext,3,3,1,0x30631D,0x30631D,0x80000,0x0,0x2B1868,0x0,2,0,1,0,stop_at_base,0,0,0,,CALLBACK_RETURN_SENTINEL_OK
p17_hit2_20260801_144528_12572,1097,1097,robotol.ext,3,3,1,0x30631D,0x30631D,0x80000,0x0,0x2B1868,0x0,2,0,1,0,stop_at_base,0,0,0,,CALLBACK_RETURN_SENTINEL_OK
p17_hit2_20260801_144528_12572,1098,1098,robotol.ext,3,3,1,0x30631D,0x30631D,0x80000,0x0,0x2B1868,0x0,2,0,1,0,stop_at_base,0,0,0,,CALLBACK_RETURN_SENTINEL_OK
p17_hit2_20260801_144528_12572,1099,1099,robotol.ext,3,3,1,0x30631D,0x30631D,0x80000,0x0,0x2B1868,0x0,2,0,1,0,stop_at_base,0,0,0,,CALLBACK_RETURN_SENTINEL_OK
p17_hit2_20260801_144528_12572,1100,1100,robotol.ext,3,3,1,0x30631D,0x30631D,0x80000,0x0,0x2B1868,0x0,2,0,1,0,stop_at_base,0,0,0,,CALLBACK_RETURN_SENTINEL_OK
p17_hit2_20260801_144528_12572,1101,1101,robotol.ext,3,3,1,0x30631D,0x30631D,0x80000,0x0,0x2B1868,0x0,2,0,1,0,stop_at_base,0,0,0,,CALLBACK_RETURN_SENTINEL_OK
p17_hit2_20260801_144528_12572,1102,1102,robotol.ext,3,3,1,0x30631D,0x30631D,0x80000,0x0,0x2B1868,0x0,2,0,1,0,stop_at_base,0,0,0,,CALLBACK_RETURN_SENTINEL_OK
p17_hit2_20260801_144528_12572,1103,1103,robotol.ext,3,3,1,0x30631D,0x30631D,0x80000,0x0,0x2B1868,0x0,2,0,1,0,stop_at_base,0,0,0,,CALLBACK_RETURN_SENTINEL_OK
p17_hit2_20260801_144528_12572,1104,1104,robotol.ext,3,3,1,0x30631D,0x30631D,0x80000,0x0,0x2B1868,0x0,2,0,1,0,stop_at_base,0,0,0,,CALLBACK_RETURN_SENTINEL_OK
p17_hit2_20260801_144528_12572,1105,1105,robotol.ext,3,3,1,0x30631D,0x30631D,0x80000,0x0,0x2B1868,0x0,2,0,1,0,stop_at_base,0,0,0,,CALLBACK_RETURN_SENTINEL_OK
p17_hit2_20260801_144528_12572,1106,1106,robotol.ext,3,3,1,0x30631D,0x30631D,0x80000,0x0,0x2B1868,0x0,2,0,1,0,stop_at_base,0,0,0,,CALLBACK_RETURN_SENTINEL_OK
p17_hit2_20260801_144528_12572,1107,1107,robotol.ext,3,3,1,0x30631D,0x30631D,0x80000,0x0,0x2B1868,0x0,2,0,1,0,stop_at_base,0,0,0,,CALLBACK_RETURN_SENTINEL_OK
p17_hit2_20260801_144528_12572,1108,1108,robotol.ext,3,3,1,0x30631D,0x30631D,0x80000,0x0,0x2B1868,0x0,2,0,1,0,stop_at_base,0,0,0,,CALLBACK_RETURN_SENTINEL_OK
p17_hit2_20260801_144528_12572,1109,1109,robotol.ext,3,3,1,0x30631D,0x30631D,0x80000,0x0,0x2B1868,0x0,2,0,1,0,stop_at_base,0,0,0,,CALLBACK_RETURN_SENTINEL_OK
p17_hit2_20260801_144528_12572,1110,1110,robotol.ext,3,3,1,0x30631D,0x30631D,0x80000,0x0,0x2B1868,0x0,2,0,1,0,stop_at_base,0,0,0,,CALLBACK_RETURN_SENTINEL_OK
p17_hit2_20260801_144528_12572,1111,1111,robotol.ext,3,3,1,0x30631D,0x30631D,0x80000,0x0,0x2B1868,0x0,2,0,1,0,stop_at_base,0,0,0,,CALLBACK_RETURN_SENTINEL_OK
p17_hit2_20260801_144528_12572,1112,1112,robotol.ext,3,3,1,0x30631D,0x30631D,0x80000,0x0,0x2B1868,0x0,2,0,1,0,stop_at_base,0,0,0,,CALLBACK_RETURN_SENTINEL_OK
p17_hit2_20260801_144528_12572,1113,1113,robotol.ext,3,3,1,0x30631D,0x30631D,0x80000,0x0,0x2B1868,0x0,2,0,1,0,stop_at_base,0,0,0,,CALLBACK_RETURN_SENTINEL_OK
p17_hit2_20260801_144528_12572,1114,1114,robotol.ext,3,3,1,0x30631D,0x30631D,0x80000,0x0,0x2B1868,0x0,2,0,1,0,stop_at_base,0,0,0,,CALLBACK_RETURN_SENTINEL_OK
p17_hit2_20260801_144528_12572,1115,1115,robotol.ext,3,3,1,0x30631D,0x30631D,0x80000,0x0,0x2B1868,0x0,2,0,1,0,stop_at_base,0,0,0,,CALLBACK_RETURN_SENTINEL_OK
p17_hit2_20260801_144528_12572,1116,1116,robotol.ext,3,3,1,0x30631D,0x30631D,0x80000,0x0,0x2B1868,0x0,2,0,1,0,stop_at_base,0,0,0,,CALLBACK_RETURN_SENTINEL_OK
p17_hit2_20260801_144528_12572,1117,1117,robotol.ext,3,3,1,0x30631D,0x30631D,0x80000,0x0,0x2B1868,0x0,2,0,1,0,stop_at_base,0,0,0,,CALLBACK_RETURN_SENTINEL_OK
p17_hit2_20260801_144528_12572,1118,1118,robotol.ext,3,3,1,0x30631D,0x30631D,0x80000,0x0,0x2B1868,0x0,2,0,1,0,stop_at_base,0,0,0,,CALLBACK_RETURN_SENTINEL_OK
p17_hit2_20260801_144528_12572,1119,1119,robotol.ext,3,3,1,0x30631D,0x30631D,0x80000,0x0,0x2B1868,0x0,2,0,1,0,stop_at_base,0,0,0,,CALLBACK_RETURN_SENTINEL_OK
p17_hit2_20260801_144528_12572,1120,1120,robotol.ext,3,3,1,0x30631D,0x30631D,0x80000,0x0,0x2B1868,0x0,2,0,1,0,stop_at_base,0,0,0,,CALLBACK_RETURN_SENTINEL_OK
p17_hit2_20260801_144528_12572,1121,1121,robotol.ext,3,3,1,0x30631D,0x30631D,0x80000,0x0,0x2B1868,0x0,2,0,1,0,stop_at_base,0,0,0,,CALLBACK_RETURN_SENTINEL_OK
p17_hit2_20260801_144528_12572,1122,1122,robotol.ext,3,3,1,0x30631D,0x30631D,0x80000,0x0,0x2B1868,0x0,2,0,1,0,stop_at_base,0,0,0,,CALLBACK_RETURN_SENTINEL_OK
p17_hit2_20260801_144528_12572,1123,1123,robotol.ext,3,3,1,0x30631D,0x30631D,0x80000,0x0,0x2B1868,0x0,2,0,1,0,stop_at_base,0,0,0,,CALLBACK_RETURN_SENTINEL_OK
p17_hit2_20260801_144528_12572,1124,1124,robotol.ext,3,3,1,0x30631D,0x30631D,0x80000,0x0,0x2B1868,0x0,2,0,1,0,stop_at_base,0,0,0,,CALLBACK_RETURN_SENTINEL_OK
p17_hit2_20260801_144528_12572,1125,1125,robotol.ext,3,3,1,0x30631D,0x30631D,0x80000,0x0,0x2B1868,0x0,2,0,1,0,stop_at_base,0,0,0,,CALLBACK_RETURN_SENTINEL_OK
p17_hit2_20260801_144528_12572,1126,1126,robotol.ext,3,3,1,0x30631D,0x30631D,0x80000,0x0,0x2B1868,0x0,2,0,1,0,stop_at_base,0,0,0,,CALLBACK_RETURN_SENTINEL_OK
p17_hit2_20260801_144528_12572,1127,1127,robotol.ext,3,3,1,0x30631D,0x30631D,0x80000,0x0,0x2B1868,0x0,2,0,1,0,stop_at_base,0,0,0,,CALLBACK_RETURN_SENTINEL_OK
p17_hit2_20260801_144528_12572,1128,1128,robotol.ext,3,3,1,0x30631D,0x30631D,0x80000,0x0,0x2B1868,0x0,2,0,1,0,stop_at_base,0,0,0,,CALLBACK_RETURN_SENTINEL_OK
p17_hit2_20260801_144528_12572,1129,1129,robotol.ext,3,3,1,0x30631D,0x30631D,0x80000,0x0,0x2B1868,0x0,2,0,1,0,stop_at_base,0,0,0,,CALLBACK_RETURN_SENTINEL_OK
p17_hit2_20260801_144528_12572,1130,1130,robotol.ext,3,3,1,0x30631D,0x30631D,0x80000,0x0,0x2B1868,0x0,2,0,1,0,stop_at_base,0,0,0,,CALLBACK_RETURN_SENTINEL_OK
p17_hit2_20260801_144528_12572,1131,1131,robotol.ext,3,3,1,0x30631D,0x30631D,0x80000,0x0,0x2B1868,0x0,2,0,1,0,stop_at_base,0,0,0,,CALLBACK_RETURN_SENTINEL_OK
p17_hit2_20260801_144528_12572,1132,1132,robotol.ext,3,3,1,0x30631D,0x30631D,0x80000,0x0,0x2B1868,0x0,2,0,1,0,stop_at_base,0,0,0,,CALLBACK_RETURN_SENTINEL_OK
p17_hit2_20260801_144528_12572,1133,1133,robotol.ext,3,3,1,0x30631D,0x30631D,0x80000,0x0,0x2B1868,0x0,2,0,1,0,stop_at_base,0,0,0,,CALLBACK_RETURN_SENTINEL_OK
p17_hit2_20260801_144528_12572,1134,1134,robotol.ext,3,3,1,0x30631D,0x30631D,0x80000,0x0,0x2B1868,0x0,2,0,1,0,stop_at_base,0,0,0,,CALLBACK_RETURN_SENTINEL_OK
p17_hit2_20260801_144528_12572,1135,1135,robotol.ext,3,3,1,0x30631D,0x30631D,0x80000,0x0,0x2B1868,0x0,2,0,1,0,stop_at_base,0,0,0,,CALLBACK_RETURN_SENTINEL_OK
p17_hit2_20260801_144528_12572,1136,1136,robotol.ext,3,3,1,0x30631D,0x30631D,0x80000,0x0,0x2B1868,0x0,2,0,1,0,stop_at_base,0,0,0,,CALLBACK_RETURN_SENTINEL_OK
p17_hit2_20260801_144528_12572,1137,1137,robotol.ext,3,3,1,0x30631D,0x30631D,0x80000,0x0,0x2B1868,0x0,2,0,1,0,stop_at_base,0,0,0,,CALLBACK_RETURN_SENTINEL_OK
p17_hit2_20260801_144528_12572,1138,1138,robotol.ext,3,3,1,0x30631D,0x30631D,0x80000,0x0,0x2B1868,0x0,2,0,1,0,stop_at_base,0,0,0,,CALLBACK_RETURN_SENTINEL_OK
p17_hit2_20260801_144528_12572,1139,1139,robotol.ext,3,3,1,0x30631D,0x30631D,0x80000,0x0,0x2B1868,0x0,2,0,1,0,stop_at_base,0,0,0,,CALLBACK_RETURN_SENTINEL_OK
p17_hit2_20260801_144528_12572,1140,1140,robotol.ext,3,3,1,0x30631D,0x30631D,0x80000,0x0,0x2B1868,0x0,2,0,1,0,stop_at_base,0,0,0,,CALLBACK_RETURN_SENTINEL_OK
p17_hit2_20260801_144528_12572,1141,1141,robotol.ext,3,3,1,0x30631D,0x30631D,0x80000,0x0,0x2B1868,0x0,2,0,1,0,stop_at_base,0,0,0,,CALLBACK_RETURN_SENTINEL_OK
p17_hit2_20260801_144528_12572,1142,1142,robotol.ext,3,3,1,0x30631D,0x30631D,0x80000,0x0,0x2B1868,0x0,2,0,1,0,stop_at_base,0,0,0,,CALLBACK_RETURN_SENTINEL_OK
p17_hit2_20260801_144528_12572,1143,1143,robotol.ext,3,3,1,0x30631D,0x30631D,0x80000,0x0,0x2B1868,0x0,2,0,1,0,stop_at_base,0,0,0,,CALLBACK_RETURN_SENTINEL_OK
p17_hit2_20260801_144528_12572,1144,1144,robotol.ext,3,3,1,0x30631D,0x30631D,0x80000,0x0,0x2B1868,0x0,2,0,1,0,stop_at_base,0,0,0,,CALLBACK_RETURN_SENTINEL_OK
p17_hit2_20260801_144528_12572,1145,1145,robotol.ext,3,3,1,0x30631D,0x30631D,0x80000,0x0,0x2B1868,0x0,2,0,1,0,stop_at_base,0,0,0,,CALLBACK_RETURN_SENTINEL_OK
p17_hit2_20260801_144528_12572,1146,1146,robotol.ext,3,3,1,0x30631D,0x30631D,0x80000,0x0,0x2B1868,0x0,2,0,1,0,stop_at_base,0,0,0,,CALLBACK_RETURN_SENTINEL_OK
p17_hit2_20260801_144528_12572,1147,1147,robotol.ext,3,3,1,0x30631D,0x30631D,0x80000,0x0,0x2B1868,0x0,2,0,1,0,stop_at_base,0,0,0,,CALLBACK_RETURN_SENTINEL_OK
p17_hit2_20260801_144528_12572,1148,1148,robotol.ext,3,3,1,0x30631D,0x30631D,0x80000,0x0,0x2B1868,0x0,2,0,1,0,stop_at_base,0,0,0,,CALLBACK_RETURN_SENTINEL_OK
p17_hit2_20260801_144528_12572,1149,1149,robotol.ext,3,3,1,0x30631D,0x30631D,0x80000,0x0,0x2B1868,0x0,2,0,1,0,stop_at_base,0,0,0,,CALLBACK_RETURN_SENTINEL_OK
p17_hit2_20260801_144528_12572,1150,1150,robotol.ext,3,3,1,0x30631D,0x30631D,0x80000,0x0,0x2B1868,0x0,2,0,1,0,stop_at_base,0,0,0,,CALLBACK_RETURN_SENTINEL_OK
p17_hit2_20260801_144528_12572,1151,1151,robotol.ext,3,3,1,0x30631D,0x30631D,0x80000,0x0,0x2B1868,0x0,2,0,1,0,stop_at_base,0,0,0,,CALLBACK_RETURN_SENTINEL_OK
p17_hit2_20260801_144528_12572,1152,1152,robotol.ext,3,3,1,0x30631D,0x30631D,0x80000,0x0,0x2B1868,0x0,2,0,1,0,stop_at_base,0,0,0,,CALLBACK_RETURN_SENTINEL_OK
p17_hit2_20260801_144528_12572,1153,1153,robotol.ext,3,3,1,0x30631D,0x30631D,0x80000,0x0,0x2B1868,0x0,2,0,1,0,stop_at_base,0,0,0,,CALLBACK_RETURN_SENTINEL_OK
p17_hit2_20260801_144528_12572,1154,1154,robotol.ext,3,3,1,0x30631D,0x30631D,0x80000,0x0,0x2B1868,0x0,2,0,1,0,stop_at_base,0,0,0,,CALLBACK_RETURN_SENTINEL_OK
p17_hit2_20260801_144528_12572,1155,1155,robotol.ext,3,3,1,0x30631D,0x30631D,0x80000,0x0,0x2B1868,0x0,2,0,1,0,stop_at_base,0,0,0,,CALLBACK_RETURN_SENTINEL_OK
p17_hit2_20260801_144528_12572,1156,1156,robotol.ext,3,3,1,0x30631D,0x30631D,0x80000,0x0,0x2B1868,0x0,2,0,1,0,stop_at_base,0,0,0,,CALLBACK_RETURN_SENTINEL_OK
p17_hit2_20260801_144528_12572,1157,1157,robotol.ext,3,3,1,0x30631D,0x30631D,0x80000,0x0,0x2B1868,0x0,2,0,1,0,stop_at_base,0,0,0,,CALLBACK_RETURN_SENTINEL_OK
p17_hit2_20260801_144528_12572,1158,1158,robotol.ext,3,3,1,0x30631D,0x30631D,0x80000,0x0,0x2B1868,0x0,2,0,1,0,stop_at_base,0,0,0,,CALLBACK_RETURN_SENTINEL_OK
p17_hit2_20260801_144528_12572,1159,1159,robotol.ext,3,3,1,0x30631D,0x30631D,0x80000,0x0,0x2B1868,0x0,2,0,1,0,stop_at_base,0,0,0,,CALLBACK_RETURN_SENTINEL_OK
p17_hit2_20260801_144528_12572,1160,1160,robotol.ext,3,3,1,0x30631D,0x30631D,0x80000,0x0,0x2B1868,0x0,2,0,1,0,stop_at_base,0,0,0,,CALLBACK_RETURN_SENTINEL_OK
p17_hit2_20260801_144528_12572,1161,1161,robotol.ext,3,3,1,0x30631D,0x30631D,0x80000,0x0,0x2B1868,0x0,2,0,1,0,stop_at_base,0,0,0,,CALLBACK_RETURN_SENTINEL_OK
p17_hit2_20260801_144528_12572,1162,1162,robotol.ext,3,3,1,0x30631D,0x30631D,0x80000,0x0,0x2B1868,0x0,2,0,1,0,stop_at_base,0,0,0,,CALLBACK_RETURN_SENTINEL_OK
p17_hit2_20260801_144528_12572,1163,1163,robotol.ext,3,3,1,0x30631D,0x30631D,0x80000,0x0,0x2B1868,0x0,2,0,1,0,stop_at_base,0,0,0,,CALLBACK_RETURN_SENTINEL_OK
p17_hit2_20260801_144528_12572,1164,1164,robotol.ext,3,3,1,0x30631D,0x30631D,0x80000,0x0,0x2B1868,0x0,2,0,1,0,stop_at_base,0,0,0,,CALLBACK_RETURN_SENTINEL_OK
p17_hit2_20260801_144528_12572,1165,1165,robotol.ext,3,3,1,0x30631D,0x30631D,0x80000,0x0,0x2B1868,0x0,2,0,1,0,stop_at_base,0,0,0,,CALLBACK_RETURN_SENTINEL_OK
p17_hit2_20260801_144528_12572,1166,1166,robotol.ext,3,3,1,0x30631D,0x30631D,0x80000,0x0,0x2B1868,0x0,2,0,1,0,stop_at_base,0,0,0,,CALLBACK_RETURN_SENTINEL_OK
p17_hit2_20260801_144528_12572,1167,1167,robotol.ext,3,3,1,0x30631D,0x30631D,0x80000,0x0,0x2B1868,0x0,2,0,1,0,stop_at_base,0,0,0,,CALLBACK_RETURN_SENTINEL_OK
p17_hit2_20260801_144528_12572,1168,1168,robotol.ext,3,3,1,0x30631D,0x30631D,0x80000,0x0,0x2B1868,0x0,2,0,1,0,stop_at_base,0,0,0,,CALLBACK_RETURN_SENTINEL_OK
p17_hit2_20260801_144528_12572,1169,1169,robotol.ext,3,3,1,0x30631D,0x30631D,0x80000,0x0,0x2B1868,0x0,2,0,1,0,stop_at_base,0,0,0,,CALLBACK_RETURN_SENTINEL_OK
p17_hit2_20260801_144528_12572,1170,1170,robotol.ext,3,3,1,0x30631D,0x30631D,0x80000,0x0,0x2B1868,0x0,2,0,1,0,stop_at_base,0,0,0,,CALLBACK_RETURN_SENTINEL_OK
p17_hit2_20260801_144528_12572,1171,1171,robotol.ext,3,3,1,0x30631D,0x30631D,0x80000,0x0,0x2B1868,0x0,2,0,1,0,stop_at_base,0,0,0,,CALLBACK_RETURN_SENTINEL_OK
p17_hit2_20260801_144528_12572,1172,1172,robotol.ext,3,3,1,0x30631D,0x30631D,0x80000,0x0,0x2B1868,0x0,2,0,1,0,stop_at_base,0,0,0,,CALLBACK_RETURN_SENTINEL_OK
p17_hit2_20260801_144528_12572,1173,1173,robotol.ext,3,3,1,0x30631D,0x30631D,0x80000,0x0,0x2B1868,0x0,2,0,1,0,stop_at_base,0,0,0,,CALLBACK_RETURN_SENTINEL_OK
p17_hit2_20260801_144528_12572,1174,1174,robotol.ext,3,3,1,0x30631D,0x30631D,0x80000,0x0,0x2B1868,0x0,2,0,1,0,stop_at_base,0,0,0,,CALLBACK_RETURN_SENTINEL_OK
p17_hit2_20260801_144528_12572,1175,1175,robotol.ext,3,3,1,0x30631D,0x30631D,0x80000,0x0,0x2B1868,0x0,2,0,1,0,stop_at_base,0,0,0,,CALLBACK_RETURN_SENTINEL_OK
p17_hit2_20260801_144528_12572,1176,1176,robotol.ext,3,3,1,0x30631D,0x30631D,0x80000,0x0,0x2B1868,0x0,2,0,1,0,stop_at_base,0,0,0,,CALLBACK_RETURN_SENTINEL_OK
p17_hit2_20260801_144528_12572,1177,1177,robotol.ext,3,3,1,0x30631D,0x30631D,0x80000,0x0,0x2B1868,0x0,2,0,1,0,stop_at_base,0,0,0,,CALLBACK_RETURN_SENTINEL_OK
p17_hit2_20260801_144528_12572,1178,1178,robotol.ext,3,3,1,0x30631D,0x30631D,0x80000,0x0,0x2B1868,0x0,2,0,1,0,stop_at_base,0,0,0,,CALLBACK_RETURN_SENTINEL_OK
p17_hit2_20260801_144528_12572,1179,1179,robotol.ext,3,3,1,0x30631D,0x30631D,0x80000,0x0,0x2B1868,0x0,2,0,1,0,stop_at_base,0,0,0,,CALLBACK_RETURN_SENTINEL_OK
p17_hit2_20260801_144528_12572,1180,1180,robotol.ext,3,3,1,0x30631D,0x30631D,0x80000,0x0,0x2B1868,0x0,2,0,1,0,stop_at_base,0,0,0,,CALLBACK_RETURN_SENTINEL_OK
p17_hit2_20260801_144528_12572,1181,1181,robotol.ext,3,3,1,0x30631D,0x30631D,0x80000,0x0,0x2B1868,0x0,2,0,1,0,stop_at_base,0,0,0,,CALLBACK_RETURN_SENTINEL_OK
p17_hit2_20260801_144528_12572,1182,1182,robotol.ext,3,3,1,0x30631D,0x30631D,0x80000,0x0,0x2B1868,0x0,2,0,1,0,stop_at_base,0,0,0,,CALLBACK_RETURN_SENTINEL_OK
p17_hit2_20260801_144528_12572,1183,1183,robotol.ext,3,3,1,0x30631D,0x30631D,0x80000,0x0,0x2B1868,0x0,2,0,1,0,stop_at_base,0,0,0,,CALLBACK_RETURN_SENTINEL_OK
p17_hit2_20260801_144528_12572,1184,1184,robotol.ext,3,3,1,0x30631D,0x30631D,0x80000,0x0,0x2B1868,0x0,2,0,1,0,stop_at_base,0,0,0,,CALLBACK_RETURN_SENTINEL_OK
p17_hit2_20260801_144528_12572,1185,1185,robotol.ext,3,3,1,0x30631D,0x30631D,0x80000,0x0,0x2B1868,0x0,2,0,1,0,stop_at_base,0,0,0,,CALLBACK_RETURN_SENTINEL_OK
p17_hit2_20260801_144528_12572,1186,1186,robotol.ext,3,3,1,0x30631D,0x30631D,0x80000,0x0,0x2B1868,0x0,2,0,1,0,stop_at_base,0,0,0,,CALLBACK_RETURN_SENTINEL_OK
p17_hit2_20260801_144528_12572,1187,1187,robotol.ext,3,3,1,0x30631D,0x30631D,0x80000,0x0,0x2B1868,0x0,2,0,1,0,stop_at_base,0,0,0,,CALLBACK_RETURN_SENTINEL_OK
p17_hit2_20260801_144528_12572,1188,1188,robotol.ext,3,3,1,0x30631D,0x30631D,0x80000,0x0,0x2B1868,0x0,2,0,1,0,stop_at_base,0,0,0,,CALLBACK_RETURN_SENTINEL_OK
p17_hit2_20260801_144528_12572,1189,1189,robotol.ext,3,3,1,0x30631D,0x30631D,0x80000,0x0,0x2B1868,0x0,2,0,1,0,stop_at_base,0,0,0,,CALLBACK_RETURN_SENTINEL_OK
p17_hit2_20260801_144528_12572,1190,1190,robotol.ext,3,3,1,0x30631D,0x30631D,0x80000,0x0,0x2B1868,0x0,2,0,1,0,stop_at_base,0,0,0,,CALLBACK_RETURN_SENTINEL_OK
p17_hit2_20260801_144528_12572,1191,1191,robotol.ext,3,3,1,0x30631D,0x30631D,0x80000,0x0,0x2B1868,0x0,2,0,1,0,stop_at_base,0,0,0,,CALLBACK_RETURN_SENTINEL_OK
p17_hit2_20260801_144528_12572,1192,1192,robotol.ext,3,3,1,0x30631D,0x30631D,0x80000,0x0,0x2B1868,0x0,2,0,1,0,stop_at_base,0,0,0,,CALLBACK_RETURN_SENTINEL_OK
p17_hit2_20260801_144528_12572,1193,1193,robotol.ext,3,3,1,0x30631D,0x30631D,0x80000,0x0,0x2B1868,0x0,2,0,1,0,stop_at_base,0,0,0,,CALLBACK_RETURN_SENTINEL_OK
p17_hit2_20260801_144528_12572,1194,1194,robotol.ext,3,3,1,0x30631D,0x30631D,0x80000,0x0,0x2B1868,0x0,2,0,1,0,stop_at_base,0,0,0,,CALLBACK_RETURN_SENTINEL_OK
p17_hit2_20260801_144528_12572,1195,1195,robotol.ext,3,3,1,0x30631D,0x30631D,0x80000,0x0,0x2B1868,0x0,2,0,1,0,stop_at_base,0,0,0,,CALLBACK_RETURN_SENTINEL_OK
p17_hit2_20260801_144528_12572,1196,1196,robotol.ext,3,3,1,0x30631D,0x30631D,0x80000,0x0,0x2B1868,0x0,2,0,1,0,stop_at_base,0,0,0,,CALLBACK_RETURN_SENTINEL_OK
p17_hit2_20260801_144528_12572,1197,1197,robotol.ext,3,3,1,0x30631D,0x30631D,0x80000,0x0,0x2B1868,0x0,2,0,1,0,stop_at_base,0,0,0,,CALLBACK_RETURN_SENTINEL_OK
p17_hit2_20260801_144528_12572,1198,1198,robotol.ext,3,3,1,0x30631D,0x30631D,0x80000,0x0,0x2B1868,0x0,2,0,1,0,stop_at_base,0,0,0,,CALLBACK_RETURN_SENTINEL_OK
p17_hit2_20260801_144528_12572,1199,1199,robotol.ext,3,3,1,0x30631D,0x30631D,0x80000,0x0,0x2B1868,0x0,2,0,1,0,stop_at_base,0,0,0,,CALLBACK_RETURN_SENTINEL_OK
p17_hit2_20260801_144528_12572,1200,1200,robotol.ext,3,3,1,0x30631D,0x30631D,0x80000,0x0,0x2B1868,0x0,2,0,1,0,stop_at_base,0,0,0,,CALLBACK_RETURN_SENTINEL_OK
p17_hit2_20260801_144528_12572,1201,1201,robotol.ext,3,3,1,0x30631D,0x30631D,0x80000,0x0,0x2B1868,0x0,2,0,1,0,stop_at_base,0,0,0,,CALLBACK_RETURN_SENTINEL_OK
p17_hit2_20260801_144528_12572,1202,1202,robotol.ext,3,3,1,0x30631D,0x30631D,0x80000,0x0,0x2B1868,0x0,2,0,1,0,stop_at_base,0,0,0,,CALLBACK_RETURN_SENTINEL_OK
p17_hit2_20260801_144528_12572,1203,1203,robotol.ext,3,3,1,0x30631D,0x30631D,0x80000,0x0,0x2B1868,0x0,2,0,1,0,stop_at_base,0,0,0,,CALLBACK_RETURN_SENTINEL_OK
p17_hit2_20260801_144528_12572,1204,1204,robotol.ext,3,3,1,0x30631D,0x30631D,0x80000,0x0,0x2B1868,0x0,2,0,1,0,stop_at_base,0,0,0,,CALLBACK_RETURN_SENTINEL_OK
p17_hit2_20260801_144528_12572,1205,1205,robotol.ext,3,3,1,0x30631D,0x30631D,0x80000,0x0,0x2B1868,0x0,2,0,1,0,stop_at_base,0,0,0,,CALLBACK_RETURN_SENTINEL_OK
p17_hit2_20260801_144528_12572,1206,1206,robotol.ext,3,3,1,0x30631D,0x30631D,0x80000,0x0,0x2B1868,0x0,2,0,1,0,stop_at_base,0,0,0,,CALLBACK_RETURN_SENTINEL_OK
p17_hit2_20260801_144528_12572,1207,1207,robotol.ext,3,3,1,0x30631D,0x30631D,0x80000,0x0,0x2B1868,0x0,2,0,1,0,stop_at_base,0,0,0,,CALLBACK_RETURN_SENTINEL_OK
p17_hit2_20260801_144528_12572,1208,1208,robotol.ext,3,3,1,0x30631D,0x30631D,0x80000,0x0,0x2B1868,0x0,2,0,1,0,stop_at_base,0,0,0,,CALLBACK_RETURN_SENTINEL_OK
p17_hit2_20260801_144528_12572,1209,1209,robotol.ext,3,3,1,0x30631D,0x30631D,0x80000,0x0,0x2B1868,0x0,2,0,1,0,stop_at_base,0,0,0,,CALLBACK_RETURN_SENTINEL_OK
p17_hit2_20260801_144528_12572,1210,1210,robotol.ext,3,3,1,0x30631D,0x30631D,0x80000,0x0,0x2B1868,0x0,2,0,1,0,stop_at_base,0,0,0,,CALLBACK_RETURN_SENTINEL_OK
p17_hit2_20260801_144528_12572,1211,1211,robotol.ext,3,3,1,0x30631D,0x30631D,0x80000,0x0,0x2B1868,0x0,2,0,1,0,stop_at_base,0,0,0,,CALLBACK_RETURN_SENTINEL_OK
p17_hit2_20260801_144528_12572,1212,1212,robotol.ext,3,3,1,0x30631D,0x30631D,0x80000,0x0,0x2B1868,0x0,2,0,1,0,stop_at_base,0,0,0,,CALLBACK_RETURN_SENTINEL_OK
p17_hit2_20260801_144528_12572,1213,1213,robotol.ext,3,3,1,0x30631D,0x30631D,0x80000,0x0,0x2B1868,0x0,2,0,1,0,stop_at_base,0,0,0,,CALLBACK_RETURN_SENTINEL_OK
p17_hit2_20260801_144528_12572,1214,1214,robotol.ext,3,3,1,0x30631D,0x30631D,0x80000,0x0,0x2B1868,0x0,2,0,1,0,stop_at_base,0,0,0,,CALLBACK_RETURN_SENTINEL_OK
p17_hit2_20260801_144528_12572,1215,1215,robotol.ext,3,3,1,0x30631D,0x30631D,0x80000,0x0,0x2B1868,0x0,2,0,1,0,stop_at_base,0,0,0,,CALLBACK_RETURN_SENTINEL_OK
p17_hit2_20260801_144528_12572,1216,1216,robotol.ext,3,3,1,0x30631D,0x30631D,0x80000,0x0,0x2B1868,0x0,2,0,1,0,stop_at_base,0,0,0,,CALLBACK_RETURN_SENTINEL_OK
p17_hit2_20260801_144528_12572,1217,1217,robotol.ext,3,3,1,0x30631D,0x30631D,0x80000,0x0,0x2B1868,0x0,2,0,1,0,stop_at_base,0,0,0,,CALLBACK_RETURN_SENTINEL_OK
p17_hit2_20260801_144528_12572,1218,1218,robotol.ext,3,3,1,0x30631D,0x30631D,0x80000,0x0,0x2B1868,0x0,2,0,1,0,stop_at_base,0,0,0,,CALLBACK_RETURN_SENTINEL_OK
p17_hit2_20260801_144528_12572,1219,1219,robotol.ext,3,3,1,0x30631D,0x30631D,0x80000,0x0,0x2B1868,0x0,2,0,1,0,stop_at_base,0,0,0,,CALLBACK_RETURN_SENTINEL_OK
p17_hit2_20260801_144528_12572,1220,1220,robotol.ext,3,3,1,0x30631D,0x30631D,0x80000,0x0,0x2B1868,0x0,2,0,1,0,stop_at_base,0,0,0,,CALLBACK_RETURN_SENTINEL_OK
p17_hit2_20260801_144528_12572,1221,1221,robotol.ext,3,3,1,0x30631D,0x30631D,0x80000,0x0,0x2B1868,0x0,2,0,1,0,stop_at_base,0,0,0,,CALLBACK_RETURN_SENTINEL_OK
p17_hit2_20260801_144528_12572,1222,1222,robotol.ext,3,3,1,0x30631D,0x30631D,0x80000,0x0,0x2B1868,0x0,2,0,1,0,stop_at_base,0,0,0,,CALLBACK_RETURN_SENTINEL_OK
p17_hit2_20260801_144528_12572,1223,1223,robotol.ext,3,3,1,0x30631D,0x30631D,0x80000,0x0,0x2B1868,0x0,2,0,1,0,stop_at_base,0,0,0,,CALLBACK_RETURN_SENTINEL_OK
p17_hit2_20260801_144528_12572,1224,1224,robotol.ext,3,3,1,0x30631D,0x30631D,0x80000,0x0,0x2B1868,0x0,2,0,1,0,stop_at_base,0,0,0,,CALLBACK_RETURN_SENTINEL_OK
p17_hit2_20260801_144528_12572,1225,1225,robotol.ext,3,3,1,0x30631D,0x30631D,0x80000,0x0,0x2B1868,0x0,2,0,1,0,stop_at_base,0,0,0,,CALLBACK_RETURN_SENTINEL_OK
p17_hit2_20260801_144528_12572,1226,1226,robotol.ext,3,3,1,0x30631D,0x30631D,0x80000,0x0,0x2B1868,0x0,2,0,1,0,stop_at_base,0,0,0,,CALLBACK_RETURN_SENTINEL_OK
p17_hit2_20260801_144528_12572,1227,1227,robotol.ext,3,3,1,0x30631D,0x30631D,0x80000,0x0,0x2B1868,0x0,2,0,1,0,stop_at_base,0,0,0,,CALLBACK_RETURN_SENTINEL_OK
p17_hit2_20260801_144528_12572,1228,1228,robotol.ext,3,3,1,0x30631D,0x30631D,0x80000,0x0,0x2B1868,0x0,2,0,1,0,stop_at_base,0,0,0,,CALLBACK_RETURN_SENTINEL_OK
p17_hit2_20260801_144528_12572,1229,1229,robotol.ext,3,3,1,0x30631D,0x30631D,0x80000,0x0,0x2B1868,0x0,2,0,1,0,stop_at_base,0,0,0,,CALLBACK_RETURN_SENTINEL_OK
p17_hit2_20260801_144528_12572,1230,1230,robotol.ext,3,3,1,0x30631D,0x30631D,0x80000,0x0,0x2B1868,0x0,2,0,1,0,stop_at_base,0,0,0,,CALLBACK_RETURN_SENTINEL_OK
p17_hit2_20260801_144528_12572,1231,1231,robotol.ext,3,3,1,0x30631D,0x30631D,0x80000,0x0,0x2B1868,0x0,2,0,1,0,stop_at_base,0,0,0,,CALLBACK_RETURN_SENTINEL_OK
p17_hit2_20260801_144528_12572,1232,1232,robotol.ext,3,3,1,0x30631D,0x30631D,0x80000,0x0,0x2B1868,0x0,2,0,1,0,stop_at_base,0,0,0,,CALLBACK_RETURN_SENTINEL_OK
p17_hit2_20260801_144528_12572,1233,1233,robotol.ext,3,3,1,0x30631D,0x30631D,0x80000,0x0,0x2B1868,0x0,2,0,1,0,stop_at_base,0,0,0,,CALLBACK_RETURN_SENTINEL_OK
p17_hit2_20260801_144528_12572,1234,1234,robotol.ext,3,3,1,0x30631D,0x30631D,0x80000,0x0,0x2B1868,0x0,2,0,1,0,stop_at_base,0,0,0,,CALLBACK_RETURN_SENTINEL_OK
p17_hit2_20260801_144528_12572,1235,1235,robotol.ext,3,3,1,0x30631D,0x30631D,0x80000,0x0,0x2B1868,0x0,2,0,1,0,stop_at_base,0,0,0,,CALLBACK_RETURN_SENTINEL_OK
p17_hit2_20260801_144528_12572,1236,1236,robotol.ext,3,3,1,0x30631D,0x30631D,0x80000,0x0,0x2B1868,0x0,2,0,1,0,stop_at_base,0,0,0,,CALLBACK_RETURN_SENTINEL_OK
p17_hit2_20260801_144528_12572,1237,1237,robotol.ext,3,3,1,0x30631D,0x30631D,0x80000,0x0,0x2B1868,0x0,2,0,1,0,stop_at_base,0,0,0,,CALLBACK_RETURN_SENTINEL_OK
p17_hit2_20260801_144528_12572,1238,1238,robotol.ext,3,3,1,0x30631D,0x30631D,0x80000,0x0,0x2B1868,0x0,2,0,1,0,stop_at_base,0,0,0,,CALLBACK_RETURN_SENTINEL_OK
p17_hit2_20260801_144528_12572,1239,1239,robotol.ext,3,3,1,0x30631D,0x30631D,0x80000,0x0,0x2B1868,0x0,2,0,1,0,stop_at_base,0,0,0,,CALLBACK_RETURN_SENTINEL_OK
p17_hit2_20260801_144528_12572,1240,1240,robotol.ext,3,3,1,0x30631D,0x30631D,0x80000,0x0,0x2B1868,0x0,2,0,1,0,stop_at_base,0,0,0,,CALLBACK_RETURN_SENTINEL_OK
p17_hit2_20260801_144528_12572,1241,1241,robotol.ext,3,3,1,0x30631D,0x30631D,0x80000,0x0,0x2B1868,0x0,2,0,1,0,stop_at_base,0,0,0,,CALLBACK_RETURN_SENTINEL_OK
p17_hit2_20260801_144528_12572,1242,1242,robotol.ext,3,3,1,0x30631D,0x30631D,0x80000,0x0,0x2B1868,0x0,2,0,1,0,stop_at_base,0,0,0,,CALLBACK_RETURN_SENTINEL_OK
p17_hit2_20260801_144528_12572,1243,1243,robotol.ext,3,3,1,0x30631D,0x30631D,0x80000,0x0,0x2B1868,0x0,2,0,1,0,stop_at_base,0,0,0,,CALLBACK_RETURN_SENTINEL_OK
p17_hit2_20260801_144528_12572,1244,1244,robotol.ext,3,3,1,0x30631D,0x30631D,0x80000,0x0,0x2B1868,0x0,2,0,1,0,stop_at_base,0,0,0,,CALLBACK_RETURN_SENTINEL_OK
p17_hit2_20260801_144528_12572,1245,1245,robotol.ext,3,3,1,0x30631D,0x30631D,0x80000,0x0,0x2B1868,0x0,2,0,1,0,stop_at_base,0,0,0,,CALLBACK_RETURN_SENTINEL_OK
p17_hit2_20260801_144528_12572,1246,1246,robotol.ext,3,3,1,0x30631D,0x30631D,0x80000,0x0,0x2B1868,0x0,2,0,1,0,stop_at_base,0,0,0,,CALLBACK_RETURN_SENTINEL_OK
p17_hit2_20260801_144528_12572,1247,1247,robotol.ext,3,3,1,0x30631D,0x30631D,0x80000,0x0,0x2B1868,0x0,2,0,1,0,stop_at_base,0,0,0,,CALLBACK_RETURN_SENTINEL_OK
p17_hit2_20260801_144528_12572,1248,1248,robotol.ext,3,3,1,0x30631D,0x30631D,0x80000,0x0,0x2B1868,0x0,2,0,1,0,stop_at_base,0,0,0,,CALLBACK_RETURN_SENTINEL_OK
p17_hit2_20260801_144528_12572,1249,1249,robotol.ext,3,3,1,0x30631D,0x30631D,0x80000,0x0,0x2B1868,0x0,2,0,1,0,stop_at_base,0,0,0,,CALLBACK_RETURN_SENTINEL_OK
p17_hit2_20260801_144528_12572,1250,1250,robotol.ext,3,3,1,0x30631D,0x30631D,0x80000,0x0,0x2B1868,0x0,2,0,1,0,stop_at_base,0,0,0,,CALLBACK_RETURN_SENTINEL_OK
p17_hit2_20260801_144528_12572,1251,1251,robotol.ext,3,3,1,0x30631D,0x30631D,0x80000,0x0,0x2B1868,0x0,2,0,1,0,stop_at_base,0,0,0,,CALLBACK_RETURN_SENTINEL_OK
p17_hit2_20260801_144528_12572,1252,1252,robotol.ext,3,3,1,0x30631D,0x30631D,0x80000,0x0,0x2B1868,0x0,2,0,1,0,stop_at_base,0,0,0,,CALLBACK_RETURN_SENTINEL_OK
p17_hit2_20260801_144528_12572,1253,1253,robotol.ext,3,3,1,0x30631D,0x30631D,0x80000,0x0,0x2B1868,0x0,2,0,1,0,stop_at_base,0,0,0,,CALLBACK_RETURN_SENTINEL_OK
p17_hit2_20260801_144528_12572,1254,1254,robotol.ext,3,3,1,0x30631D,0x30631D,0x80000,0x0,0x2B1868,0x0,2,0,1,0,stop_at_base,0,0,0,,CALLBACK_RETURN_SENTINEL_OK
p17_hit2_20260801_144528_12572,1255,1255,robotol.ext,3,3,1,0x30631D,0x30631D,0x80000,0x0,0x2B1868,0x0,2,0,1,0,stop_at_base,0,0,0,,CALLBACK_RETURN_SENTINEL_OK
p17_hit2_20260801_144528_12572,1256,1256,robotol.ext,3,3,1,0x30631D,0x30631D,0x80000,0x0,0x2B1868,0x0,2,0,1,0,stop_at_base,0,0,0,,CALLBACK_RETURN_SENTINEL_OK
p17_hit2_20260801_144528_12572,1257,1257,robotol.ext,3,3,1,0x30631D,0x30631D,0x80000,0x0,0x2B1868,0x0,2,0,1,0,stop_at_base,0,0,0,,CALLBACK_RETURN_SENTINEL_OK
p17_hit2_20260801_144528_12572,1258,1258,robotol.ext,3,3,1,0x30631D,0x30631D,0x80000,0x0,0x2B1868,0x0,2,0,1,0,stop_at_base,0,0,0,,CALLBACK_RETURN_SENTINEL_OK
p17_hit2_20260801_144528_12572,1259,1259,robotol.ext,3,3,1,0x30631D,0x30631D,0x80000,0x0,0x2B1868,0x0,2,0,1,0,stop_at_base,0,0,0,,CALLBACK_RETURN_SENTINEL_OK
p17_hit2_20260801_144528_12572,1260,1260,robotol.ext,3,3,1,0x30631D,0x30631D,0x80000,0x0,0x2B1868,0x0,2,0,1,0,stop_at_base,0,0,0,,CALLBACK_RETURN_SENTINEL_OK
p17_hit2_20260801_144528_12572,1261,1261,robotol.ext,3,3,1,0x30631D,0x30631D,0x80000,0x0,0x2B1868,0x0,2,0,1,0,stop_at_base,0,0,0,,CALLBACK_RETURN_SENTINEL_OK
p17_hit2_20260801_144528_12572,1262,1262,robotol.ext,3,3,1,0x30631D,0x30631D,0x80000,0x0,0x2B1868,0x0,2,0,1,0,stop_at_base,0,0,0,,CALLBACK_RETURN_SENTINEL_OK
p17_hit2_20260801_144528_12572,1263,1263,robotol.ext,3,3,1,0x30631D,0x30631D,0x80000,0x0,0x2B1868,0x0,2,0,1,0,stop_at_base,0,0,0,,CALLBACK_RETURN_SENTINEL_OK
p17_hit2_20260801_144528_12572,1264,1264,robotol.ext,3,3,1,0x30631D,0x30631D,0x80000,0x0,0x2B1868,0x0,2,0,1,0,stop_at_base,0,0,0,,CALLBACK_RETURN_SENTINEL_OK
p17_hit2_20260801_144528_12572,1265,1265,robotol.ext,3,3,1,0x30631D,0x30631D,0x80000,0x0,0x2B1868,0x0,2,0,1,0,stop_at_base,0,0,0,,CALLBACK_RETURN_SENTINEL_OK
p17_hit2_20260801_144528_12572,1266,1266,robotol.ext,3,3,1,0x30631D,0x30631D,0x80000,0x0,0x2B1868,0x0,2,0,1,0,stop_at_base,0,0,0,,CALLBACK_RETURN_SENTINEL_OK
p17_hit2_20260801_144528_12572,1267,1267,robotol.ext,3,3,1,0x30631D,0x30631D,0x80000,0x0,0x2B1868,0x0,2,0,1,0,stop_at_base,0,0,0,,CALLBACK_RETURN_SENTINEL_OK
p17_hit2_20260801_144528_12572,1268,1268,robotol.ext,3,3,1,0x30631D,0x30631D,0x80000,0x0,0x2B1868,0x0,2,0,1,0,stop_at_base,0,0,0,,CALLBACK_RETURN_SENTINEL_OK
p17_hit2_20260801_144528_12572,1269,1269,robotol.ext,3,3,1,0x30631D,0x30631D,0x80000,0x0,0x2B1868,0x0,2,0,1,0,stop_at_base,0,0,0,,CALLBACK_RETURN_SENTINEL_OK
p17_hit2_20260801_144528_12572,1270,1270,robotol.ext,3,3,1,0x30631D,0x30631D,0x80000,0x0,0x2B1868,0x0,2,0,1,0,stop_at_base,0,0,0,,CALLBACK_RETURN_SENTINEL_OK
p17_hit2_20260801_144528_12572,1271,1271,robotol.ext,3,3,1,0x30631D,0x30631D,0x80000,0x0,0x2B1868,0x0,2,0,1,0,stop_at_base,0,0,0,,CALLBACK_RETURN_SENTINEL_OK
p17_hit2_20260801_144528_12572,1272,1272,robotol.ext,3,3,1,0x30631D,0x30631D,0x80000,0x0,0x2B1868,0x0,2,0,1,0,stop_at_base,0,0,0,,CALLBACK_RETURN_SENTINEL_OK
p17_hit2_20260801_144528_12572,1273,1273,robotol.ext,3,3,1,0x30631D,0x30631D,0x80000,0x0,0x2B1868,0x0,2,0,1,0,stop_at_base,0,0,0,,CALLBACK_RETURN_SENTINEL_OK
p17_hit2_20260801_144528_12572,1274,1274,robotol.ext,3,3,1,0x30631D,0x30631D,0x80000,0x0,0x2B1868,0x0,2,0,1,0,stop_at_base,0,0,0,,CALLBACK_RETURN_SENTINEL_OK
p17_hit2_20260801_144528_12572,1275,1275,robotol.ext,3,3,1,0x30631D,0x30631D,0x80000,0x0,0x2B1868,0x0,2,0,1,0,stop_at_base,0,0,0,,CALLBACK_RETURN_SENTINEL_OK
p17_hit2_20260801_144528_12572,1276,1276,robotol.ext,3,3,1,0x30631D,0x30631D,0x80000,0x0,0x2B1868,0x0,2,0,1,0,stop_at_base,0,0,0,,CALLBACK_RETURN_SENTINEL_OK
p17_hit2_20260801_144528_12572,1277,1277,robotol.ext,3,3,1,0x30631D,0x30631D,0x80000,0x0,0x2B1868,0x0,2,0,1,0,stop_at_base,0,0,0,,CALLBACK_RETURN_SENTINEL_OK
p17_hit2_20260801_144528_12572,1278,1278,robotol.ext,3,3,1,0x30631D,0x30631D,0x80000,0x0,0x2B1868,0x0,2,0,1,0,stop_at_base,0,0,0,,CALLBACK_RETURN_SENTINEL_OK
p17_hit2_20260801_144528_12572,1279,1279,robotol.ext,3,3,1,0x30631D,0x30631D,0x80000,0x0,0x2B1868,0x0,2,0,1,0,stop_at_base,0,0,0,,CALLBACK_RETURN_SENTINEL_OK
p17_hit2_20260801_144528_12572,1280,1280,robotol.ext,3,3,1,0x30631D,0x30631D,0x80000,0x0,0x2B1868,0x0,2,0,1,0,stop_at_base,0,0,0,,CALLBACK_RETURN_SENTINEL_OK
p17_hit2_20260801_144528_12572,1281,1281,robotol.ext,3,3,1,0x30631D,0x30631D,0x80000,0x0,0x2B1868,0x0,2,0,1,0,stop_at_base,0,0,0,,CALLBACK_RETURN_SENTINEL_OK
p17_hit2_20260801_144528_12572,1282,1282,robotol.ext,3,3,1,0x30631D,0x30631D,0x80000,0x0,0x2B1868,0x0,2,0,1,0,stop_at_base,0,0,0,,CALLBACK_RETURN_SENTINEL_OK
p17_hit2_20260801_144528_12572,1283,1283,robotol.ext,3,3,1,0x30631D,0x30631D,0x80000,0x0,0x2B1868,0x0,2,0,1,0,stop_at_base,0,0,0,,CALLBACK_RETURN_SENTINEL_OK
p17_hit2_20260801_144528_12572,1284,1284,robotol.ext,3,3,1,0x30631D,0x30631D,0x80000,0x0,0x2B1868,0x0,2,0,1,0,stop_at_base,0,0,0,,CALLBACK_RETURN_SENTINEL_OK
p17_hit2_20260801_144528_12572,1285,1285,robotol.ext,3,3,1,0x30631D,0x30631D,0x80000,0x0,0x2B1868,0x0,2,0,1,0,stop_at_base,0,0,0,,CALLBACK_RETURN_SENTINEL_OK
p17_hit2_20260801_144528_12572,1286,1286,robotol.ext,3,3,1,0x30631D,0x30631D,0x80000,0x0,0x2B1868,0x0,2,0,1,0,stop_at_base,0,0,0,,CALLBACK_RETURN_SENTINEL_OK
p17_hit2_20260801_144528_12572,1287,1287,robotol.ext,3,3,1,0x30631D,0x30631D,0x80000,0x0,0x2B1868,0x0,2,0,1,0,stop_at_base,0,0,0,,CALLBACK_RETURN_SENTINEL_OK
p17_hit2_20260801_144528_12572,1288,1288,robotol.ext,3,3,1,0x30631D,0x30631D,0x80000,0x0,0x2B1868,0x0,2,0,1,0,stop_at_base,0,0,0,,CALLBACK_RETURN_SENTINEL_OK
p17_hit2_20260801_144528_12572,1289,1289,robotol.ext,3,3,1,0x30631D,0x30631D,0x80000,0x0,0x2B1868,0x0,2,0,1,0,stop_at_base,0,0,0,,CALLBACK_RETURN_SENTINEL_OK
p17_hit2_20260801_144528_12572,1290,1290,robotol.ext,3,3,1,0x30631D,0x30631D,0x80000,0x0,0x2B1868,0x0,2,0,1,0,stop_at_base,0,0,0,,CALLBACK_RETURN_SENTINEL_OK
p17_hit2_20260801_144528_12572,1291,1291,robotol.ext,3,3,1,0x30631D,0x30631D,0x80000,0x0,0x2B1868,0x0,2,0,1,0,stop_at_base,0,0,0,,CALLBACK_RETURN_SENTINEL_OK
p17_hit2_20260801_144528_12572,1292,1292,robotol.ext,3,3,1,0x30631D,0x30631D,0x80000,0x0,0x2B1868,0x0,2,0,1,0,stop_at_base,0,0,0,,CALLBACK_RETURN_SENTINEL_OK
p17_hit2_20260801_144528_12572,1293,1293,robotol.ext,3,3,1,0x30631D,0x30631D,0x80000,0x0,0x2B1868,0x0,2,0,1,0,stop_at_base,0,0,0,,CALLBACK_RETURN_SENTINEL_OK
p17_hit2_20260801_144528_12572,1294,1294,robotol.ext,3,3,1,0x30631D,0x30631D,0x80000,0x0,0x2B1868,0x0,2,0,1,0,stop_at_base,0,0,0,,CALLBACK_RETURN_SENTINEL_OK
p17_hit2_20260801_144528_12572,1295,1295,robotol.ext,3,3,1,0x30631D,0x30631D,0x80000,0x0,0x2B1868,0x0,2,0,1,0,stop_at_base,0,0,0,,CALLBACK_RETURN_SENTINEL_OK
p17_hit2_20260801_144528_12572,1296,1296,robotol.ext,3,3,1,0x30631D,0x30631D,0x80000,0x0,0x2B1868,0x0,2,0,1,0,stop_at_base,0,0,0,,CALLBACK_RETURN_SENTINEL_OK
p17_hit2_20260801_144528_12572,1297,1297,robotol.ext,3,3,1,0x30631D,0x30631D,0x80000,0x0,0x2B1868,0x0,2,0,1,0,stop_at_base,0,0,0,,CALLBACK_RETURN_SENTINEL_OK
p17_hit2_20260801_144528_12572,1298,1298,robotol.ext,3,3,1,0x30631D,0x30631D,0x80000,0x0,0x2B1868,0x0,2,0,1,0,stop_at_base,0,0,0,,CALLBACK_RETURN_SENTINEL_OK
p17_hit2_20260801_144528_12572,1299,1299,robotol.ext,3,3,1,0x30631D,0x30631D,0x80000,0x0,0x2B1868,0x0,2,0,1,0,stop_at_base,0,0,0,,CALLBACK_RETURN_SENTINEL_OK
p17_hit2_20260801_144528_12572,1300,1300,robotol.ext,3,3,1,0x30631D,0x30631D,0x80000,0x0,0x2B1868,0x0,2,0,1,0,stop_at_base,0,0,0,,CALLBACK_RETURN_SENTINEL_OK
p17_hit2_20260801_144528_12572,1301,1301,robotol.ext,3,3,1,0x30631D,0x30631D,0x80000,0x0,0x2B1868,0x0,2,0,1,0,stop_at_base,0,0,0,,CALLBACK_RETURN_SENTINEL_OK
p17_hit2_20260801_144528_12572,1302,1302,robotol.ext,3,3,1,0x30631D,0x30631D,0x80000,0x0,0x2B1868,0x0,2,0,1,0,stop_at_base,0,0,0,,CALLBACK_RETURN_SENTINEL_OK
p17_hit2_20260801_144528_12572,1303,1303,robotol.ext,3,3,1,0x30631D,0x30631D,0x80000,0x0,0x2B1868,0x0,2,0,1,0,stop_at_base,0,0,0,,CALLBACK_RETURN_SENTINEL_OK
p17_hit2_20260801_144528_12572,1304,1304,robotol.ext,3,3,1,0x30631D,0x30631D,0x80000,0x0,0x2B1868,0x0,2,0,1,0,stop_at_base,0,0,0,,CALLBACK_RETURN_SENTINEL_OK
p17_hit2_20260801_144528_12572,1305,1305,robotol.ext,3,3,1,0x30631D,0x30631D,0x80000,0x0,0x2B1868,0x0,2,0,1,0,stop_at_base,0,0,0,,CALLBACK_RETURN_SENTINEL_OK
p17_hit2_20260801_144528_12572,1306,1306,robotol.ext,3,3,1,0x30631D,0x30631D,0x80000,0x0,0x2B1868,0x0,2,0,1,0,stop_at_base,0,0,0,,CALLBACK_RETURN_SENTINEL_OK
p17_hit2_20260801_144528_12572,1307,1307,robotol.ext,3,3,1,0x30631D,0x30631D,0x80000,0x0,0x2B1868,0x0,2,0,1,0,stop_at_base,0,0,0,,CALLBACK_RETURN_SENTINEL_OK
p17_hit2_20260801_144528_12572,1308,1308,robotol.ext,3,3,1,0x30631D,0x30631D,0x80000,0x0,0x2B1868,0x0,2,0,1,0,stop_at_base,0,0,0,,CALLBACK_RETURN_SENTINEL_OK
p17_hit2_20260801_144528_12572,1309,1309,robotol.ext,3,3,1,0x30631D,0x30631D,0x80000,0x0,0x2B1868,0x0,2,0,1,0,stop_at_base,0,0,0,,CALLBACK_RETURN_SENTINEL_OK
p17_hit2_20260801_144528_12572,1310,1310,robotol.ext,3,3,1,0x30631D,0x30631D,0x80000,0x0,0x2B1868,0x0,2,0,1,0,stop_at_base,0,0,0,,CALLBACK_RETURN_SENTINEL_OK
p17_hit2_20260801_144528_12572,1311,1311,robotol.ext,3,3,1,0x30631D,0x30631D,0x80000,0x0,0x2B1868,0x0,2,0,1,0,stop_at_base,0,0,0,,CALLBACK_RETURN_SENTINEL_OK
p17_hit2_20260801_144528_12572,1312,1312,robotol.ext,3,3,1,0x30631D,0x30631D,0x80000,0x0,0x2B1868,0x0,2,0,1,0,stop_at_base,0,0,0,,CALLBACK_RETURN_SENTINEL_OK
p17_hit2_20260801_144528_12572,1313,1313,robotol.ext,3,3,1,0x30631D,0x30631D,0x80000,0x0,0x2B1868,0x0,2,0,1,0,stop_at_base,0,0,0,,CALLBACK_RETURN_SENTINEL_OK
p17_hit2_20260801_144528_12572,1314,1314,robotol.ext,3,3,1,0x30631D,0x30631D,0x80000,0x0,0x2B1868,0x0,2,0,1,0,stop_at_base,0,0,0,,CALLBACK_RETURN_SENTINEL_OK
p17_hit2_20260801_144528_12572,1315,1315,robotol.ext,3,3,1,0x30631D,0x30631D,0x80000,0x0,0x2B1868,0x0,2,0,1,0,stop_at_base,0,0,0,,CALLBACK_RETURN_SENTINEL_OK
p17_hit2_20260801_144528_12572,1316,1316,robotol.ext,3,3,1,0x30631D,0x30631D,0x80000,0x0,0x2B1868,0x0,2,0,1,0,stop_at_base,0,0,0,,CALLBACK_RETURN_SENTINEL_OK
p17_hit2_20260801_144528_12572,1317,1317,robotol.ext,3,3,1,0x30631D,0x30631D,0x80000,0x0,0x2B1868,0x0,2,0,1,0,stop_at_base,0,0,0,,CALLBACK_RETURN_SENTINEL_OK
p17_hit2_20260801_144528_12572,1318,1318,robotol.ext,3,3,1,0x30631D,0x30631D,0x80000,0x0,0x2B1868,0x0,2,0,1,0,stop_at_base,0,0,0,,CALLBACK_RETURN_SENTINEL_OK
p17_hit2_20260801_144528_12572,1319,1319,robotol.ext,3,3,1,0x30631D,0x30631D,0x80000,0x0,0x2B1868,0x0,2,0,1,0,stop_at_base,0,0,0,,CALLBACK_RETURN_SENTINEL_OK
p17_hit2_20260801_144528_12572,1320,1320,robotol.ext,3,3,1,0x30631D,0x30631D,0x80000,0x0,0x2B1868,0x0,2,0,1,0,stop_at_base,0,0,0,,CALLBACK_RETURN_SENTINEL_OK
p17_hit2_20260801_144528_12572,1321,1321,robotol.ext,3,3,1,0x30631D,0x30631D,0x80000,0x0,0x2B1868,0x0,2,0,1,0,stop_at_base,0,0,0,,CALLBACK_RETURN_SENTINEL_OK
p17_hit2_20260801_144528_12572,1322,1322,robotol.ext,3,3,1,0x30631D,0x30631D,0x80000,0x0,0x2B1868,0x0,2,0,1,0,stop_at_base,0,0,0,,CALLBACK_RETURN_SENTINEL_OK
p17_hit2_20260801_144528_12572,1323,1323,robotol.ext,3,3,1,0x30631D,0x30631D,0x80000,0x0,0x2B1868,0x0,2,0,1,0,stop_at_base,0,0,0,,CALLBACK_RETURN_SENTINEL_OK
p17_hit2_20260801_144528_12572,1324,1324,robotol.ext,3,3,1,0x30631D,0x30631D,0x80000,0x0,0x2B1868,0x0,2,0,1,0,stop_at_base,0,0,0,,CALLBACK_RETURN_SENTINEL_OK
p17_hit2_20260801_144528_12572,1325,1325,robotol.ext,3,3,1,0x30631D,0x30631D,0x80000,0x0,0x2B1868,0x0,2,0,1,0,stop_at_base,0,0,0,,CALLBACK_RETURN_SENTINEL_OK
p17_hit2_20260801_144528_12572,1326,1326,robotol.ext,3,3,1,0x30631D,0x30631D,0x80000,0x0,0x2B1868,0x0,2,0,1,0,stop_at_base,0,0,0,,CALLBACK_RETURN_SENTINEL_OK
p17_hit2_20260801_144528_12572,1327,1327,robotol.ext,3,3,1,0x30631D,0x30631D,0x80000,0x0,0x2B1868,0x0,2,0,1,0,stop_at_base,0,0,0,,CALLBACK_RETURN_SENTINEL_OK
p17_hit2_20260801_144528_12572,1328,1328,robotol.ext,3,3,1,0x30631D,0x30631D,0x80000,0x0,0x2B1868,0x0,2,0,1,0,stop_at_base,0,0,0,,CALLBACK_RETURN_SENTINEL_OK
p17_hit2_20260801_144528_12572,1329,1329,robotol.ext,3,3,1,0x30631D,0x30631D,0x80000,0x0,0x2B1868,0x0,2,0,1,0,stop_at_base,0,0,0,,CALLBACK_RETURN_SENTINEL_OK
p17_hit2_20260801_144528_12572,1330,1330,robotol.ext,3,3,1,0x30631D,0x30631D,0x80000,0x0,0x2B1868,0x0,2,0,1,0,stop_at_base,0,0,0,,CALLBACK_RETURN_SENTINEL_OK
p17_hit2_20260801_144528_12572,1331,1331,robotol.ext,3,3,1,0x30631D,0x30631D,0x80000,0x0,0x2B1868,0x0,2,0,1,0,stop_at_base,0,0,0,,CALLBACK_RETURN_SENTINEL_OK
p17_hit2_20260801_144528_12572,1332,1332,robotol.ext,3,3,1,0x30631D,0x30631D,0x80000,0x0,0x2B1868,0x0,2,0,1,0,stop_at_base,0,0,0,,CALLBACK_RETURN_SENTINEL_OK
p17_hit2_20260801_144528_12572,1333,1333,robotol.ext,3,3,1,0x30631D,0x30631D,0x80000,0x0,0x2B1868,0x0,2,0,1,0,stop_at_base,0,0,0,,CALLBACK_RETURN_SENTINEL_OK
p17_hit2_20260801_144528_12572,1334,1334,robotol.ext,3,3,1,0x30631D,0x30631D,0x80000,0x0,0x2B1868,0x0,2,0,1,0,stop_at_base,0,0,0,,CALLBACK_RETURN_SENTINEL_OK
p17_hit2_20260801_144528_12572,1335,1335,robotol.ext,3,3,1,0x30631D,0x30631D,0x80000,0x0,0x2B1868,0x0,2,0,1,0,stop_at_base,0,0,0,,CALLBACK_RETURN_SENTINEL_OK
p17_hit2_20260801_144528_12572,1336,1336,robotol.ext,3,3,1,0x30631D,0x30631D,0x80000,0x0,0x2B1868,0x0,2,0,1,0,stop_at_base,0,0,0,,CALLBACK_RETURN_SENTINEL_OK
p17_hit2_20260801_144528_12572,1337,1337,robotol.ext,3,3,1,0x30631D,0x30631D,0x80000,0x0,0x2B1868,0x0,2,0,1,0,stop_at_base,0,0,0,,CALLBACK_RETURN_SENTINEL_OK
p17_hit2_20260801_144528_12572,1338,1338,robotol.ext,3,3,1,0x30631D,0x30631D,0x80000,0x0,0x2B1868,0x0,2,0,1,0,stop_at_base,0,0,0,,CALLBACK_RETURN_SENTINEL_OK
p17_hit2_20260801_144528_12572,1339,1339,robotol.ext,3,3,1,0x30631D,0x30631D,0x80000,0x0,0x2B1868,0x0,2,0,1,0,stop_at_base,0,0,0,,CALLBACK_RETURN_SENTINEL_OK
p17_hit2_20260801_144528_12572,1340,1340,robotol.ext,3,3,1,0x30631D,0x30631D,0x80000,0x0,0x2B1868,0x0,2,0,1,0,stop_at_base,0,0,0,,CALLBACK_RETURN_SENTINEL_OK
p17_hit2_20260801_144528_12572,1341,1341,robotol.ext,3,3,1,0x30631D,0x30631D,0x80000,0x0,0x2B1868,0x0,2,0,1,0,stop_at_base,0,0,0,,CALLBACK_RETURN_SENTINEL_OK
p17_hit2_20260801_144528_12572,1342,1342,robotol.ext,3,3,1,0x30631D,0x30631D,0x80000,0x0,0x2B1868,0x0,2,0,1,0,stop_at_base,0,0,0,,CALLBACK_RETURN_SENTINEL_OK
p17_hit2_20260801_144528_12572,1343,1343,robotol.ext,3,3,1,0x30631D,0x30631D,0x80000,0x0,0x2B1868,0x0,2,0,1,0,stop_at_base,0,0,0,,CALLBACK_RETURN_SENTINEL_OK
p17_hit2_20260801_144528_12572,1344,1344,robotol.ext,3,3,1,0x30631D,0x30631D,0x80000,0x0,0x2B1868,0x0,2,0,1,0,stop_at_base,0,0,0,,CALLBACK_RETURN_SENTINEL_OK
p17_hit2_20260801_144528_12572,1345,1345,robotol.ext,3,3,1,0x30631D,0x30631D,0x80000,0x0,0x2B1868,0x0,2,0,1,0,stop_at_base,0,0,0,,CALLBACK_RETURN_SENTINEL_OK
p17_hit2_20260801_144528_12572,1346,1346,robotol.ext,3,3,1,0x30631D,0x30631D,0x80000,0x0,0x2B1868,0x0,2,0,1,0,stop_at_base,0,0,0,,CALLBACK_RETURN_SENTINEL_OK
p17_hit2_20260801_144528_12572,1347,1347,robotol.ext,3,3,1,0x30631D,0x30631D,0x80000,0x0,0x2B1868,0x0,2,0,1,0,stop_at_base,0,0,0,,CALLBACK_RETURN_SENTINEL_OK
p17_hit2_20260801_144528_12572,1348,1348,robotol.ext,3,3,1,0x30631D,0x30631D,0x80000,0x0,0x2B1868,0x0,2,0,1,0,stop_at_base,0,0,0,,CALLBACK_RETURN_SENTINEL_OK
p17_hit2_20260801_144528_12572,1349,1349,robotol.ext,3,3,1,0x30631D,0x30631D,0x80000,0x0,0x2B1868,0x0,2,0,1,0,stop_at_base,0,0,0,,CALLBACK_RETURN_SENTINEL_OK
p17_hit2_20260801_144528_12572,1350,1350,robotol.ext,3,3,1,0x30631D,0x30631D,0x80000,0x0,0x2B1868,0x0,2,0,1,0,stop_at_base,0,0,0,,CALLBACK_RETURN_SENTINEL_OK
p17_hit2_20260801_144528_12572,1351,1351,robotol.ext,3,3,1,0x30631D,0x30631D,0x80000,0x0,0x2B1868,0x0,2,0,1,0,stop_at_base,0,0,0,,CALLBACK_RETURN_SENTINEL_OK
p17_hit2_20260801_144528_12572,1352,1352,robotol.ext,3,3,1,0x30631D,0x30631D,0x80000,0x0,0x2B1868,0x0,2,0,1,0,stop_at_base,0,0,0,,CALLBACK_RETURN_SENTINEL_OK
p17_hit2_20260801_144528_12572,1353,1353,robotol.ext,3,3,1,0x30631D,0x30631D,0x80000,0x0,0x2B1868,0x0,2,0,1,0,stop_at_base,0,0,0,,CALLBACK_RETURN_SENTINEL_OK
p17_hit2_20260801_144528_12572,1354,1354,robotol.ext,3,3,1,0x30631D,0x30631D,0x80000,0x0,0x2B1868,0x0,2,0,1,0,stop_at_base,0,0,0,,CALLBACK_RETURN_SENTINEL_OK
p17_hit2_20260801_144528_12572,1355,1355,robotol.ext,3,3,1,0x30631D,0x30631D,0x80000,0x0,0x2B1868,0x0,2,0,1,0,stop_at_base,0,0,0,,CALLBACK_RETURN_SENTINEL_OK
p17_hit2_20260801_144528_12572,1356,1356,robotol.ext,3,3,1,0x30631D,0x30631D,0x80000,0x0,0x2B1868,0x0,2,0,1,0,stop_at_base,0,0,0,,CALLBACK_RETURN_SENTINEL_OK
p17_hit2_20260801_144528_12572,1357,1357,robotol.ext,3,3,1,0x30631D,0x30631D,0x80000,0x0,0x2B1868,0x0,2,0,1,0,stop_at_base,0,0,0,,CALLBACK_RETURN_SENTINEL_OK
p17_hit2_20260801_144528_12572,1358,1358,robotol.ext,3,3,1,0x30631D,0x30631D,0x80000,0x0,0x2B1868,0x0,2,0,1,0,stop_at_base,0,0,0,,CALLBACK_RETURN_SENTINEL_OK
p17_hit2_20260801_144528_12572,1359,1359,robotol.ext,3,3,1,0x30631D,0x30631D,0x80000,0x0,0x2B1868,0x0,2,0,1,0,stop_at_base,0,0,0,,CALLBACK_RETURN_SENTINEL_OK
p17_hit2_20260801_144528_12572,1360,1360,robotol.ext,3,3,1,0x30631D,0x30631D,0x80000,0x0,0x2B1868,0x0,2,0,1,0,stop_at_base,0,0,0,,CALLBACK_RETURN_SENTINEL_OK
p17_hit2_20260801_144528_12572,1361,1361,robotol.ext,3,3,1,0x30631D,0x30631D,0x80000,0x0,0x2B1868,0x0,2,0,1,0,stop_at_base,0,0,0,,CALLBACK_RETURN_SENTINEL_OK
p17_hit2_20260801_144528_12572,1362,1362,robotol.ext,3,3,1,0x30631D,0x30631D,0x80000,0x0,0x2B1868,0x0,2,0,1,0,stop_at_base,0,0,0,,CALLBACK_RETURN_SENTINEL_OK
p17_hit2_20260801_144528_12572,1363,1363,robotol.ext,3,3,1,0x30631D,0x30631D,0x80000,0x0,0x2B1868,0x0,2,0,1,0,stop_at_base,0,0,0,,CALLBACK_RETURN_SENTINEL_OK
p17_hit2_20260801_144528_12572,1364,1364,robotol.ext,3,3,1,0x30631D,0x30631D,0x80000,0x0,0x2B1868,0x0,2,0,1,0,stop_at_base,0,0,0,,CALLBACK_RETURN_SENTINEL_OK
p17_hit2_20260801_144528_12572,1365,1365,robotol.ext,3,3,1,0x30631D,0x30631D,0x80000,0x0,0x2B1868,0x0,2,0,1,0,stop_at_base,0,0,0,,CALLBACK_RETURN_SENTINEL_OK
p17_hit2_20260801_144528_12572,1366,1366,robotol.ext,3,3,1,0x30631D,0x30631D,0x80000,0x0,0x2B1868,0x0,2,0,1,0,stop_at_base,0,0,0,,CALLBACK_RETURN_SENTINEL_OK
p17_hit2_20260801_144528_12572,1367,1367,robotol.ext,3,3,1,0x30631D,0x30631D,0x80000,0x0,0x2B1868,0x0,2,0,1,0,stop_at_base,0,0,0,,CALLBACK_RETURN_SENTINEL_OK
p17_hit2_20260801_144528_12572,1368,1368,robotol.ext,3,3,1,0x30631D,0x30631D,0x80000,0x0,0x2B1868,0x0,2,0,1,0,stop_at_base,0,0,0,,CALLBACK_RETURN_SENTINEL_OK
p17_hit2_20260801_144528_12572,1369,1369,robotol.ext,3,3,1,0x30631D,0x30631D,0x80000,0x0,0x2B1868,0x0,2,0,1,0,stop_at_base,0,0,0,,CALLBACK_RETURN_SENTINEL_OK
p17_hit2_20260801_144528_12572,1370,1370,robotol.ext,3,3,1,0x30631D,0x30631D,0x80000,0x0,0x2B1868,0x0,2,0,1,0,stop_at_base,0,0,0,,CALLBACK_RETURN_SENTINEL_OK
p17_hit2_20260801_144528_12572,1371,1371,robotol.ext,3,3,1,0x30631D,0x30631D,0x80000,0x0,0x2B1868,0x0,2,0,1,0,stop_at_base,0,0,0,,CALLBACK_RETURN_SENTINEL_OK
p17_hit2_20260801_144528_12572,1372,1372,robotol.ext,3,3,1,0x30631D,0x30631D,0x80000,0x0,0x2B1868,0x0,2,0,1,0,stop_at_base,0,0,0,,CALLBACK_RETURN_SENTINEL_OK
p17_hit2_20260801_144528_12572,1373,1373,robotol.ext,3,3,1,0x30631D,0x30631D,0x80000,0x0,0x2B1868,0x0,2,0,1,0,stop_at_base,0,0,0,,CALLBACK_RETURN_SENTINEL_OK
p17_hit2_20260801_144528_12572,1374,1374,robotol.ext,3,3,1,0x30631D,0x30631D,0x80000,0x0,0x2B1868,0x0,2,0,1,0,stop_at_base,0,0,0,,CALLBACK_RETURN_SENTINEL_OK
p17_hit2_20260801_144528_12572,1375,1375,robotol.ext,3,3,1,0x30631D,0x30631D,0x80000,0x0,0x2B1868,0x0,2,0,1,0,stop_at_base,0,0,0,,CALLBACK_RETURN_SENTINEL_OK
p17_hit2_20260801_144528_12572,1376,1376,robotol.ext,3,3,1,0x30631D,0x30631D,0x80000,0x0,0x2B1868,0x0,2,0,1,0,stop_at_base,0,0,0,,CALLBACK_RETURN_SENTINEL_OK
p17_hit2_20260801_144528_12572,1377,1377,robotol.ext,3,3,1,0x30631D,0x30631D,0x80000,0x0,0x2B1868,0x0,2,0,1,0,stop_at_base,0,0,0,,CALLBACK_RETURN_SENTINEL_OK
p17_hit2_20260801_144528_12572,1378,1378,robotol.ext,3,3,1,0x30631D,0x30631D,0x80000,0x0,0x2B1868,0x0,2,0,1,0,stop_at_base,0,0,0,,CALLBACK_RETURN_SENTINEL_OK
p17_hit2_20260801_144528_12572,1379,1379,robotol.ext,3,3,1,0x30631D,0x30631D,0x80000,0x0,0x2B1868,0x0,2,0,1,0,stop_at_base,0,0,0,,CALLBACK_RETURN_SENTINEL_OK
p17_hit2_20260801_144528_12572,1380,1380,robotol.ext,3,3,1,0x30631D,0x30631D,0x80000,0x0,0x2B1868,0x0,2,0,1,0,stop_at_base,0,0,0,,CALLBACK_RETURN_SENTINEL_OK
p17_hit2_20260801_144528_12572,1381,1381,robotol.ext,3,3,1,0x30631D,0x30631D,0x80000,0x0,0x2B1868,0x0,2,0,1,0,stop_at_base,0,0,0,,CALLBACK_RETURN_SENTINEL_OK
p17_hit2_20260801_144528_12572,1382,1382,robotol.ext,3,3,1,0x30631D,0x30631D,0x80000,0x0,0x2B1868,0x0,2,0,1,0,stop_at_base,0,0,0,,CALLBACK_RETURN_SENTINEL_OK
p17_hit2_20260801_144528_12572,1383,1383,robotol.ext,3,3,1,0x30631D,0x30631D,0x80000,0x0,0x2B1868,0x0,2,0,1,0,stop_at_base,0,0,0,,CALLBACK_RETURN_SENTINEL_OK
p17_hit2_20260801_144528_12572,1384,1384,robotol.ext,3,3,1,0x30631D,0x30631D,0x80000,0x0,0x2B1868,0x0,2,0,1,0,stop_at_base,0,0,0,,CALLBACK_RETURN_SENTINEL_OK
p17_hit2_20260801_144528_12572,1385,1385,robotol.ext,3,3,1,0x30631D,0x30631D,0x80000,0x0,0x2B1868,0x0,2,0,1,0,stop_at_base,0,0,0,,CALLBACK_RETURN_SENTINEL_OK
p17_hit2_20260801_144528_12572,1386,1386,robotol.ext,3,3,1,0x30631D,0x30631D,0x80000,0x0,0x2B1868,0x0,2,0,1,0,stop_at_base,0,0,0,,CALLBACK_RETURN_SENTINEL_OK
p17_hit2_20260801_144528_12572,1387,1387,robotol.ext,3,3,1,0x30631D,0x30631D,0x80000,0x0,0x2B1868,0x0,2,0,1,0,stop_at_base,0,0,0,,CALLBACK_RETURN_SENTINEL_OK
p17_hit2_20260801_144528_12572,1388,1388,robotol.ext,3,3,1,0x30631D,0x30631D,0x80000,0x0,0x2B1868,0x0,2,0,1,0,stop_at_base,0,0,0,,CALLBACK_RETURN_SENTINEL_OK
p17_hit2_20260801_144528_12572,1389,1389,robotol.ext,3,3,1,0x30631D,0x30631D,0x80000,0x0,0x2B1868,0x0,2,0,1,0,stop_at_base,0,0,0,,CALLBACK_RETURN_SENTINEL_OK
p17_hit2_20260801_144528_12572,1390,1390,robotol.ext,3,3,1,0x30631D,0x30631D,0x80000,0x0,0x2B1868,0x0,2,0,1,0,stop_at_base,0,0,0,,CALLBACK_RETURN_SENTINEL_OK
p17_hit2_20260801_144528_12572,1391,1391,robotol.ext,3,3,1,0x30631D,0x30631D,0x80000,0x0,0x2B1868,0x0,2,0,1,0,stop_at_base,0,0,0,,CALLBACK_RETURN_SENTINEL_OK
p17_hit2_20260801_144528_12572,1392,1392,robotol.ext,3,3,1,0x30631D,0x30631D,0x80000,0x0,0x2B1868,0x0,2,0,1,0,stop_at_base,0,0,0,,CALLBACK_RETURN_SENTINEL_OK
p17_hit2_20260801_144528_12572,1393,1393,robotol.ext,3,3,1,0x30631D,0x30631D,0x80000,0x0,0x2B1868,0x0,2,0,1,0,stop_at_base,0,0,0,,CALLBACK_RETURN_SENTINEL_OK
p17_hit2_20260801_144528_12572,1394,1394,robotol.ext,3,3,1,0x30631D,0x30631D,0x80000,0x0,0x2B1868,0x0,2,0,1,0,stop_at_base,0,0,0,,CALLBACK_RETURN_SENTINEL_OK
p17_hit2_20260801_144528_12572,1395,1395,robotol.ext,3,3,1,0x30631D,0x30631D,0x80000,0x0,0x2B1868,0x0,2,0,1,0,stop_at_base,0,0,0,,CALLBACK_RETURN_SENTINEL_OK
p17_hit2_20260801_144528_12572,1396,1396,robotol.ext,3,3,1,0x30631D,0x30631D,0x80000,0x0,0x2B1868,0x0,2,0,1,0,stop_at_base,0,0,0,,CALLBACK_RETURN_SENTINEL_OK
p17_hit2_20260801_144528_12572,1397,1397,robotol.ext,3,3,1,0x30631D,0x30631D,0x80000,0x0,0x2B1868,0x0,2,0,1,0,stop_at_base,0,0,0,,CALLBACK_RETURN_SENTINEL_OK
p17_hit2_20260801_144528_12572,1398,1398,robotol.ext,3,3,1,0x30631D,0x30631D,0x80000,0x0,0x2B1868,0x0,2,0,1,0,stop_at_base,0,0,0,,CALLBACK_RETURN_SENTINEL_OK
p17_hit2_20260801_144528_12572,1399,1399,robotol.ext,3,3,1,0x30631D,0x30631D,0x80000,0x0,0x2B1868,0x0,2,0,1,0,stop_at_base,0,0,0,,CALLBACK_RETURN_SENTINEL_OK
p17_hit2_20260801_144528_12572,1400,1400,robotol.ext,3,3,1,0x30631D,0x30631D,0x80000,0x0,0x2B1868,0x0,2,0,1,0,stop_at_base,0,0,0,,CALLBACK_RETURN_SENTINEL_OK
p17_hit2_20260801_144528_12572,1401,1401,robotol.ext,3,3,1,0x30631D,0x30631D,0x80000,0x0,0x2B1868,0x0,2,0,1,0,stop_at_base,0,0,0,,CALLBACK_RETURN_SENTINEL_OK
p17_hit2_20260801_144528_12572,1402,1402,robotol.ext,3,3,1,0x30631D,0x30631D,0x80000,0x0,0x2B1868,0x0,2,0,1,0,stop_at_base,0,0,0,,CALLBACK_RETURN_SENTINEL_OK
p17_hit2_20260801_144528_12572,1403,1403,robotol.ext,3,3,1,0x30631D,0x30631D,0x80000,0x0,0x2B1868,0x0,2,0,1,0,stop_at_base,0,0,0,,CALLBACK_RETURN_SENTINEL_OK
p17_hit2_20260801_144528_12572,1404,1404,robotol.ext,3,3,1,0x30631D,0x30631D,0x80000,0x0,0x2B1868,0x0,2,0,1,0,stop_at_base,0,0,0,,CALLBACK_RETURN_SENTINEL_OK
p17_hit2_20260801_144528_12572,1405,1405,robotol.ext,3,3,1,0x30631D,0x30631D,0x80000,0x0,0x2B1868,0x0,2,0,1,0,stop_at_base,0,0,0,,CALLBACK_RETURN_SENTINEL_OK
p17_hit2_20260801_144528_12572,1406,1406,robotol.ext,3,3,1,0x30631D,0x30631D,0x80000,0x0,0x2B1868,0x0,2,0,1,0,stop_at_base,0,0,0,,CALLBACK_RETURN_SENTINEL_OK
p17_hit2_20260801_144528_12572,1407,1407,robotol.ext,3,3,1,0x30631D,0x30631D,0x80000,0x0,0x2B1868,0x0,2,0,1,0,stop_at_base,0,0,0,,CALLBACK_RETURN_SENTINEL_OK
p17_hit2_20260801_144528_12572,1408,1408,robotol.ext,3,3,1,0x30631D,0x30631D,0x80000,0x0,0x2B1868,0x0,2,0,1,0,stop_at_base,0,0,0,,CALLBACK_RETURN_SENTINEL_OK
p17_hit2_20260801_144528_12572,1409,1409,robotol.ext,3,3,1,0x30631D,0x30631D,0x80000,0x0,0x2B1868,0x0,2,0,1,0,stop_at_base,0,0,0,,CALLBACK_RETURN_SENTINEL_OK
p17_hit2_20260801_144528_12572,1410,1410,robotol.ext,3,3,1,0x30631D,0x30631D,0x80000,0x0,0x2B1868,0x0,2,0,1,0,stop_at_base,0,0,0,,CALLBACK_RETURN_SENTINEL_OK
p17_hit2_20260801_144528_12572,1411,1411,robotol.ext,3,3,1,0x30631D,0x30631D,0x80000,0x0,0x2B1868,0x0,2,0,1,0,stop_at_base,0,0,0,,CALLBACK_RETURN_SENTINEL_OK
p17_hit2_20260801_144528_12572,1412,1412,robotol.ext,3,3,1,0x30631D,0x30631D,0x80000,0x0,0x2B1868,0x0,2,0,1,0,stop_at_base,0,0,0,,CALLBACK_RETURN_SENTINEL_OK
p17_hit2_20260801_144528_12572,1413,1413,robotol.ext,3,3,1,0x30631D,0x30631D,0x80000,0x0,0x2B1868,0x0,2,0,1,0,stop_at_base,0,0,0,,CALLBACK_RETURN_SENTINEL_OK
p17_hit2_20260801_144528_12572,1414,1414,robotol.ext,3,3,1,0x30631D,0x30631D,0x80000,0x0,0x2B1868,0x0,2,0,1,0,stop_at_base,0,0,0,,CALLBACK_RETURN_SENTINEL_OK
p17_hit2_20260801_144528_12572,1415,1415,robotol.ext,3,3,1,0x30631D,0x30631D,0x80000,0x0,0x2B1868,0x0,2,0,1,0,stop_at_base,0,0,0,,CALLBACK_RETURN_SENTINEL_OK
p17_hit2_20260801_144528_12572,1416,1416,robotol.ext,3,3,1,0x30631D,0x30631D,0x80000,0x0,0x2B1868,0x0,2,0,1,0,stop_at_base,0,0,0,,CALLBACK_RETURN_SENTINEL_OK
p17_hit2_20260801_144528_12572,1417,1417,robotol.ext,3,3,1,0x30631D,0x30631D,0x80000,0x0,0x2B1868,0x0,2,0,1,0,stop_at_base,0,0,0,,CALLBACK_RETURN_SENTINEL_OK
p17_hit2_20260801_144528_12572,1418,1418,robotol.ext,3,3,1,0x30631D,0x30631D,0x80000,0x0,0x2B1868,0x0,2,0,1,0,stop_at_base,0,0,0,,CALLBACK_RETURN_SENTINEL_OK
p17_hit2_20260801_144528_12572,1419,1419,robotol.ext,3,3,1,0x30631D,0x30631D,0x80000,0x0,0x2B1868,0x0,2,0,1,0,stop_at_base,0,0,0,,CALLBACK_RETURN_SENTINEL_OK
p17_hit2_20260801_144528_12572,1420,1420,robotol.ext,3,3,1,0x30631D,0x30631D,0x80000,0x0,0x2B1868,0x0,2,0,1,0,stop_at_base,0,0,0,,CALLBACK_RETURN_SENTINEL_OK
p17_hit2_20260801_144528_12572,1421,1421,robotol.ext,3,3,1,0x30631D,0x30631D,0x80000,0x0,0x2B1868,0x0,2,0,1,0,stop_at_base,0,0,0,,CALLBACK_RETURN_SENTINEL_OK
p17_hit2_20260801_144528_12572,1422,1422,robotol.ext,3,3,1,0x30631D,0x30631D,0x80000,0x0,0x2B1868,0x0,2,0,1,0,stop_at_base,0,0,0,,CALLBACK_RETURN_SENTINEL_OK
p17_hit2_20260801_144528_12572,1423,1423,robotol.ext,3,3,1,0x30631D,0x30631D,0x80000,0x0,0x2B1868,0x0,2,0,1,0,stop_at_base,0,0,0,,CALLBACK_RETURN_SENTINEL_OK
p17_hit2_20260801_144528_12572,1424,1424,robotol.ext,3,3,1,0x30631D,0x30631D,0x80000,0x0,0x2B1868,0x0,2,0,1,0,stop_at_base,0,0,0,,CALLBACK_RETURN_SENTINEL_OK
p17_hit2_20260801_144528_12572,1425,1425,robotol.ext,3,3,1,0x30631D,0x30631D,0x80000,0x0,0x2B1868,0x0,2,0,1,0,stop_at_base,0,0,0,,CALLBACK_RETURN_SENTINEL_OK
p17_hit2_20260801_144528_12572,1426,1426,robotol.ext,3,3,1,0x30631D,0x30631D,0x80000,0x0,0x2B1868,0x0,2,0,1,0,stop_at_base,0,0,0,,CALLBACK_RETURN_SENTINEL_OK
p17_hit2_20260801_144528_12572,1427,1427,robotol.ext,3,3,1,0x30631D,0x30631D,0x80000,0x0,0x2B1868,0x0,2,0,1,0,stop_at_base,0,0,0,,CALLBACK_RETURN_SENTINEL_OK
p17_hit2_20260801_144528_12572,1428,1428,robotol.ext,3,3,1,0x30631D,0x30631D,0x80000,0x0,0x2B1868,0x0,2,0,1,0,stop_at_base,0,0,0,,CALLBACK_RETURN_SENTINEL_OK
p17_hit2_20260801_144528_12572,1429,1429,robotol.ext,3,3,1,0x30631D,0x30631D,0x80000,0x0,0x2B1868,0x0,2,0,1,0,stop_at_base,0,0,0,,CALLBACK_RETURN_SENTINEL_OK
p17_hit2_20260801_144528_12572,1430,1430,robotol.ext,3,3,1,0x30631D,0x30631D,0x80000,0x0,0x2B1868,0x0,2,0,1,0,stop_at_base,0,0,0,,CALLBACK_RETURN_SENTINEL_OK
p17_hit2_20260801_144528_12572,1431,1431,robotol.ext,3,3,1,0x30631D,0x30631D,0x80000,0x0,0x2B1868,0x0,2,0,1,0,stop_at_base,0,0,0,,CALLBACK_RETURN_SENTINEL_OK
p17_hit2_20260801_144528_12572,1432,1432,robotol.ext,3,3,1,0x30631D,0x30631D,0x80000,0x0,0x2B1868,0x0,2,0,1,0,stop_at_base,0,0,0,,CALLBACK_RETURN_SENTINEL_OK
p17_hit2_20260801_144528_12572,1433,1433,robotol.ext,3,3,1,0x30631D,0x30631D,0x80000,0x0,0x2B1868,0x0,2,0,1,0,stop_at_base,0,0,0,,CALLBACK_RETURN_SENTINEL_OK
p17_hit2_20260801_144528_12572,1434,1434,robotol.ext,3,3,1,0x30631D,0x30631D,0x80000,0x0,0x2B1868,0x0,2,0,1,0,stop_at_base,0,0,0,,CALLBACK_RETURN_SENTINEL_OK
p17_hit2_20260801_144528_12572,1435,1435,robotol.ext,3,3,1,0x30631D,0x30631D,0x80000,0x0,0x2B1868,0x0,2,0,1,0,stop_at_base,0,0,0,,CALLBACK_RETURN_SENTINEL_OK
p17_hit2_20260801_144528_12572,1436,1436,robotol.ext,3,3,1,0x30631D,0x30631D,0x80000,0x0,0x2B1868,0x0,2,0,1,0,stop_at_base,0,0,0,,CALLBACK_RETURN_SENTINEL_OK
p17_hit2_20260801_144528_12572,1437,1437,robotol.ext,3,3,1,0x30631D,0x30631D,0x80000,0x0,0x2B1868,0x0,2,0,1,0,stop_at_base,0,0,0,,CALLBACK_RETURN_SENTINEL_OK
p17_hit2_20260801_144528_12572,1438,1438,robotol.ext,3,3,1,0x30631D,0x30631D,0x80000,0x0,0x2B1868,0x0,2,0,1,0,stop_at_base,0,0,0,,CALLBACK_RETURN_SENTINEL_OK
p17_hit2_20260801_144528_12572,1439,1439,robotol.ext,3,3,1,0x30631D,0x30631D,0x80000,0x0,0x2B1868,0x0,2,0,1,0,stop_at_base,0,0,0,,CALLBACK_RETURN_SENTINEL_OK
p17_hit2_20260801_144528_12572,1440,1440,robotol.ext,3,3,1,0x30631D,0x30631D,0x80000,0x0,0x2B1868,0x0,2,0,1,0,stop_at_base,0,0,0,,CALLBACK_RETURN_SENTINEL_OK
p17_hit2_20260801_144528_12572,1441,1441,robotol.ext,3,3,1,0x30631D,0x30631D,0x80000,0x0,0x2B1868,0x0,2,0,1,0,stop_at_base,0,0,0,,CALLBACK_RETURN_SENTINEL_OK
p17_hit2_20260801_144528_12572,1442,1442,robotol.ext,3,3,1,0x30631D,0x30631D,0x80000,0x0,0x2B1868,0x0,2,0,1,0,stop_at_base,0,0,0,,CALLBACK_RETURN_SENTINEL_OK
p17_hit2_20260801_144528_12572,1443,1443,robotol.ext,3,3,1,0x30631D,0x30631D,0x80000,0x0,0x2B1868,0x0,2,0,1,0,stop_at_base,0,0,0,,CALLBACK_RETURN_SENTINEL_OK
p17_hit2_20260801_144528_12572,1444,1444,robotol.ext,3,3,1,0x30631D,0x30631D,0x80000,0x0,0x2B1868,0x0,2,0,1,0,stop_at_base,0,0,0,,CALLBACK_RETURN_SENTINEL_OK
p17_hit2_20260801_144528_12572,1445,1445,robotol.ext,3,3,1,0x30631D,0x30631D,0x80000,0x0,0x2B1868,0x0,2,0,1,0,stop_at_base,0,0,0,,CALLBACK_RETURN_SENTINEL_OK
p17_hit2_20260801_144528_12572,1446,1446,robotol.ext,3,3,1,0x30631D,0x30631D,0x80000,0x0,0x2B1868,0x0,2,0,1,0,stop_at_base,0,0,0,,CALLBACK_RETURN_SENTINEL_OK
p17_hit2_20260801_144528_12572,1447,1447,robotol.ext,3,3,1,0x30631D,0x30631D,0x80000,0x0,0x2B1868,0x0,2,0,1,0,stop_at_base,0,0,0,,CALLBACK_RETURN_SENTINEL_OK
p17_hit2_20260801_144528_12572,1448,1448,robotol.ext,3,3,1,0x30631D,0x30631D,0x80000,0x0,0x2B1868,0x0,2,0,1,0,stop_at_base,0,0,0,,CALLBACK_RETURN_SENTINEL_OK
p17_hit2_20260801_144528_12572,1449,1449,robotol.ext,3,3,1,0x30631D,0x30631D,0x80000,0x0,0x2B1868,0x0,2,0,1,0,stop_at_base,0,0,0,,CALLBACK_RETURN_SENTINEL_OK
p17_hit2_20260801_144528_12572,1450,1450,robotol.ext,3,3,1,0x30631D,0x30631D,0x80000,0x0,0x2B1868,0x0,2,0,1,0,stop_at_base,0,0,0,,CALLBACK_RETURN_SENTINEL_OK
p17_hit2_20260801_144528_12572,1451,1451,robotol.ext,3,3,1,0x30631D,0x30631D,0x80000,0x0,0x2B1868,0x0,2,0,1,0,stop_at_base,0,0,0,,CALLBACK_RETURN_SENTINEL_OK
p17_hit2_20260801_144528_12572,1452,1452,robotol.ext,3,3,1,0x30631D,0x30631D,0x80000,0x0,0x2B1868,0x0,2,0,1,0,stop_at_base,0,0,0,,CALLBACK_RETURN_SENTINEL_OK
p17_hit2_20260801_144528_12572,1453,1453,robotol.ext,3,3,1,0x30631D,0x30631D,0x80000,0x0,0x2B1868,0x0,2,0,1,0,stop_at_base,0,0,0,,CALLBACK_RETURN_SENTINEL_OK
p17_hit2_20260801_144528_12572,1454,1454,robotol.ext,3,3,1,0x30631D,0x30631D,0x80000,0x0,0x2B1868,0x0,2,0,1,0,stop_at_base,0,0,0,,CALLBACK_RETURN_SENTINEL_OK
p17_hit2_20260801_144528_12572,1455,1455,robotol.ext,3,3,1,0x30631D,0x30631D,0x80000,0x0,0x2B1868,0x0,2,0,1,0,stop_at_base,0,0,0,,CALLBACK_RETURN_SENTINEL_OK
p17_hit2_20260801_144528_12572,1456,1456,robotol.ext,3,3,1,0x30631D,0x30631D,0x80000,0x0,0x2B1868,0x0,2,0,1,0,stop_at_base,0,0,0,,CALLBACK_RETURN_SENTINEL_OK
p17_hit2_20260801_144528_12572,1457,1457,robotol.ext,3,3,1,0x30631D,0x30631D,0x80000,0x0,0x2B1868,0x0,2,0,1,0,stop_at_base,0,0,0,,CALLBACK_RETURN_SENTINEL_OK
p17_hit2_20260801_144528_12572,1458,1458,robotol.ext,3,3,1,0x30631D,0x30631D,0x80000,0x0,0x2B1868,0x0,2,0,1,0,stop_at_base,0,0,0,,CALLBACK_RETURN_SENTINEL_OK
p17_hit2_20260801_144528_12572,1459,1459,robotol.ext,3,3,1,0x30631D,0x30631D,0x80000,0x0,0x2B1868,0x0,2,0,1,0,stop_at_base,0,0,0,,CALLBACK_RETURN_SENTINEL_OK
p17_hit2_20260801_144528_12572,1460,1460,robotol.ext,3,3,1,0x30631D,0x30631D,0x80000,0x0,0x2B1868,0x0,2,0,1,0,stop_at_base,0,0,0,,CALLBACK_RETURN_SENTINEL_OK
p17_hit2_20260801_144528_12572,1461,1461,robotol.ext,3,3,1,0x30631D,0x30631D,0x80000,0x0,0x2B1868,0x0,2,0,1,0,stop_at_base,0,0,0,,CALLBACK_RETURN_SENTINEL_OK
p17_hit2_20260801_144528_12572,1462,1462,robotol.ext,3,3,1,0x30631D,0x30631D,0x80000,0x0,0x2B1868,0x0,2,0,1,0,stop_at_base,0,0,0,,CALLBACK_RETURN_SENTINEL_OK
p17_hit2_20260801_144528_12572,1463,1463,robotol.ext,3,3,1,0x30631D,0x30631D,0x80000,0x0,0x2B1868,0x0,2,0,1,0,stop_at_base,0,0,0,,CALLBACK_RETURN_SENTINEL_OK
p17_hit2_20260801_144528_12572,1464,1464,robotol.ext,3,3,1,0x30631D,0x30631D,0x80000,0x0,0x2B1868,0x0,2,0,1,0,stop_at_base,0,0,0,,CALLBACK_RETURN_SENTINEL_OK
p17_hit2_20260801_144528_12572,1465,1465,robotol.ext,3,3,1,0x30631D,0x30631D,0x80000,0x0,0x2B1868,0x0,2,0,1,0,stop_at_base,0,0,0,,CALLBACK_RETURN_SENTINEL_OK
p17_hit2_20260801_144528_12572,1466,1466,robotol.ext,3,3,1,0x30631D,0x30631D,0x80000,0x0,0x2B1868,0x0,2,0,1,0,stop_at_base,0,0,0,,CALLBACK_RETURN_SENTINEL_OK
p17_hit2_20260801_144528_12572,1467,1467,robotol.ext,3,3,1,0x30631D,0x30631D,0x80000,0x0,0x2B1868,0x0,2,0,1,0,stop_at_base,0,0,0,,CALLBACK_RETURN_SENTINEL_OK
p17_hit2_20260801_144528_12572,1468,1468,robotol.ext,3,3,1,0x30631D,0x30631D,0x80000,0x0,0x2B1868,0x0,2,0,1,0,stop_at_base,0,0,0,,CALLBACK_RETURN_SENTINEL_OK
p17_hit2_20260801_144528_12572,1469,1469,robotol.ext,3,3,1,0x30631D,0x30631D,0x80000,0x0,0x2B1868,0x0,2,0,1,0,stop_at_base,0,0,0,,CALLBACK_RETURN_SENTINEL_OK
p17_hit2_20260801_144528_12572,1470,1470,robotol.ext,3,3,1,0x30631D,0x30631D,0x80000,0x0,0x2B1868,0x0,2,0,1,0,stop_at_base,0,0,0,,CALLBACK_RETURN_SENTINEL_OK
p17_hit2_20260801_144528_12572,1471,1471,robotol.ext,3,3,1,0x30631D,0x30631D,0x80000,0x0,0x2B1868,0x0,2,0,1,0,stop_at_base,0,0,0,,CALLBACK_RETURN_SENTINEL_OK
p17_hit2_20260801_144528_12572,1472,1472,robotol.ext,3,3,1,0x30631D,0x30631D,0x80000,0x0,0x2B1868,0x0,2,0,1,0,stop_at_base,0,0,0,,CALLBACK_RETURN_SENTINEL_OK
p17_hit2_20260801_144528_12572,1473,1473,robotol.ext,3,3,1,0x30631D,0x30631D,0x80000,0x0,0x2B1868,0x0,2,0,1,0,stop_at_base,0,0,0,,CALLBACK_RETURN_SENTINEL_OK
p17_hit2_20260801_144528_12572,1474,1474,robotol.ext,3,3,1,0x30631D,0x30631D,0x80000,0x0,0x2B1868,0x0,2,0,1,0,stop_at_base,0,0,0,,CALLBACK_RETURN_SENTINEL_OK
p17_hit2_20260801_144528_12572,1475,1475,robotol.ext,3,3,1,0x30631D,0x30631D,0x80000,0x0,0x2B1868,0x0,2,0,1,0,stop_at_base,0,0,0,,CALLBACK_RETURN_SENTINEL_OK
p17_hit2_20260801_144528_12572,1476,1476,robotol.ext,3,3,1,0x30631D,0x30631D,0x80000,0x0,0x2B1868,0x0,2,0,1,0,stop_at_base,0,0,0,,CALLBACK_RETURN_SENTINEL_OK
p17_hit2_20260801_144528_12572,1477,1477,robotol.ext,3,3,1,0x30631D,0x30631D,0x80000,0x0,0x2B1868,0x0,2,0,1,0,stop_at_base,0,0,0,,CALLBACK_RETURN_SENTINEL_OK
p17_hit2_20260801_144528_12572,1478,1478,robotol.ext,3,3,1,0x30631D,0x30631D,0x80000,0x0,0x2B1868,0x0,2,0,1,0,stop_at_base,0,0,0,,CALLBACK_RETURN_SENTINEL_OK
p17_hit2_20260801_144528_12572,1479,1479,robotol.ext,3,3,1,0x30631D,0x30631D,0x80000,0x0,0x2B1868,0x0,2,0,1,0,stop_at_base,0,0,0,,CALLBACK_RETURN_SENTINEL_OK
p17_hit2_20260801_144528_12572,1480,1480,robotol.ext,3,3,1,0x30631D,0x30631D,0x80000,0x0,0x2B1868,0x0,2,0,1,0,stop_at_base,0,0,0,,CALLBACK_RETURN_SENTINEL_OK
p17_hit2_20260801_144528_12572,1481,1481,robotol.ext,3,3,1,0x30631D,0x30631D,0x80000,0x0,0x2B1868,0x0,2,0,1,0,stop_at_base,0,0,0,,CALLBACK_RETURN_SENTINEL_OK
p17_hit2_20260801_144528_12572,1482,1482,robotol.ext,3,3,1,0x30631D,0x30631D,0x80000,0x0,0x2B1868,0x0,2,0,1,0,stop_at_base,0,0,0,,CALLBACK_RETURN_SENTINEL_OK
p17_hit2_20260801_144528_12572,1483,1483,robotol.ext,3,3,1,0x30631D,0x30631D,0x80000,0x0,0x2B1868,0x0,2,0,1,0,stop_at_base,0,0,0,,CALLBACK_RETURN_SENTINEL_OK
p17_hit2_20260801_144528_12572,1484,1484,robotol.ext,3,3,1,0x30631D,0x30631D,0x80000,0x0,0x2B1868,0x0,2,0,1,0,stop_at_base,0,0,0,,CALLBACK_RETURN_SENTINEL_OK
p17_hit3_20260801_144835_85006,1,1,robotol.ext,3,3,1,0x30631D,0x30631D,0x80000,0x0,0x2B1868,0x0,2,0,1,0,stop_at_base,0,0,0,,CALLBACK_RETURN_SENTINEL_OK
p17_hit3_20260801_144835_85006,2,2,robotol.ext,3,3,1,0x30631D,0x30631D,0x80000,0x0,0x2B1868,0x0,2,0,1,0,stop_at_base,0,0,0,,CALLBACK_RETURN_SENTINEL_OK
p17_hit3_20260801_144835_85006,3,3,robotol.ext,3,3,1,0x30631D,0x30631D,0x80000,0x0,0x2B1868,0x0,2,0,1,0,stop_at_base,0,0,0,,CALLBACK_RETURN_SENTINEL_OK
p17_hit3_20260801_144835_85006,4,4,robotol.ext,3,3,1,0x30631D,0x30631D,0x80000,0x0,0x2B1868,0x0,2,0,1,0,stop_at_base,0,0,0,,CALLBACK_RETURN_SENTINEL_OK
p17_hit3_20260801_144835_85006,5,5,robotol.ext,3,3,1,0x30631D,0x30631D,0x80000,0x0,0x2B1868,0x0,2,0,1,0,stop_at_base,0,0,0,,CALLBACK_RETURN_SENTINEL_OK
p17_hit3_20260801_144835_85006,6,6,robotol.ext,3,3,1,0x30631D,0x30631D,0x80000,0x0,0x2B1868,0x0,2,0,1,0,stop_at_base,0,0,0,,CALLBACK_RETURN_SENTINEL_OK
p17_hit3_20260801_144835_85006,7,7,robotol.ext,3,3,1,0x30631D,0x30631D,0x80000,0x0,0x2B1868,0x0,2,0,1,0,stop_at_base,0,0,0,,CALLBACK_RETURN_SENTINEL_OK
p17_hit3_20260801_144835_85006,8,8,robotol.ext,3,3,1,0x30631D,0x30631D,0x80000,0x0,0x2B1868,0x0,2,0,1,0,stop_at_base,0,0,0,,CALLBACK_RETURN_SENTINEL_OK
p17_hit3_20260801_144835_85006,9,9,robotol.ext,3,3,1,0x30631D,0x30631D,0x80000,0x0,0x2B1868,0x0,2,0,1,0,stop_at_base,0,0,0,,CALLBACK_RETURN_SENTINEL_OK
p17_hit3_20260801_144835_85006,10,10,robotol.ext,3,3,1,0x30631D,0x30631D,0x80000,0x0,0x2B1868,0x0,2,0,1,0,stop_at_base,0,0,0,,CALLBACK_RETURN_SENTINEL_OK
p17_hit3_20260801_144835_85006,11,11,robotol.ext,3,3,1,0x30631D,0x30631D,0x80000,0x0,0x2B1868,0x0,2,0,1,0,stop_at_base,0,0,0,,CALLBACK_RETURN_SENTINEL_OK
p17_hit3_20260801_144835_85006,12,12,robotol.ext,3,3,1,0x30631D,0x30631D,0x80000,0x0,0x2B1868,0x0,2,0,1,0,stop_at_base,0,0,0,,CALLBACK_RETURN_SENTINEL_OK
p17_hit3_20260801_144835_85006,13,13,robotol.ext,3,3,1,0x30631D,0x30631D,0x80000,0x0,0x2B1868,0x0,2,0,1,0,stop_at_base,0,0,0,,CALLBACK_RETURN_SENTINEL_OK
p17_hit3_20260801_144835_85006,14,14,robotol.ext,3,3,1,0x30631D,0x30631D,0x80000,0x0,0x2B1868,0x0,2,0,1,0,stop_at_base,0,0,0,,CALLBACK_RETURN_SENTINEL_OK
p17_hit3_20260801_144835_85006,15,15,robotol.ext,3,3,1,0x30631D,0x30631D,0x80000,0x0,0x2B1868,0x0,2,0,1,0,stop_at_base,0,0,0,,CALLBACK_RETURN_SENTINEL_OK
p17_hit3_20260801_144835_85006,16,16,robotol.ext,3,3,1,0x30631D,0x30631D,0x80000,0x0,0x2B1868,0x0,2,0,1,0,stop_at_base,0,0,0,,CALLBACK_RETURN_SENTINEL_OK
p17_hit3_20260801_144835_85006,17,17,robotol.ext,3,3,1,0x30631D,0x30631D,0x80000,0x0,0x2B1868,0x0,2,0,1,0,stop_at_base,0,0,0,,CALLBACK_RETURN_SENTINEL_OK
p17_hit3_20260801_144835_85006,18,18,robotol.ext,3,3,1,0x30631D,0x30631D,0x80000,0x0,0x2B1868,0x0,2,0,1,0,stop_at_base,0,0,0,,CALLBACK_RETURN_SENTINEL_OK
p17_hit3_20260801_144835_85006,19,19,robotol.ext,3,3,1,0x30631D,0x30631D,0x80000,0x0,0x2B1868,0x0,2,0,1,0,stop_at_base,0,0,0,,CALLBACK_RETURN_SENTINEL_OK
p17_hit3_20260801_144835_85006,20,20,robotol.ext,3,3,1,0x30631D,0x30631D,0x80000,0x0,0x2B1868,0x0,2,0,1,0,stop_at_base,0,0,0,,CALLBACK_RETURN_SENTINEL_OK
p17_hit3_20260801_144835_85006,21,21,robotol.ext,3,3,1,0x30631D,0x30631D,0x80000,0x0,0x2B1868,0x0,2,0,1,0,stop_at_base,0,0,0,,CALLBACK_RETURN_SENTINEL_OK
p17_hit3_20260801_144835_85006,22,22,robotol.ext,3,3,1,0x30631D,0x30631D,0x80000,0x0,0x2B1868,0x0,2,0,1,0,stop_at_base,0,0,0,,CALLBACK_RETURN_SENTINEL_OK
p17_hit3_20260801_144835_85006,23,23,robotol.ext,3,3,1,0x30631D,0x30631D,0x80000,0x0,0x2B1868,0x0,2,0,1,0,stop_at_base,0,0,0,,CALLBACK_RETURN_SENTINEL_OK
p17_hit3_20260801_144835_85006,24,24,robotol.ext,3,3,1,0x30631D,0x30631D,0x80000,0x0,0x2B1868,0x0,2,0,1,0,stop_at_base,0,0,0,,CALLBACK_RETURN_SENTINEL_OK
p17_hit3_20260801_144835_85006,25,25,robotol.ext,3,3,1,0x30631D,0x30631D,0x80000,0x0,0x2B1868,0x0,2,0,1,0,stop_at_base,0,0,0,,CALLBACK_RETURN_SENTINEL_OK
p17_hit3_20260801_144835_85006,26,26,robotol.ext,3,3,1,0x30631D,0x30631D,0x80000,0x0,0x2B1868,0x0,2,0,1,0,stop_at_base,0,0,0,,CALLBACK_RETURN_SENTINEL_OK
p17_hit3_20260801_144835_85006,27,27,robotol.ext,3,3,1,0x30631D,0x30631D,0x80000,0x0,0x2B1868,0x0,2,0,1,0,stop_at_base,0,0,0,,CALLBACK_RETURN_SENTINEL_OK
p17_hit3_20260801_144835_85006,28,28,robotol.ext,3,3,1,0x30631D,0x30631D,0x80000,0x0,0x2B1868,0x0,2,0,1,0,stop_at_base,0,0,0,,CALLBACK_RETURN_SENTINEL_OK
p17_hit3_20260801_144835_85006,29,29,robotol.ext,3,3,1,0x30631D,0x30631D,0x80000,0x0,0x2B1868,0x0,2,0,1,0,stop_at_base,0,0,0,,CALLBACK_RETURN_SENTINEL_OK
p17_hit3_20260801_144835_85006,30,30,robotol.ext,3,3,1,0x30631D,0x30631D,0x80000,0x0,0x2B1868,0x0,2,0,1,0,stop_at_base,0,0,0,,CALLBACK_RETURN_SENTINEL_OK
p17_hit3_20260801_144835_85006,31,31,robotol.ext,3,3,1,0x30631D,0x30631D,0x80000,0x0,0x2B1868,0x0,2,0,1,0,stop_at_base,0,0,0,,CALLBACK_RETURN_SENTINEL_OK
p17_hit3_20260801_144835_85006,32,32,robotol.ext,3,3,1,0x30631D,0x30631D,0x80000,0x0,0x2B1868,0x0,2,0,1,0,stop_at_base,0,0,0,,CALLBACK_RETURN_SENTINEL_OK
p17_hit3_20260801_144835_85006,33,33,robotol.ext,3,3,1,0x30631D,0x30631D,0x80000,0x0,0x2B1868,0x0,2,0,1,0,stop_at_base,0,0,0,,CALLBACK_RETURN_SENTINEL_OK
p17_hit3_20260801_144835_85006,34,34,robotol.ext,3,3,1,0x30631D,0x30631D,0x80000,0x0,0x2B1868,0x0,2,0,1,0,stop_at_base,0,0,0,,CALLBACK_RETURN_SENTINEL_OK
p17_hit3_20260801_144835_85006,35,35,robotol.ext,3,3,1,0x30631D,0x30631D,0x80000,0x0,0x2B1868,0x0,2,0,1,0,stop_at_base,0,0,0,,CALLBACK_RETURN_SENTINEL_OK
p17_hit3_20260801_144835_85006,36,36,robotol.ext,3,3,1,0x30631D,0x30631D,0x80000,0x0,0x2B1868,0x0,2,0,1,0,stop_at_base,0,0,0,,CALLBACK_RETURN_SENTINEL_OK
p17_hit3_20260801_144835_85006,37,37,robotol.ext,3,3,1,0x30631D,0x30631D,0x80000,0x0,0x2B1868,0x0,2,0,1,0,stop_at_base,0,0,0,,CALLBACK_RETURN_SENTINEL_OK
p17_hit3_20260801_144835_85006,38,38,robotol.ext,3,3,1,0x30631D,0x30631D,0x80000,0x0,0x2B1868,0x0,2,0,1,0,stop_at_base,0,0,0,,CALLBACK_RETURN_SENTINEL_OK
p17_hit3_20260801_144835_85006,39,39,robotol.ext,3,3,1,0x30631D,0x30631D,0x80000,0x0,0x2B1868,0x0,2,0,1,0,stop_at_base,0,0,0,,CALLBACK_RETURN_SENTINEL_OK
p17_hit3_20260801_144835_85006,40,40,robotol.ext,3,3,1,0x30631D,0x30631D,0x80000,0x0,0x2B1868,0x0,2,0,1,0,stop_at_base,0,0,0,,CALLBACK_RETURN_SENTINEL_OK
p17_hit3_20260801_144835_85006,41,41,robotol.ext,3,3,1,0x30631D,0x30631D,0x80000,0x0,0x2B1868,0x0,2,0,1,0,stop_at_base,0,0,0,,CALLBACK_RETURN_SENTINEL_OK
p17_hit3_20260801_144835_85006,42,42,robotol.ext,3,3,1,0x30631D,0x30631D,0x80000,0x0,0x2B1868,0x0,2,0,1,0,stop_at_base,0,0,0,,CALLBACK_RETURN_SENTINEL_OK
p17_hit3_20260801_144835_85006,43,43,robotol.ext,3,3,1,0x30631D,0x30631D,0x80000,0x0,0x2B1868,0x0,2,0,1,0,stop_at_base,0,0,0,,CALLBACK_RETURN_SENTINEL_OK
p17_hit3_20260801_144835_85006,44,44,robotol.ext,3,3,1,0x30631D,0x30631D,0x80000,0x0,0x2B1868,0x0,2,0,1,0,stop_at_base,0,0,0,,CALLBACK_RETURN_SENTINEL_OK
p17_hit3_20260801_144835_85006,45,45,robotol.ext,3,3,1,0x30631D,0x30631D,0x80000,0x0,0x2B1868,0x0,2,0,1,0,stop_at_base,0,0,0,,CALLBACK_RETURN_SENTINEL_OK
p17_hit3_20260801_144835_85006,46,46,robotol.ext,3,3,1,0x30631D,0x30631D,0x80000,0x0,0x2B1868,0x0,2,0,1,0,stop_at_base,0,0,0,,CALLBACK_RETURN_SENTINEL_OK
p17_hit3_20260801_144835_85006,47,47,robotol.ext,3,3,1,0x30631D,0x30631D,0x80000,0x0,0x2B1868,0x0,2,0,1,0,stop_at_base,0,0,0,,CALLBACK_RETURN_SENTINEL_OK
p17_hit3_20260801_144835_85006,48,48,robotol.ext,3,3,1,0x30631D,0x30631D,0x80000,0x0,0x2B1868,0x0,2,0,1,0,stop_at_base,0,0,0,,CALLBACK_RETURN_SENTINEL_OK
p17_hit3_20260801_144835_85006,49,49,robotol.ext,3,3,1,0x30631D,0x30631D,0x80000,0x0,0x2B1868,0x0,2,0,1,0,stop_at_base,0,0,0,,CALLBACK_RETURN_SENTINEL_OK
p17_hit3_20260801_144835_85006,50,50,robotol.ext,3,3,1,0x30631D,0x30631D,0x80000,0x0,0x2B1868,0x0,2,0,1,0,stop_at_base,0,0,0,,CALLBACK_RETURN_SENTINEL_OK
p17_hit3_20260801_144835_85006,51,51,robotol.ext,3,3,1,0x30631D,0x30631D,0x80000,0x0,0x2B1868,0x0,2,0,1,0,stop_at_base,0,0,0,,CALLBACK_RETURN_SENTINEL_OK
p17_hit3_20260801_144835_85006,52,52,robotol.ext,3,3,1,0x30631D,0x30631D,0x80000,0x0,0x2B1868,0x0,2,0,1,0,stop_at_base,0,0,0,,CALLBACK_RETURN_SENTINEL_OK
p17_hit3_20260801_144835_85006,53,53,robotol.ext,3,3,1,0x30631D,0x30631D,0x80000,0x0,0x2B1868,0x0,2,0,1,0,stop_at_base,0,0,0,,CALLBACK_RETURN_SENTINEL_OK
p17_hit3_20260801_144835_85006,54,54,robotol.ext,3,3,1,0x30631D,0x30631D,0x80000,0x0,0x2B1868,0x0,2,0,1,0,stop_at_base,0,0,0,,CALLBACK_RETURN_SENTINEL_OK
p17_hit3_20260801_144835_85006,55,55,robotol.ext,3,3,1,0x30631D,0x30631D,0x80000,0x0,0x2B1868,0x0,2,0,1,0,stop_at_base,0,0,0,,CALLBACK_RETURN_SENTINEL_OK
p17_hit3_20260801_144835_85006,56,56,robotol.ext,3,3,1,0x30631D,0x30631D,0x80000,0x0,0x2B1868,0x0,2,0,1,0,stop_at_base,0,0,0,,CALLBACK_RETURN_SENTINEL_OK
p17_hit3_20260801_144835_85006,57,57,robotol.ext,3,3,1,0x30631D,0x30631D,0x80000,0x0,0x2B1868,0x0,2,0,1,0,stop_at_base,0,0,0,,CALLBACK_RETURN_SENTINEL_OK
p17_hit3_20260801_144835_85006,58,58,robotol.ext,3,3,1,0x30631D,0x30631D,0x80000,0x0,0x2B1868,0x0,2,0,1,0,stop_at_base,0,0,0,,CALLBACK_RETURN_SENTINEL_OK
p17_hit3_20260801_144835_85006,59,59,robotol.ext,3,3,1,0x30631D,0x30631D,0x80000,0x0,0x2B1868,0x0,2,0,1,0,stop_at_base,0,0,0,,CALLBACK_RETURN_SENTINEL_OK
p17_hit3_20260801_144835_85006,60,60,robotol.ext,3,3,1,0x30631D,0x30631D,0x80000,0x0,0x2B1868,0x0,2,0,1,0,stop_at_base,0,0,0,,CALLBACK_RETURN_SENTINEL_OK
p17_hit3_20260801_144835_85006,61,61,robotol.ext,3,3,1,0x30631D,0x30631D,0x80000,0x0,0x2B1868,0x0,2,0,1,0,stop_at_base,0,0,0,,CALLBACK_RETURN_SENTINEL_OK
p17_hit3_20260801_144835_85006,62,62,robotol.ext,3,3,1,0x30631D,0x30631D,0x80000,0x0,0x2B1868,0x0,2,0,1,0,stop_at_base,0,0,0,,CALLBACK_RETURN_SENTINEL_OK
p17_hit3_20260801_144835_85006,63,63,robotol.ext,3,3,1,0x30631D,0x30631D,0x80000,0x0,0x2B1868,0x0,2,0,1,0,stop_at_base,0,0,0,,CALLBACK_RETURN_SENTINEL_OK
p17_hit3_20260801_144835_85006,64,64,robotol.ext,3,3,1,0x30631D,0x30631D,0x80000,0x0,0x2B1868,0x0,2,0,1,0,stop_at_base,0,0,0,,CALLBACK_RETURN_SENTINEL_OK
p17_hit3_20260801_144835_85006,65,65,robotol.ext,3,3,1,0x30631D,0x30631D,0x80000,0x0,0x2B1868,0x0,2,0,1,0,stop_at_base,0,0,0,,CALLBACK_RETURN_SENTINEL_OK
p17_hit3_20260801_144835_85006,66,66,robotol.ext,3,3,1,0x30631D,0x30631D,0x80000,0x0,0x2B1868,0x0,2,0,1,0,stop_at_base,0,0,0,,CALLBACK_RETURN_SENTINEL_OK
p17_hit3_20260801_144835_85006,67,67,robotol.ext,3,3,1,0x30631D,0x30631D,0x80000,0x0,0x2B1868,0x0,2,0,1,0,stop_at_base,0,0,0,,CALLBACK_RETURN_SENTINEL_OK
p17_hit3_20260801_144835_85006,68,68,robotol.ext,3,3,1,0x30631D,0x30631D,0x80000,0x0,0x2B1868,0x0,2,0,1,0,stop_at_base,0,0,0,,CALLBACK_RETURN_SENTINEL_OK
p17_hit3_20260801_144835_85006,69,69,robotol.ext,3,3,1,0x30631D,0x30631D,0x80000,0x0,0x2B1868,0x0,2,0,1,0,stop_at_base,0,0,0,,CALLBACK_RETURN_SENTINEL_OK
p17_hit3_20260801_144835_85006,70,70,robotol.ext,3,3,1,0x30631D,0x30631D,0x80000,0x0,0x2B1868,0x0,2,0,1,0,stop_at_base,0,0,0,,CALLBACK_RETURN_SENTINEL_OK
p17_hit3_20260801_144835_85006,71,71,robotol.ext,3,3,1,0x30631D,0x30631D,0x80000,0x0,0x2B1868,0x0,2,0,1,0,stop_at_base,0,0,0,,CALLBACK_RETURN_SENTINEL_OK
p17_hit3_20260801_144835_85006,72,72,robotol.ext,3,3,1,0x30631D,0x30631D,0x80000,0x0,0x2B1868,0x0,2,0,1,0,stop_at_base,0,0,0,,CALLBACK_RETURN_SENTINEL_OK
p17_hit3_20260801_144835_85006,73,73,robotol.ext,3,3,1,0x30631D,0x30631D,0x80000,0x0,0x2B1868,0x0,2,0,1,0,stop_at_base,0,0,0,,CALLBACK_RETURN_SENTINEL_OK
p17_hit3_20260801_144835_85006,74,74,robotol.ext,3,3,1,0x30631D,0x30631D,0x80000,0x0,0x2B1868,0x0,2,0,1,0,stop_at_base,0,0,0,,CALLBACK_RETURN_SENTINEL_OK
p17_hit3_20260801_144835_85006,75,75,robotol.ext,3,3,1,0x30631D,0x30631D,0x80000,0x0,0x2B1868,0x0,2,0,1,0,stop_at_base,0,0,0,,CALLBACK_RETURN_SENTINEL_OK
p17_hit3_20260801_144835_85006,76,76,robotol.ext,3,3,1,0x30631D,0x30631D,0x80000,0x0,0x2B1868,0x0,2,0,1,0,stop_at_base,0,0,0,,CALLBACK_RETURN_SENTINEL_OK
p17_hit3_20260801_144835_85006,77,77,robotol.ext,3,3,1,0x30631D,0x30631D,0x80000,0x0,0x2B1868,0x0,2,0,1,0,stop_at_base,0,0,0,,CALLBACK_RETURN_SENTINEL_OK
p17_hit3_20260801_144835_85006,78,78,robotol.ext,3,3,1,0x30631D,0x30631D,0x80000,0x0,0x2B1868,0x0,2,0,1,0,stop_at_base,0,0,0,,CALLBACK_RETURN_SENTINEL_OK
p17_hit3_20260801_144835_85006,79,79,robotol.ext,3,3,1,0x30631D,0x30631D,0x80000,0x0,0x2B1868,0x0,2,0,1,0,stop_at_base,0,0,0,,CALLBACK_RETURN_SENTINEL_OK
p17_hit3_20260801_144835_85006,80,80,robotol.ext,3,3,1,0x30631D,0x30631D,0x80000,0x0,0x2B1868,0x0,2,0,1,0,stop_at_base,0,0,0,,CALLBACK_RETURN_SENTINEL_OK
p17_hit3_20260801_144835_85006,81,81,robotol.ext,3,3,1,0x30631D,0x30631D,0x80000,0x0,0x2B1868,0x0,2,0,1,0,stop_at_base,0,0,0,,CALLBACK_RETURN_SENTINEL_OK
p17_hit3_20260801_144835_85006,82,82,robotol.ext,3,3,1,0x30631D,0x30631D,0x80000,0x0,0x2B1868,0x0,2,0,1,0,stop_at_base,0,0,0,,CALLBACK_RETURN_SENTINEL_OK
p17_hit3_20260801_144835_85006,83,83,robotol.ext,3,3,1,0x30631D,0x30631D,0x80000,0x0,0x2B1868,0x0,2,0,1,0,stop_at_base,0,0,0,,CALLBACK_RETURN_SENTINEL_OK
p17_hit3_20260801_144835_85006,84,84,robotol.ext,3,3,1,0x30631D,0x30631D,0x80000,0x0,0x2B1868,0x0,2,0,1,0,stop_at_base,0,0,0,,CALLBACK_RETURN_SENTINEL_OK
p17_hit3_20260801_144835_85006,85,85,robotol.ext,3,3,1,0x30631D,0x30631D,0x80000,0x0,0x2B1868,0x0,2,0,1,0,stop_at_base,0,0,0,,CALLBACK_RETURN_SENTINEL_OK
p17_hit3_20260801_144835_85006,86,86,robotol.ext,3,3,1,0x30631D,0x30631D,0x80000,0x0,0x2B1868,0x0,2,0,1,0,stop_at_base,0,0,0,,CALLBACK_RETURN_SENTINEL_OK
p17_hit3_20260801_144835_85006,87,87,robotol.ext,3,3,1,0x30631D,0x30631D,0x80000,0x0,0x2B1868,0x0,2,0,1,0,stop_at_base,0,0,0,,CALLBACK_RETURN_SENTINEL_OK
p17_hit3_20260801_144835_85006,88,88,robotol.ext,3,3,1,0x30631D,0x30631D,0x80000,0x0,0x2B1868,0x0,2,0,1,0,stop_at_base,0,0,0,,CALLBACK_RETURN_SENTINEL_OK
p17_hit3_20260801_144835_85006,89,89,robotol.ext,3,3,1,0x30631D,0x30631D,0x80000,0x0,0x2B1868,0x0,2,0,1,0,stop_at_base,0,0,0,,CALLBACK_RETURN_SENTINEL_OK
p17_hit3_20260801_144835_85006,90,90,robotol.ext,3,3,1,0x30631D,0x30631D,0x80000,0x0,0x2B1868,0x0,2,0,1,0,stop_at_base,0,0,0,,CALLBACK_RETURN_SENTINEL_OK
p17_hit3_20260801_144835_85006,91,91,robotol.ext,3,3,1,0x30631D,0x30631D,0x80000,0x0,0x2B1868,0x0,2,0,1,0,stop_at_base,0,0,0,,CALLBACK_RETURN_SENTINEL_OK
p17_hit3_20260801_144835_85006,92,92,robotol.ext,3,3,1,0x30631D,0x30631D,0x80000,0x0,0x2B1868,0x0,2,0,1,0,stop_at_base,0,0,0,,CALLBACK_RETURN_SENTINEL_OK
p17_hit3_20260801_144835_85006,93,93,robotol.ext,3,3,1,0x30631D,0x30631D,0x80000,0x0,0x2B1868,0x0,2,0,1,0,stop_at_base,0,0,0,,CALLBACK_RETURN_SENTINEL_OK
p17_hit3_20260801_144835_85006,94,94,robotol.ext,3,3,1,0x30631D,0x30631D,0x80000,0x0,0x2B1868,0x0,2,0,1,0,stop_at_base,0,0,0,,CALLBACK_RETURN_SENTINEL_OK
p17_hit3_20260801_144835_85006,95,95,robotol.ext,3,3,1,0x30631D,0x30631D,0x80000,0x0,0x2B1868,0x0,2,0,1,0,stop_at_base,0,0,0,,CALLBACK_RETURN_SENTINEL_OK
p17_hit3_20260801_144835_85006,96,96,robotol.ext,3,3,1,0x30631D,0x30631D,0x80000,0x0,0x2B1868,0x0,2,0,1,0,stop_at_base,0,0,0,,CALLBACK_RETURN_SENTINEL_OK
p17_hit3_20260801_144835_85006,97,97,robotol.ext,3,3,1,0x30631D,0x30631D,0x80000,0x0,0x2B1868,0x0,2,0,1,0,stop_at_base,0,0,0,,CALLBACK_RETURN_SENTINEL_OK
p17_hit3_20260801_144835_85006,98,98,robotol.ext,3,3,1,0x30631D,0x30631D,0x80000,0x0,0x2B1868,0x0,2,0,1,0,stop_at_base,0,0,0,,CALLBACK_RETURN_SENTINEL_OK
p17_hit3_20260801_144835_85006,99,99,robotol.ext,3,3,1,0x30631D,0x30631D,0x80000,0x0,0x2B1868,0x0,2,0,1,0,stop_at_base,0,0,0,,CALLBACK_RETURN_SENTINEL_OK
p17_hit3_20260801_144835_85006,100,100,robotol.ext,3,3,1,0x30631D,0x30631D,0x80000,0x0,0x2B1868,0x0,2,0,1,0,stop_at_base,0,0,0,,CALLBACK_RETURN_SENTINEL_OK
p17_hit3_20260801_144835_85006,101,101,robotol.ext,3,3,1,0x30631D,0x30631D,0x80000,0x0,0x2B1868,0x0,2,0,1,0,stop_at_base,0,0,0,,CALLBACK_RETURN_SENTINEL_OK
p17_hit3_20260801_144835_85006,102,102,robotol.ext,3,3,1,0x30631D,0x30631D,0x80000,0x0,0x2B1868,0x0,2,0,1,0,stop_at_base,0,0,0,,CALLBACK_RETURN_SENTINEL_OK
p17_hit3_20260801_144835_85006,103,103,robotol.ext,3,3,1,0x30631D,0x30631D,0x80000,0x0,0x2B1868,0x0,2,0,1,0,stop_at_base,0,0,0,,CALLBACK_RETURN_SENTINEL_OK
p17_hit3_20260801_144835_85006,104,104,robotol.ext,3,3,1,0x30631D,0x30631D,0x80000,0x0,0x2B1868,0x0,2,0,1,0,stop_at_base,0,0,0,,CALLBACK_RETURN_SENTINEL_OK
p17_hit3_20260801_144835_85006,105,105,robotol.ext,3,3,1,0x30631D,0x30631D,0x80000,0x0,0x2B1868,0x0,2,0,1,0,stop_at_base,0,0,0,,CALLBACK_RETURN_SENTINEL_OK
p17_hit3_20260801_144835_85006,106,106,robotol.ext,3,3,1,0x30631D,0x30631D,0x80000,0x0,0x2B1868,0x0,2,0,1,0,stop_at_base,0,0,0,,CALLBACK_RETURN_SENTINEL_OK
p17_hit3_20260801_144835_85006,107,107,robotol.ext,3,3,1,0x30631D,0x30631D,0x80000,0x0,0x2B1868,0x0,2,0,1,0,stop_at_base,0,0,0,,CALLBACK_RETURN_SENTINEL_OK
p17_hit3_20260801_144835_85006,108,108,robotol.ext,3,3,1,0x30631D,0x30631D,0x80000,0x0,0x2B1868,0x0,2,0,1,0,stop_at_base,0,0,0,,CALLBACK_RETURN_SENTINEL_OK
p17_hit3_20260801_144835_85006,109,109,robotol.ext,3,3,1,0x30631D,0x30631D,0x80000,0x0,0x2B1868,0x0,2,0,1,0,stop_at_base,0,0,0,,CALLBACK_RETURN_SENTINEL_OK
p17_hit3_20260801_144835_85006,110,110,robotol.ext,3,3,1,0x30631D,0x30631D,0x80000,0x0,0x2B1868,0x0,2,0,1,0,stop_at_base,0,0,0,,CALLBACK_RETURN_SENTINEL_OK
p17_hit3_20260801_144835_85006,111,111,robotol.ext,3,3,1,0x30631D,0x30631D,0x80000,0x0,0x2B1868,0x0,2,0,1,0,stop_at_base,0,0,0,,CALLBACK_RETURN_SENTINEL_OK
p17_hit3_20260801_144835_85006,112,112,robotol.ext,3,3,1,0x30631D,0x30631D,0x80000,0x0,0x2B1868,0x0,2,0,1,0,stop_at_base,0,0,0,,CALLBACK_RETURN_SENTINEL_OK
p17_hit3_20260801_144835_85006,113,113,robotol.ext,3,3,1,0x30631D,0x30631D,0x80000,0x0,0x2B1868,0x0,2,0,1,0,stop_at_base,0,0,0,,CALLBACK_RETURN_SENTINEL_OK
p17_hit3_20260801_144835_85006,114,114,robotol.ext,3,3,1,0x30631D,0x30631D,0x80000,0x0,0x2B1868,0x0,2,0,1,0,stop_at_base,0,0,0,,CALLBACK_RETURN_SENTINEL_OK
p17_hit3_20260801_144835_85006,115,115,robotol.ext,3,3,1,0x30631D,0x30631D,0x80000,0x0,0x2B1868,0x0,2,0,1,0,stop_at_base,0,0,0,,CALLBACK_RETURN_SENTINEL_OK
p17_hit3_20260801_144835_85006,116,116,robotol.ext,3,3,1,0x30631D,0x30631D,0x80000,0x0,0x2B1868,0x0,2,0,1,0,stop_at_base,0,0,0,,CALLBACK_RETURN_SENTINEL_OK
p17_hit3_20260801_144835_85006,117,117,robotol.ext,3,3,1,0x30631D,0x30631D,0x80000,0x0,0x2B1868,0x0,2,0,1,0,stop_at_base,0,0,0,,CALLBACK_RETURN_SENTINEL_OK
p17_hit3_20260801_144835_85006,118,118,robotol.ext,3,3,1,0x30631D,0x30631D,0x80000,0x0,0x2B1868,0x0,2,0,1,0,stop_at_base,0,0,0,,CALLBACK_RETURN_SENTINEL_OK
p17_hit3_20260801_144835_85006,119,119,robotol.ext,3,3,1,0x30631D,0x30631D,0x80000,0x0,0x2B1868,0x0,2,0,1,0,stop_at_base,0,0,0,,CALLBACK_RETURN_SENTINEL_OK
p17_hit3_20260801_144835_85006,120,120,robotol.ext,3,3,1,0x30631D,0x30631D,0x80000,0x0,0x2B1868,0x0,2,0,1,0,stop_at_base,0,0,0,,CALLBACK_RETURN_SENTINEL_OK
p17_hit3_20260801_144835_85006,121,121,robotol.ext,3,3,1,0x30631D,0x30631D,0x80000,0x0,0x2B1868,0x0,2,0,1,0,stop_at_base,0,0,0,,CALLBACK_RETURN_SENTINEL_OK
p17_hit3_20260801_144835_85006,122,122,robotol.ext,3,3,1,0x30631D,0x30631D,0x80000,0x0,0x2B1868,0x0,2,0,1,0,stop_at_base,0,0,0,,CALLBACK_RETURN_SENTINEL_OK
p17_hit3_20260801_144835_85006,123,123,robotol.ext,3,3,1,0x30631D,0x30631D,0x80000,0x0,0x2B1868,0x0,2,0,1,0,stop_at_base,0,0,0,,CALLBACK_RETURN_SENTINEL_OK
p17_hit3_20260801_144835_85006,124,124,robotol.ext,3,3,1,0x30631D,0x30631D,0x80000,0x0,0x2B1868,0x0,2,0,1,0,stop_at_base,0,0,0,,CALLBACK_RETURN_SENTINEL_OK
p17_hit3_20260801_144835_85006,125,125,robotol.ext,3,3,1,0x30631D,0x30631D,0x80000,0x0,0x2B1868,0x0,2,0,1,0,stop_at_base,0,0,0,,CALLBACK_RETURN_SENTINEL_OK
p17_hit3_20260801_144835_85006,126,126,robotol.ext,3,3,1,0x30631D,0x30631D,0x80000,0x0,0x2B1868,0x0,2,0,1,0,stop_at_base,0,0,0,,CALLBACK_RETURN_SENTINEL_OK
p17_hit3_20260801_144835_85006,127,127,robotol.ext,3,3,1,0x30631D,0x30631D,0x80000,0x0,0x2B1868,0x0,2,0,1,0,stop_at_base,0,0,0,,CALLBACK_RETURN_SENTINEL_OK
p17_hit3_20260801_144835_85006,128,128,robotol.ext,3,3,1,0x30631D,0x30631D,0x80000,0x0,0x2B1868,0x0,2,0,1,0,stop_at_base,0,0,0,,CALLBACK_RETURN_SENTINEL_OK
p17_hit3_20260801_144835_85006,129,129,robotol.ext,3,3,1,0x30631D,0x30631D,0x80000,0x0,0x2B1868,0x0,2,0,1,0,stop_at_base,0,0,0,,CALLBACK_RETURN_SENTINEL_OK
p17_hit3_20260801_144835_85006,130,130,robotol.ext,3,3,1,0x30631D,0x30631D,0x80000,0x0,0x2B1868,0x0,2,0,1,0,stop_at_base,0,0,0,,CALLBACK_RETURN_SENTINEL_OK
p17_hit3_20260801_144835_85006,131,131,robotol.ext,3,3,1,0x30631D,0x30631D,0x80000,0x0,0x2B1868,0x0,2,0,1,0,stop_at_base,0,0,0,,CALLBACK_RETURN_SENTINEL_OK
p17_hit3_20260801_144835_85006,132,132,robotol.ext,3,3,1,0x30631D,0x30631D,0x80000,0x0,0x2B1868,0x0,2,0,1,0,stop_at_base,0,0,0,,CALLBACK_RETURN_SENTINEL_OK
p17_hit3_20260801_144835_85006,133,133,robotol.ext,3,3,1,0x30631D,0x30631D,0x80000,0x0,0x2B1868,0x0,2,0,1,0,stop_at_base,0,0,0,,CALLBACK_RETURN_SENTINEL_OK
p17_hit3_20260801_144835_85006,134,134,robotol.ext,3,3,1,0x30631D,0x30631D,0x80000,0x0,0x2B1868,0x0,2,0,1,0,stop_at_base,0,0,0,,CALLBACK_RETURN_SENTINEL_OK
p17_hit3_20260801_144835_85006,135,135,robotol.ext,3,3,1,0x30631D,0x30631D,0x80000,0x0,0x2B1868,0x0,2,0,1,0,stop_at_base,0,0,0,,CALLBACK_RETURN_SENTINEL_OK
p17_hit3_20260801_144835_85006,136,136,robotol.ext,3,3,1,0x30631D,0x30631D,0x80000,0x0,0x2B1868,0x0,2,0,1,0,stop_at_base,0,0,0,,CALLBACK_RETURN_SENTINEL_OK
p17_hit3_20260801_144835_85006,137,137,robotol.ext,3,3,1,0x30631D,0x30631D,0x80000,0x0,0x2B1868,0x0,2,0,1,0,stop_at_base,0,0,0,,CALLBACK_RETURN_SENTINEL_OK
p17_hit3_20260801_144835_85006,138,138,robotol.ext,3,3,1,0x30631D,0x30631D,0x80000,0x0,0x2B1868,0x0,2,0,1,0,stop_at_base,0,0,0,,CALLBACK_RETURN_SENTINEL_OK
p17_hit3_20260801_144835_85006,139,139,robotol.ext,3,3,1,0x30631D,0x30631D,0x80000,0x0,0x2B1868,0x0,2,0,1,0,stop_at_base,0,0,0,,CALLBACK_RETURN_SENTINEL_OK
p17_hit3_20260801_144835_85006,140,140,robotol.ext,3,3,1,0x30631D,0x30631D,0x80000,0x0,0x2B1868,0x0,2,0,1,0,stop_at_base,0,0,0,,CALLBACK_RETURN_SENTINEL_OK
p17_hit3_20260801_144835_85006,141,141,robotol.ext,3,3,1,0x30631D,0x30631D,0x80000,0x0,0x2B1868,0x0,2,0,1,0,stop_at_base,0,0,0,,CALLBACK_RETURN_SENTINEL_OK
p17_hit3_20260801_144835_85006,142,142,robotol.ext,3,3,1,0x30631D,0x30631D,0x80000,0x0,0x2B1868,0x0,2,0,1,0,stop_at_base,0,0,0,,CALLBACK_RETURN_SENTINEL_OK
p17_hit3_20260801_144835_85006,143,143,robotol.ext,3,3,1,0x30631D,0x30631D,0x80000,0x0,0x2B1868,0x0,2,0,1,0,stop_at_base,0,0,0,,CALLBACK_RETURN_SENTINEL_OK
p17_hit3_20260801_144835_85006,144,144,robotol.ext,3,3,1,0x30631D,0x30631D,0x80000,0x0,0x2B1868,0x0,2,0,1,0,stop_at_base,0,0,0,,CALLBACK_RETURN_SENTINEL_OK
p17_hit3_20260801_144835_85006,145,145,robotol.ext,3,3,1,0x30631D,0x30631D,0x80000,0x0,0x2B1868,0x0,2,0,1,0,stop_at_base,0,0,0,,CALLBACK_RETURN_SENTINEL_OK
p17_hit3_20260801_144835_85006,146,146,robotol.ext,3,3,1,0x30631D,0x30631D,0x80000,0x0,0x2B1868,0x0,2,0,1,0,stop_at_base,0,0,0,,CALLBACK_RETURN_SENTINEL_OK
p17_hit3_20260801_144835_85006,147,147,robotol.ext,3,3,1,0x30631D,0x30631D,0x80000,0x0,0x2B1868,0x0,2,0,1,0,stop_at_base,0,0,0,,CALLBACK_RETURN_SENTINEL_OK
p17_hit3_20260801_144835_85006,148,148,robotol.ext,3,3,1,0x30631D,0x30631D,0x80000,0x0,0x2B1868,0x0,2,0,1,0,stop_at_base,0,0,0,,CALLBACK_RETURN_SENTINEL_OK
p17_hit3_20260801_144835_85006,149,149,robotol.ext,3,3,1,0x30631D,0x30631D,0x80000,0x0,0x2B1868,0x0,2,0,1,0,stop_at_base,0,0,0,,CALLBACK_RETURN_SENTINEL_OK
p17_hit3_20260801_144835_85006,150,150,robotol.ext,3,3,1,0x30631D,0x30631D,0x80000,0x0,0x2B1868,0x0,2,0,1,0,stop_at_base,0,0,0,,CALLBACK_RETURN_SENTINEL_OK
p17_hit3_20260801_144835_85006,151,151,robotol.ext,3,3,1,0x30631D,0x30631D,0x80000,0x0,0x2B1868,0x0,2,0,1,0,stop_at_base,0,0,0,,CALLBACK_RETURN_SENTINEL_OK
p17_hit3_20260801_144835_85006,152,152,robotol.ext,3,3,1,0x30631D,0x30631D,0x80000,0x0,0x2B1868,0x0,2,0,1,0,stop_at_base,0,0,0,,CALLBACK_RETURN_SENTINEL_OK
p17_hit3_20260801_144835_85006,153,153,robotol.ext,3,3,1,0x30631D,0x30631D,0x80000,0x0,0x2B1868,0x0,2,0,1,0,stop_at_base,0,0,0,,CALLBACK_RETURN_SENTINEL_OK
p17_hit3_20260801_144835_85006,154,154,robotol.ext,3,3,1,0x30631D,0x30631D,0x80000,0x0,0x2B1868,0x0,2,0,1,0,stop_at_base,0,0,0,,CALLBACK_RETURN_SENTINEL_OK
p17_hit3_20260801_144835_85006,155,155,robotol.ext,3,3,1,0x30631D,0x30631D,0x80000,0x0,0x2B1868,0x0,2,0,1,0,stop_at_base,0,0,0,,CALLBACK_RETURN_SENTINEL_OK
p17_hit3_20260801_144835_85006,156,156,robotol.ext,3,3,1,0x30631D,0x30631D,0x80000,0x0,0x2B1868,0x0,2,0,1,0,stop_at_base,0,0,0,,CALLBACK_RETURN_SENTINEL_OK
p17_hit3_20260801_144835_85006,157,157,robotol.ext,3,3,1,0x30631D,0x30631D,0x80000,0x0,0x2B1868,0x0,2,0,1,0,stop_at_base,0,0,0,,CALLBACK_RETURN_SENTINEL_OK
p17_hit3_20260801_144835_85006,158,158,robotol.ext,3,3,1,0x30631D,0x30631D,0x80000,0x0,0x2B1868,0x0,2,0,1,0,stop_at_base,0,0,0,,CALLBACK_RETURN_SENTINEL_OK
p17_hit3_20260801_144835_85006,159,159,robotol.ext,3,3,1,0x30631D,0x30631D,0x80000,0x0,0x2B1868,0x0,2,0,1,0,stop_at_base,0,0,0,,CALLBACK_RETURN_SENTINEL_OK
p17_hit3_20260801_144835_85006,160,160,robotol.ext,3,3,1,0x30631D,0x30631D,0x80000,0x0,0x2B1868,0x0,2,0,1,0,stop_at_base,0,0,0,,CALLBACK_RETURN_SENTINEL_OK
p17_hit3_20260801_144835_85006,161,161,robotol.ext,3,3,1,0x30631D,0x30631D,0x80000,0x0,0x2B1868,0x0,2,0,1,0,stop_at_base,0,0,0,,CALLBACK_RETURN_SENTINEL_OK
p17_hit3_20260801_144835_85006,162,162,robotol.ext,3,3,1,0x30631D,0x30631D,0x80000,0x0,0x2B1868,0x0,2,0,1,0,stop_at_base,0,0,0,,CALLBACK_RETURN_SENTINEL_OK
p17_hit3_20260801_144835_85006,163,163,robotol.ext,3,3,1,0x30631D,0x30631D,0x80000,0x0,0x2B1868,0x0,2,0,1,0,stop_at_base,0,0,0,,CALLBACK_RETURN_SENTINEL_OK
p17_hit3_20260801_144835_85006,164,164,robotol.ext,3,3,1,0x30631D,0x30631D,0x80000,0x0,0x2B1868,0x0,2,0,1,0,stop_at_base,0,0,0,,CALLBACK_RETURN_SENTINEL_OK
p17_hit3_20260801_144835_85006,165,165,robotol.ext,3,3,1,0x30631D,0x30631D,0x80000,0x0,0x2B1868,0x0,2,0,1,0,stop_at_base,0,0,0,,CALLBACK_RETURN_SENTINEL_OK
p17_hit3_20260801_144835_85006,166,166,robotol.ext,3,3,1,0x30631D,0x30631D,0x80000,0x0,0x2B1868,0x0,2,0,1,0,stop_at_base,0,0,0,,CALLBACK_RETURN_SENTINEL_OK
p17_hit3_20260801_144835_85006,167,167,robotol.ext,3,3,1,0x30631D,0x30631D,0x80000,0x0,0x2B1868,0x0,2,0,1,0,stop_at_base,0,0,0,,CALLBACK_RETURN_SENTINEL_OK
p17_hit3_20260801_144835_85006,168,168,robotol.ext,3,3,1,0x30631D,0x30631D,0x80000,0x0,0x2B1868,0x0,2,0,1,0,stop_at_base,0,0,0,,CALLBACK_RETURN_SENTINEL_OK
p17_hit3_20260801_144835_85006,169,169,robotol.ext,3,3,1,0x30631D,0x30631D,0x80000,0x0,0x2B1868,0x0,2,0,1,0,stop_at_base,0,0,0,,CALLBACK_RETURN_SENTINEL_OK
p17_hit3_20260801_144835_85006,170,170,robotol.ext,3,3,1,0x30631D,0x30631D,0x80000,0x0,0x2B1868,0x0,2,0,1,0,stop_at_base,0,0,0,,CALLBACK_RETURN_SENTINEL_OK
p17_hit3_20260801_144835_85006,171,171,robotol.ext,3,3,1,0x30631D,0x30631D,0x80000,0x0,0x2B1868,0x0,2,0,1,0,stop_at_base,0,0,0,,CALLBACK_RETURN_SENTINEL_OK
p17_hit3_20260801_144835_85006,172,172,robotol.ext,3,3,1,0x30631D,0x30631D,0x80000,0x0,0x2B1868,0x0,2,0,1,0,stop_at_base,0,0,0,,CALLBACK_RETURN_SENTINEL_OK
p17_hit3_20260801_144835_85006,173,173,robotol.ext,3,3,1,0x30631D,0x30631D,0x80000,0x0,0x2B1868,0x0,2,0,1,0,stop_at_base,0,0,0,,CALLBACK_RETURN_SENTINEL_OK
p17_hit3_20260801_144835_85006,174,174,robotol.ext,3,3,1,0x30631D,0x30631D,0x80000,0x0,0x2B1868,0x0,2,0,1,0,stop_at_base,0,0,0,,CALLBACK_RETURN_SENTINEL_OK
p17_hit3_20260801_144835_85006,175,175,robotol.ext,3,3,1,0x30631D,0x30631D,0x80000,0x0,0x2B1868,0x0,2,0,1,0,stop_at_base,0,0,0,,CALLBACK_RETURN_SENTINEL_OK
p17_hit3_20260801_144835_85006,176,176,robotol.ext,3,3,1,0x30631D,0x30631D,0x80000,0x0,0x2B1868,0x0,2,0,1,0,stop_at_base,0,0,0,,CALLBACK_RETURN_SENTINEL_OK
p17_hit3_20260801_144835_85006,177,177,robotol.ext,3,3,1,0x30631D,0x30631D,0x80000,0x0,0x2B1868,0x0,2,0,1,0,stop_at_base,0,0,0,,CALLBACK_RETURN_SENTINEL_OK
p17_hit3_20260801_144835_85006,178,178,robotol.ext,3,3,1,0x30631D,0x30631D,0x80000,0x0,0x2B1868,0x0,2,0,1,0,stop_at_base,0,0,0,,CALLBACK_RETURN_SENTINEL_OK
p17_hit3_20260801_144835_85006,179,179,robotol.ext,3,3,1,0x30631D,0x30631D,0x80000,0x0,0x2B1868,0x0,2,0,1,0,stop_at_base,0,0,0,,CALLBACK_RETURN_SENTINEL_OK
p17_hit3_20260801_144835_85006,180,180,robotol.ext,3,3,1,0x30631D,0x30631D,0x80000,0x0,0x2B1868,0x0,2,0,1,0,stop_at_base,0,0,0,,CALLBACK_RETURN_SENTINEL_OK
p17_hit3_20260801_144835_85006,181,181,robotol.ext,3,3,1,0x30631D,0x30631D,0x80000,0x0,0x2B1868,0x0,2,0,1,0,stop_at_base,0,0,0,,CALLBACK_RETURN_SENTINEL_OK
p17_hit3_20260801_144835_85006,182,182,robotol.ext,3,3,1,0x30631D,0x30631D,0x80000,0x0,0x2B1868,0x0,2,0,1,0,stop_at_base,0,0,0,,CALLBACK_RETURN_SENTINEL_OK
p17_hit3_20260801_144835_85006,183,183,robotol.ext,3,3,1,0x30631D,0x30631D,0x80000,0x0,0x2B1868,0x0,2,0,1,0,stop_at_base,0,0,0,,CALLBACK_RETURN_SENTINEL_OK
p17_hit3_20260801_144835_85006,184,184,robotol.ext,3,3,1,0x30631D,0x30631D,0x80000,0x0,0x2B1868,0x0,2,0,1,0,stop_at_base,0,0,0,,CALLBACK_RETURN_SENTINEL_OK
p17_hit3_20260801_144835_85006,185,185,robotol.ext,3,3,1,0x30631D,0x30631D,0x80000,0x0,0x2B1868,0x0,2,0,1,0,stop_at_base,0,0,0,,CALLBACK_RETURN_SENTINEL_OK
p17_hit3_20260801_144835_85006,186,186,robotol.ext,3,3,1,0x30631D,0x30631D,0x80000,0x0,0x2B1868,0x0,2,0,1,0,stop_at_base,0,0,0,,CALLBACK_RETURN_SENTINEL_OK
p17_hit3_20260801_144835_85006,187,187,robotol.ext,3,3,1,0x30631D,0x30631D,0x80000,0x0,0x2B1868,0x0,2,0,1,0,stop_at_base,0,0,0,,CALLBACK_RETURN_SENTINEL_OK
p17_hit3_20260801_144835_85006,188,188,robotol.ext,3,3,1,0x30631D,0x30631D,0x80000,0x0,0x2B1868,0x0,2,0,1,0,stop_at_base,0,0,0,,CALLBACK_RETURN_SENTINEL_OK
p17_hit3_20260801_144835_85006,189,189,robotol.ext,3,3,1,0x30631D,0x30631D,0x80000,0x0,0x2B1868,0x0,2,0,1,0,stop_at_base,0,0,0,,CALLBACK_RETURN_SENTINEL_OK
p17_hit3_20260801_144835_85006,190,190,robotol.ext,3,3,1,0x30631D,0x30631D,0x80000,0x0,0x2B1868,0x0,2,0,1,0,stop_at_base,0,0,0,,CALLBACK_RETURN_SENTINEL_OK
p17_hit3_20260801_144835_85006,191,191,robotol.ext,3,3,1,0x30631D,0x30631D,0x80000,0x0,0x2B1868,0x0,2,0,1,0,stop_at_base,0,0,0,,CALLBACK_RETURN_SENTINEL_OK
p17_hit3_20260801_144835_85006,192,192,robotol.ext,3,3,1,0x30631D,0x30631D,0x80000,0x0,0x2B1868,0x0,2,0,1,0,stop_at_base,0,0,0,,CALLBACK_RETURN_SENTINEL_OK
p17_hit3_20260801_144835_85006,193,193,robotol.ext,3,3,1,0x30631D,0x30631D,0x80000,0x0,0x2B1868,0x0,2,0,1,0,stop_at_base,0,0,0,,CALLBACK_RETURN_SENTINEL_OK
p17_hit3_20260801_144835_85006,194,194,robotol.ext,3,3,1,0x30631D,0x30631D,0x80000,0x0,0x2B1868,0x0,2,0,1,0,stop_at_base,0,0,0,,CALLBACK_RETURN_SENTINEL_OK
p17_hit3_20260801_144835_85006,195,195,robotol.ext,3,3,1,0x30631D,0x30631D,0x80000,0x0,0x2B1868,0x0,2,0,1,0,stop_at_base,0,0,0,,CALLBACK_RETURN_SENTINEL_OK
p17_hit3_20260801_144835_85006,196,196,robotol.ext,3,3,1,0x30631D,0x30631D,0x80000,0x0,0x2B1868,0x0,2,0,1,0,stop_at_base,0,0,0,,CALLBACK_RETURN_SENTINEL_OK
p17_hit3_20260801_144835_85006,197,197,robotol.ext,3,3,1,0x30631D,0x30631D,0x80000,0x0,0x2B1868,0x0,2,0,1,0,stop_at_base,0,0,0,,CALLBACK_RETURN_SENTINEL_OK
p17_hit3_20260801_144835_85006,198,198,robotol.ext,3,3,1,0x30631D,0x30631D,0x80000,0x0,0x2B1868,0x0,2,0,1,0,stop_at_base,0,0,0,,CALLBACK_RETURN_SENTINEL_OK
p17_hit3_20260801_144835_85006,199,199,robotol.ext,3,3,1,0x30631D,0x30631D,0x80000,0x0,0x2B1868,0x0,2,0,1,0,stop_at_base,0,0,0,,CALLBACK_RETURN_SENTINEL_OK
p17_hit3_20260801_144835_85006,200,200,robotol.ext,3,3,1,0x30631D,0x30631D,0x80000,0x0,0x2B1868,0x0,2,0,1,0,stop_at_base,0,0,0,,CALLBACK_RETURN_SENTINEL_OK
p17_hit3_20260801_144835_85006,201,201,robotol.ext,3,3,1,0x30631D,0x30631D,0x80000,0x0,0x2B1868,0x0,2,0,1,0,stop_at_base,0,0,0,,CALLBACK_RETURN_SENTINEL_OK
p17_hit3_20260801_144835_85006,202,202,robotol.ext,3,3,1,0x30631D,0x30631D,0x80000,0x0,0x2B1868,0x0,2,0,1,0,stop_at_base,0,0,0,,CALLBACK_RETURN_SENTINEL_OK
p17_hit3_20260801_144835_85006,203,203,robotol.ext,3,3,1,0x30631D,0x30631D,0x80000,0x0,0x2B1868,0x0,2,0,1,0,stop_at_base,0,0,0,,CALLBACK_RETURN_SENTINEL_OK
p17_hit3_20260801_144835_85006,204,204,robotol.ext,3,3,1,0x30631D,0x30631D,0x80000,0x0,0x2B1868,0x0,2,0,1,0,stop_at_base,0,0,0,,CALLBACK_RETURN_SENTINEL_OK
p17_hit3_20260801_144835_85006,205,205,robotol.ext,3,3,1,0x30631D,0x30631D,0x80000,0x0,0x2B1868,0x0,2,0,1,0,stop_at_base,0,0,0,,CALLBACK_RETURN_SENTINEL_OK
p17_hit3_20260801_144835_85006,206,206,robotol.ext,3,3,1,0x30631D,0x30631D,0x80000,0x0,0x2B1868,0x0,2,0,1,0,stop_at_base,0,0,0,,CALLBACK_RETURN_SENTINEL_OK
p17_hit3_20260801_144835_85006,207,207,robotol.ext,3,3,1,0x30631D,0x30631D,0x80000,0x0,0x2B1868,0x0,2,0,1,0,stop_at_base,0,0,0,,CALLBACK_RETURN_SENTINEL_OK
p17_hit3_20260801_144835_85006,208,208,robotol.ext,3,3,1,0x30631D,0x30631D,0x80000,0x0,0x2B1868,0x0,2,0,1,0,stop_at_base,0,0,0,,CALLBACK_RETURN_SENTINEL_OK
p17_hit3_20260801_144835_85006,209,209,robotol.ext,3,3,1,0x30631D,0x30631D,0x80000,0x0,0x2B1868,0x0,2,0,1,0,stop_at_base,0,0,0,,CALLBACK_RETURN_SENTINEL_OK
p17_hit3_20260801_144835_85006,210,210,robotol.ext,3,3,1,0x30631D,0x30631D,0x80000,0x0,0x2B1868,0x0,2,0,1,0,stop_at_base,0,0,0,,CALLBACK_RETURN_SENTINEL_OK
p17_hit3_20260801_144835_85006,211,211,robotol.ext,3,3,1,0x30631D,0x30631D,0x80000,0x0,0x2B1868,0x0,2,0,1,0,stop_at_base,0,0,0,,CALLBACK_RETURN_SENTINEL_OK
p17_hit3_20260801_144835_85006,212,212,robotol.ext,3,3,1,0x30631D,0x30631D,0x80000,0x0,0x2B1868,0x0,2,0,1,0,stop_at_base,0,0,0,,CALLBACK_RETURN_SENTINEL_OK
p17_hit3_20260801_144835_85006,213,213,robotol.ext,3,3,1,0x30631D,0x30631D,0x80000,0x0,0x2B1868,0x0,2,0,1,0,stop_at_base,0,0,0,,CALLBACK_RETURN_SENTINEL_OK
p17_hit3_20260801_144835_85006,214,214,robotol.ext,3,3,1,0x30631D,0x30631D,0x80000,0x0,0x2B1868,0x0,2,0,1,0,stop_at_base,0,0,0,,CALLBACK_RETURN_SENTINEL_OK
p17_hit3_20260801_144835_85006,215,215,robotol.ext,3,3,1,0x30631D,0x30631D,0x80000,0x0,0x2B1868,0x0,2,0,1,0,stop_at_base,0,0,0,,CALLBACK_RETURN_SENTINEL_OK
p17_hit3_20260801_144835_85006,216,216,robotol.ext,3,3,1,0x30631D,0x30631D,0x80000,0x0,0x2B1868,0x0,2,0,1,0,stop_at_base,0,0,0,,CALLBACK_RETURN_SENTINEL_OK
p17_hit3_20260801_144835_85006,217,217,robotol.ext,3,3,1,0x30631D,0x30631D,0x80000,0x0,0x2B1868,0x0,2,0,1,0,stop_at_base,0,0,0,,CALLBACK_RETURN_SENTINEL_OK
p17_hit3_20260801_144835_85006,218,218,robotol.ext,3,3,1,0x30631D,0x30631D,0x80000,0x0,0x2B1868,0x0,2,0,1,0,stop_at_base,0,0,0,,CALLBACK_RETURN_SENTINEL_OK
p17_hit3_20260801_144835_85006,219,219,robotol.ext,3,3,1,0x30631D,0x30631D,0x80000,0x0,0x2B1868,0x0,2,0,1,0,stop_at_base,0,0,0,,CALLBACK_RETURN_SENTINEL_OK
p17_hit3_20260801_144835_85006,220,220,robotol.ext,3,3,1,0x30631D,0x30631D,0x80000,0x0,0x2B1868,0x0,2,0,1,0,stop_at_base,0,0,0,,CALLBACK_RETURN_SENTINEL_OK
p17_hit3_20260801_144835_85006,221,221,robotol.ext,3,3,1,0x30631D,0x30631D,0x80000,0x0,0x2B1868,0x0,2,0,1,0,stop_at_base,0,0,0,,CALLBACK_RETURN_SENTINEL_OK
p17_hit3_20260801_144835_85006,222,222,robotol.ext,3,3,1,0x30631D,0x30631D,0x80000,0x0,0x2B1868,0x0,2,0,1,0,stop_at_base,0,0,0,,CALLBACK_RETURN_SENTINEL_OK
p17_hit3_20260801_144835_85006,223,223,robotol.ext,3,3,1,0x30631D,0x30631D,0x80000,0x0,0x2B1868,0x0,2,0,1,0,stop_at_base,0,0,0,,CALLBACK_RETURN_SENTINEL_OK
p17_hit3_20260801_144835_85006,224,224,robotol.ext,3,3,1,0x30631D,0x30631D,0x80000,0x0,0x2B1868,0x0,2,0,1,0,stop_at_base,0,0,0,,CALLBACK_RETURN_SENTINEL_OK
p17_hit3_20260801_144835_85006,225,225,robotol.ext,3,3,1,0x30631D,0x30631D,0x80000,0x0,0x2B1868,0x0,2,0,1,0,stop_at_base,0,0,0,,CALLBACK_RETURN_SENTINEL_OK
p17_hit3_20260801_144835_85006,226,226,robotol.ext,3,3,1,0x30631D,0x30631D,0x80000,0x0,0x2B1868,0x0,2,0,1,0,stop_at_base,0,0,0,,CALLBACK_RETURN_SENTINEL_OK
p17_hit3_20260801_144835_85006,227,227,robotol.ext,3,3,1,0x30631D,0x30631D,0x80000,0x0,0x2B1868,0x0,2,0,1,0,stop_at_base,0,0,0,,CALLBACK_RETURN_SENTINEL_OK
p17_hit3_20260801_144835_85006,228,228,robotol.ext,3,3,1,0x30631D,0x30631D,0x80000,0x0,0x2B1868,0x0,2,0,1,0,stop_at_base,0,0,0,,CALLBACK_RETURN_SENTINEL_OK
p17_hit3_20260801_144835_85006,229,229,robotol.ext,3,3,1,0x30631D,0x30631D,0x80000,0x0,0x2B1868,0x0,2,0,1,0,stop_at_base,0,0,0,,CALLBACK_RETURN_SENTINEL_OK
p17_hit3_20260801_144835_85006,230,230,robotol.ext,3,3,1,0x30631D,0x30631D,0x80000,0x0,0x2B1868,0x0,2,0,1,0,stop_at_base,0,0,0,,CALLBACK_RETURN_SENTINEL_OK
p17_hit3_20260801_144835_85006,231,231,robotol.ext,3,3,1,0x30631D,0x30631D,0x80000,0x0,0x2B1868,0x0,2,0,1,0,stop_at_base,0,0,0,,CALLBACK_RETURN_SENTINEL_OK
p17_hit3_20260801_144835_85006,232,232,robotol.ext,3,3,1,0x30631D,0x30631D,0x80000,0x0,0x2B1868,0x0,2,0,1,0,stop_at_base,0,0,0,,CALLBACK_RETURN_SENTINEL_OK
p17_hit3_20260801_144835_85006,233,233,robotol.ext,3,3,1,0x30631D,0x30631D,0x80000,0x0,0x2B1868,0x0,2,0,1,0,stop_at_base,0,0,0,,CALLBACK_RETURN_SENTINEL_OK
p17_hit3_20260801_144835_85006,234,234,robotol.ext,3,3,1,0x30631D,0x30631D,0x80000,0x0,0x2B1868,0x0,2,0,1,0,stop_at_base,0,0,0,,CALLBACK_RETURN_SENTINEL_OK
p17_hit3_20260801_144835_85006,235,235,robotol.ext,3,3,1,0x30631D,0x30631D,0x80000,0x0,0x2B1868,0x0,2,0,1,0,stop_at_base,0,0,0,,CALLBACK_RETURN_SENTINEL_OK
p17_hit3_20260801_144835_85006,236,236,robotol.ext,3,3,1,0x30631D,0x30631D,0x80000,0x0,0x2B1868,0x0,2,0,1,0,stop_at_base,0,0,0,,CALLBACK_RETURN_SENTINEL_OK
p17_hit3_20260801_144835_85006,237,237,robotol.ext,3,3,1,0x30631D,0x30631D,0x80000,0x0,0x2B1868,0x0,2,0,1,0,stop_at_base,0,0,0,,CALLBACK_RETURN_SENTINEL_OK
p17_hit3_20260801_144835_85006,238,238,robotol.ext,3,3,1,0x30631D,0x30631D,0x80000,0x0,0x2B1868,0x0,2,0,1,0,stop_at_base,0,0,0,,CALLBACK_RETURN_SENTINEL_OK
p17_hit3_20260801_144835_85006,239,239,robotol.ext,3,3,1,0x30631D,0x30631D,0x80000,0x0,0x2B1868,0x0,2,0,1,0,stop_at_base,0,0,0,,CALLBACK_RETURN_SENTINEL_OK
p17_hit3_20260801_144835_85006,240,240,robotol.ext,3,3,1,0x30631D,0x30631D,0x80000,0x0,0x2B1868,0x0,2,0,1,0,stop_at_base,0,0,0,,CALLBACK_RETURN_SENTINEL_OK
p17_hit3_20260801_144835_85006,241,241,robotol.ext,3,3,1,0x30631D,0x30631D,0x80000,0x0,0x2B1868,0x0,2,0,1,0,stop_at_base,0,0,0,,CALLBACK_RETURN_SENTINEL_OK
p17_hit3_20260801_144835_85006,242,242,robotol.ext,3,3,1,0x30631D,0x30631D,0x80000,0x0,0x2B1868,0x0,2,0,1,0,stop_at_base,0,0,0,,CALLBACK_RETURN_SENTINEL_OK
p17_hit3_20260801_144835_85006,243,243,robotol.ext,3,3,1,0x30631D,0x30631D,0x80000,0x0,0x2B1868,0x0,2,0,1,0,stop_at_base,0,0,0,,CALLBACK_RETURN_SENTINEL_OK
p17_hit3_20260801_144835_85006,244,244,robotol.ext,3,3,1,0x30631D,0x30631D,0x80000,0x0,0x2B1868,0x0,2,0,1,0,stop_at_base,0,0,0,,CALLBACK_RETURN_SENTINEL_OK
p17_hit3_20260801_144835_85006,245,245,robotol.ext,3,3,1,0x30631D,0x30631D,0x80000,0x0,0x2B1868,0x0,2,0,1,0,stop_at_base,0,0,0,,CALLBACK_RETURN_SENTINEL_OK
p17_hit3_20260801_144835_85006,246,246,robotol.ext,3,3,1,0x30631D,0x30631D,0x80000,0x0,0x2B1868,0x0,2,0,1,0,stop_at_base,0,0,0,,CALLBACK_RETURN_SENTINEL_OK
p17_hit3_20260801_144835_85006,247,247,robotol.ext,3,3,1,0x30631D,0x30631D,0x80000,0x0,0x2B1868,0x0,2,0,1,0,stop_at_base,0,0,0,,CALLBACK_RETURN_SENTINEL_OK
p17_hit3_20260801_144835_85006,248,248,robotol.ext,3,3,1,0x30631D,0x30631D,0x80000,0x0,0x2B1868,0x0,2,0,1,0,stop_at_base,0,0,0,,CALLBACK_RETURN_SENTINEL_OK
p17_hit3_20260801_144835_85006,249,249,robotol.ext,3,3,1,0x30631D,0x30631D,0x80000,0x0,0x2B1868,0x0,2,0,1,0,stop_at_base,0,0,0,,CALLBACK_RETURN_SENTINEL_OK
p17_hit3_20260801_144835_85006,250,250,robotol.ext,3,3,1,0x30631D,0x30631D,0x80000,0x0,0x2B1868,0x0,2,0,1,0,stop_at_base,0,0,0,,CALLBACK_RETURN_SENTINEL_OK
p17_hit3_20260801_144835_85006,251,251,robotol.ext,3,3,1,0x30631D,0x30631D,0x80000,0x0,0x2B1868,0x0,2,0,1,0,stop_at_base,0,0,0,,CALLBACK_RETURN_SENTINEL_OK
p17_hit3_20260801_144835_85006,252,252,robotol.ext,3,3,1,0x30631D,0x30631D,0x80000,0x0,0x2B1868,0x0,2,0,1,0,stop_at_base,0,0,0,,CALLBACK_RETURN_SENTINEL_OK
p17_hit3_20260801_144835_85006,253,253,robotol.ext,3,3,1,0x30631D,0x30631D,0x80000,0x0,0x2B1868,0x0,2,0,1,0,stop_at_base,0,0,0,,CALLBACK_RETURN_SENTINEL_OK
p17_hit3_20260801_144835_85006,254,254,robotol.ext,3,3,1,0x30631D,0x30631D,0x80000,0x0,0x2B1868,0x0,2,0,1,0,stop_at_base,0,0,0,,CALLBACK_RETURN_SENTINEL_OK
p17_hit3_20260801_144835_85006,255,255,robotol.ext,3,3,1,0x30631D,0x30631D,0x80000,0x0,0x2B1868,0x0,2,0,1,0,stop_at_base,0,0,0,,CALLBACK_RETURN_SENTINEL_OK
p17_hit3_20260801_144835_85006,256,256,robotol.ext,3,3,1,0x30631D,0x30631D,0x80000,0x0,0x2B1868,0x0,2,0,1,0,stop_at_base,0,0,0,,CALLBACK_RETURN_SENTINEL_OK
p17_hit3_20260801_144835_85006,257,257,robotol.ext,3,3,1,0x30631D,0x30631D,0x80000,0x0,0x2B1868,0x0,2,0,1,0,stop_at_base,0,0,0,,CALLBACK_RETURN_SENTINEL_OK
p17_hit3_20260801_144835_85006,258,258,robotol.ext,3,3,1,0x30631D,0x30631D,0x80000,0x0,0x2B1868,0x0,2,0,1,0,stop_at_base,0,0,0,,CALLBACK_RETURN_SENTINEL_OK
p17_hit3_20260801_144835_85006,259,259,robotol.ext,3,3,1,0x30631D,0x30631D,0x80000,0x0,0x2B1868,0x0,2,0,1,0,stop_at_base,0,0,0,,CALLBACK_RETURN_SENTINEL_OK
p17_hit3_20260801_144835_85006,260,260,robotol.ext,3,3,1,0x30631D,0x30631D,0x80000,0x0,0x2B1868,0x0,2,0,1,0,stop_at_base,0,0,0,,CALLBACK_RETURN_SENTINEL_OK
p17_hit3_20260801_144835_85006,261,261,robotol.ext,3,3,1,0x30631D,0x30631D,0x80000,0x0,0x2B1868,0x0,2,0,1,0,stop_at_base,0,0,0,,CALLBACK_RETURN_SENTINEL_OK
p17_hit3_20260801_144835_85006,262,262,robotol.ext,3,3,1,0x30631D,0x30631D,0x80000,0x0,0x2B1868,0x0,2,0,1,0,stop_at_base,0,0,0,,CALLBACK_RETURN_SENTINEL_OK
p17_hit3_20260801_144835_85006,263,263,robotol.ext,3,3,1,0x30631D,0x30631D,0x80000,0x0,0x2B1868,0x0,2,0,1,0,stop_at_base,0,0,0,,CALLBACK_RETURN_SENTINEL_OK
p17_hit3_20260801_144835_85006,264,264,robotol.ext,3,3,1,0x30631D,0x30631D,0x80000,0x0,0x2B1868,0x0,2,0,1,0,stop_at_base,0,0,0,,CALLBACK_RETURN_SENTINEL_OK
p17_hit3_20260801_144835_85006,265,265,robotol.ext,3,3,1,0x30631D,0x30631D,0x80000,0x0,0x2B1868,0x0,2,0,1,0,stop_at_base,0,0,0,,CALLBACK_RETURN_SENTINEL_OK
p17_hit3_20260801_144835_85006,266,266,robotol.ext,3,3,1,0x30631D,0x30631D,0x80000,0x0,0x2B1868,0x0,2,0,1,0,stop_at_base,0,0,0,,CALLBACK_RETURN_SENTINEL_OK
p17_hit3_20260801_144835_85006,267,267,robotol.ext,3,3,1,0x30631D,0x30631D,0x80000,0x0,0x2B1868,0x0,2,0,1,0,stop_at_base,0,0,0,,CALLBACK_RETURN_SENTINEL_OK
p17_hit3_20260801_144835_85006,268,268,robotol.ext,3,3,1,0x30631D,0x30631D,0x80000,0x0,0x2B1868,0x0,2,0,1,0,stop_at_base,0,0,0,,CALLBACK_RETURN_SENTINEL_OK
p17_hit3_20260801_144835_85006,269,269,robotol.ext,3,3,1,0x30631D,0x30631D,0x80000,0x0,0x2B1868,0x0,2,0,1,0,stop_at_base,0,0,0,,CALLBACK_RETURN_SENTINEL_OK
p17_hit3_20260801_144835_85006,270,270,robotol.ext,3,3,1,0x30631D,0x30631D,0x80000,0x0,0x2B1868,0x0,2,0,1,0,stop_at_base,0,0,0,,CALLBACK_RETURN_SENTINEL_OK
p17_hit3_20260801_144835_85006,271,271,robotol.ext,3,3,1,0x30631D,0x30631D,0x80000,0x0,0x2B1868,0x0,2,0,1,0,stop_at_base,0,0,0,,CALLBACK_RETURN_SENTINEL_OK
p17_hit3_20260801_144835_85006,272,272,robotol.ext,3,3,1,0x30631D,0x30631D,0x80000,0x0,0x2B1868,0x0,2,0,1,0,stop_at_base,0,0,0,,CALLBACK_RETURN_SENTINEL_OK
p17_hit3_20260801_144835_85006,273,273,robotol.ext,3,3,1,0x30631D,0x30631D,0x80000,0x0,0x2B1868,0x0,2,0,1,0,stop_at_base,0,0,0,,CALLBACK_RETURN_SENTINEL_OK
p17_hit3_20260801_144835_85006,274,274,robotol.ext,3,3,1,0x30631D,0x30631D,0x80000,0x0,0x2B1868,0x0,2,0,1,0,stop_at_base,0,0,0,,CALLBACK_RETURN_SENTINEL_OK
p17_hit3_20260801_144835_85006,275,275,robotol.ext,3,3,1,0x30631D,0x30631D,0x80000,0x0,0x2B1868,0x0,2,0,1,0,stop_at_base,0,0,0,,CALLBACK_RETURN_SENTINEL_OK
p17_hit3_20260801_144835_85006,276,276,robotol.ext,3,3,1,0x30631D,0x30631D,0x80000,0x0,0x2B1868,0x0,2,0,1,0,stop_at_base,0,0,0,,CALLBACK_RETURN_SENTINEL_OK
p17_hit3_20260801_144835_85006,277,277,robotol.ext,3,3,1,0x30631D,0x30631D,0x80000,0x0,0x2B1868,0x0,2,0,1,0,stop_at_base,0,0,0,,CALLBACK_RETURN_SENTINEL_OK
p17_hit3_20260801_144835_85006,278,278,robotol.ext,3,3,1,0x30631D,0x30631D,0x80000,0x0,0x2B1868,0x0,2,0,1,0,stop_at_base,0,0,0,,CALLBACK_RETURN_SENTINEL_OK
p17_hit3_20260801_144835_85006,279,279,robotol.ext,3,3,1,0x30631D,0x30631D,0x80000,0x0,0x2B1868,0x0,2,0,1,0,stop_at_base,0,0,0,,CALLBACK_RETURN_SENTINEL_OK
p17_hit3_20260801_144835_85006,280,280,robotol.ext,3,3,1,0x30631D,0x30631D,0x80000,0x0,0x2B1868,0x0,2,0,1,0,stop_at_base,0,0,0,,CALLBACK_RETURN_SENTINEL_OK
p17_hit3_20260801_144835_85006,281,281,robotol.ext,3,3,1,0x30631D,0x30631D,0x80000,0x0,0x2B1868,0x0,2,0,1,0,stop_at_base,0,0,0,,CALLBACK_RETURN_SENTINEL_OK
p17_hit3_20260801_144835_85006,282,282,robotol.ext,3,3,1,0x30631D,0x30631D,0x80000,0x0,0x2B1868,0x0,2,0,1,0,stop_at_base,0,0,0,,CALLBACK_RETURN_SENTINEL_OK
p17_hit3_20260801_144835_85006,283,283,robotol.ext,3,3,1,0x30631D,0x30631D,0x80000,0x0,0x2B1868,0x0,2,0,1,0,stop_at_base,0,0,0,,CALLBACK_RETURN_SENTINEL_OK
p17_hit3_20260801_144835_85006,284,284,robotol.ext,3,3,1,0x30631D,0x30631D,0x80000,0x0,0x2B1868,0x0,2,0,1,0,stop_at_base,0,0,0,,CALLBACK_RETURN_SENTINEL_OK
p17_hit3_20260801_144835_85006,285,285,robotol.ext,3,3,1,0x30631D,0x30631D,0x80000,0x0,0x2B1868,0x0,2,0,1,0,stop_at_base,0,0,0,,CALLBACK_RETURN_SENTINEL_OK
p17_hit3_20260801_144835_85006,286,286,robotol.ext,3,3,1,0x30631D,0x30631D,0x80000,0x0,0x2B1868,0x0,2,0,1,0,stop_at_base,0,0,0,,CALLBACK_RETURN_SENTINEL_OK
p17_hit3_20260801_144835_85006,287,287,robotol.ext,3,3,1,0x30631D,0x30631D,0x80000,0x0,0x2B1868,0x0,2,0,1,0,stop_at_base,0,0,0,,CALLBACK_RETURN_SENTINEL_OK
p17_hit3_20260801_144835_85006,288,288,robotol.ext,3,3,1,0x30631D,0x30631D,0x80000,0x0,0x2B1868,0x0,2,0,1,0,stop_at_base,0,0,0,,CALLBACK_RETURN_SENTINEL_OK
p17_hit3_20260801_144835_85006,289,289,robotol.ext,3,3,1,0x30631D,0x30631D,0x80000,0x0,0x2B1868,0x0,2,0,1,0,stop_at_base,0,0,0,,CALLBACK_RETURN_SENTINEL_OK
p17_hit3_20260801_144835_85006,290,290,robotol.ext,3,3,1,0x30631D,0x30631D,0x80000,0x0,0x2B1868,0x0,2,0,1,0,stop_at_base,0,0,0,,CALLBACK_RETURN_SENTINEL_OK
p17_hit3_20260801_144835_85006,291,291,robotol.ext,3,3,1,0x30631D,0x30631D,0x80000,0x0,0x2B1868,0x0,2,0,1,0,stop_at_base,0,0,0,,CALLBACK_RETURN_SENTINEL_OK
p17_hit3_20260801_144835_85006,292,292,robotol.ext,3,3,1,0x30631D,0x30631D,0x80000,0x0,0x2B1868,0x0,2,0,1,0,stop_at_base,0,0,0,,CALLBACK_RETURN_SENTINEL_OK
p17_hit3_20260801_144835_85006,293,293,robotol.ext,3,3,1,0x30631D,0x30631D,0x80000,0x0,0x2B1868,0x0,2,0,1,0,stop_at_base,0,0,0,,CALLBACK_RETURN_SENTINEL_OK
p17_hit3_20260801_144835_85006,294,294,robotol.ext,3,3,1,0x30631D,0x30631D,0x80000,0x0,0x2B1868,0x0,2,0,1,0,stop_at_base,0,0,0,,CALLBACK_RETURN_SENTINEL_OK
p17_hit3_20260801_144835_85006,295,295,robotol.ext,3,3,1,0x30631D,0x30631D,0x80000,0x0,0x2B1868,0x0,2,0,1,0,stop_at_base,0,0,0,,CALLBACK_RETURN_SENTINEL_OK
p17_hit3_20260801_144835_85006,296,296,robotol.ext,3,3,1,0x30631D,0x30631D,0x80000,0x0,0x2B1868,0x0,2,0,1,0,stop_at_base,0,0,0,,CALLBACK_RETURN_SENTINEL_OK
p17_hit3_20260801_144835_85006,297,297,robotol.ext,3,3,1,0x30631D,0x30631D,0x80000,0x0,0x2B1868,0x0,2,0,1,0,stop_at_base,0,0,0,,CALLBACK_RETURN_SENTINEL_OK
p17_hit3_20260801_144835_85006,298,298,robotol.ext,3,3,1,0x30631D,0x30631D,0x80000,0x0,0x2B1868,0x0,2,0,1,0,stop_at_base,0,0,0,,CALLBACK_RETURN_SENTINEL_OK
p17_hit3_20260801_144835_85006,299,299,robotol.ext,3,3,1,0x30631D,0x30631D,0x80000,0x0,0x2B1868,0x0,2,0,1,0,stop_at_base,0,0,0,,CALLBACK_RETURN_SENTINEL_OK
p17_hit3_20260801_144835_85006,300,300,robotol.ext,3,3,1,0x30631D,0x30631D,0x80000,0x0,0x2B1868,0x0,2,0,1,0,stop_at_base,0,0,0,,CALLBACK_RETURN_SENTINEL_OK
p17_hit3_20260801_144835_85006,301,301,robotol.ext,3,3,1,0x30631D,0x30631D,0x80000,0x0,0x2B1868,0x0,2,0,1,0,stop_at_base,0,0,0,,CALLBACK_RETURN_SENTINEL_OK
p17_hit3_20260801_144835_85006,302,302,robotol.ext,3,3,1,0x30631D,0x30631D,0x80000,0x0,0x2B1868,0x0,2,0,1,0,stop_at_base,0,0,0,,CALLBACK_RETURN_SENTINEL_OK
p17_hit3_20260801_144835_85006,303,303,robotol.ext,3,3,1,0x30631D,0x30631D,0x80000,0x0,0x2B1868,0x0,2,0,1,0,stop_at_base,0,0,0,,CALLBACK_RETURN_SENTINEL_OK
p17_hit3_20260801_144835_85006,304,304,robotol.ext,3,3,1,0x30631D,0x30631D,0x80000,0x0,0x2B1868,0x0,2,0,1,0,stop_at_base,0,0,0,,CALLBACK_RETURN_SENTINEL_OK
p17_hit3_20260801_144835_85006,305,305,robotol.ext,3,3,1,0x30631D,0x30631D,0x80000,0x0,0x2B1868,0x0,2,0,1,0,stop_at_base,0,0,0,,CALLBACK_RETURN_SENTINEL_OK
p17_hit3_20260801_144835_85006,306,306,robotol.ext,3,3,1,0x30631D,0x30631D,0x80000,0x0,0x2B1868,0x0,2,0,1,0,stop_at_base,0,0,0,,CALLBACK_RETURN_SENTINEL_OK
p17_hit3_20260801_144835_85006,307,307,robotol.ext,3,3,1,0x30631D,0x30631D,0x80000,0x0,0x2B1868,0x0,2,0,1,0,stop_at_base,0,0,0,,CALLBACK_RETURN_SENTINEL_OK
p17_hit3_20260801_144835_85006,308,308,robotol.ext,3,3,1,0x30631D,0x30631D,0x80000,0x0,0x2B1868,0x0,2,0,1,0,stop_at_base,0,0,0,,CALLBACK_RETURN_SENTINEL_OK
p17_hit3_20260801_144835_85006,309,309,robotol.ext,3,3,1,0x30631D,0x30631D,0x80000,0x0,0x2B1868,0x0,2,0,1,0,stop_at_base,0,0,0,,CALLBACK_RETURN_SENTINEL_OK
p17_hit3_20260801_144835_85006,310,310,robotol.ext,3,3,1,0x30631D,0x30631D,0x80000,0x0,0x2B1868,0x0,2,0,1,0,stop_at_base,0,0,0,,CALLBACK_RETURN_SENTINEL_OK
p17_hit3_20260801_144835_85006,311,311,robotol.ext,3,3,1,0x30631D,0x30631D,0x80000,0x0,0x2B1868,0x0,2,0,1,0,stop_at_base,0,0,0,,CALLBACK_RETURN_SENTINEL_OK
p17_hit3_20260801_144835_85006,312,312,robotol.ext,3,3,1,0x30631D,0x30631D,0x80000,0x0,0x2B1868,0x0,2,0,1,0,stop_at_base,0,0,0,,CALLBACK_RETURN_SENTINEL_OK
p17_hit3_20260801_144835_85006,313,313,robotol.ext,3,3,1,0x30631D,0x30631D,0x80000,0x0,0x2B1868,0x0,2,0,1,0,stop_at_base,0,0,0,,CALLBACK_RETURN_SENTINEL_OK
p17_hit3_20260801_144835_85006,314,314,robotol.ext,3,3,1,0x30631D,0x30631D,0x80000,0x0,0x2B1868,0x0,2,0,1,0,stop_at_base,0,0,0,,CALLBACK_RETURN_SENTINEL_OK
p17_hit3_20260801_144835_85006,315,315,robotol.ext,3,3,1,0x30631D,0x30631D,0x80000,0x0,0x2B1868,0x0,2,0,1,0,stop_at_base,0,0,0,,CALLBACK_RETURN_SENTINEL_OK
p17_hit3_20260801_144835_85006,316,316,robotol.ext,3,3,1,0x30631D,0x30631D,0x80000,0x0,0x2B1868,0x0,2,0,1,0,stop_at_base,0,0,0,,CALLBACK_RETURN_SENTINEL_OK
p17_hit3_20260801_144835_85006,317,317,robotol.ext,3,3,1,0x30631D,0x30631D,0x80000,0x0,0x2B1868,0x0,2,0,1,0,stop_at_base,0,0,0,,CALLBACK_RETURN_SENTINEL_OK
p17_hit3_20260801_144835_85006,318,318,robotol.ext,3,3,1,0x30631D,0x30631D,0x80000,0x0,0x2B1868,0x0,2,0,1,0,stop_at_base,0,0,0,,CALLBACK_RETURN_SENTINEL_OK
p17_hit3_20260801_144835_85006,319,319,robotol.ext,3,3,1,0x30631D,0x30631D,0x80000,0x0,0x2B1868,0x0,2,0,1,0,stop_at_base,0,0,0,,CALLBACK_RETURN_SENTINEL_OK
p17_hit3_20260801_144835_85006,320,320,robotol.ext,3,3,1,0x30631D,0x30631D,0x80000,0x0,0x2B1868,0x0,2,0,1,0,stop_at_base,0,0,0,,CALLBACK_RETURN_SENTINEL_OK
p17_hit3_20260801_144835_85006,321,321,robotol.ext,3,3,1,0x30631D,0x30631D,0x80000,0x0,0x2B1868,0x0,2,0,1,0,stop_at_base,0,0,0,,CALLBACK_RETURN_SENTINEL_OK
p17_hit3_20260801_144835_85006,322,322,robotol.ext,3,3,1,0x30631D,0x30631D,0x80000,0x0,0x2B1868,0x0,2,0,1,0,stop_at_base,0,0,0,,CALLBACK_RETURN_SENTINEL_OK
p17_hit3_20260801_144835_85006,323,323,robotol.ext,3,3,1,0x30631D,0x30631D,0x80000,0x0,0x2B1868,0x0,2,0,1,0,stop_at_base,0,0,0,,CALLBACK_RETURN_SENTINEL_OK
p17_hit3_20260801_144835_85006,324,324,robotol.ext,3,3,1,0x30631D,0x30631D,0x80000,0x0,0x2B1868,0x0,2,0,1,0,stop_at_base,0,0,0,,CALLBACK_RETURN_SENTINEL_OK
p17_hit3_20260801_144835_85006,325,325,robotol.ext,3,3,1,0x30631D,0x30631D,0x80000,0x0,0x2B1868,0x0,2,0,1,0,stop_at_base,0,0,0,,CALLBACK_RETURN_SENTINEL_OK
p17_hit3_20260801_144835_85006,326,326,robotol.ext,3,3,1,0x30631D,0x30631D,0x80000,0x0,0x2B1868,0x0,2,0,1,0,stop_at_base,0,0,0,,CALLBACK_RETURN_SENTINEL_OK
p17_hit3_20260801_144835_85006,327,327,robotol.ext,3,3,1,0x30631D,0x30631D,0x80000,0x0,0x2B1868,0x0,2,0,1,0,stop_at_base,0,0,0,,CALLBACK_RETURN_SENTINEL_OK
p17_hit3_20260801_144835_85006,328,328,robotol.ext,3,3,1,0x30631D,0x30631D,0x80000,0x0,0x2B1868,0x0,2,0,1,0,stop_at_base,0,0,0,,CALLBACK_RETURN_SENTINEL_OK
p17_hit3_20260801_144835_85006,329,329,robotol.ext,3,3,1,0x30631D,0x30631D,0x80000,0x0,0x2B1868,0x0,2,0,1,0,stop_at_base,0,0,0,,CALLBACK_RETURN_SENTINEL_OK
p17_hit3_20260801_144835_85006,330,330,robotol.ext,3,3,1,0x30631D,0x30631D,0x80000,0x0,0x2B1868,0x0,2,0,1,0,stop_at_base,0,0,0,,CALLBACK_RETURN_SENTINEL_OK
p17_hit3_20260801_144835_85006,331,331,robotol.ext,3,3,1,0x30631D,0x30631D,0x80000,0x0,0x2B1868,0x0,2,0,1,0,stop_at_base,0,0,0,,CALLBACK_RETURN_SENTINEL_OK
p17_hit3_20260801_144835_85006,332,332,robotol.ext,3,3,1,0x30631D,0x30631D,0x80000,0x0,0x2B1868,0x0,2,0,1,0,stop_at_base,0,0,0,,CALLBACK_RETURN_SENTINEL_OK
p17_hit3_20260801_144835_85006,333,333,robotol.ext,3,3,1,0x30631D,0x30631D,0x80000,0x0,0x2B1868,0x0,2,0,1,0,stop_at_base,0,0,0,,CALLBACK_RETURN_SENTINEL_OK
p17_hit3_20260801_144835_85006,334,334,robotol.ext,3,3,1,0x30631D,0x30631D,0x80000,0x0,0x2B1868,0x0,2,0,1,0,stop_at_base,0,0,0,,CALLBACK_RETURN_SENTINEL_OK
p17_hit3_20260801_144835_85006,335,335,robotol.ext,3,3,1,0x30631D,0x30631D,0x80000,0x0,0x2B1868,0x0,2,0,1,0,stop_at_base,0,0,0,,CALLBACK_RETURN_SENTINEL_OK
p17_hit3_20260801_144835_85006,336,336,robotol.ext,3,3,1,0x30631D,0x30631D,0x80000,0x0,0x2B1868,0x0,2,0,1,0,stop_at_base,0,0,0,,CALLBACK_RETURN_SENTINEL_OK
p17_hit3_20260801_144835_85006,337,337,robotol.ext,3,3,1,0x30631D,0x30631D,0x80000,0x0,0x2B1868,0x0,2,0,1,0,stop_at_base,0,0,0,,CALLBACK_RETURN_SENTINEL_OK
p17_hit3_20260801_144835_85006,338,338,robotol.ext,3,3,1,0x30631D,0x30631D,0x80000,0x0,0x2B1868,0x0,2,0,1,0,stop_at_base,0,0,0,,CALLBACK_RETURN_SENTINEL_OK
p17_hit3_20260801_144835_85006,339,339,robotol.ext,3,3,1,0x30631D,0x30631D,0x80000,0x0,0x2B1868,0x0,2,0,1,0,stop_at_base,0,0,0,,CALLBACK_RETURN_SENTINEL_OK
p17_hit3_20260801_144835_85006,340,340,robotol.ext,3,3,1,0x30631D,0x30631D,0x80000,0x0,0x2B1868,0x0,2,0,1,0,stop_at_base,0,0,0,,CALLBACK_RETURN_SENTINEL_OK
p17_hit3_20260801_144835_85006,341,341,robotol.ext,3,3,1,0x30631D,0x30631D,0x80000,0x0,0x2B1868,0x0,2,0,1,0,stop_at_base,0,0,0,,CALLBACK_RETURN_SENTINEL_OK
p17_hit3_20260801_144835_85006,342,342,robotol.ext,3,3,1,0x30631D,0x30631D,0x80000,0x0,0x2B1868,0x0,2,0,1,0,stop_at_base,0,0,0,,CALLBACK_RETURN_SENTINEL_OK
p17_hit3_20260801_144835_85006,343,343,robotol.ext,3,3,1,0x30631D,0x30631D,0x80000,0x0,0x2B1868,0x0,2,0,1,0,stop_at_base,0,0,0,,CALLBACK_RETURN_SENTINEL_OK
p17_hit3_20260801_144835_85006,344,344,robotol.ext,3,3,1,0x30631D,0x30631D,0x80000,0x0,0x2B1868,0x0,2,0,1,0,stop_at_base,0,0,0,,CALLBACK_RETURN_SENTINEL_OK
p17_hit3_20260801_144835_85006,345,345,robotol.ext,3,3,1,0x30631D,0x30631D,0x80000,0x0,0x2B1868,0x0,2,0,1,0,stop_at_base,0,0,0,,CALLBACK_RETURN_SENTINEL_OK
p17_hit3_20260801_144835_85006,346,346,robotol.ext,3,3,1,0x30631D,0x30631D,0x80000,0x0,0x2B1868,0x0,2,0,1,0,stop_at_base,0,0,0,,CALLBACK_RETURN_SENTINEL_OK
p17_hit3_20260801_144835_85006,347,347,robotol.ext,3,3,1,0x30631D,0x30631D,0x80000,0x0,0x2B1868,0x0,2,0,1,0,stop_at_base,0,0,0,,CALLBACK_RETURN_SENTINEL_OK
p17_hit3_20260801_144835_85006,348,348,robotol.ext,3,3,1,0x30631D,0x30631D,0x80000,0x0,0x2B1868,0x0,2,0,1,0,stop_at_base,0,0,0,,CALLBACK_RETURN_SENTINEL_OK
p17_hit3_20260801_144835_85006,349,349,robotol.ext,3,3,1,0x30631D,0x30631D,0x80000,0x0,0x2B1868,0x0,2,0,1,0,stop_at_base,0,0,0,,CALLBACK_RETURN_SENTINEL_OK
p17_hit3_20260801_144835_85006,350,350,robotol.ext,3,3,1,0x30631D,0x30631D,0x80000,0x0,0x2B1868,0x0,2,0,1,0,stop_at_base,0,0,0,,CALLBACK_RETURN_SENTINEL_OK
p17_hit3_20260801_144835_85006,351,351,robotol.ext,3,3,1,0x30631D,0x30631D,0x80000,0x0,0x2B1868,0x0,2,0,1,0,stop_at_base,0,0,0,,CALLBACK_RETURN_SENTINEL_OK
p17_hit3_20260801_144835_85006,352,352,robotol.ext,3,3,1,0x30631D,0x30631D,0x80000,0x0,0x2B1868,0x0,2,0,1,0,stop_at_base,0,0,0,,CALLBACK_RETURN_SENTINEL_OK
p17_hit3_20260801_144835_85006,353,353,robotol.ext,3,3,1,0x30631D,0x30631D,0x80000,0x0,0x2B1868,0x0,2,0,1,0,stop_at_base,0,0,0,,CALLBACK_RETURN_SENTINEL_OK
p17_hit3_20260801_144835_85006,354,354,robotol.ext,3,3,1,0x30631D,0x30631D,0x80000,0x0,0x2B1868,0x0,2,0,1,0,stop_at_base,0,0,0,,CALLBACK_RETURN_SENTINEL_OK
p17_hit3_20260801_144835_85006,355,355,robotol.ext,3,3,1,0x30631D,0x30631D,0x80000,0x0,0x2B1868,0x0,2,0,1,0,stop_at_base,0,0,0,,CALLBACK_RETURN_SENTINEL_OK
p17_hit3_20260801_144835_85006,356,356,robotol.ext,3,3,1,0x30631D,0x30631D,0x80000,0x0,0x2B1868,0x0,2,0,1,0,stop_at_base,0,0,0,,CALLBACK_RETURN_SENTINEL_OK
p17_hit3_20260801_144835_85006,357,357,robotol.ext,3,3,1,0x30631D,0x30631D,0x80000,0x0,0x2B1868,0x0,2,0,1,0,stop_at_base,0,0,0,,CALLBACK_RETURN_SENTINEL_OK
p17_hit3_20260801_144835_85006,358,358,robotol.ext,3,3,1,0x30631D,0x30631D,0x80000,0x0,0x2B1868,0x0,2,0,1,0,stop_at_base,0,0,0,,CALLBACK_RETURN_SENTINEL_OK
p17_hit3_20260801_144835_85006,359,359,robotol.ext,3,3,1,0x30631D,0x30631D,0x80000,0x0,0x2B1868,0x0,2,0,1,0,stop_at_base,0,0,0,,CALLBACK_RETURN_SENTINEL_OK
p17_hit3_20260801_144835_85006,360,360,robotol.ext,3,3,1,0x30631D,0x30631D,0x80000,0x0,0x2B1868,0x0,2,0,1,0,stop_at_base,0,0,0,,CALLBACK_RETURN_SENTINEL_OK
p17_hit3_20260801_144835_85006,361,361,robotol.ext,3,3,1,0x30631D,0x30631D,0x80000,0x0,0x2B1868,0x0,2,0,1,0,stop_at_base,0,0,0,,CALLBACK_RETURN_SENTINEL_OK
p17_hit3_20260801_144835_85006,362,362,robotol.ext,3,3,1,0x30631D,0x30631D,0x80000,0x0,0x2B1868,0x0,2,0,1,0,stop_at_base,0,0,0,,CALLBACK_RETURN_SENTINEL_OK
p17_hit3_20260801_144835_85006,363,363,robotol.ext,3,3,1,0x30631D,0x30631D,0x80000,0x0,0x2B1868,0x0,2,0,1,0,stop_at_base,0,0,0,,CALLBACK_RETURN_SENTINEL_OK
p17_hit3_20260801_144835_85006,364,364,robotol.ext,3,3,1,0x30631D,0x30631D,0x80000,0x0,0x2B1868,0x0,2,0,1,0,stop_at_base,0,0,0,,CALLBACK_RETURN_SENTINEL_OK
p17_hit3_20260801_144835_85006,365,365,robotol.ext,3,3,1,0x30631D,0x30631D,0x80000,0x0,0x2B1868,0x0,2,0,1,0,stop_at_base,0,0,0,,CALLBACK_RETURN_SENTINEL_OK
p17_hit3_20260801_144835_85006,366,366,robotol.ext,3,3,1,0x30631D,0x30631D,0x80000,0x0,0x2B1868,0x0,2,0,1,0,stop_at_base,0,0,0,,CALLBACK_RETURN_SENTINEL_OK
p17_hit3_20260801_144835_85006,367,367,robotol.ext,3,3,1,0x30631D,0x30631D,0x80000,0x0,0x2B1868,0x0,2,0,1,0,stop_at_base,0,0,0,,CALLBACK_RETURN_SENTINEL_OK
p17_hit3_20260801_144835_85006,368,368,robotol.ext,3,3,1,0x30631D,0x30631D,0x80000,0x0,0x2B1868,0x0,2,0,1,0,stop_at_base,0,0,0,,CALLBACK_RETURN_SENTINEL_OK
p17_hit3_20260801_144835_85006,369,369,robotol.ext,3,3,1,0x30631D,0x30631D,0x80000,0x0,0x2B1868,0x0,2,0,1,0,stop_at_base,0,0,0,,CALLBACK_RETURN_SENTINEL_OK
p17_hit3_20260801_144835_85006,370,370,robotol.ext,3,3,1,0x30631D,0x30631D,0x80000,0x0,0x2B1868,0x0,2,0,1,0,stop_at_base,0,0,0,,CALLBACK_RETURN_SENTINEL_OK
p17_hit3_20260801_144835_85006,371,371,robotol.ext,3,3,1,0x30631D,0x30631D,0x80000,0x0,0x2B1868,0x0,2,0,1,0,stop_at_base,0,0,0,,CALLBACK_RETURN_SENTINEL_OK
p17_hit3_20260801_144835_85006,372,372,robotol.ext,3,3,1,0x30631D,0x30631D,0x80000,0x0,0x2B1868,0x0,2,0,1,0,stop_at_base,0,0,0,,CALLBACK_RETURN_SENTINEL_OK
p17_hit3_20260801_144835_85006,373,373,robotol.ext,3,3,1,0x30631D,0x30631D,0x80000,0x0,0x2B1868,0x0,2,0,1,0,stop_at_base,0,0,0,,CALLBACK_RETURN_SENTINEL_OK
p17_hit3_20260801_144835_85006,374,374,robotol.ext,3,3,1,0x30631D,0x30631D,0x80000,0x0,0x2B1868,0x0,2,0,1,0,stop_at_base,0,0,0,,CALLBACK_RETURN_SENTINEL_OK
p17_hit3_20260801_144835_85006,375,375,robotol.ext,3,3,1,0x30631D,0x30631D,0x80000,0x0,0x2B1868,0x0,2,0,1,0,stop_at_base,0,0,0,,CALLBACK_RETURN_SENTINEL_OK
p17_hit3_20260801_144835_85006,376,376,robotol.ext,3,3,1,0x30631D,0x30631D,0x80000,0x0,0x2B1868,0x0,2,0,1,0,stop_at_base,0,0,0,,CALLBACK_RETURN_SENTINEL_OK
p17_hit3_20260801_144835_85006,377,377,robotol.ext,3,3,1,0x30631D,0x30631D,0x80000,0x0,0x2B1868,0x0,2,0,1,0,stop_at_base,0,0,0,,CALLBACK_RETURN_SENTINEL_OK
p17_hit3_20260801_144835_85006,378,378,robotol.ext,3,3,1,0x30631D,0x30631D,0x80000,0x0,0x2B1868,0x0,2,0,1,0,stop_at_base,0,0,0,,CALLBACK_RETURN_SENTINEL_OK
p17_hit3_20260801_144835_85006,379,379,robotol.ext,3,3,1,0x30631D,0x30631D,0x80000,0x0,0x2B1868,0x0,2,0,1,0,stop_at_base,0,0,0,,CALLBACK_RETURN_SENTINEL_OK
p17_hit3_20260801_144835_85006,380,380,robotol.ext,3,3,1,0x30631D,0x30631D,0x80000,0x0,0x2B1868,0x0,2,0,1,0,stop_at_base,0,0,0,,CALLBACK_RETURN_SENTINEL_OK
p17_hit3_20260801_144835_85006,381,381,robotol.ext,3,3,1,0x30631D,0x30631D,0x80000,0x0,0x2B1868,0x0,2,0,1,0,stop_at_base,0,0,0,,CALLBACK_RETURN_SENTINEL_OK
p17_hit3_20260801_144835_85006,382,382,robotol.ext,3,3,1,0x30631D,0x30631D,0x80000,0x0,0x2B1868,0x0,2,0,1,0,stop_at_base,0,0,0,,CALLBACK_RETURN_SENTINEL_OK
p17_hit3_20260801_144835_85006,383,383,robotol.ext,3,3,1,0x30631D,0x30631D,0x80000,0x0,0x2B1868,0x0,2,0,1,0,stop_at_base,0,0,0,,CALLBACK_RETURN_SENTINEL_OK
p17_hit3_20260801_144835_85006,384,384,robotol.ext,3,3,1,0x30631D,0x30631D,0x80000,0x0,0x2B1868,0x0,2,0,1,0,stop_at_base,0,0,0,,CALLBACK_RETURN_SENTINEL_OK
p17_hit3_20260801_144835_85006,385,385,robotol.ext,3,3,1,0x30631D,0x30631D,0x80000,0x0,0x2B1868,0x0,2,0,1,0,stop_at_base,0,0,0,,CALLBACK_RETURN_SENTINEL_OK
p17_hit3_20260801_144835_85006,386,386,robotol.ext,3,3,1,0x30631D,0x30631D,0x80000,0x0,0x2B1868,0x0,2,0,1,0,stop_at_base,0,0,0,,CALLBACK_RETURN_SENTINEL_OK
p17_hit3_20260801_144835_85006,387,387,robotol.ext,3,3,1,0x30631D,0x30631D,0x80000,0x0,0x2B1868,0x0,2,0,1,0,stop_at_base,0,0,0,,CALLBACK_RETURN_SENTINEL_OK
p17_hit3_20260801_144835_85006,388,388,robotol.ext,3,3,1,0x30631D,0x30631D,0x80000,0x0,0x2B1868,0x0,2,0,1,0,stop_at_base,0,0,0,,CALLBACK_RETURN_SENTINEL_OK
p17_hit3_20260801_144835_85006,389,389,robotol.ext,3,3,1,0x30631D,0x30631D,0x80000,0x0,0x2B1868,0x0,2,0,1,0,stop_at_base,0,0,0,,CALLBACK_RETURN_SENTINEL_OK
p17_hit3_20260801_144835_85006,390,390,robotol.ext,3,3,1,0x30631D,0x30631D,0x80000,0x0,0x2B1868,0x0,2,0,1,0,stop_at_base,0,0,0,,CALLBACK_RETURN_SENTINEL_OK
p17_hit3_20260801_144835_85006,391,391,robotol.ext,3,3,1,0x30631D,0x30631D,0x80000,0x0,0x2B1868,0x0,2,0,1,0,stop_at_base,0,0,0,,CALLBACK_RETURN_SENTINEL_OK
p17_hit3_20260801_144835_85006,392,392,robotol.ext,3,3,1,0x30631D,0x30631D,0x80000,0x0,0x2B1868,0x0,2,0,1,0,stop_at_base,0,0,0,,CALLBACK_RETURN_SENTINEL_OK
p17_hit3_20260801_144835_85006,393,393,robotol.ext,3,3,1,0x30631D,0x30631D,0x80000,0x0,0x2B1868,0x0,2,0,1,0,stop_at_base,0,0,0,,CALLBACK_RETURN_SENTINEL_OK
p17_hit3_20260801_144835_85006,394,394,robotol.ext,3,3,1,0x30631D,0x30631D,0x80000,0x0,0x2B1868,0x0,2,0,1,0,stop_at_base,0,0,0,,CALLBACK_RETURN_SENTINEL_OK
p17_hit3_20260801_144835_85006,395,395,robotol.ext,3,3,1,0x30631D,0x30631D,0x80000,0x0,0x2B1868,0x0,2,0,1,0,stop_at_base,0,0,0,,CALLBACK_RETURN_SENTINEL_OK
p17_hit3_20260801_144835_85006,396,396,robotol.ext,3,3,1,0x30631D,0x30631D,0x80000,0x0,0x2B1868,0x0,2,0,1,0,stop_at_base,0,0,0,,CALLBACK_RETURN_SENTINEL_OK
p17_hit3_20260801_144835_85006,397,397,robotol.ext,3,3,1,0x30631D,0x30631D,0x80000,0x0,0x2B1868,0x0,2,0,1,0,stop_at_base,0,0,0,,CALLBACK_RETURN_SENTINEL_OK
p17_hit3_20260801_144835_85006,398,398,robotol.ext,3,3,1,0x30631D,0x30631D,0x80000,0x0,0x2B1868,0x0,2,0,1,0,stop_at_base,0,0,0,,CALLBACK_RETURN_SENTINEL_OK
p17_hit3_20260801_144835_85006,399,399,robotol.ext,3,3,1,0x30631D,0x30631D,0x80000,0x0,0x2B1868,0x0,2,0,1,0,stop_at_base,0,0,0,,CALLBACK_RETURN_SENTINEL_OK
p17_hit3_20260801_144835_85006,400,400,robotol.ext,3,3,1,0x30631D,0x30631D,0x80000,0x0,0x2B1868,0x0,2,0,1,0,stop_at_base,0,0,0,,CALLBACK_RETURN_SENTINEL_OK
p17_hit3_20260801_144835_85006,401,401,robotol.ext,3,3,1,0x30631D,0x30631D,0x80000,0x0,0x2B1868,0x0,2,0,1,0,stop_at_base,0,0,0,,CALLBACK_RETURN_SENTINEL_OK
p17_hit3_20260801_144835_85006,402,402,robotol.ext,3,3,1,0x30631D,0x30631D,0x80000,0x0,0x2B1868,0x0,2,0,1,0,stop_at_base,0,0,0,,CALLBACK_RETURN_SENTINEL_OK
p17_hit3_20260801_144835_85006,403,403,robotol.ext,3,3,1,0x30631D,0x30631D,0x80000,0x0,0x2B1868,0x0,2,0,1,0,stop_at_base,0,0,0,,CALLBACK_RETURN_SENTINEL_OK
p17_hit3_20260801_144835_85006,404,404,robotol.ext,3,3,1,0x30631D,0x30631D,0x80000,0x0,0x2B1868,0x0,2,0,1,0,stop_at_base,0,0,0,,CALLBACK_RETURN_SENTINEL_OK
p17_hit3_20260801_144835_85006,405,405,robotol.ext,3,3,1,0x30631D,0x30631D,0x80000,0x0,0x2B1868,0x0,2,0,1,0,stop_at_base,0,0,0,,CALLBACK_RETURN_SENTINEL_OK
p17_hit3_20260801_144835_85006,406,406,robotol.ext,3,3,1,0x30631D,0x30631D,0x80000,0x0,0x2B1868,0x0,2,0,1,0,stop_at_base,0,0,0,,CALLBACK_RETURN_SENTINEL_OK
p17_hit3_20260801_144835_85006,407,407,robotol.ext,3,3,1,0x30631D,0x30631D,0x80000,0x0,0x2B1868,0x0,2,0,1,0,stop_at_base,0,0,0,,CALLBACK_RETURN_SENTINEL_OK
p17_hit3_20260801_144835_85006,408,408,robotol.ext,3,3,1,0x30631D,0x30631D,0x80000,0x0,0x2B1868,0x0,2,0,1,0,stop_at_base,0,0,0,,CALLBACK_RETURN_SENTINEL_OK
p17_hit3_20260801_144835_85006,409,409,robotol.ext,3,3,1,0x30631D,0x30631D,0x80000,0x0,0x2B1868,0x0,2,0,1,0,stop_at_base,0,0,0,,CALLBACK_RETURN_SENTINEL_OK
p17_hit3_20260801_144835_85006,410,410,robotol.ext,3,3,1,0x30631D,0x30631D,0x80000,0x0,0x2B1868,0x0,2,0,1,0,stop_at_base,0,0,0,,CALLBACK_RETURN_SENTINEL_OK
p17_hit3_20260801_144835_85006,411,411,robotol.ext,3,3,1,0x30631D,0x30631D,0x80000,0x0,0x2B1868,0x0,2,0,1,0,stop_at_base,0,0,0,,CALLBACK_RETURN_SENTINEL_OK
p17_hit3_20260801_144835_85006,412,412,robotol.ext,3,3,1,0x30631D,0x30631D,0x80000,0x0,0x2B1868,0x0,2,0,1,0,stop_at_base,0,0,0,,CALLBACK_RETURN_SENTINEL_OK
p17_hit3_20260801_144835_85006,413,413,robotol.ext,3,3,1,0x30631D,0x30631D,0x80000,0x0,0x2B1868,0x0,2,0,1,0,stop_at_base,0,0,0,,CALLBACK_RETURN_SENTINEL_OK
p17_hit3_20260801_144835_85006,414,414,robotol.ext,3,3,1,0x30631D,0x30631D,0x80000,0x0,0x2B1868,0x0,2,0,1,0,stop_at_base,0,0,0,,CALLBACK_RETURN_SENTINEL_OK
p17_hit3_20260801_144835_85006,415,415,robotol.ext,3,3,1,0x30631D,0x30631D,0x80000,0x0,0x2B1868,0x0,2,0,1,0,stop_at_base,0,0,0,,CALLBACK_RETURN_SENTINEL_OK
p17_hit3_20260801_144835_85006,416,416,robotol.ext,3,3,1,0x30631D,0x30631D,0x80000,0x0,0x2B1868,0x0,2,0,1,0,stop_at_base,0,0,0,,CALLBACK_RETURN_SENTINEL_OK
p17_hit3_20260801_144835_85006,417,417,robotol.ext,3,3,1,0x30631D,0x30631D,0x80000,0x0,0x2B1868,0x0,2,0,1,0,stop_at_base,0,0,0,,CALLBACK_RETURN_SENTINEL_OK
p17_hit3_20260801_144835_85006,418,418,robotol.ext,3,3,1,0x30631D,0x30631D,0x80000,0x0,0x2B1868,0x0,2,0,1,0,stop_at_base,0,0,0,,CALLBACK_RETURN_SENTINEL_OK
p17_hit3_20260801_144835_85006,419,419,robotol.ext,3,3,1,0x30631D,0x30631D,0x80000,0x0,0x2B1868,0x0,2,0,1,0,stop_at_base,0,0,0,,CALLBACK_RETURN_SENTINEL_OK
p17_hit3_20260801_144835_85006,420,420,robotol.ext,3,3,1,0x30631D,0x30631D,0x80000,0x0,0x2B1868,0x0,2,0,1,0,stop_at_base,0,0,0,,CALLBACK_RETURN_SENTINEL_OK
p17_hit3_20260801_144835_85006,421,421,robotol.ext,3,3,1,0x30631D,0x30631D,0x80000,0x0,0x2B1868,0x0,2,0,1,0,stop_at_base,0,0,0,,CALLBACK_RETURN_SENTINEL_OK
p17_hit3_20260801_144835_85006,422,422,robotol.ext,3,3,1,0x30631D,0x30631D,0x80000,0x0,0x2B1868,0x0,2,0,1,0,stop_at_base,0,0,0,,CALLBACK_RETURN_SENTINEL_OK
p17_hit3_20260801_144835_85006,423,423,robotol.ext,3,3,1,0x30631D,0x30631D,0x80000,0x0,0x2B1868,0x0,2,0,1,0,stop_at_base,0,0,0,,CALLBACK_RETURN_SENTINEL_OK
p17_hit3_20260801_144835_85006,424,424,robotol.ext,3,3,1,0x30631D,0x30631D,0x80000,0x0,0x2B1868,0x0,2,0,1,0,stop_at_base,0,0,0,,CALLBACK_RETURN_SENTINEL_OK
p17_hit3_20260801_144835_85006,425,425,robotol.ext,3,3,1,0x30631D,0x30631D,0x80000,0x0,0x2B1868,0x0,2,0,1,0,stop_at_base,0,0,0,,CALLBACK_RETURN_SENTINEL_OK
p17_hit3_20260801_144835_85006,426,426,robotol.ext,3,3,1,0x30631D,0x30631D,0x80000,0x0,0x2B1868,0x0,2,0,1,0,stop_at_base,0,0,0,,CALLBACK_RETURN_SENTINEL_OK
p17_hit3_20260801_144835_85006,427,427,robotol.ext,3,3,1,0x30631D,0x30631D,0x80000,0x0,0x2B1868,0x0,2,0,1,0,stop_at_base,0,0,0,,CALLBACK_RETURN_SENTINEL_OK
p17_hit3_20260801_144835_85006,428,428,robotol.ext,3,3,1,0x30631D,0x30631D,0x80000,0x0,0x2B1868,0x0,2,0,1,0,stop_at_base,0,0,0,,CALLBACK_RETURN_SENTINEL_OK
p17_hit3_20260801_144835_85006,429,429,robotol.ext,3,3,1,0x30631D,0x30631D,0x80000,0x0,0x2B1868,0x0,2,0,1,0,stop_at_base,0,0,0,,CALLBACK_RETURN_SENTINEL_OK
p17_hit3_20260801_144835_85006,430,430,robotol.ext,3,3,1,0x30631D,0x30631D,0x80000,0x0,0x2B1868,0x0,2,0,1,0,stop_at_base,0,0,0,,CALLBACK_RETURN_SENTINEL_OK
p17_hit3_20260801_144835_85006,431,431,robotol.ext,3,3,1,0x30631D,0x30631D,0x80000,0x0,0x2B1868,0x0,2,0,1,0,stop_at_base,0,0,0,,CALLBACK_RETURN_SENTINEL_OK
p17_hit3_20260801_144835_85006,432,432,robotol.ext,3,3,1,0x30631D,0x30631D,0x80000,0x0,0x2B1868,0x0,2,0,1,0,stop_at_base,0,0,0,,CALLBACK_RETURN_SENTINEL_OK
p17_hit3_20260801_144835_85006,433,433,robotol.ext,3,3,1,0x30631D,0x30631D,0x80000,0x0,0x2B1868,0x0,2,0,1,0,stop_at_base,0,0,0,,CALLBACK_RETURN_SENTINEL_OK
p17_hit3_20260801_144835_85006,434,434,robotol.ext,3,3,1,0x30631D,0x30631D,0x80000,0x0,0x2B1868,0x0,2,0,1,0,stop_at_base,0,0,0,,CALLBACK_RETURN_SENTINEL_OK
p17_hit3_20260801_144835_85006,435,435,robotol.ext,3,3,1,0x30631D,0x30631D,0x80000,0x0,0x2B1868,0x0,2,0,1,0,stop_at_base,0,0,0,,CALLBACK_RETURN_SENTINEL_OK
p17_hit3_20260801_144835_85006,436,436,robotol.ext,3,3,1,0x30631D,0x30631D,0x80000,0x0,0x2B1868,0x0,2,0,1,0,stop_at_base,0,0,0,,CALLBACK_RETURN_SENTINEL_OK
p17_hit3_20260801_144835_85006,437,437,robotol.ext,3,3,1,0x30631D,0x30631D,0x80000,0x0,0x2B1868,0x0,2,0,1,0,stop_at_base,0,0,0,,CALLBACK_RETURN_SENTINEL_OK
p17_hit3_20260801_144835_85006,438,438,robotol.ext,3,3,1,0x30631D,0x30631D,0x80000,0x0,0x2B1868,0x0,2,0,1,0,stop_at_base,0,0,0,,CALLBACK_RETURN_SENTINEL_OK
p17_hit3_20260801_144835_85006,439,439,robotol.ext,3,3,1,0x30631D,0x30631D,0x80000,0x0,0x2B1868,0x0,2,0,1,0,stop_at_base,0,0,0,,CALLBACK_RETURN_SENTINEL_OK
p17_hit3_20260801_144835_85006,440,440,robotol.ext,3,3,1,0x30631D,0x30631D,0x80000,0x0,0x2B1868,0x0,2,0,1,0,stop_at_base,0,0,0,,CALLBACK_RETURN_SENTINEL_OK
p17_hit3_20260801_144835_85006,441,441,robotol.ext,3,3,1,0x30631D,0x30631D,0x80000,0x0,0x2B1868,0x0,2,0,1,0,stop_at_base,0,0,0,,CALLBACK_RETURN_SENTINEL_OK
p17_hit3_20260801_144835_85006,442,442,robotol.ext,3,3,1,0x30631D,0x30631D,0x80000,0x0,0x2B1868,0x0,2,0,1,0,stop_at_base,0,0,0,,CALLBACK_RETURN_SENTINEL_OK
p17_hit3_20260801_144835_85006,443,443,robotol.ext,3,3,1,0x30631D,0x30631D,0x80000,0x0,0x2B1868,0x0,2,0,1,0,stop_at_base,0,0,0,,CALLBACK_RETURN_SENTINEL_OK
p17_hit3_20260801_144835_85006,444,444,robotol.ext,3,3,1,0x30631D,0x30631D,0x80000,0x0,0x2B1868,0x0,2,0,1,0,stop_at_base,0,0,0,,CALLBACK_RETURN_SENTINEL_OK
p17_hit3_20260801_144835_85006,445,445,robotol.ext,3,3,1,0x30631D,0x30631D,0x80000,0x0,0x2B1868,0x0,2,0,1,0,stop_at_base,0,0,0,,CALLBACK_RETURN_SENTINEL_OK
p17_hit3_20260801_144835_85006,446,446,robotol.ext,3,3,1,0x30631D,0x30631D,0x80000,0x0,0x2B1868,0x0,2,0,1,0,stop_at_base,0,0,0,,CALLBACK_RETURN_SENTINEL_OK
p17_hit3_20260801_144835_85006,447,447,robotol.ext,3,3,1,0x30631D,0x30631D,0x80000,0x0,0x2B1868,0x0,2,0,1,0,stop_at_base,0,0,0,,CALLBACK_RETURN_SENTINEL_OK
p17_hit3_20260801_144835_85006,448,448,robotol.ext,3,3,1,0x30631D,0x30631D,0x80000,0x0,0x2B1868,0x0,2,0,1,0,stop_at_base,0,0,0,,CALLBACK_RETURN_SENTINEL_OK
p17_hit3_20260801_144835_85006,449,449,robotol.ext,3,3,1,0x30631D,0x30631D,0x80000,0x0,0x2B1868,0x0,2,0,1,0,stop_at_base,0,0,0,,CALLBACK_RETURN_SENTINEL_OK
p17_hit3_20260801_144835_85006,450,450,robotol.ext,3,3,1,0x30631D,0x30631D,0x80000,0x0,0x2B1868,0x0,2,0,1,0,stop_at_base,0,0,0,,CALLBACK_RETURN_SENTINEL_OK
p17_hit3_20260801_144835_85006,451,451,robotol.ext,3,3,1,0x30631D,0x30631D,0x80000,0x0,0x2B1868,0x0,2,0,1,0,stop_at_base,0,0,0,,CALLBACK_RETURN_SENTINEL_OK
p17_hit3_20260801_144835_85006,452,452,robotol.ext,3,3,1,0x30631D,0x30631D,0x80000,0x0,0x2B1868,0x0,2,0,1,0,stop_at_base,0,0,0,,CALLBACK_RETURN_SENTINEL_OK
p17_hit3_20260801_144835_85006,453,453,robotol.ext,3,3,1,0x30631D,0x30631D,0x80000,0x0,0x2B1868,0x0,2,0,1,0,stop_at_base,0,0,0,,CALLBACK_RETURN_SENTINEL_OK
p17_hit3_20260801_144835_85006,454,454,robotol.ext,3,3,1,0x30631D,0x30631D,0x80000,0x0,0x2B1868,0x0,2,0,1,0,stop_at_base,0,0,0,,CALLBACK_RETURN_SENTINEL_OK
p17_hit3_20260801_144835_85006,455,455,robotol.ext,3,3,1,0x30631D,0x30631D,0x80000,0x0,0x2B1868,0x0,2,0,1,0,stop_at_base,0,0,0,,CALLBACK_RETURN_SENTINEL_OK
p17_hit3_20260801_144835_85006,456,456,robotol.ext,3,3,1,0x30631D,0x30631D,0x80000,0x0,0x2B1868,0x0,2,0,1,0,stop_at_base,0,0,0,,CALLBACK_RETURN_SENTINEL_OK
p17_hit3_20260801_144835_85006,457,457,robotol.ext,3,3,1,0x30631D,0x30631D,0x80000,0x0,0x2B1868,0x0,2,0,1,0,stop_at_base,0,0,0,,CALLBACK_RETURN_SENTINEL_OK
p17_hit3_20260801_144835_85006,458,458,robotol.ext,3,3,1,0x30631D,0x30631D,0x80000,0x0,0x2B1868,0x0,2,0,1,0,stop_at_base,0,0,0,,CALLBACK_RETURN_SENTINEL_OK
p17_hit3_20260801_144835_85006,459,459,robotol.ext,3,3,1,0x30631D,0x30631D,0x80000,0x0,0x2B1868,0x0,2,0,1,0,stop_at_base,0,0,0,,CALLBACK_RETURN_SENTINEL_OK
p17_hit3_20260801_144835_85006,460,460,robotol.ext,3,3,1,0x30631D,0x30631D,0x80000,0x0,0x2B1868,0x0,2,0,1,0,stop_at_base,0,0,0,,CALLBACK_RETURN_SENTINEL_OK
p17_hit3_20260801_144835_85006,461,461,robotol.ext,3,3,1,0x30631D,0x30631D,0x80000,0x0,0x2B1868,0x0,2,0,1,0,stop_at_base,0,0,0,,CALLBACK_RETURN_SENTINEL_OK
p17_hit3_20260801_144835_85006,462,462,robotol.ext,3,3,1,0x30631D,0x30631D,0x80000,0x0,0x2B1868,0x0,2,0,1,0,stop_at_base,0,0,0,,CALLBACK_RETURN_SENTINEL_OK
p17_hit3_20260801_144835_85006,463,463,robotol.ext,3,3,1,0x30631D,0x30631D,0x80000,0x0,0x2B1868,0x0,2,0,1,0,stop_at_base,0,0,0,,CALLBACK_RETURN_SENTINEL_OK
p17_hit3_20260801_144835_85006,464,464,robotol.ext,3,3,1,0x30631D,0x30631D,0x80000,0x0,0x2B1868,0x0,2,0,1,0,stop_at_base,0,0,0,,CALLBACK_RETURN_SENTINEL_OK
p17_hit3_20260801_144835_85006,465,465,robotol.ext,3,3,1,0x30631D,0x30631D,0x80000,0x0,0x2B1868,0x0,2,0,1,0,stop_at_base,0,0,0,,CALLBACK_RETURN_SENTINEL_OK
p17_hit3_20260801_144835_85006,466,466,robotol.ext,3,3,1,0x30631D,0x30631D,0x80000,0x0,0x2B1868,0x0,2,0,1,0,stop_at_base,0,0,0,,CALLBACK_RETURN_SENTINEL_OK
p17_hit3_20260801_144835_85006,467,467,robotol.ext,3,3,1,0x30631D,0x30631D,0x80000,0x0,0x2B1868,0x0,2,0,1,0,stop_at_base,0,0,0,,CALLBACK_RETURN_SENTINEL_OK
p17_hit3_20260801_144835_85006,468,468,robotol.ext,3,3,1,0x30631D,0x30631D,0x80000,0x0,0x2B1868,0x0,2,0,1,0,stop_at_base,0,0,0,,CALLBACK_RETURN_SENTINEL_OK
p17_hit3_20260801_144835_85006,469,469,robotol.ext,3,3,1,0x30631D,0x30631D,0x80000,0x0,0x2B1868,0x0,2,0,1,0,stop_at_base,0,0,0,,CALLBACK_RETURN_SENTINEL_OK
p17_hit3_20260801_144835_85006,470,470,robotol.ext,3,3,1,0x30631D,0x30631D,0x80000,0x0,0x2B1868,0x0,2,0,1,0,stop_at_base,0,0,0,,CALLBACK_RETURN_SENTINEL_OK
p17_hit3_20260801_144835_85006,471,471,robotol.ext,3,3,1,0x30631D,0x30631D,0x80000,0x0,0x2B1868,0x0,2,0,1,0,stop_at_base,0,0,0,,CALLBACK_RETURN_SENTINEL_OK
p17_hit3_20260801_144835_85006,472,472,robotol.ext,3,3,1,0x30631D,0x30631D,0x80000,0x0,0x2B1868,0x0,2,0,1,0,stop_at_base,0,0,0,,CALLBACK_RETURN_SENTINEL_OK
p17_hit3_20260801_144835_85006,473,473,robotol.ext,3,3,1,0x30631D,0x30631D,0x80000,0x0,0x2B1868,0x0,2,0,1,0,stop_at_base,0,0,0,,CALLBACK_RETURN_SENTINEL_OK
p17_hit3_20260801_144835_85006,474,474,robotol.ext,3,3,1,0x30631D,0x30631D,0x80000,0x0,0x2B1868,0x0,2,0,1,0,stop_at_base,0,0,0,,CALLBACK_RETURN_SENTINEL_OK
p17_hit3_20260801_144835_85006,475,475,robotol.ext,3,3,1,0x30631D,0x30631D,0x80000,0x0,0x2B1868,0x0,2,0,1,0,stop_at_base,0,0,0,,CALLBACK_RETURN_SENTINEL_OK
p17_hit3_20260801_144835_85006,476,476,robotol.ext,3,3,1,0x30631D,0x30631D,0x80000,0x0,0x2B1868,0x0,2,0,1,0,stop_at_base,0,0,0,,CALLBACK_RETURN_SENTINEL_OK
p17_hit3_20260801_144835_85006,477,477,robotol.ext,3,3,1,0x30631D,0x30631D,0x80000,0x0,0x2B1868,0x0,2,0,1,0,stop_at_base,0,0,0,,CALLBACK_RETURN_SENTINEL_OK
p17_hit3_20260801_144835_85006,478,478,robotol.ext,3,3,1,0x30631D,0x30631D,0x80000,0x0,0x2B1868,0x0,2,0,1,0,stop_at_base,0,0,0,,CALLBACK_RETURN_SENTINEL_OK
p17_hit3_20260801_144835_85006,479,479,robotol.ext,3,3,1,0x30631D,0x30631D,0x80000,0x0,0x2B1868,0x0,2,0,1,0,stop_at_base,0,0,0,,CALLBACK_RETURN_SENTINEL_OK
p17_hit3_20260801_144835_85006,480,480,robotol.ext,3,3,1,0x30631D,0x30631D,0x80000,0x0,0x2B1868,0x0,2,0,1,0,stop_at_base,0,0,0,,CALLBACK_RETURN_SENTINEL_OK
p17_hit3_20260801_144835_85006,481,481,robotol.ext,3,3,1,0x30631D,0x30631D,0x80000,0x0,0x2B1868,0x0,2,0,1,0,stop_at_base,0,0,0,,CALLBACK_RETURN_SENTINEL_OK
p17_hit3_20260801_144835_85006,482,482,robotol.ext,3,3,1,0x30631D,0x30631D,0x80000,0x0,0x2B1868,0x0,2,0,1,0,stop_at_base,0,0,0,,CALLBACK_RETURN_SENTINEL_OK
p17_hit3_20260801_144835_85006,483,483,robotol.ext,3,3,1,0x30631D,0x30631D,0x80000,0x0,0x2B1868,0x0,2,0,1,0,stop_at_base,0,0,0,,CALLBACK_RETURN_SENTINEL_OK
p17_hit3_20260801_144835_85006,484,484,robotol.ext,3,3,1,0x30631D,0x30631D,0x80000,0x0,0x2B1868,0x0,2,0,1,0,stop_at_base,0,0,0,,CALLBACK_RETURN_SENTINEL_OK
p17_hit3_20260801_144835_85006,485,485,robotol.ext,3,3,1,0x30631D,0x30631D,0x80000,0x0,0x2B1868,0x0,2,0,1,0,stop_at_base,0,0,0,,CALLBACK_RETURN_SENTINEL_OK
p17_hit3_20260801_144835_85006,486,486,robotol.ext,3,3,1,0x30631D,0x30631D,0x80000,0x0,0x2B1868,0x0,2,0,1,0,stop_at_base,0,0,0,,CALLBACK_RETURN_SENTINEL_OK
p17_hit3_20260801_144835_85006,487,487,robotol.ext,3,3,1,0x30631D,0x30631D,0x80000,0x0,0x2B1868,0x0,2,0,1,0,stop_at_base,0,0,0,,CALLBACK_RETURN_SENTINEL_OK
p17_hit3_20260801_144835_85006,488,488,robotol.ext,3,3,1,0x30631D,0x30631D,0x80000,0x0,0x2B1868,0x0,2,0,1,0,stop_at_base,0,0,0,,CALLBACK_RETURN_SENTINEL_OK
p17_hit3_20260801_144835_85006,489,489,robotol.ext,3,3,1,0x30631D,0x30631D,0x80000,0x0,0x2B1868,0x0,2,0,1,0,stop_at_base,0,0,0,,CALLBACK_RETURN_SENTINEL_OK
p17_hit3_20260801_144835_85006,490,490,robotol.ext,3,3,1,0x30631D,0x30631D,0x80000,0x0,0x2B1868,0x0,2,0,1,0,stop_at_base,0,0,0,,CALLBACK_RETURN_SENTINEL_OK
p17_hit3_20260801_144835_85006,491,491,robotol.ext,3,3,1,0x30631D,0x30631D,0x80000,0x0,0x2B1868,0x0,2,0,1,0,stop_at_base,0,0,0,,CALLBACK_RETURN_SENTINEL_OK
p17_hit3_20260801_144835_85006,492,492,robotol.ext,3,3,1,0x30631D,0x30631D,0x80000,0x0,0x2B1868,0x0,2,0,1,0,stop_at_base,0,0,0,,CALLBACK_RETURN_SENTINEL_OK
p17_hit3_20260801_144835_85006,493,493,robotol.ext,3,3,1,0x30631D,0x30631D,0x80000,0x0,0x2B1868,0x0,2,0,1,0,stop_at_base,0,0,0,,CALLBACK_RETURN_SENTINEL_OK
p17_hit3_20260801_144835_85006,494,494,robotol.ext,3,3,1,0x30631D,0x30631D,0x80000,0x0,0x2B1868,0x0,2,0,1,0,stop_at_base,0,0,0,,CALLBACK_RETURN_SENTINEL_OK
p17_hit3_20260801_144835_85006,495,495,robotol.ext,3,3,1,0x30631D,0x30631D,0x80000,0x0,0x2B1868,0x0,2,0,1,0,stop_at_base,0,0,0,,CALLBACK_RETURN_SENTINEL_OK
p17_hit3_20260801_144835_85006,496,496,robotol.ext,3,3,1,0x30631D,0x30631D,0x80000,0x0,0x2B1868,0x0,2,0,1,0,stop_at_base,0,0,0,,CALLBACK_RETURN_SENTINEL_OK
p17_hit3_20260801_144835_85006,497,497,robotol.ext,3,3,1,0x30631D,0x30631D,0x80000,0x0,0x2B1868,0x0,2,0,1,0,stop_at_base,0,0,0,,CALLBACK_RETURN_SENTINEL_OK
p17_hit3_20260801_144835_85006,498,498,robotol.ext,3,3,1,0x30631D,0x30631D,0x80000,0x0,0x2B1868,0x0,2,0,1,0,stop_at_base,0,0,0,,CALLBACK_RETURN_SENTINEL_OK
p17_hit3_20260801_144835_85006,499,499,robotol.ext,3,3,1,0x30631D,0x30631D,0x80000,0x0,0x2B1868,0x0,2,0,1,0,stop_at_base,0,0,0,,CALLBACK_RETURN_SENTINEL_OK
p17_hit3_20260801_144835_85006,500,500,robotol.ext,3,3,1,0x30631D,0x30631D,0x80000,0x0,0x2B1868,0x0,2,0,1,0,stop_at_base,0,0,0,,CALLBACK_RETURN_SENTINEL_OK
p17_hit3_20260801_144835_85006,501,501,robotol.ext,3,3,1,0x30631D,0x30631D,0x80000,0x0,0x2B1868,0x0,2,0,1,0,stop_at_base,0,0,0,,CALLBACK_RETURN_SENTINEL_OK
p17_hit3_20260801_144835_85006,502,502,robotol.ext,3,3,1,0x30631D,0x30631D,0x80000,0x0,0x2B1868,0x0,2,0,1,0,stop_at_base,0,0,0,,CALLBACK_RETURN_SENTINEL_OK
p17_hit3_20260801_144835_85006,503,503,robotol.ext,3,3,1,0x30631D,0x30631D,0x80000,0x0,0x2B1868,0x0,2,0,1,0,stop_at_base,0,0,0,,CALLBACK_RETURN_SENTINEL_OK
p17_hit3_20260801_144835_85006,504,504,robotol.ext,3,3,1,0x30631D,0x30631D,0x80000,0x0,0x2B1868,0x0,2,0,1,0,stop_at_base,0,0,0,,CALLBACK_RETURN_SENTINEL_OK
p17_hit3_20260801_144835_85006,505,505,robotol.ext,3,3,1,0x30631D,0x30631D,0x80000,0x0,0x2B1868,0x0,2,0,1,0,stop_at_base,0,0,0,,CALLBACK_RETURN_SENTINEL_OK
p17_hit3_20260801_144835_85006,506,506,robotol.ext,3,3,1,0x30631D,0x30631D,0x80000,0x0,0x2B1868,0x0,2,0,1,0,stop_at_base,0,0,0,,CALLBACK_RETURN_SENTINEL_OK
p17_hit3_20260801_144835_85006,507,507,robotol.ext,3,3,1,0x30631D,0x30631D,0x80000,0x0,0x2B1868,0x0,2,0,1,0,stop_at_base,0,0,0,,CALLBACK_RETURN_SENTINEL_OK
p17_hit3_20260801_144835_85006,508,508,robotol.ext,3,3,1,0x30631D,0x30631D,0x80000,0x0,0x2B1868,0x0,2,0,1,0,stop_at_base,0,0,0,,CALLBACK_RETURN_SENTINEL_OK
p17_hit3_20260801_144835_85006,509,509,robotol.ext,3,3,1,0x30631D,0x30631D,0x80000,0x0,0x2B1868,0x0,2,0,1,0,stop_at_base,0,0,0,,CALLBACK_RETURN_SENTINEL_OK
p17_hit3_20260801_144835_85006,510,510,robotol.ext,3,3,1,0x30631D,0x30631D,0x80000,0x0,0x2B1868,0x0,2,0,1,0,stop_at_base,0,0,0,,CALLBACK_RETURN_SENTINEL_OK
p17_hit3_20260801_144835_85006,511,511,robotol.ext,3,3,1,0x30631D,0x30631D,0x80000,0x0,0x2B1868,0x0,2,0,1,0,stop_at_base,0,0,0,,CALLBACK_RETURN_SENTINEL_OK
p17_hit3_20260801_144835_85006,512,512,robotol.ext,3,3,1,0x30631D,0x30631D,0x80000,0x0,0x2B1868,0x0,2,0,1,0,stop_at_base,0,0,0,,CALLBACK_RETURN_SENTINEL_OK
p17_hit3_20260801_144835_85006,513,513,robotol.ext,3,3,1,0x30631D,0x30631D,0x80000,0x0,0x2B1868,0x0,2,0,1,0,stop_at_base,0,0,0,,CALLBACK_RETURN_SENTINEL_OK
p17_hit3_20260801_144835_85006,514,514,robotol.ext,3,3,1,0x30631D,0x30631D,0x80000,0x0,0x2B1868,0x0,2,0,1,0,stop_at_base,0,0,0,,CALLBACK_RETURN_SENTINEL_OK
p17_hit3_20260801_144835_85006,515,515,robotol.ext,3,3,1,0x30631D,0x30631D,0x80000,0x0,0x2B1868,0x0,2,0,1,0,stop_at_base,0,0,0,,CALLBACK_RETURN_SENTINEL_OK
p17_hit3_20260801_144835_85006,516,516,robotol.ext,3,3,1,0x30631D,0x30631D,0x80000,0x0,0x2B1868,0x0,2,0,1,0,stop_at_base,0,0,0,,CALLBACK_RETURN_SENTINEL_OK
p17_hit3_20260801_144835_85006,517,517,robotol.ext,3,3,1,0x30631D,0x30631D,0x80000,0x0,0x2B1868,0x0,2,0,1,0,stop_at_base,0,0,0,,CALLBACK_RETURN_SENTINEL_OK
p17_hit3_20260801_144835_85006,518,518,robotol.ext,3,3,1,0x30631D,0x30631D,0x80000,0x0,0x2B1868,0x0,2,0,1,0,stop_at_base,0,0,0,,CALLBACK_RETURN_SENTINEL_OK
p17_hit3_20260801_144835_85006,519,519,robotol.ext,3,3,1,0x30631D,0x30631D,0x80000,0x0,0x2B1868,0x0,2,0,1,0,stop_at_base,0,0,0,,CALLBACK_RETURN_SENTINEL_OK
p17_hit3_20260801_144835_85006,520,520,robotol.ext,3,3,1,0x30631D,0x30631D,0x80000,0x0,0x2B1868,0x0,2,0,1,0,stop_at_base,0,0,0,,CALLBACK_RETURN_SENTINEL_OK
p17_hit3_20260801_144835_85006,521,521,robotol.ext,3,3,1,0x30631D,0x30631D,0x80000,0x0,0x2B1868,0x0,2,0,1,0,stop_at_base,0,0,0,,CALLBACK_RETURN_SENTINEL_OK
p17_hit3_20260801_144835_85006,522,522,robotol.ext,3,3,1,0x30631D,0x30631D,0x80000,0x0,0x2B1868,0x0,2,0,1,0,stop_at_base,0,0,0,,CALLBACK_RETURN_SENTINEL_OK
p17_hit3_20260801_144835_85006,523,523,robotol.ext,3,3,1,0x30631D,0x30631D,0x80000,0x0,0x2B1868,0x0,2,0,1,0,stop_at_base,0,0,0,,CALLBACK_RETURN_SENTINEL_OK
p17_hit3_20260801_144835_85006,524,524,robotol.ext,3,3,1,0x30631D,0x30631D,0x80000,0x0,0x2B1868,0x0,2,0,1,0,stop_at_base,0,0,0,,CALLBACK_RETURN_SENTINEL_OK
p17_hit3_20260801_144835_85006,525,525,robotol.ext,3,3,1,0x30631D,0x30631D,0x80000,0x0,0x2B1868,0x0,2,0,1,0,stop_at_base,0,0,0,,CALLBACK_RETURN_SENTINEL_OK
p17_hit3_20260801_144835_85006,526,526,robotol.ext,3,3,1,0x30631D,0x30631D,0x80000,0x0,0x2B1868,0x0,2,0,1,0,stop_at_base,0,0,0,,CALLBACK_RETURN_SENTINEL_OK
p17_hit3_20260801_144835_85006,527,527,robotol.ext,3,3,1,0x30631D,0x30631D,0x80000,0x0,0x2B1868,0x0,2,0,1,0,stop_at_base,0,0,0,,CALLBACK_RETURN_SENTINEL_OK
p17_hit3_20260801_144835_85006,528,528,robotol.ext,3,3,1,0x30631D,0x30631D,0x80000,0x0,0x2B1868,0x0,2,0,1,0,stop_at_base,0,0,0,,CALLBACK_RETURN_SENTINEL_OK
p17_hit3_20260801_144835_85006,529,529,robotol.ext,3,3,1,0x30631D,0x30631D,0x80000,0x0,0x2B1868,0x0,2,0,1,0,stop_at_base,0,0,0,,CALLBACK_RETURN_SENTINEL_OK
p17_hit3_20260801_144835_85006,530,530,robotol.ext,3,3,1,0x30631D,0x30631D,0x80000,0x0,0x2B1868,0x0,2,0,1,0,stop_at_base,0,0,0,,CALLBACK_RETURN_SENTINEL_OK
p17_hit3_20260801_144835_85006,531,531,robotol.ext,3,3,1,0x30631D,0x30631D,0x80000,0x0,0x2B1868,0x0,2,0,1,0,stop_at_base,0,0,0,,CALLBACK_RETURN_SENTINEL_OK
p17_hit3_20260801_144835_85006,532,532,robotol.ext,3,3,1,0x30631D,0x30631D,0x80000,0x0,0x2B1868,0x0,2,0,1,0,stop_at_base,0,0,0,,CALLBACK_RETURN_SENTINEL_OK
p17_hit3_20260801_144835_85006,533,533,robotol.ext,3,3,1,0x30631D,0x30631D,0x80000,0x0,0x2B1868,0x0,2,0,1,0,stop_at_base,0,0,0,,CALLBACK_RETURN_SENTINEL_OK
p17_hit3_20260801_144835_85006,534,534,robotol.ext,3,3,1,0x30631D,0x30631D,0x80000,0x0,0x2B1868,0x0,2,0,1,0,stop_at_base,0,0,0,,CALLBACK_RETURN_SENTINEL_OK
p17_hit3_20260801_144835_85006,535,535,robotol.ext,3,3,1,0x30631D,0x30631D,0x80000,0x0,0x2B1868,0x0,2,0,1,0,stop_at_base,0,0,0,,CALLBACK_RETURN_SENTINEL_OK
p17_hit3_20260801_144835_85006,536,536,robotol.ext,3,3,1,0x30631D,0x30631D,0x80000,0x0,0x2B1868,0x0,2,0,1,0,stop_at_base,0,0,0,,CALLBACK_RETURN_SENTINEL_OK
p17_hit3_20260801_144835_85006,537,537,robotol.ext,3,3,1,0x30631D,0x30631D,0x80000,0x0,0x2B1868,0x0,2,0,1,0,stop_at_base,0,0,0,,CALLBACK_RETURN_SENTINEL_OK
p17_hit3_20260801_144835_85006,538,538,robotol.ext,3,3,1,0x30631D,0x30631D,0x80000,0x0,0x2B1868,0x0,2,0,1,0,stop_at_base,0,0,0,,CALLBACK_RETURN_SENTINEL_OK
p17_hit3_20260801_144835_85006,539,539,robotol.ext,3,3,1,0x30631D,0x30631D,0x80000,0x0,0x2B1868,0x0,2,0,1,0,stop_at_base,0,0,0,,CALLBACK_RETURN_SENTINEL_OK
p17_hit3_20260801_144835_85006,540,540,robotol.ext,3,3,1,0x30631D,0x30631D,0x80000,0x0,0x2B1868,0x0,2,0,1,0,stop_at_base,0,0,0,,CALLBACK_RETURN_SENTINEL_OK
p17_hit3_20260801_144835_85006,541,541,robotol.ext,3,3,1,0x30631D,0x30631D,0x80000,0x0,0x2B1868,0x0,2,0,1,0,stop_at_base,0,0,0,,CALLBACK_RETURN_SENTINEL_OK
p17_hit3_20260801_144835_85006,542,542,robotol.ext,3,3,1,0x30631D,0x30631D,0x80000,0x0,0x2B1868,0x0,2,0,1,0,stop_at_base,0,0,0,,CALLBACK_RETURN_SENTINEL_OK
p17_hit3_20260801_144835_85006,543,543,robotol.ext,3,3,1,0x30631D,0x30631D,0x80000,0x0,0x2B1868,0x0,2,0,1,0,stop_at_base,0,0,0,,CALLBACK_RETURN_SENTINEL_OK
p17_hit3_20260801_144835_85006,544,544,robotol.ext,3,3,1,0x30631D,0x30631D,0x80000,0x0,0x2B1868,0x0,2,0,1,0,stop_at_base,0,0,0,,CALLBACK_RETURN_SENTINEL_OK
p17_hit3_20260801_144835_85006,545,545,robotol.ext,3,3,1,0x30631D,0x30631D,0x80000,0x0,0x2B1868,0x0,2,0,1,0,stop_at_base,0,0,0,,CALLBACK_RETURN_SENTINEL_OK
p17_hit3_20260801_144835_85006,546,546,robotol.ext,3,3,1,0x30631D,0x30631D,0x80000,0x0,0x2B1868,0x0,2,0,1,0,stop_at_base,0,0,0,,CALLBACK_RETURN_SENTINEL_OK
p17_hit3_20260801_144835_85006,547,547,robotol.ext,3,3,1,0x30631D,0x30631D,0x80000,0x0,0x2B1868,0x0,2,0,1,0,stop_at_base,0,0,0,,CALLBACK_RETURN_SENTINEL_OK
p17_hit3_20260801_144835_85006,548,548,robotol.ext,3,3,1,0x30631D,0x30631D,0x80000,0x0,0x2B1868,0x0,2,0,1,0,stop_at_base,0,0,0,,CALLBACK_RETURN_SENTINEL_OK
p17_hit3_20260801_144835_85006,549,549,robotol.ext,3,3,1,0x30631D,0x30631D,0x80000,0x0,0x2B1868,0x0,2,0,1,0,stop_at_base,0,0,0,,CALLBACK_RETURN_SENTINEL_OK
p17_hit3_20260801_144835_85006,550,550,robotol.ext,3,3,1,0x30631D,0x30631D,0x80000,0x0,0x2B1868,0x0,2,0,1,0,stop_at_base,0,0,0,,CALLBACK_RETURN_SENTINEL_OK
p17_hit3_20260801_144835_85006,551,551,robotol.ext,3,3,1,0x30631D,0x30631D,0x80000,0x0,0x2B1868,0x0,2,0,1,0,stop_at_base,0,0,0,,CALLBACK_RETURN_SENTINEL_OK
p17_hit3_20260801_144835_85006,552,552,robotol.ext,3,3,1,0x30631D,0x30631D,0x80000,0x0,0x2B1868,0x0,2,0,1,0,stop_at_base,0,0,0,,CALLBACK_RETURN_SENTINEL_OK
p17_hit3_20260801_144835_85006,553,553,robotol.ext,3,3,1,0x30631D,0x30631D,0x80000,0x0,0x2B1868,0x0,2,0,1,0,stop_at_base,0,0,0,,CALLBACK_RETURN_SENTINEL_OK
p17_hit3_20260801_144835_85006,554,554,robotol.ext,3,3,1,0x30631D,0x30631D,0x80000,0x0,0x2B1868,0x0,2,0,1,0,stop_at_base,0,0,0,,CALLBACK_RETURN_SENTINEL_OK
p17_hit3_20260801_144835_85006,555,555,robotol.ext,3,3,1,0x30631D,0x30631D,0x80000,0x0,0x2B1868,0x0,2,0,1,0,stop_at_base,0,0,0,,CALLBACK_RETURN_SENTINEL_OK
p17_hit3_20260801_144835_85006,556,556,robotol.ext,3,3,1,0x30631D,0x30631D,0x80000,0x0,0x2B1868,0x0,2,0,1,0,stop_at_base,0,0,0,,CALLBACK_RETURN_SENTINEL_OK
p17_hit3_20260801_144835_85006,557,557,robotol.ext,3,3,1,0x30631D,0x30631D,0x80000,0x0,0x2B1868,0x0,2,0,1,0,stop_at_base,0,0,0,,CALLBACK_RETURN_SENTINEL_OK
p17_hit3_20260801_144835_85006,558,558,robotol.ext,3,3,1,0x30631D,0x30631D,0x80000,0x0,0x2B1868,0x0,2,0,1,0,stop_at_base,0,0,0,,CALLBACK_RETURN_SENTINEL_OK
p17_hit3_20260801_144835_85006,559,559,robotol.ext,3,3,1,0x30631D,0x30631D,0x80000,0x0,0x2B1868,0x0,2,0,1,0,stop_at_base,0,0,0,,CALLBACK_RETURN_SENTINEL_OK
p17_hit3_20260801_144835_85006,560,560,robotol.ext,3,3,1,0x30631D,0x30631D,0x80000,0x0,0x2B1868,0x0,2,0,1,0,stop_at_base,0,0,0,,CALLBACK_RETURN_SENTINEL_OK
p17_hit3_20260801_144835_85006,561,561,robotol.ext,3,3,1,0x30631D,0x30631D,0x80000,0x0,0x2B1868,0x0,2,0,1,0,stop_at_base,0,0,0,,CALLBACK_RETURN_SENTINEL_OK
p17_hit3_20260801_144835_85006,562,562,robotol.ext,3,3,1,0x30631D,0x30631D,0x80000,0x0,0x2B1868,0x0,2,0,1,0,stop_at_base,0,0,0,,CALLBACK_RETURN_SENTINEL_OK
p17_hit3_20260801_144835_85006,563,563,robotol.ext,3,3,1,0x30631D,0x30631D,0x80000,0x0,0x2B1868,0x0,2,0,1,0,stop_at_base,0,0,0,,CALLBACK_RETURN_SENTINEL_OK
p17_hit3_20260801_144835_85006,564,564,robotol.ext,3,3,1,0x30631D,0x30631D,0x80000,0x0,0x2B1868,0x0,2,0,1,0,stop_at_base,0,0,0,,CALLBACK_RETURN_SENTINEL_OK
p17_hit3_20260801_144835_85006,565,565,robotol.ext,3,3,1,0x30631D,0x30631D,0x80000,0x0,0x2B1868,0x0,2,0,1,0,stop_at_base,0,0,0,,CALLBACK_RETURN_SENTINEL_OK
p17_hit3_20260801_144835_85006,566,566,robotol.ext,3,3,1,0x30631D,0x30631D,0x80000,0x0,0x2B1868,0x0,2,0,1,0,stop_at_base,0,0,0,,CALLBACK_RETURN_SENTINEL_OK
p17_hit3_20260801_144835_85006,567,567,robotol.ext,3,3,1,0x30631D,0x30631D,0x80000,0x0,0x2B1868,0x0,2,0,1,0,stop_at_base,0,0,0,,CALLBACK_RETURN_SENTINEL_OK
p17_hit3_20260801_144835_85006,568,568,robotol.ext,3,3,1,0x30631D,0x30631D,0x80000,0x0,0x2B1868,0x0,2,0,1,0,stop_at_base,0,0,0,,CALLBACK_RETURN_SENTINEL_OK
p17_hit3_20260801_144835_85006,569,569,robotol.ext,3,3,1,0x30631D,0x30631D,0x80000,0x0,0x2B1868,0x0,2,0,1,0,stop_at_base,0,0,0,,CALLBACK_RETURN_SENTINEL_OK
p17_hit3_20260801_144835_85006,570,570,robotol.ext,3,3,1,0x30631D,0x30631D,0x80000,0x0,0x2B1868,0x0,2,0,1,0,stop_at_base,0,0,0,,CALLBACK_RETURN_SENTINEL_OK
p17_hit3_20260801_144835_85006,571,571,robotol.ext,3,3,1,0x30631D,0x30631D,0x80000,0x0,0x2B1868,0x0,2,0,1,0,stop_at_base,0,0,0,,CALLBACK_RETURN_SENTINEL_OK
p17_hit3_20260801_144835_85006,572,572,robotol.ext,3,3,1,0x30631D,0x30631D,0x80000,0x0,0x2B1868,0x0,2,0,1,0,stop_at_base,0,0,0,,CALLBACK_RETURN_SENTINEL_OK
p17_hit3_20260801_144835_85006,573,573,robotol.ext,3,3,1,0x30631D,0x30631D,0x80000,0x0,0x2B1868,0x0,2,0,1,0,stop_at_base,0,0,0,,CALLBACK_RETURN_SENTINEL_OK
p17_hit3_20260801_144835_85006,574,574,robotol.ext,3,3,1,0x30631D,0x30631D,0x80000,0x0,0x2B1868,0x0,2,0,1,0,stop_at_base,0,0,0,,CALLBACK_RETURN_SENTINEL_OK
p17_hit3_20260801_144835_85006,575,575,robotol.ext,3,3,1,0x30631D,0x30631D,0x80000,0x0,0x2B1868,0x0,2,0,1,0,stop_at_base,0,0,0,,CALLBACK_RETURN_SENTINEL_OK
p17_hit3_20260801_144835_85006,576,576,robotol.ext,3,3,1,0x30631D,0x30631D,0x80000,0x0,0x2B1868,0x0,2,0,1,0,stop_at_base,0,0,0,,CALLBACK_RETURN_SENTINEL_OK
p17_hit3_20260801_144835_85006,577,577,robotol.ext,3,3,1,0x30631D,0x30631D,0x80000,0x0,0x2B1868,0x0,2,0,1,0,stop_at_base,0,0,0,,CALLBACK_RETURN_SENTINEL_OK
p17_hit3_20260801_144835_85006,578,578,robotol.ext,3,3,1,0x30631D,0x30631D,0x80000,0x0,0x2B1868,0x0,2,0,1,0,stop_at_base,0,0,0,,CALLBACK_RETURN_SENTINEL_OK
p17_hit3_20260801_144835_85006,579,579,robotol.ext,3,3,1,0x30631D,0x30631D,0x80000,0x0,0x2B1868,0x0,2,0,1,0,stop_at_base,0,0,0,,CALLBACK_RETURN_SENTINEL_OK
p17_hit3_20260801_144835_85006,580,580,robotol.ext,3,3,1,0x30631D,0x30631D,0x80000,0x0,0x2B1868,0x0,2,0,1,0,stop_at_base,0,0,0,,CALLBACK_RETURN_SENTINEL_OK
p17_hit3_20260801_144835_85006,581,581,robotol.ext,3,3,1,0x30631D,0x30631D,0x80000,0x0,0x2B1868,0x0,2,0,1,0,stop_at_base,0,0,0,,CALLBACK_RETURN_SENTINEL_OK
p17_hit3_20260801_144835_85006,582,582,robotol.ext,3,3,1,0x30631D,0x30631D,0x80000,0x0,0x2B1868,0x0,2,0,1,0,stop_at_base,0,0,0,,CALLBACK_RETURN_SENTINEL_OK
p17_hit3_20260801_144835_85006,583,583,robotol.ext,3,3,1,0x30631D,0x30631D,0x80000,0x0,0x2B1868,0x0,2,0,1,0,stop_at_base,0,0,0,,CALLBACK_RETURN_SENTINEL_OK
p17_hit3_20260801_144835_85006,584,584,robotol.ext,3,3,1,0x30631D,0x30631D,0x80000,0x0,0x2B1868,0x0,2,0,1,0,stop_at_base,0,0,0,,CALLBACK_RETURN_SENTINEL_OK
p17_hit3_20260801_144835_85006,585,585,robotol.ext,3,3,1,0x30631D,0x30631D,0x80000,0x0,0x2B1868,0x0,2,0,1,0,stop_at_base,0,0,0,,CALLBACK_RETURN_SENTINEL_OK
p17_hit3_20260801_144835_85006,586,586,robotol.ext,3,3,1,0x30631D,0x30631D,0x80000,0x0,0x2B1868,0x0,2,0,1,0,stop_at_base,0,0,0,,CALLBACK_RETURN_SENTINEL_OK
p17_hit3_20260801_144835_85006,587,587,robotol.ext,3,3,1,0x30631D,0x30631D,0x80000,0x0,0x2B1868,0x0,2,0,1,0,stop_at_base,0,0,0,,CALLBACK_RETURN_SENTINEL_OK
p17_hit3_20260801_144835_85006,588,588,robotol.ext,3,3,1,0x30631D,0x30631D,0x80000,0x0,0x2B1868,0x0,2,0,1,0,stop_at_base,0,0,0,,CALLBACK_RETURN_SENTINEL_OK
p17_hit3_20260801_144835_85006,589,589,robotol.ext,3,3,1,0x30631D,0x30631D,0x80000,0x0,0x2B1868,0x0,2,0,1,0,stop_at_base,0,0,0,,CALLBACK_RETURN_SENTINEL_OK
p17_hit3_20260801_144835_85006,590,590,robotol.ext,3,3,1,0x30631D,0x30631D,0x80000,0x0,0x2B1868,0x0,2,0,1,0,stop_at_base,0,0,0,,CALLBACK_RETURN_SENTINEL_OK
p17_hit3_20260801_144835_85006,591,591,robotol.ext,3,3,1,0x30631D,0x30631D,0x80000,0x0,0x2B1868,0x0,2,0,1,0,stop_at_base,0,0,0,,CALLBACK_RETURN_SENTINEL_OK
p17_hit3_20260801_144835_85006,592,592,robotol.ext,3,3,1,0x30631D,0x30631D,0x80000,0x0,0x2B1868,0x0,2,0,1,0,stop_at_base,0,0,0,,CALLBACK_RETURN_SENTINEL_OK
p17_hit3_20260801_144835_85006,593,593,robotol.ext,3,3,1,0x30631D,0x30631D,0x80000,0x0,0x2B1868,0x0,2,0,1,0,stop_at_base,0,0,0,,CALLBACK_RETURN_SENTINEL_OK
p17_hit3_20260801_144835_85006,594,594,robotol.ext,3,3,1,0x30631D,0x30631D,0x80000,0x0,0x2B1868,0x0,2,0,1,0,stop_at_base,0,0,0,,CALLBACK_RETURN_SENTINEL_OK
p17_hit3_20260801_144835_85006,595,595,robotol.ext,3,3,1,0x30631D,0x30631D,0x80000,0x0,0x2B1868,0x0,2,0,1,0,stop_at_base,0,0,0,,CALLBACK_RETURN_SENTINEL_OK
p17_hit3_20260801_144835_85006,596,596,robotol.ext,3,3,1,0x30631D,0x30631D,0x80000,0x0,0x2B1868,0x0,2,0,1,0,stop_at_base,0,0,0,,CALLBACK_RETURN_SENTINEL_OK
p17_hit3_20260801_144835_85006,597,597,robotol.ext,3,3,1,0x30631D,0x30631D,0x80000,0x0,0x2B1868,0x0,2,0,1,0,stop_at_base,0,0,0,,CALLBACK_RETURN_SENTINEL_OK
p17_hit3_20260801_144835_85006,598,598,robotol.ext,3,3,1,0x30631D,0x30631D,0x80000,0x0,0x2B1868,0x0,2,0,1,0,stop_at_base,0,0,0,,CALLBACK_RETURN_SENTINEL_OK
p17_hit3_20260801_144835_85006,599,599,robotol.ext,3,3,1,0x30631D,0x30631D,0x80000,0x0,0x2B1868,0x0,2,0,1,0,stop_at_base,0,0,0,,CALLBACK_RETURN_SENTINEL_OK
p17_hit3_20260801_144835_85006,600,600,robotol.ext,3,3,1,0x30631D,0x30631D,0x80000,0x0,0x2B1868,0x0,2,0,1,0,stop_at_base,0,0,0,,CALLBACK_RETURN_SENTINEL_OK
p17_hit3_20260801_144835_85006,601,601,robotol.ext,3,3,1,0x30631D,0x30631D,0x80000,0x0,0x2B1868,0x0,2,0,1,0,stop_at_base,0,0,0,,CALLBACK_RETURN_SENTINEL_OK
p17_hit3_20260801_144835_85006,602,602,robotol.ext,3,3,1,0x30631D,0x30631D,0x80000,0x0,0x2B1868,0x0,2,0,1,0,stop_at_base,0,0,0,,CALLBACK_RETURN_SENTINEL_OK
p17_hit3_20260801_144835_85006,603,603,robotol.ext,3,3,1,0x30631D,0x30631D,0x80000,0x0,0x2B1868,0x0,2,0,1,0,stop_at_base,0,0,0,,CALLBACK_RETURN_SENTINEL_OK
p17_hit3_20260801_144835_85006,604,604,robotol.ext,3,3,1,0x30631D,0x30631D,0x80000,0x0,0x2B1868,0x0,2,0,1,0,stop_at_base,0,0,0,,CALLBACK_RETURN_SENTINEL_OK
p17_hit3_20260801_144835_85006,605,605,robotol.ext,3,3,1,0x30631D,0x30631D,0x80000,0x0,0x2B1868,0x0,2,0,1,0,stop_at_base,0,0,0,,CALLBACK_RETURN_SENTINEL_OK
p17_hit3_20260801_144835_85006,606,606,robotol.ext,3,3,1,0x30631D,0x30631D,0x80000,0x0,0x2B1868,0x0,2,0,1,0,stop_at_base,0,0,0,,CALLBACK_RETURN_SENTINEL_OK
p17_hit3_20260801_144835_85006,607,607,robotol.ext,3,3,1,0x30631D,0x30631D,0x80000,0x0,0x2B1868,0x0,2,0,1,0,stop_at_base,0,0,0,,CALLBACK_RETURN_SENTINEL_OK
p17_hit3_20260801_144835_85006,608,608,robotol.ext,3,3,1,0x30631D,0x30631D,0x80000,0x0,0x2B1868,0x0,2,0,1,0,stop_at_base,0,0,0,,CALLBACK_RETURN_SENTINEL_OK
p17_hit3_20260801_144835_85006,609,609,robotol.ext,3,3,1,0x30631D,0x30631D,0x80000,0x0,0x2B1868,0x0,2,0,1,0,stop_at_base,0,0,0,,CALLBACK_RETURN_SENTINEL_OK
p17_hit3_20260801_144835_85006,610,610,robotol.ext,3,3,1,0x30631D,0x30631D,0x80000,0x0,0x2B1868,0x0,2,0,1,0,stop_at_base,0,0,0,,CALLBACK_RETURN_SENTINEL_OK
p17_hit3_20260801_144835_85006,611,611,robotol.ext,3,3,1,0x30631D,0x30631D,0x80000,0x0,0x2B1868,0x0,2,0,1,0,stop_at_base,0,0,0,,CALLBACK_RETURN_SENTINEL_OK
p17_hit3_20260801_144835_85006,612,612,robotol.ext,3,3,1,0x30631D,0x30631D,0x80000,0x0,0x2B1868,0x0,2,0,1,0,stop_at_base,0,0,0,,CALLBACK_RETURN_SENTINEL_OK
p17_hit3_20260801_144835_85006,613,613,robotol.ext,3,3,1,0x30631D,0x30631D,0x80000,0x0,0x2B1868,0x0,2,0,1,0,stop_at_base,0,0,0,,CALLBACK_RETURN_SENTINEL_OK
p17_hit3_20260801_144835_85006,614,614,robotol.ext,3,3,1,0x30631D,0x30631D,0x80000,0x0,0x2B1868,0x0,2,0,1,0,stop_at_base,0,0,0,,CALLBACK_RETURN_SENTINEL_OK
p17_hit3_20260801_144835_85006,615,615,robotol.ext,3,3,1,0x30631D,0x30631D,0x80000,0x0,0x2B1868,0x0,2,0,1,0,stop_at_base,0,0,0,,CALLBACK_RETURN_SENTINEL_OK
p17_hit3_20260801_144835_85006,616,616,robotol.ext,3,3,1,0x30631D,0x30631D,0x80000,0x0,0x2B1868,0x0,2,0,1,0,stop_at_base,0,0,0,,CALLBACK_RETURN_SENTINEL_OK
p17_hit3_20260801_144835_85006,617,617,robotol.ext,3,3,1,0x30631D,0x30631D,0x80000,0x0,0x2B1868,0x0,2,0,1,0,stop_at_base,0,0,0,,CALLBACK_RETURN_SENTINEL_OK
p17_hit3_20260801_144835_85006,618,618,robotol.ext,3,3,1,0x30631D,0x30631D,0x80000,0x0,0x2B1868,0x0,2,0,1,0,stop_at_base,0,0,0,,CALLBACK_RETURN_SENTINEL_OK
p17_hit3_20260801_144835_85006,619,619,robotol.ext,3,3,1,0x30631D,0x30631D,0x80000,0x0,0x2B1868,0x0,2,0,1,0,stop_at_base,0,0,0,,CALLBACK_RETURN_SENTINEL_OK
p17_hit3_20260801_144835_85006,620,620,robotol.ext,3,3,1,0x30631D,0x30631D,0x80000,0x0,0x2B1868,0x0,2,0,1,0,stop_at_base,0,0,0,,CALLBACK_RETURN_SENTINEL_OK
p17_hit3_20260801_144835_85006,621,621,robotol.ext,3,3,1,0x30631D,0x30631D,0x80000,0x0,0x2B1868,0x0,2,0,1,0,stop_at_base,0,0,0,,CALLBACK_RETURN_SENTINEL_OK
p17_hit3_20260801_144835_85006,622,622,robotol.ext,3,3,1,0x30631D,0x30631D,0x80000,0x0,0x2B1868,0x0,2,0,1,0,stop_at_base,0,0,0,,CALLBACK_RETURN_SENTINEL_OK
p17_hit3_20260801_144835_85006,623,623,robotol.ext,3,3,1,0x30631D,0x30631D,0x80000,0x0,0x2B1868,0x0,2,0,1,0,stop_at_base,0,0,0,,CALLBACK_RETURN_SENTINEL_OK
p17_hit3_20260801_144835_85006,624,624,robotol.ext,3,3,1,0x30631D,0x30631D,0x80000,0x0,0x2B1868,0x0,2,0,1,0,stop_at_base,0,0,0,,CALLBACK_RETURN_SENTINEL_OK
p17_hit3_20260801_144835_85006,625,625,robotol.ext,3,3,1,0x30631D,0x30631D,0x80000,0x0,0x2B1868,0x0,2,0,1,0,stop_at_base,0,0,0,,CALLBACK_RETURN_SENTINEL_OK
p17_hit3_20260801_144835_85006,626,626,robotol.ext,3,3,1,0x30631D,0x30631D,0x80000,0x0,0x2B1868,0x0,2,0,1,0,stop_at_base,0,0,0,,CALLBACK_RETURN_SENTINEL_OK
p17_hit3_20260801_144835_85006,627,627,robotol.ext,3,3,1,0x30631D,0x30631D,0x80000,0x0,0x2B1868,0x0,2,0,1,0,stop_at_base,0,0,0,,CALLBACK_RETURN_SENTINEL_OK
p17_hit3_20260801_144835_85006,628,628,robotol.ext,3,3,1,0x30631D,0x30631D,0x80000,0x0,0x2B1868,0x0,2,0,1,0,stop_at_base,0,0,0,,CALLBACK_RETURN_SENTINEL_OK
p17_hit3_20260801_144835_85006,629,629,robotol.ext,3,3,1,0x30631D,0x30631D,0x80000,0x0,0x2B1868,0x0,2,0,1,0,stop_at_base,0,0,0,,CALLBACK_RETURN_SENTINEL_OK
p17_hit3_20260801_144835_85006,630,630,robotol.ext,3,3,1,0x30631D,0x30631D,0x80000,0x0,0x2B1868,0x0,2,0,1,0,stop_at_base,0,0,0,,CALLBACK_RETURN_SENTINEL_OK
p17_hit3_20260801_144835_85006,631,631,robotol.ext,3,3,1,0x30631D,0x30631D,0x80000,0x0,0x2B1868,0x0,2,0,1,0,stop_at_base,0,0,0,,CALLBACK_RETURN_SENTINEL_OK
p17_hit3_20260801_144835_85006,632,632,robotol.ext,3,3,1,0x30631D,0x30631D,0x80000,0x0,0x2B1868,0x0,2,0,1,0,stop_at_base,0,0,0,,CALLBACK_RETURN_SENTINEL_OK
p17_hit3_20260801_144835_85006,633,633,robotol.ext,3,3,1,0x30631D,0x30631D,0x80000,0x0,0x2B1868,0x0,2,0,1,0,stop_at_base,0,0,0,,CALLBACK_RETURN_SENTINEL_OK
p17_hit3_20260801_144835_85006,634,634,robotol.ext,3,3,1,0x30631D,0x30631D,0x80000,0x0,0x2B1868,0x0,2,0,1,0,stop_at_base,0,0,0,,CALLBACK_RETURN_SENTINEL_OK
p17_hit3_20260801_144835_85006,635,635,robotol.ext,3,3,1,0x30631D,0x30631D,0x80000,0x0,0x2B1868,0x0,2,0,1,0,stop_at_base,0,0,0,,CALLBACK_RETURN_SENTINEL_OK
p17_hit3_20260801_144835_85006,636,636,robotol.ext,3,3,1,0x30631D,0x30631D,0x80000,0x0,0x2B1868,0x0,2,0,1,0,stop_at_base,0,0,0,,CALLBACK_RETURN_SENTINEL_OK
p17_hit3_20260801_144835_85006,637,637,robotol.ext,3,3,1,0x30631D,0x30631D,0x80000,0x0,0x2B1868,0x0,2,0,1,0,stop_at_base,0,0,0,,CALLBACK_RETURN_SENTINEL_OK
p17_hit3_20260801_144835_85006,638,638,robotol.ext,3,3,1,0x30631D,0x30631D,0x80000,0x0,0x2B1868,0x0,2,0,1,0,stop_at_base,0,0,0,,CALLBACK_RETURN_SENTINEL_OK
p17_hit3_20260801_144835_85006,639,639,robotol.ext,3,3,1,0x30631D,0x30631D,0x80000,0x0,0x2B1868,0x0,2,0,1,0,stop_at_base,0,0,0,,CALLBACK_RETURN_SENTINEL_OK
p17_hit3_20260801_144835_85006,640,640,robotol.ext,3,3,1,0x30631D,0x30631D,0x80000,0x0,0x2B1868,0x0,2,0,1,0,stop_at_base,0,0,0,,CALLBACK_RETURN_SENTINEL_OK
p17_hit3_20260801_144835_85006,641,641,robotol.ext,3,3,1,0x30631D,0x30631D,0x80000,0x0,0x2B1868,0x0,2,0,1,0,stop_at_base,0,0,0,,CALLBACK_RETURN_SENTINEL_OK
p17_hit3_20260801_144835_85006,642,642,robotol.ext,3,3,1,0x30631D,0x30631D,0x80000,0x0,0x2B1868,0x0,2,0,1,0,stop_at_base,0,0,0,,CALLBACK_RETURN_SENTINEL_OK
p17_hit3_20260801_144835_85006,643,643,robotol.ext,3,3,1,0x30631D,0x30631D,0x80000,0x0,0x2B1868,0x0,2,0,1,0,stop_at_base,0,0,0,,CALLBACK_RETURN_SENTINEL_OK
p17_hit3_20260801_144835_85006,644,644,robotol.ext,3,3,1,0x30631D,0x30631D,0x80000,0x0,0x2B1868,0x0,2,0,1,0,stop_at_base,0,0,0,,CALLBACK_RETURN_SENTINEL_OK
p17_hit3_20260801_144835_85006,645,645,robotol.ext,3,3,1,0x30631D,0x30631D,0x80000,0x0,0x2B1868,0x0,2,0,1,0,stop_at_base,0,0,0,,CALLBACK_RETURN_SENTINEL_OK
p17_hit3_20260801_144835_85006,646,646,robotol.ext,3,3,1,0x30631D,0x30631D,0x80000,0x0,0x2B1868,0x0,2,0,1,0,stop_at_base,0,0,0,,CALLBACK_RETURN_SENTINEL_OK
p17_hit3_20260801_144835_85006,647,647,robotol.ext,3,3,1,0x30631D,0x30631D,0x80000,0x0,0x2B1868,0x0,2,0,1,0,stop_at_base,0,0,0,,CALLBACK_RETURN_SENTINEL_OK
p17_hit3_20260801_144835_85006,648,648,robotol.ext,3,3,1,0x30631D,0x30631D,0x80000,0x0,0x2B1868,0x0,2,0,1,0,stop_at_base,0,0,0,,CALLBACK_RETURN_SENTINEL_OK
p17_hit3_20260801_144835_85006,649,649,robotol.ext,3,3,1,0x30631D,0x30631D,0x80000,0x0,0x2B1868,0x0,2,0,1,0,stop_at_base,0,0,0,,CALLBACK_RETURN_SENTINEL_OK
p17_hit3_20260801_144835_85006,650,650,robotol.ext,3,3,1,0x30631D,0x30631D,0x80000,0x0,0x2B1868,0x0,2,0,1,0,stop_at_base,0,0,0,,CALLBACK_RETURN_SENTINEL_OK
p17_hit3_20260801_144835_85006,651,651,robotol.ext,3,3,1,0x30631D,0x30631D,0x80000,0x0,0x2B1868,0x0,2,0,1,0,stop_at_base,0,0,0,,CALLBACK_RETURN_SENTINEL_OK
p17_hit3_20260801_144835_85006,652,652,robotol.ext,3,3,1,0x30631D,0x30631D,0x80000,0x0,0x2B1868,0x0,2,0,1,0,stop_at_base,0,0,0,,CALLBACK_RETURN_SENTINEL_OK
p17_hit3_20260801_144835_85006,653,653,robotol.ext,3,3,1,0x30631D,0x30631D,0x80000,0x0,0x2B1868,0x0,2,0,1,0,stop_at_base,0,0,0,,CALLBACK_RETURN_SENTINEL_OK
p17_hit3_20260801_144835_85006,654,654,robotol.ext,3,3,1,0x30631D,0x30631D,0x80000,0x0,0x2B1868,0x0,2,0,1,0,stop_at_base,0,0,0,,CALLBACK_RETURN_SENTINEL_OK
p17_hit3_20260801_144835_85006,655,655,robotol.ext,3,3,1,0x30631D,0x30631D,0x80000,0x0,0x2B1868,0x0,2,0,1,0,stop_at_base,0,0,0,,CALLBACK_RETURN_SENTINEL_OK
p17_hit3_20260801_144835_85006,656,656,robotol.ext,3,3,1,0x30631D,0x30631D,0x80000,0x0,0x2B1868,0x0,2,0,1,0,stop_at_base,0,0,0,,CALLBACK_RETURN_SENTINEL_OK
p17_hit3_20260801_144835_85006,657,657,robotol.ext,3,3,1,0x30631D,0x30631D,0x80000,0x0,0x2B1868,0x0,2,0,1,0,stop_at_base,0,0,0,,CALLBACK_RETURN_SENTINEL_OK
p17_hit3_20260801_144835_85006,658,658,robotol.ext,3,3,1,0x30631D,0x30631D,0x80000,0x0,0x2B1868,0x0,2,0,1,0,stop_at_base,0,0,0,,CALLBACK_RETURN_SENTINEL_OK
p17_hit3_20260801_144835_85006,659,659,robotol.ext,3,3,1,0x30631D,0x30631D,0x80000,0x0,0x2B1868,0x0,2,0,1,0,stop_at_base,0,0,0,,CALLBACK_RETURN_SENTINEL_OK
p17_hit3_20260801_144835_85006,660,660,robotol.ext,3,3,1,0x30631D,0x30631D,0x80000,0x0,0x2B1868,0x0,2,0,1,0,stop_at_base,0,0,0,,CALLBACK_RETURN_SENTINEL_OK
p17_hit3_20260801_144835_85006,661,661,robotol.ext,3,3,1,0x30631D,0x30631D,0x80000,0x0,0x2B1868,0x0,2,0,1,0,stop_at_base,0,0,0,,CALLBACK_RETURN_SENTINEL_OK
p17_hit3_20260801_144835_85006,662,662,robotol.ext,3,3,1,0x30631D,0x30631D,0x80000,0x0,0x2B1868,0x0,2,0,1,0,stop_at_base,0,0,0,,CALLBACK_RETURN_SENTINEL_OK
p17_hit3_20260801_144835_85006,663,663,robotol.ext,3,3,1,0x30631D,0x30631D,0x80000,0x0,0x2B1868,0x0,2,0,1,0,stop_at_base,0,0,0,,CALLBACK_RETURN_SENTINEL_OK
p17_hit3_20260801_144835_85006,664,664,robotol.ext,3,3,1,0x30631D,0x30631D,0x80000,0x0,0x2B1868,0x0,2,0,1,0,stop_at_base,0,0,0,,CALLBACK_RETURN_SENTINEL_OK
p17_hit3_20260801_144835_85006,665,665,robotol.ext,3,3,1,0x30631D,0x30631D,0x80000,0x0,0x2B1868,0x0,2,0,1,0,stop_at_base,0,0,0,,CALLBACK_RETURN_SENTINEL_OK
p17_hit3_20260801_144835_85006,666,666,robotol.ext,3,3,1,0x30631D,0x30631D,0x80000,0x0,0x2B1868,0x0,2,0,1,0,stop_at_base,0,0,0,,CALLBACK_RETURN_SENTINEL_OK
p17_hit3_20260801_144835_85006,667,667,robotol.ext,3,3,1,0x30631D,0x30631D,0x80000,0x0,0x2B1868,0x0,2,0,1,0,stop_at_base,0,0,0,,CALLBACK_RETURN_SENTINEL_OK
p17_hit3_20260801_144835_85006,668,668,robotol.ext,3,3,1,0x30631D,0x30631D,0x80000,0x0,0x2B1868,0x0,2,0,1,0,stop_at_base,0,0,0,,CALLBACK_RETURN_SENTINEL_OK
p17_hit3_20260801_144835_85006,669,669,robotol.ext,3,3,1,0x30631D,0x30631D,0x80000,0x0,0x2B1868,0x0,2,0,1,0,stop_at_base,0,0,0,,CALLBACK_RETURN_SENTINEL_OK
p17_hit3_20260801_144835_85006,670,670,robotol.ext,3,3,1,0x30631D,0x30631D,0x80000,0x0,0x2B1868,0x0,2,0,1,0,stop_at_base,0,0,0,,CALLBACK_RETURN_SENTINEL_OK
p17_hit3_20260801_144835_85006,671,671,robotol.ext,3,3,1,0x30631D,0x30631D,0x80000,0x0,0x2B1868,0x0,2,0,1,0,stop_at_base,0,0,0,,CALLBACK_RETURN_SENTINEL_OK
p17_hit3_20260801_144835_85006,672,672,robotol.ext,3,3,1,0x30631D,0x30631D,0x80000,0x0,0x2B1868,0x0,2,0,1,0,stop_at_base,0,0,0,,CALLBACK_RETURN_SENTINEL_OK
p17_hit3_20260801_144835_85006,673,673,robotol.ext,3,3,1,0x30631D,0x30631D,0x80000,0x0,0x2B1868,0x0,2,0,1,0,stop_at_base,0,0,0,,CALLBACK_RETURN_SENTINEL_OK
p17_hit3_20260801_144835_85006,674,674,robotol.ext,3,3,1,0x30631D,0x30631D,0x80000,0x0,0x2B1868,0x0,2,0,1,0,stop_at_base,0,0,0,,CALLBACK_RETURN_SENTINEL_OK
p17_hit3_20260801_144835_85006,675,675,robotol.ext,3,3,1,0x30631D,0x30631D,0x80000,0x0,0x2B1868,0x0,2,0,1,0,stop_at_base,0,0,0,,CALLBACK_RETURN_SENTINEL_OK
p17_hit3_20260801_144835_85006,676,676,robotol.ext,3,3,1,0x30631D,0x30631D,0x80000,0x0,0x2B1868,0x0,2,0,1,0,stop_at_base,0,0,0,,CALLBACK_RETURN_SENTINEL_OK
p17_hit3_20260801_144835_85006,677,677,robotol.ext,3,3,1,0x30631D,0x30631D,0x80000,0x0,0x2B1868,0x0,2,0,1,0,stop_at_base,0,0,0,,CALLBACK_RETURN_SENTINEL_OK
p17_hit3_20260801_144835_85006,678,678,robotol.ext,3,3,1,0x30631D,0x30631D,0x80000,0x0,0x2B1868,0x0,2,0,1,0,stop_at_base,0,0,0,,CALLBACK_RETURN_SENTINEL_OK
p17_hit3_20260801_144835_85006,679,679,robotol.ext,3,3,1,0x30631D,0x30631D,0x80000,0x0,0x2B1868,0x0,2,0,1,0,stop_at_base,0,0,0,,CALLBACK_RETURN_SENTINEL_OK
p17_hit3_20260801_144835_85006,680,680,robotol.ext,3,3,1,0x30631D,0x30631D,0x80000,0x0,0x2B1868,0x0,2,0,1,0,stop_at_base,0,0,0,,CALLBACK_RETURN_SENTINEL_OK
p17_hit3_20260801_144835_85006,681,681,robotol.ext,3,3,1,0x30631D,0x30631D,0x80000,0x0,0x2B1868,0x0,2,0,1,0,stop_at_base,0,0,0,,CALLBACK_RETURN_SENTINEL_OK
p17_hit3_20260801_144835_85006,682,682,robotol.ext,3,3,1,0x30631D,0x30631D,0x80000,0x0,0x2B1868,0x0,2,0,1,0,stop_at_base,0,0,0,,CALLBACK_RETURN_SENTINEL_OK
p17_hit3_20260801_144835_85006,683,683,robotol.ext,3,3,1,0x30631D,0x30631D,0x80000,0x0,0x2B1868,0x0,2,0,1,0,stop_at_base,0,0,0,,CALLBACK_RETURN_SENTINEL_OK
p17_hit3_20260801_144835_85006,684,684,robotol.ext,3,3,1,0x30631D,0x30631D,0x80000,0x0,0x2B1868,0x0,2,0,1,0,stop_at_base,0,0,0,,CALLBACK_RETURN_SENTINEL_OK
p17_hit3_20260801_144835_85006,685,685,robotol.ext,3,3,1,0x30631D,0x30631D,0x80000,0x0,0x2B1868,0x0,2,0,1,0,stop_at_base,0,0,0,,CALLBACK_RETURN_SENTINEL_OK
p17_hit3_20260801_144835_85006,686,686,robotol.ext,3,3,1,0x30631D,0x30631D,0x80000,0x0,0x2B1868,0x0,2,0,1,0,stop_at_base,0,0,0,,CALLBACK_RETURN_SENTINEL_OK
p17_hit3_20260801_144835_85006,687,687,robotol.ext,3,3,1,0x30631D,0x30631D,0x80000,0x0,0x2B1868,0x0,2,0,1,0,stop_at_base,0,0,0,,CALLBACK_RETURN_SENTINEL_OK
p17_hit3_20260801_144835_85006,688,688,robotol.ext,3,3,1,0x30631D,0x30631D,0x80000,0x0,0x2B1868,0x0,2,0,1,0,stop_at_base,0,0,0,,CALLBACK_RETURN_SENTINEL_OK
p17_hit3_20260801_144835_85006,689,689,robotol.ext,3,3,1,0x30631D,0x30631D,0x80000,0x0,0x2B1868,0x0,2,0,1,0,stop_at_base,0,0,0,,CALLBACK_RETURN_SENTINEL_OK
p17_hit3_20260801_144835_85006,690,690,robotol.ext,3,3,1,0x30631D,0x30631D,0x80000,0x0,0x2B1868,0x0,2,0,1,0,stop_at_base,0,0,0,,CALLBACK_RETURN_SENTINEL_OK
p17_hit3_20260801_144835_85006,691,691,robotol.ext,3,3,1,0x30631D,0x30631D,0x80000,0x0,0x2B1868,0x0,2,0,1,0,stop_at_base,0,0,0,,CALLBACK_RETURN_SENTINEL_OK
p17_hit3_20260801_144835_85006,692,692,robotol.ext,3,3,1,0x30631D,0x30631D,0x80000,0x0,0x2B1868,0x0,2,0,1,0,stop_at_base,0,0,0,,CALLBACK_RETURN_SENTINEL_OK
p17_hit3_20260801_144835_85006,693,693,robotol.ext,3,3,1,0x30631D,0x30631D,0x80000,0x0,0x2B1868,0x0,2,0,1,0,stop_at_base,0,0,0,,CALLBACK_RETURN_SENTINEL_OK
p17_hit3_20260801_144835_85006,694,694,robotol.ext,3,3,1,0x30631D,0x30631D,0x80000,0x0,0x2B1868,0x0,2,0,1,0,stop_at_base,0,0,0,,CALLBACK_RETURN_SENTINEL_OK
p17_hit3_20260801_144835_85006,695,695,robotol.ext,3,3,1,0x30631D,0x30631D,0x80000,0x0,0x2B1868,0x0,2,0,1,0,stop_at_base,0,0,0,,CALLBACK_RETURN_SENTINEL_OK
p17_hit3_20260801_144835_85006,696,696,robotol.ext,3,3,1,0x30631D,0x30631D,0x80000,0x0,0x2B1868,0x0,2,0,1,0,stop_at_base,0,0,0,,CALLBACK_RETURN_SENTINEL_OK
p17_hit3_20260801_144835_85006,697,697,robotol.ext,3,3,1,0x30631D,0x30631D,0x80000,0x0,0x2B1868,0x0,2,0,1,0,stop_at_base,0,0,0,,CALLBACK_RETURN_SENTINEL_OK
p17_hit3_20260801_144835_85006,698,698,robotol.ext,3,3,1,0x30631D,0x30631D,0x80000,0x0,0x2B1868,0x0,2,0,1,0,stop_at_base,0,0,0,,CALLBACK_RETURN_SENTINEL_OK
p17_hit3_20260801_144835_85006,699,699,robotol.ext,3,3,1,0x30631D,0x30631D,0x80000,0x0,0x2B1868,0x0,2,0,1,0,stop_at_base,0,0,0,,CALLBACK_RETURN_SENTINEL_OK
p17_hit3_20260801_144835_85006,700,700,robotol.ext,3,3,1,0x30631D,0x30631D,0x80000,0x0,0x2B1868,0x0,2,0,1,0,stop_at_base,0,0,0,,CALLBACK_RETURN_SENTINEL_OK
p17_hit3_20260801_144835_85006,701,701,robotol.ext,3,3,1,0x30631D,0x30631D,0x80000,0x0,0x2B1868,0x0,2,0,1,0,stop_at_base,0,0,0,,CALLBACK_RETURN_SENTINEL_OK
p17_hit3_20260801_144835_85006,702,702,robotol.ext,3,3,1,0x30631D,0x30631D,0x80000,0x0,0x2B1868,0x0,2,0,1,0,stop_at_base,0,0,0,,CALLBACK_RETURN_SENTINEL_OK
p17_hit3_20260801_144835_85006,703,703,robotol.ext,3,3,1,0x30631D,0x30631D,0x80000,0x0,0x2B1868,0x0,2,0,1,0,stop_at_base,0,0,0,,CALLBACK_RETURN_SENTINEL_OK
p17_hit3_20260801_144835_85006,704,704,robotol.ext,3,3,1,0x30631D,0x30631D,0x80000,0x0,0x2B1868,0x0,2,0,1,0,stop_at_base,0,0,0,,CALLBACK_RETURN_SENTINEL_OK
p17_hit3_20260801_144835_85006,705,705,robotol.ext,3,3,1,0x30631D,0x30631D,0x80000,0x0,0x2B1868,0x0,2,0,1,0,stop_at_base,0,0,0,,CALLBACK_RETURN_SENTINEL_OK
p17_hit3_20260801_144835_85006,706,706,robotol.ext,3,3,1,0x30631D,0x30631D,0x80000,0x0,0x2B1868,0x0,2,0,1,0,stop_at_base,0,0,0,,CALLBACK_RETURN_SENTINEL_OK
p17_hit3_20260801_144835_85006,707,707,robotol.ext,3,3,1,0x30631D,0x30631D,0x80000,0x0,0x2B1868,0x0,2,0,1,0,stop_at_base,0,0,0,,CALLBACK_RETURN_SENTINEL_OK
p17_hit3_20260801_144835_85006,708,708,robotol.ext,3,3,1,0x30631D,0x30631D,0x80000,0x0,0x2B1868,0x0,2,0,1,0,stop_at_base,0,0,0,,CALLBACK_RETURN_SENTINEL_OK
p17_hit3_20260801_144835_85006,709,709,robotol.ext,3,3,1,0x30631D,0x30631D,0x80000,0x0,0x2B1868,0x0,2,0,1,0,stop_at_base,0,0,0,,CALLBACK_RETURN_SENTINEL_OK
p17_hit3_20260801_144835_85006,710,710,robotol.ext,3,3,1,0x30631D,0x30631D,0x80000,0x0,0x2B1868,0x0,2,0,1,0,stop_at_base,0,0,0,,CALLBACK_RETURN_SENTINEL_OK
p17_hit3_20260801_144835_85006,711,711,robotol.ext,3,3,1,0x30631D,0x30631D,0x80000,0x0,0x2B1868,0x0,2,0,1,0,stop_at_base,0,0,0,,CALLBACK_RETURN_SENTINEL_OK
p17_hit3_20260801_144835_85006,712,712,robotol.ext,3,3,1,0x30631D,0x30631D,0x80000,0x0,0x2B1868,0x0,2,0,1,0,stop_at_base,0,0,0,,CALLBACK_RETURN_SENTINEL_OK
p17_hit3_20260801_144835_85006,713,713,robotol.ext,3,3,1,0x30631D,0x30631D,0x80000,0x0,0x2B1868,0x0,2,0,1,0,stop_at_base,0,0,0,,CALLBACK_RETURN_SENTINEL_OK
p17_hit3_20260801_144835_85006,714,714,robotol.ext,3,3,1,0x30631D,0x30631D,0x80000,0x0,0x2B1868,0x0,2,0,1,0,stop_at_base,0,0,0,,CALLBACK_RETURN_SENTINEL_OK
p17_hit3_20260801_144835_85006,715,715,robotol.ext,3,3,1,0x30631D,0x30631D,0x80000,0x0,0x2B1868,0x0,2,0,1,0,stop_at_base,0,0,0,,CALLBACK_RETURN_SENTINEL_OK
p17_hit3_20260801_144835_85006,716,716,robotol.ext,3,3,1,0x30631D,0x30631D,0x80000,0x0,0x2B1868,0x0,2,0,1,0,stop_at_base,0,0,0,,CALLBACK_RETURN_SENTINEL_OK
p17_hit3_20260801_144835_85006,717,717,robotol.ext,3,3,1,0x30631D,0x30631D,0x80000,0x0,0x2B1868,0x0,2,0,1,0,stop_at_base,0,0,0,,CALLBACK_RETURN_SENTINEL_OK
p17_hit3_20260801_144835_85006,718,718,robotol.ext,3,3,1,0x30631D,0x30631D,0x80000,0x0,0x2B1868,0x0,2,0,1,0,stop_at_base,0,0,0,,CALLBACK_RETURN_SENTINEL_OK
p17_hit3_20260801_144835_85006,719,719,robotol.ext,3,3,1,0x30631D,0x30631D,0x80000,0x0,0x2B1868,0x0,2,0,1,0,stop_at_base,0,0,0,,CALLBACK_RETURN_SENTINEL_OK
p17_hit3_20260801_144835_85006,720,720,robotol.ext,3,3,1,0x30631D,0x30631D,0x80000,0x0,0x2B1868,0x0,2,0,1,0,stop_at_base,0,0,0,,CALLBACK_RETURN_SENTINEL_OK
p17_hit3_20260801_144835_85006,721,721,robotol.ext,3,3,1,0x30631D,0x30631D,0x80000,0x0,0x2B1868,0x0,2,0,1,0,stop_at_base,0,0,0,,CALLBACK_RETURN_SENTINEL_OK
p17_hit3_20260801_144835_85006,722,722,robotol.ext,3,3,1,0x30631D,0x30631D,0x80000,0x0,0x2B1868,0x0,2,0,1,0,stop_at_base,0,0,0,,CALLBACK_RETURN_SENTINEL_OK
p17_hit3_20260801_144835_85006,723,723,robotol.ext,3,3,1,0x30631D,0x30631D,0x80000,0x0,0x2B1868,0x0,2,0,1,0,stop_at_base,0,0,0,,CALLBACK_RETURN_SENTINEL_OK
p17_hit3_20260801_144835_85006,724,724,robotol.ext,3,3,1,0x30631D,0x30631D,0x80000,0x0,0x2B1868,0x0,2,0,1,0,stop_at_base,0,0,0,,CALLBACK_RETURN_SENTINEL_OK
p17_hit3_20260801_144835_85006,725,725,robotol.ext,3,3,1,0x30631D,0x30631D,0x80000,0x0,0x2B1868,0x0,2,0,1,0,stop_at_base,0,0,0,,CALLBACK_RETURN_SENTINEL_OK
p17_hit3_20260801_144835_85006,726,726,robotol.ext,3,3,1,0x30631D,0x30631D,0x80000,0x0,0x2B1868,0x0,2,0,1,0,stop_at_base,0,0,0,,CALLBACK_RETURN_SENTINEL_OK
p17_hit3_20260801_144835_85006,727,727,robotol.ext,3,3,1,0x30631D,0x30631D,0x80000,0x0,0x2B1868,0x0,2,0,1,0,stop_at_base,0,0,0,,CALLBACK_RETURN_SENTINEL_OK
p17_hit3_20260801_144835_85006,728,728,robotol.ext,3,3,1,0x30631D,0x30631D,0x80000,0x0,0x2B1868,0x0,2,0,1,0,stop_at_base,0,0,0,,CALLBACK_RETURN_SENTINEL_OK
p17_hit3_20260801_144835_85006,729,729,robotol.ext,3,3,1,0x30631D,0x30631D,0x80000,0x0,0x2B1868,0x0,2,0,1,0,stop_at_base,0,0,0,,CALLBACK_RETURN_SENTINEL_OK
p17_hit3_20260801_144835_85006,730,730,robotol.ext,3,3,1,0x30631D,0x30631D,0x80000,0x0,0x2B1868,0x0,2,0,1,0,stop_at_base,0,0,0,,CALLBACK_RETURN_SENTINEL_OK
p17_hit3_20260801_144835_85006,731,731,robotol.ext,3,3,1,0x30631D,0x30631D,0x80000,0x0,0x2B1868,0x0,2,0,1,0,stop_at_base,0,0,0,,CALLBACK_RETURN_SENTINEL_OK
p17_hit3_20260801_144835_85006,732,732,robotol.ext,3,3,1,0x30631D,0x30631D,0x80000,0x0,0x2B1868,0x0,2,0,1,0,stop_at_base,0,0,0,,CALLBACK_RETURN_SENTINEL_OK
p17_hit3_20260801_144835_85006,733,733,robotol.ext,3,3,1,0x30631D,0x30631D,0x80000,0x0,0x2B1868,0x0,2,0,1,0,stop_at_base,0,0,0,,CALLBACK_RETURN_SENTINEL_OK
p17_hit3_20260801_144835_85006,734,734,robotol.ext,3,3,1,0x30631D,0x30631D,0x80000,0x0,0x2B1868,0x0,2,0,1,0,stop_at_base,0,0,0,,CALLBACK_RETURN_SENTINEL_OK
p17_hit3_20260801_144835_85006,735,735,robotol.ext,3,3,1,0x30631D,0x30631D,0x80000,0x0,0x2B1868,0x0,2,0,1,0,stop_at_base,0,0,0,,CALLBACK_RETURN_SENTINEL_OK
p17_hit3_20260801_144835_85006,736,736,robotol.ext,3,3,1,0x30631D,0x30631D,0x80000,0x0,0x2B1868,0x0,2,0,1,0,stop_at_base,0,0,0,,CALLBACK_RETURN_SENTINEL_OK
p17_hit3_20260801_144835_85006,737,737,robotol.ext,3,3,1,0x30631D,0x30631D,0x80000,0x0,0x2B1868,0x0,2,0,1,0,stop_at_base,0,0,0,,CALLBACK_RETURN_SENTINEL_OK
p17_hit3_20260801_144835_85006,738,738,robotol.ext,3,3,1,0x30631D,0x30631D,0x80000,0x0,0x2B1868,0x0,2,0,1,0,stop_at_base,0,0,0,,CALLBACK_RETURN_SENTINEL_OK
p17_hit3_20260801_144835_85006,739,739,robotol.ext,3,3,1,0x30631D,0x30631D,0x80000,0x0,0x2B1868,0x0,2,0,1,0,stop_at_base,0,0,0,,CALLBACK_RETURN_SENTINEL_OK
p17_hit3_20260801_144835_85006,740,740,robotol.ext,3,3,1,0x30631D,0x30631D,0x80000,0x0,0x2B1868,0x0,2,0,1,0,stop_at_base,0,0,0,,CALLBACK_RETURN_SENTINEL_OK
p17_hit3_20260801_144835_85006,741,741,robotol.ext,3,3,1,0x30631D,0x30631D,0x80000,0x0,0x2B1868,0x0,2,0,1,0,stop_at_base,0,0,0,,CALLBACK_RETURN_SENTINEL_OK
p17_hit3_20260801_144835_85006,742,742,robotol.ext,3,3,1,0x30631D,0x30631D,0x80000,0x0,0x2B1868,0x0,2,0,1,0,stop_at_base,0,0,0,,CALLBACK_RETURN_SENTINEL_OK
p17_hit3_20260801_144835_85006,743,743,robotol.ext,3,3,1,0x30631D,0x30631D,0x80000,0x0,0x2B1868,0x0,2,0,1,0,stop_at_base,0,0,0,,CALLBACK_RETURN_SENTINEL_OK
p17_hit3_20260801_144835_85006,744,744,robotol.ext,3,3,1,0x30631D,0x30631D,0x80000,0x0,0x2B1868,0x0,2,0,1,0,stop_at_base,0,0,0,,CALLBACK_RETURN_SENTINEL_OK
p17_hit3_20260801_144835_85006,745,745,robotol.ext,3,3,1,0x30631D,0x30631D,0x80000,0x0,0x2B1868,0x0,2,0,1,0,stop_at_base,0,0,0,,CALLBACK_RETURN_SENTINEL_OK
p17_hit3_20260801_144835_85006,746,746,robotol.ext,3,3,1,0x30631D,0x30631D,0x80000,0x0,0x2B1868,0x0,2,0,1,0,stop_at_base,0,0,0,,CALLBACK_RETURN_SENTINEL_OK
p17_hit3_20260801_144835_85006,747,747,robotol.ext,3,3,1,0x30631D,0x30631D,0x80000,0x0,0x2B1868,0x0,2,0,1,0,stop_at_base,0,0,0,,CALLBACK_RETURN_SENTINEL_OK
p17_hit3_20260801_144835_85006,748,748,robotol.ext,3,3,1,0x30631D,0x30631D,0x80000,0x0,0x2B1868,0x0,2,0,1,0,stop_at_base,0,0,0,,CALLBACK_RETURN_SENTINEL_OK
p17_hit3_20260801_144835_85006,749,749,robotol.ext,3,3,1,0x30631D,0x30631D,0x80000,0x0,0x2B1868,0x0,2,0,1,0,stop_at_base,0,0,0,,CALLBACK_RETURN_SENTINEL_OK
p17_hit3_20260801_144835_85006,750,750,robotol.ext,3,3,1,0x30631D,0x30631D,0x80000,0x0,0x2B1868,0x0,2,0,1,0,stop_at_base,0,0,0,,CALLBACK_RETURN_SENTINEL_OK
p17_hit3_20260801_144835_85006,751,751,robotol.ext,3,3,1,0x30631D,0x30631D,0x80000,0x0,0x2B1868,0x0,2,0,1,0,stop_at_base,0,0,0,,CALLBACK_RETURN_SENTINEL_OK
p17_hit3_20260801_144835_85006,752,752,robotol.ext,3,3,1,0x30631D,0x30631D,0x80000,0x0,0x2B1868,0x0,2,0,1,0,stop_at_base,0,0,0,,CALLBACK_RETURN_SENTINEL_OK
p17_hit3_20260801_144835_85006,753,753,robotol.ext,3,3,1,0x30631D,0x30631D,0x80000,0x0,0x2B1868,0x0,2,0,1,0,stop_at_base,0,0,0,,CALLBACK_RETURN_SENTINEL_OK
p17_hit3_20260801_144835_85006,754,754,robotol.ext,3,3,1,0x30631D,0x30631D,0x80000,0x0,0x2B1868,0x0,2,0,1,0,stop_at_base,0,0,0,,CALLBACK_RETURN_SENTINEL_OK
p17_hit3_20260801_144835_85006,755,755,robotol.ext,3,3,1,0x30631D,0x30631D,0x80000,0x0,0x2B1868,0x0,2,0,1,0,stop_at_base,0,0,0,,CALLBACK_RETURN_SENTINEL_OK
p17_hit3_20260801_144835_85006,756,756,robotol.ext,3,3,1,0x30631D,0x30631D,0x80000,0x0,0x2B1868,0x0,2,0,1,0,stop_at_base,0,0,0,,CALLBACK_RETURN_SENTINEL_OK
p17_hit3_20260801_144835_85006,757,757,robotol.ext,3,3,1,0x30631D,0x30631D,0x80000,0x0,0x2B1868,0x0,2,0,1,0,stop_at_base,0,0,0,,CALLBACK_RETURN_SENTINEL_OK
p17_hit3_20260801_144835_85006,758,758,robotol.ext,3,3,1,0x30631D,0x30631D,0x80000,0x0,0x2B1868,0x0,2,0,1,0,stop_at_base,0,0,0,,CALLBACK_RETURN_SENTINEL_OK
p17_hit3_20260801_144835_85006,759,759,robotol.ext,3,3,1,0x30631D,0x30631D,0x80000,0x0,0x2B1868,0x0,2,0,1,0,stop_at_base,0,0,0,,CALLBACK_RETURN_SENTINEL_OK
p17_hit3_20260801_144835_85006,760,760,robotol.ext,3,3,1,0x30631D,0x30631D,0x80000,0x0,0x2B1868,0x0,2,0,1,0,stop_at_base,0,0,0,,CALLBACK_RETURN_SENTINEL_OK
p17_hit3_20260801_144835_85006,761,761,robotol.ext,3,3,1,0x30631D,0x30631D,0x80000,0x0,0x2B1868,0x0,2,0,1,0,stop_at_base,0,0,0,,CALLBACK_RETURN_SENTINEL_OK
p17_hit3_20260801_144835_85006,762,762,robotol.ext,3,3,1,0x30631D,0x30631D,0x80000,0x0,0x2B1868,0x0,2,0,1,0,stop_at_base,0,0,0,,CALLBACK_RETURN_SENTINEL_OK
p17_hit3_20260801_144835_85006,763,763,robotol.ext,3,3,1,0x30631D,0x30631D,0x80000,0x0,0x2B1868,0x0,2,0,1,0,stop_at_base,0,0,0,,CALLBACK_RETURN_SENTINEL_OK
p17_hit3_20260801_144835_85006,764,764,robotol.ext,3,3,1,0x30631D,0x30631D,0x80000,0x0,0x2B1868,0x0,2,0,1,0,stop_at_base,0,0,0,,CALLBACK_RETURN_SENTINEL_OK
p17_hit3_20260801_144835_85006,765,765,robotol.ext,3,3,1,0x30631D,0x30631D,0x80000,0x0,0x2B1868,0x0,2,0,1,0,stop_at_base,0,0,0,,CALLBACK_RETURN_SENTINEL_OK
p17_hit3_20260801_144835_85006,766,766,robotol.ext,3,3,1,0x30631D,0x30631D,0x80000,0x0,0x2B1868,0x0,2,0,1,0,stop_at_base,0,0,0,,CALLBACK_RETURN_SENTINEL_OK
p17_hit3_20260801_144835_85006,767,767,robotol.ext,3,3,1,0x30631D,0x30631D,0x80000,0x0,0x2B1868,0x0,2,0,1,0,stop_at_base,0,0,0,,CALLBACK_RETURN_SENTINEL_OK
p17_hit3_20260801_144835_85006,768,768,robotol.ext,3,3,1,0x30631D,0x30631D,0x80000,0x0,0x2B1868,0x0,2,0,1,0,stop_at_base,0,0,0,,CALLBACK_RETURN_SENTINEL_OK
p17_hit3_20260801_144835_85006,769,769,robotol.ext,3,3,1,0x30631D,0x30631D,0x80000,0x0,0x2B1868,0x0,2,0,1,0,stop_at_base,0,0,0,,CALLBACK_RETURN_SENTINEL_OK
p17_hit3_20260801_144835_85006,770,770,robotol.ext,3,3,1,0x30631D,0x30631D,0x80000,0x0,0x2B1868,0x0,2,0,1,0,stop_at_base,0,0,0,,CALLBACK_RETURN_SENTINEL_OK
p17_hit3_20260801_144835_85006,771,771,robotol.ext,3,3,1,0x30631D,0x30631D,0x80000,0x0,0x2B1868,0x0,2,0,1,0,stop_at_base,0,0,0,,CALLBACK_RETURN_SENTINEL_OK
p17_hit3_20260801_144835_85006,772,772,robotol.ext,3,3,1,0x30631D,0x30631D,0x80000,0x0,0x2B1868,0x0,2,0,1,0,stop_at_base,0,0,0,,CALLBACK_RETURN_SENTINEL_OK
p17_hit3_20260801_144835_85006,773,773,robotol.ext,3,3,1,0x30631D,0x30631D,0x80000,0x0,0x2B1868,0x0,2,0,1,0,stop_at_base,0,0,0,,CALLBACK_RETURN_SENTINEL_OK
p17_hit3_20260801_144835_85006,774,774,robotol.ext,3,3,1,0x30631D,0x30631D,0x80000,0x0,0x2B1868,0x0,2,0,1,0,stop_at_base,0,0,0,,CALLBACK_RETURN_SENTINEL_OK
p17_hit3_20260801_144835_85006,775,775,robotol.ext,3,3,1,0x30631D,0x30631D,0x80000,0x0,0x2B1868,0x0,2,0,1,0,stop_at_base,0,0,0,,CALLBACK_RETURN_SENTINEL_OK
p17_hit3_20260801_144835_85006,776,776,robotol.ext,3,3,1,0x30631D,0x30631D,0x80000,0x0,0x2B1868,0x0,2,0,1,0,stop_at_base,0,0,0,,CALLBACK_RETURN_SENTINEL_OK
p17_hit3_20260801_144835_85006,777,777,robotol.ext,3,3,1,0x30631D,0x30631D,0x80000,0x0,0x2B1868,0x0,2,0,1,0,stop_at_base,0,0,0,,CALLBACK_RETURN_SENTINEL_OK
p17_hit3_20260801_144835_85006,778,778,robotol.ext,3,3,1,0x30631D,0x30631D,0x80000,0x0,0x2B1868,0x0,2,0,1,0,stop_at_base,0,0,0,,CALLBACK_RETURN_SENTINEL_OK
p17_hit3_20260801_144835_85006,779,779,robotol.ext,3,3,1,0x30631D,0x30631D,0x80000,0x0,0x2B1868,0x0,2,0,1,0,stop_at_base,0,0,0,,CALLBACK_RETURN_SENTINEL_OK
p17_hit3_20260801_144835_85006,780,780,robotol.ext,3,3,1,0x30631D,0x30631D,0x80000,0x0,0x2B1868,0x0,2,0,1,0,stop_at_base,0,0,0,,CALLBACK_RETURN_SENTINEL_OK
p17_hit3_20260801_144835_85006,781,781,robotol.ext,3,3,1,0x30631D,0x30631D,0x80000,0x0,0x2B1868,0x0,2,0,1,0,stop_at_base,0,0,0,,CALLBACK_RETURN_SENTINEL_OK
p17_hit3_20260801_144835_85006,782,782,robotol.ext,3,3,1,0x30631D,0x30631D,0x80000,0x0,0x2B1868,0x0,2,0,1,0,stop_at_base,0,0,0,,CALLBACK_RETURN_SENTINEL_OK
p17_hit3_20260801_144835_85006,783,783,robotol.ext,3,3,1,0x30631D,0x30631D,0x80000,0x0,0x2B1868,0x0,2,0,1,0,stop_at_base,0,0,0,,CALLBACK_RETURN_SENTINEL_OK
p17_hit3_20260801_144835_85006,784,784,robotol.ext,3,3,1,0x30631D,0x30631D,0x80000,0x0,0x2B1868,0x0,2,0,1,0,stop_at_base,0,0,0,,CALLBACK_RETURN_SENTINEL_OK
p17_hit3_20260801_144835_85006,785,785,robotol.ext,3,3,1,0x30631D,0x30631D,0x80000,0x0,0x2B1868,0x0,2,0,1,0,stop_at_base,0,0,0,,CALLBACK_RETURN_SENTINEL_OK
p17_hit3_20260801_144835_85006,786,786,robotol.ext,3,3,1,0x30631D,0x30631D,0x80000,0x0,0x2B1868,0x0,2,0,1,0,stop_at_base,0,0,0,,CALLBACK_RETURN_SENTINEL_OK
p17_hit3_20260801_144835_85006,787,787,robotol.ext,3,3,1,0x30631D,0x30631D,0x80000,0x0,0x2B1868,0x0,2,0,1,0,stop_at_base,0,0,0,,CALLBACK_RETURN_SENTINEL_OK
p17_hit3_20260801_144835_85006,788,788,robotol.ext,3,3,1,0x30631D,0x30631D,0x80000,0x0,0x2B1868,0x0,2,0,1,0,stop_at_base,0,0,0,,CALLBACK_RETURN_SENTINEL_OK
p17_hit3_20260801_144835_85006,789,789,robotol.ext,3,3,1,0x30631D,0x30631D,0x80000,0x0,0x2B1868,0x0,2,0,1,0,stop_at_base,0,0,0,,CALLBACK_RETURN_SENTINEL_OK
p17_hit3_20260801_144835_85006,790,790,robotol.ext,3,3,1,0x30631D,0x30631D,0x80000,0x0,0x2B1868,0x0,2,0,1,0,stop_at_base,0,0,0,,CALLBACK_RETURN_SENTINEL_OK
p17_hit3_20260801_144835_85006,791,791,robotol.ext,3,3,1,0x30631D,0x30631D,0x80000,0x0,0x2B1868,0x0,2,0,1,0,stop_at_base,0,0,0,,CALLBACK_RETURN_SENTINEL_OK
p17_hit3_20260801_144835_85006,792,792,robotol.ext,3,3,1,0x30631D,0x30631D,0x80000,0x0,0x2B1868,0x0,2,0,1,0,stop_at_base,0,0,0,,CALLBACK_RETURN_SENTINEL_OK
p17_hit3_20260801_144835_85006,793,793,robotol.ext,3,3,1,0x30631D,0x30631D,0x80000,0x0,0x2B1868,0x0,2,0,1,0,stop_at_base,0,0,0,,CALLBACK_RETURN_SENTINEL_OK
p17_hit3_20260801_144835_85006,794,794,robotol.ext,3,3,1,0x30631D,0x30631D,0x80000,0x0,0x2B1868,0x0,2,0,1,0,stop_at_base,0,0,0,,CALLBACK_RETURN_SENTINEL_OK
p17_hit3_20260801_144835_85006,795,795,robotol.ext,3,3,1,0x30631D,0x30631D,0x80000,0x0,0x2B1868,0x0,2,0,1,0,stop_at_base,0,0,0,,CALLBACK_RETURN_SENTINEL_OK
p17_hit3_20260801_144835_85006,796,796,robotol.ext,3,3,1,0x30631D,0x30631D,0x80000,0x0,0x2B1868,0x0,2,0,1,0,stop_at_base,0,0,0,,CALLBACK_RETURN_SENTINEL_OK
p17_hit3_20260801_144835_85006,797,797,robotol.ext,3,3,1,0x30631D,0x30631D,0x80000,0x0,0x2B1868,0x0,2,0,1,0,stop_at_base,0,0,0,,CALLBACK_RETURN_SENTINEL_OK
p17_hit3_20260801_144835_85006,798,798,robotol.ext,3,3,1,0x30631D,0x30631D,0x80000,0x0,0x2B1868,0x0,2,0,1,0,stop_at_base,0,0,0,,CALLBACK_RETURN_SENTINEL_OK
p17_hit3_20260801_144835_85006,799,799,robotol.ext,3,3,1,0x30631D,0x30631D,0x80000,0x0,0x2B1868,0x0,2,0,1,0,stop_at_base,0,0,0,,CALLBACK_RETURN_SENTINEL_OK
p17_hit3_20260801_144835_85006,800,800,robotol.ext,3,3,1,0x30631D,0x30631D,0x80000,0x0,0x2B1868,0x0,2,0,1,0,stop_at_base,0,0,0,,CALLBACK_RETURN_SENTINEL_OK
p17_hit3_20260801_144835_85006,801,801,robotol.ext,3,3,1,0x30631D,0x30631D,0x80000,0x0,0x2B1868,0x0,2,0,1,0,stop_at_base,0,0,0,,CALLBACK_RETURN_SENTINEL_OK
p17_hit3_20260801_144835_85006,802,802,robotol.ext,3,3,1,0x30631D,0x30631D,0x80000,0x0,0x2B1868,0x0,2,0,1,0,stop_at_base,0,0,0,,CALLBACK_RETURN_SENTINEL_OK
p17_hit3_20260801_144835_85006,803,803,robotol.ext,3,3,1,0x30631D,0x30631D,0x80000,0x0,0x2B1868,0x0,2,0,1,0,stop_at_base,0,0,0,,CALLBACK_RETURN_SENTINEL_OK
p17_hit3_20260801_144835_85006,804,804,robotol.ext,3,3,1,0x30631D,0x30631D,0x80000,0x0,0x2B1868,0x0,2,0,1,0,stop_at_base,0,0,0,,CALLBACK_RETURN_SENTINEL_OK
p17_hit3_20260801_144835_85006,805,805,robotol.ext,3,3,1,0x30631D,0x30631D,0x80000,0x0,0x2B1868,0x0,2,0,1,0,stop_at_base,0,0,0,,CALLBACK_RETURN_SENTINEL_OK
p17_hit3_20260801_144835_85006,806,806,robotol.ext,3,3,1,0x30631D,0x30631D,0x80000,0x0,0x2B1868,0x0,2,0,1,0,stop_at_base,0,0,0,,CALLBACK_RETURN_SENTINEL_OK
p17_hit3_20260801_144835_85006,807,807,robotol.ext,3,3,1,0x30631D,0x30631D,0x80000,0x0,0x2B1868,0x0,2,0,1,0,stop_at_base,0,0,0,,CALLBACK_RETURN_SENTINEL_OK
p17_hit3_20260801_144835_85006,808,808,robotol.ext,3,3,1,0x30631D,0x30631D,0x80000,0x0,0x2B1868,0x0,2,0,1,0,stop_at_base,0,0,0,,CALLBACK_RETURN_SENTINEL_OK
p17_hit3_20260801_144835_85006,809,809,robotol.ext,3,3,1,0x30631D,0x30631D,0x80000,0x0,0x2B1868,0x0,2,0,1,0,stop_at_base,0,0,0,,CALLBACK_RETURN_SENTINEL_OK
p17_hit3_20260801_144835_85006,810,810,robotol.ext,3,3,1,0x30631D,0x30631D,0x80000,0x0,0x2B1868,0x0,2,0,1,0,stop_at_base,0,0,0,,CALLBACK_RETURN_SENTINEL_OK
p17_hit3_20260801_144835_85006,811,811,robotol.ext,3,3,1,0x30631D,0x30631D,0x80000,0x0,0x2B1868,0x0,2,0,1,0,stop_at_base,0,0,0,,CALLBACK_RETURN_SENTINEL_OK
p17_hit3_20260801_144835_85006,812,812,robotol.ext,3,3,1,0x30631D,0x30631D,0x80000,0x0,0x2B1868,0x0,2,0,1,0,stop_at_base,0,0,0,,CALLBACK_RETURN_SENTINEL_OK
p17_hit3_20260801_144835_85006,813,813,robotol.ext,3,3,1,0x30631D,0x30631D,0x80000,0x0,0x2B1868,0x0,2,0,1,0,stop_at_base,0,0,0,,CALLBACK_RETURN_SENTINEL_OK
p17_hit3_20260801_144835_85006,814,814,robotol.ext,3,3,1,0x30631D,0x30631D,0x80000,0x0,0x2B1868,0x0,2,0,1,0,stop_at_base,0,0,0,,CALLBACK_RETURN_SENTINEL_OK
p17_hit3_20260801_144835_85006,815,815,robotol.ext,3,3,1,0x30631D,0x30631D,0x80000,0x0,0x2B1868,0x0,2,0,1,0,stop_at_base,0,0,0,,CALLBACK_RETURN_SENTINEL_OK
p17_hit3_20260801_144835_85006,816,816,robotol.ext,3,3,1,0x30631D,0x30631D,0x80000,0x0,0x2B1868,0x0,2,0,1,0,stop_at_base,0,0,0,,CALLBACK_RETURN_SENTINEL_OK
p17_hit3_20260801_144835_85006,817,817,robotol.ext,3,3,1,0x30631D,0x30631D,0x80000,0x0,0x2B1868,0x0,2,0,1,0,stop_at_base,0,0,0,,CALLBACK_RETURN_SENTINEL_OK
p17_hit3_20260801_144835_85006,818,818,robotol.ext,3,3,1,0x30631D,0x30631D,0x80000,0x0,0x2B1868,0x0,2,0,1,0,stop_at_base,0,0,0,,CALLBACK_RETURN_SENTINEL_OK
p17_hit3_20260801_144835_85006,819,819,robotol.ext,3,3,1,0x30631D,0x30631D,0x80000,0x0,0x2B1868,0x0,2,0,1,0,stop_at_base,0,0,0,,CALLBACK_RETURN_SENTINEL_OK
p17_hit3_20260801_144835_85006,820,820,robotol.ext,3,3,1,0x30631D,0x30631D,0x80000,0x0,0x2B1868,0x0,2,0,1,0,stop_at_base,0,0,0,,CALLBACK_RETURN_SENTINEL_OK
p17_hit3_20260801_144835_85006,821,821,robotol.ext,3,3,1,0x30631D,0x30631D,0x80000,0x0,0x2B1868,0x0,2,0,1,0,stop_at_base,0,0,0,,CALLBACK_RETURN_SENTINEL_OK
p17_hit3_20260801_144835_85006,822,822,robotol.ext,3,3,1,0x30631D,0x30631D,0x80000,0x0,0x2B1868,0x0,2,0,1,0,stop_at_base,0,0,0,,CALLBACK_RETURN_SENTINEL_OK
p17_hit3_20260801_144835_85006,823,823,robotol.ext,3,3,1,0x30631D,0x30631D,0x80000,0x0,0x2B1868,0x0,2,0,1,0,stop_at_base,0,0,0,,CALLBACK_RETURN_SENTINEL_OK
p17_hit3_20260801_144835_85006,824,824,robotol.ext,3,3,1,0x30631D,0x30631D,0x80000,0x0,0x2B1868,0x0,2,0,1,0,stop_at_base,0,0,0,,CALLBACK_RETURN_SENTINEL_OK
p17_hit3_20260801_144835_85006,825,825,robotol.ext,3,3,1,0x30631D,0x30631D,0x80000,0x0,0x2B1868,0x0,2,0,1,0,stop_at_base,0,0,0,,CALLBACK_RETURN_SENTINEL_OK
p17_hit3_20260801_144835_85006,826,826,robotol.ext,3,3,1,0x30631D,0x30631D,0x80000,0x0,0x2B1868,0x0,2,0,1,0,stop_at_base,0,0,0,,CALLBACK_RETURN_SENTINEL_OK
p17_hit3_20260801_144835_85006,827,827,robotol.ext,3,3,1,0x30631D,0x30631D,0x80000,0x0,0x2B1868,0x0,2,0,1,0,stop_at_base,0,0,0,,CALLBACK_RETURN_SENTINEL_OK
p17_hit3_20260801_144835_85006,828,828,robotol.ext,3,3,1,0x30631D,0x30631D,0x80000,0x0,0x2B1868,0x0,2,0,1,0,stop_at_base,0,0,0,,CALLBACK_RETURN_SENTINEL_OK
p17_hit3_20260801_144835_85006,829,829,robotol.ext,3,3,1,0x30631D,0x30631D,0x80000,0x0,0x2B1868,0x0,2,0,1,0,stop_at_base,0,0,0,,CALLBACK_RETURN_SENTINEL_OK
p17_hit3_20260801_144835_85006,830,830,robotol.ext,3,3,1,0x30631D,0x30631D,0x80000,0x0,0x2B1868,0x0,2,0,1,0,stop_at_base,0,0,0,,CALLBACK_RETURN_SENTINEL_OK
p17_hit3_20260801_144835_85006,831,831,robotol.ext,3,3,1,0x30631D,0x30631D,0x80000,0x0,0x2B1868,0x0,2,0,1,0,stop_at_base,0,0,0,,CALLBACK_RETURN_SENTINEL_OK
p17_hit3_20260801_144835_85006,832,832,robotol.ext,3,3,1,0x30631D,0x30631D,0x80000,0x0,0x2B1868,0x0,2,0,1,0,stop_at_base,0,0,0,,CALLBACK_RETURN_SENTINEL_OK
p17_hit3_20260801_144835_85006,833,833,robotol.ext,3,3,1,0x30631D,0x30631D,0x80000,0x0,0x2B1868,0x0,2,0,1,0,stop_at_base,0,0,0,,CALLBACK_RETURN_SENTINEL_OK
p17_hit3_20260801_144835_85006,834,834,robotol.ext,3,3,1,0x30631D,0x30631D,0x80000,0x0,0x2B1868,0x0,2,0,1,0,stop_at_base,0,0,0,,CALLBACK_RETURN_SENTINEL_OK
p17_hit3_20260801_144835_85006,835,835,robotol.ext,3,3,1,0x30631D,0x30631D,0x80000,0x0,0x2B1868,0x0,2,0,1,0,stop_at_base,0,0,0,,CALLBACK_RETURN_SENTINEL_OK
p17_hit3_20260801_144835_85006,836,836,robotol.ext,3,3,1,0x30631D,0x30631D,0x80000,0x0,0x2B1868,0x0,2,0,1,0,stop_at_base,0,0,0,,CALLBACK_RETURN_SENTINEL_OK
p17_hit3_20260801_144835_85006,837,837,robotol.ext,3,3,1,0x30631D,0x30631D,0x80000,0x0,0x2B1868,0x0,2,0,1,0,stop_at_base,0,0,0,,CALLBACK_RETURN_SENTINEL_OK
p17_hit3_20260801_144835_85006,838,838,robotol.ext,3,3,1,0x30631D,0x30631D,0x80000,0x0,0x2B1868,0x0,2,0,1,0,stop_at_base,0,0,0,,CALLBACK_RETURN_SENTINEL_OK
p17_hit3_20260801_144835_85006,839,839,robotol.ext,3,3,1,0x30631D,0x30631D,0x80000,0x0,0x2B1868,0x0,2,0,1,0,stop_at_base,0,0,0,,CALLBACK_RETURN_SENTINEL_OK
p17_hit3_20260801_144835_85006,840,840,robotol.ext,3,3,1,0x30631D,0x30631D,0x80000,0x0,0x2B1868,0x0,2,0,1,0,stop_at_base,0,0,0,,CALLBACK_RETURN_SENTINEL_OK
p17_hit3_20260801_144835_85006,841,841,robotol.ext,3,3,1,0x30631D,0x30631D,0x80000,0x0,0x2B1868,0x0,2,0,1,0,stop_at_base,0,0,0,,CALLBACK_RETURN_SENTINEL_OK
p17_hit3_20260801_144835_85006,842,842,robotol.ext,3,3,1,0x30631D,0x30631D,0x80000,0x0,0x2B1868,0x0,2,0,1,0,stop_at_base,0,0,0,,CALLBACK_RETURN_SENTINEL_OK
p17_hit3_20260801_144835_85006,843,843,robotol.ext,3,3,1,0x30631D,0x30631D,0x80000,0x0,0x2B1868,0x0,2,0,1,0,stop_at_base,0,0,0,,CALLBACK_RETURN_SENTINEL_OK
p17_hit3_20260801_144835_85006,844,844,robotol.ext,3,3,1,0x30631D,0x30631D,0x80000,0x0,0x2B1868,0x0,2,0,1,0,stop_at_base,0,0,0,,CALLBACK_RETURN_SENTINEL_OK
p17_hit3_20260801_144835_85006,845,845,robotol.ext,3,3,1,0x30631D,0x30631D,0x80000,0x0,0x2B1868,0x0,2,0,1,0,stop_at_base,0,0,0,,CALLBACK_RETURN_SENTINEL_OK
p17_hit3_20260801_144835_85006,846,846,robotol.ext,3,3,1,0x30631D,0x30631D,0x80000,0x0,0x2B1868,0x0,2,0,1,0,stop_at_base,0,0,0,,CALLBACK_RETURN_SENTINEL_OK
p17_hit3_20260801_144835_85006,847,847,robotol.ext,3,3,1,0x30631D,0x30631D,0x80000,0x0,0x2B1868,0x0,2,0,1,0,stop_at_base,0,0,0,,CALLBACK_RETURN_SENTINEL_OK
p17_hit3_20260801_144835_85006,848,848,robotol.ext,3,3,1,0x30631D,0x30631D,0x80000,0x0,0x2B1868,0x0,2,0,1,0,stop_at_base,0,0,0,,CALLBACK_RETURN_SENTINEL_OK
p17_hit3_20260801_144835_85006,849,849,robotol.ext,3,3,1,0x30631D,0x30631D,0x80000,0x0,0x2B1868,0x0,2,0,1,0,stop_at_base,0,0,0,,CALLBACK_RETURN_SENTINEL_OK
p17_hit3_20260801_144835_85006,850,850,robotol.ext,3,3,1,0x30631D,0x30631D,0x80000,0x0,0x2B1868,0x0,2,0,1,0,stop_at_base,0,0,0,,CALLBACK_RETURN_SENTINEL_OK
p17_hit3_20260801_144835_85006,851,851,robotol.ext,3,3,1,0x30631D,0x30631D,0x80000,0x0,0x2B1868,0x0,2,0,1,0,stop_at_base,0,0,0,,CALLBACK_RETURN_SENTINEL_OK
p17_hit3_20260801_144835_85006,852,852,robotol.ext,3,3,1,0x30631D,0x30631D,0x80000,0x0,0x2B1868,0x0,2,0,1,0,stop_at_base,0,0,0,,CALLBACK_RETURN_SENTINEL_OK
p17_hit3_20260801_144835_85006,853,853,robotol.ext,3,3,1,0x30631D,0x30631D,0x80000,0x0,0x2B1868,0x0,2,0,1,0,stop_at_base,0,0,0,,CALLBACK_RETURN_SENTINEL_OK
p17_hit3_20260801_144835_85006,854,854,robotol.ext,3,3,1,0x30631D,0x30631D,0x80000,0x0,0x2B1868,0x0,2,0,1,0,stop_at_base,0,0,0,,CALLBACK_RETURN_SENTINEL_OK
p17_hit3_20260801_144835_85006,855,855,robotol.ext,3,3,1,0x30631D,0x30631D,0x80000,0x0,0x2B1868,0x0,2,0,1,0,stop_at_base,0,0,0,,CALLBACK_RETURN_SENTINEL_OK
p17_hit3_20260801_144835_85006,856,856,robotol.ext,3,3,1,0x30631D,0x30631D,0x80000,0x0,0x2B1868,0x0,2,0,1,0,stop_at_base,0,0,0,,CALLBACK_RETURN_SENTINEL_OK
p17_hit3_20260801_144835_85006,857,857,robotol.ext,3,3,1,0x30631D,0x30631D,0x80000,0x0,0x2B1868,0x0,2,0,1,0,stop_at_base,0,0,0,,CALLBACK_RETURN_SENTINEL_OK
p17_hit3_20260801_144835_85006,858,858,robotol.ext,3,3,1,0x30631D,0x30631D,0x80000,0x0,0x2B1868,0x0,2,0,1,0,stop_at_base,0,0,0,,CALLBACK_RETURN_SENTINEL_OK
p17_hit3_20260801_144835_85006,859,859,robotol.ext,3,3,1,0x30631D,0x30631D,0x80000,0x0,0x2B1868,0x0,2,0,1,0,stop_at_base,0,0,0,,CALLBACK_RETURN_SENTINEL_OK
p17_hit3_20260801_144835_85006,860,860,robotol.ext,3,3,1,0x30631D,0x30631D,0x80000,0x0,0x2B1868,0x0,2,0,1,0,stop_at_base,0,0,0,,CALLBACK_RETURN_SENTINEL_OK
p17_hit3_20260801_144835_85006,861,861,robotol.ext,3,3,1,0x30631D,0x30631D,0x80000,0x0,0x2B1868,0x0,2,0,1,0,stop_at_base,0,0,0,,CALLBACK_RETURN_SENTINEL_OK
p17_hit3_20260801_144835_85006,862,862,robotol.ext,3,3,1,0x30631D,0x30631D,0x80000,0x0,0x2B1868,0x0,2,0,1,0,stop_at_base,0,0,0,,CALLBACK_RETURN_SENTINEL_OK
p17_hit3_20260801_144835_85006,863,863,robotol.ext,3,3,1,0x30631D,0x30631D,0x80000,0x0,0x2B1868,0x0,2,0,1,0,stop_at_base,0,0,0,,CALLBACK_RETURN_SENTINEL_OK
p17_hit3_20260801_144835_85006,864,864,robotol.ext,3,3,1,0x30631D,0x30631D,0x80000,0x0,0x2B1868,0x0,2,0,1,0,stop_at_base,0,0,0,,CALLBACK_RETURN_SENTINEL_OK
p17_hit3_20260801_144835_85006,865,865,robotol.ext,3,3,1,0x30631D,0x30631D,0x80000,0x0,0x2B1868,0x0,2,0,1,0,stop_at_base,0,0,0,,CALLBACK_RETURN_SENTINEL_OK
p17_hit3_20260801_144835_85006,866,866,robotol.ext,3,3,1,0x30631D,0x30631D,0x80000,0x0,0x2B1868,0x0,2,0,1,0,stop_at_base,0,0,0,,CALLBACK_RETURN_SENTINEL_OK
p17_hit3_20260801_144835_85006,867,867,robotol.ext,3,3,1,0x30631D,0x30631D,0x80000,0x0,0x2B1868,0x0,2,0,1,0,stop_at_base,0,0,0,,CALLBACK_RETURN_SENTINEL_OK
p17_hit3_20260801_144835_85006,868,868,robotol.ext,3,3,1,0x30631D,0x30631D,0x80000,0x0,0x2B1868,0x0,2,0,1,0,stop_at_base,0,0,0,,CALLBACK_RETURN_SENTINEL_OK
p17_hit3_20260801_144835_85006,869,869,robotol.ext,3,3,1,0x30631D,0x30631D,0x80000,0x0,0x2B1868,0x0,2,0,1,0,stop_at_base,0,0,0,,CALLBACK_RETURN_SENTINEL_OK
p17_hit3_20260801_144835_85006,870,870,robotol.ext,3,3,1,0x30631D,0x30631D,0x80000,0x0,0x2B1868,0x0,2,0,1,0,stop_at_base,0,0,0,,CALLBACK_RETURN_SENTINEL_OK
p17_hit3_20260801_144835_85006,871,871,robotol.ext,3,3,1,0x30631D,0x30631D,0x80000,0x0,0x2B1868,0x0,2,0,1,0,stop_at_base,0,0,0,,CALLBACK_RETURN_SENTINEL_OK
p17_hit3_20260801_144835_85006,872,872,robotol.ext,3,3,1,0x30631D,0x30631D,0x80000,0x0,0x2B1868,0x0,2,0,1,0,stop_at_base,0,0,0,,CALLBACK_RETURN_SENTINEL_OK
p17_hit3_20260801_144835_85006,873,873,robotol.ext,3,3,1,0x30631D,0x30631D,0x80000,0x0,0x2B1868,0x0,2,0,1,0,stop_at_base,0,0,0,,CALLBACK_RETURN_SENTINEL_OK
p17_hit3_20260801_144835_85006,874,874,robotol.ext,3,3,1,0x30631D,0x30631D,0x80000,0x0,0x2B1868,0x0,2,0,1,0,stop_at_base,0,0,0,,CALLBACK_RETURN_SENTINEL_OK
p17_hit3_20260801_144835_85006,875,875,robotol.ext,3,3,1,0x30631D,0x30631D,0x80000,0x0,0x2B1868,0x0,2,0,1,0,stop_at_base,0,0,0,,CALLBACK_RETURN_SENTINEL_OK
p17_hit3_20260801_144835_85006,876,876,robotol.ext,3,3,1,0x30631D,0x30631D,0x80000,0x0,0x2B1868,0x0,2,0,1,0,stop_at_base,0,0,0,,CALLBACK_RETURN_SENTINEL_OK
p17_hit3_20260801_144835_85006,877,877,robotol.ext,3,3,1,0x30631D,0x30631D,0x80000,0x0,0x2B1868,0x0,2,0,1,0,stop_at_base,0,0,0,,CALLBACK_RETURN_SENTINEL_OK
p17_hit3_20260801_144835_85006,878,878,robotol.ext,3,3,1,0x30631D,0x30631D,0x80000,0x0,0x2B1868,0x0,2,0,1,0,stop_at_base,0,0,0,,CALLBACK_RETURN_SENTINEL_OK
p17_hit3_20260801_144835_85006,879,879,robotol.ext,3,3,1,0x30631D,0x30631D,0x80000,0x0,0x2B1868,0x0,2,0,1,0,stop_at_base,0,0,0,,CALLBACK_RETURN_SENTINEL_OK
p17_hit3_20260801_144835_85006,880,880,robotol.ext,3,3,1,0x30631D,0x30631D,0x80000,0x0,0x2B1868,0x0,2,0,1,0,stop_at_base,0,0,0,,CALLBACK_RETURN_SENTINEL_OK
p17_hit3_20260801_144835_85006,881,881,robotol.ext,3,3,1,0x30631D,0x30631D,0x80000,0x0,0x2B1868,0x0,2,0,1,0,stop_at_base,0,0,0,,CALLBACK_RETURN_SENTINEL_OK
p17_hit3_20260801_144835_85006,882,882,robotol.ext,3,3,1,0x30631D,0x30631D,0x80000,0x0,0x2B1868,0x0,2,0,1,0,stop_at_base,0,0,0,,CALLBACK_RETURN_SENTINEL_OK
p17_hit3_20260801_144835_85006,883,883,robotol.ext,3,3,1,0x30631D,0x30631D,0x80000,0x0,0x2B1868,0x0,2,0,1,0,stop_at_base,0,0,0,,CALLBACK_RETURN_SENTINEL_OK
p17_hit3_20260801_144835_85006,884,884,robotol.ext,3,3,1,0x30631D,0x30631D,0x80000,0x0,0x2B1868,0x0,2,0,1,0,stop_at_base,0,0,0,,CALLBACK_RETURN_SENTINEL_OK
p17_hit3_20260801_144835_85006,885,885,robotol.ext,3,3,1,0x30631D,0x30631D,0x80000,0x0,0x2B1868,0x0,2,0,1,0,stop_at_base,0,0,0,,CALLBACK_RETURN_SENTINEL_OK
p17_hit3_20260801_144835_85006,886,886,robotol.ext,3,3,1,0x30631D,0x30631D,0x80000,0x0,0x2B1868,0x0,2,0,1,0,stop_at_base,0,0,0,,CALLBACK_RETURN_SENTINEL_OK
p17_hit3_20260801_144835_85006,887,887,robotol.ext,3,3,1,0x30631D,0x30631D,0x80000,0x0,0x2B1868,0x0,2,0,1,0,stop_at_base,0,0,0,,CALLBACK_RETURN_SENTINEL_OK
p17_hit3_20260801_144835_85006,888,888,robotol.ext,3,3,1,0x30631D,0x30631D,0x80000,0x0,0x2B1868,0x0,2,0,1,0,stop_at_base,0,0,0,,CALLBACK_RETURN_SENTINEL_OK
p17_hit3_20260801_144835_85006,889,889,robotol.ext,3,3,1,0x30631D,0x30631D,0x80000,0x0,0x2B1868,0x0,2,0,1,0,stop_at_base,0,0,0,,CALLBACK_RETURN_SENTINEL_OK
p17_hit3_20260801_144835_85006,890,890,robotol.ext,3,3,1,0x30631D,0x30631D,0x80000,0x0,0x2B1868,0x0,2,0,1,0,stop_at_base,0,0,0,,CALLBACK_RETURN_SENTINEL_OK
p17_hit3_20260801_144835_85006,891,891,robotol.ext,3,3,1,0x30631D,0x30631D,0x80000,0x0,0x2B1868,0x0,2,0,1,0,stop_at_base,0,0,0,,CALLBACK_RETURN_SENTINEL_OK
p17_hit3_20260801_144835_85006,892,892,robotol.ext,3,3,1,0x30631D,0x30631D,0x80000,0x0,0x2B1868,0x0,2,0,1,0,stop_at_base,0,0,0,,CALLBACK_RETURN_SENTINEL_OK
p17_hit3_20260801_144835_85006,893,893,robotol.ext,3,3,1,0x30631D,0x30631D,0x80000,0x0,0x2B1868,0x0,2,0,1,0,stop_at_base,0,0,0,,CALLBACK_RETURN_SENTINEL_OK
p17_hit3_20260801_144835_85006,894,894,robotol.ext,3,3,1,0x30631D,0x30631D,0x80000,0x0,0x2B1868,0x0,2,0,1,0,stop_at_base,0,0,0,,CALLBACK_RETURN_SENTINEL_OK
p17_hit3_20260801_144835_85006,895,895,robotol.ext,3,3,1,0x30631D,0x30631D,0x80000,0x0,0x2B1868,0x0,2,0,1,0,stop_at_base,0,0,0,,CALLBACK_RETURN_SENTINEL_OK
p17_hit3_20260801_144835_85006,896,896,robotol.ext,3,3,1,0x30631D,0x30631D,0x80000,0x0,0x2B1868,0x0,2,0,1,0,stop_at_base,0,0,0,,CALLBACK_RETURN_SENTINEL_OK
p17_hit3_20260801_144835_85006,897,897,robotol.ext,3,3,1,0x30631D,0x30631D,0x80000,0x0,0x2B1868,0x0,2,0,1,0,stop_at_base,0,0,0,,CALLBACK_RETURN_SENTINEL_OK
p17_hit3_20260801_144835_85006,898,898,robotol.ext,3,3,1,0x30631D,0x30631D,0x80000,0x0,0x2B1868,0x0,2,0,1,0,stop_at_base,0,0,0,,CALLBACK_RETURN_SENTINEL_OK
p17_hit3_20260801_144835_85006,899,899,robotol.ext,3,3,1,0x30631D,0x30631D,0x80000,0x0,0x2B1868,0x0,2,0,1,0,stop_at_base,0,0,0,,CALLBACK_RETURN_SENTINEL_OK
p17_hit3_20260801_144835_85006,900,900,robotol.ext,3,3,1,0x30631D,0x30631D,0x80000,0x0,0x2B1868,0x0,2,0,1,0,stop_at_base,0,0,0,,CALLBACK_RETURN_SENTINEL_OK
p17_hit3_20260801_144835_85006,901,901,robotol.ext,3,3,1,0x30631D,0x30631D,0x80000,0x0,0x2B1868,0x0,2,0,1,0,stop_at_base,0,0,0,,CALLBACK_RETURN_SENTINEL_OK
p17_hit3_20260801_144835_85006,902,902,robotol.ext,3,3,1,0x30631D,0x30631D,0x80000,0x0,0x2B1868,0x0,2,0,1,0,stop_at_base,0,0,0,,CALLBACK_RETURN_SENTINEL_OK
p17_hit3_20260801_144835_85006,903,903,robotol.ext,3,3,1,0x30631D,0x30631D,0x80000,0x0,0x2B1868,0x0,2,0,1,0,stop_at_base,0,0,0,,CALLBACK_RETURN_SENTINEL_OK
p17_hit3_20260801_144835_85006,904,904,robotol.ext,3,3,1,0x30631D,0x30631D,0x80000,0x0,0x2B1868,0x0,2,0,1,0,stop_at_base,0,0,0,,CALLBACK_RETURN_SENTINEL_OK
p17_hit3_20260801_144835_85006,905,905,robotol.ext,3,3,1,0x30631D,0x30631D,0x80000,0x0,0x2B1868,0x0,2,0,1,0,stop_at_base,0,0,0,,CALLBACK_RETURN_SENTINEL_OK
p17_hit3_20260801_144835_85006,906,906,robotol.ext,3,3,1,0x30631D,0x30631D,0x80000,0x0,0x2B1868,0x0,2,0,1,0,stop_at_base,0,0,0,,CALLBACK_RETURN_SENTINEL_OK
p17_hit3_20260801_144835_85006,907,907,robotol.ext,3,3,1,0x30631D,0x30631D,0x80000,0x0,0x2B1868,0x0,2,0,1,0,stop_at_base,0,0,0,,CALLBACK_RETURN_SENTINEL_OK
p17_hit3_20260801_144835_85006,908,908,robotol.ext,3,3,1,0x30631D,0x30631D,0x80000,0x0,0x2B1868,0x0,2,0,1,0,stop_at_base,0,0,0,,CALLBACK_RETURN_SENTINEL_OK
p17_hit3_20260801_144835_85006,909,909,robotol.ext,3,3,1,0x30631D,0x30631D,0x80000,0x0,0x2B1868,0x0,2,0,1,0,stop_at_base,0,0,0,,CALLBACK_RETURN_SENTINEL_OK
p17_hit3_20260801_144835_85006,910,910,robotol.ext,3,3,1,0x30631D,0x30631D,0x80000,0x0,0x2B1868,0x0,2,0,1,0,stop_at_base,0,0,0,,CALLBACK_RETURN_SENTINEL_OK
p17_hit3_20260801_144835_85006,911,911,robotol.ext,3,3,1,0x30631D,0x30631D,0x80000,0x0,0x2B1868,0x0,2,0,1,0,stop_at_base,0,0,0,,CALLBACK_RETURN_SENTINEL_OK
p17_hit3_20260801_144835_85006,912,912,robotol.ext,3,3,1,0x30631D,0x30631D,0x80000,0x0,0x2B1868,0x0,2,0,1,0,stop_at_base,0,0,0,,CALLBACK_RETURN_SENTINEL_OK
p17_hit3_20260801_144835_85006,913,913,robotol.ext,3,3,1,0x30631D,0x30631D,0x80000,0x0,0x2B1868,0x0,2,0,1,0,stop_at_base,0,0,0,,CALLBACK_RETURN_SENTINEL_OK
p17_hit3_20260801_144835_85006,914,914,robotol.ext,3,3,1,0x30631D,0x30631D,0x80000,0x0,0x2B1868,0x0,2,0,1,0,stop_at_base,0,0,0,,CALLBACK_RETURN_SENTINEL_OK
p17_hit3_20260801_144835_85006,915,915,robotol.ext,3,3,1,0x30631D,0x30631D,0x80000,0x0,0x2B1868,0x0,2,0,1,0,stop_at_base,0,0,0,,CALLBACK_RETURN_SENTINEL_OK
p17_hit3_20260801_144835_85006,916,916,robotol.ext,3,3,1,0x30631D,0x30631D,0x80000,0x0,0x2B1868,0x0,2,0,1,0,stop_at_base,0,0,0,,CALLBACK_RETURN_SENTINEL_OK
p17_hit3_20260801_144835_85006,917,917,robotol.ext,3,3,1,0x30631D,0x30631D,0x80000,0x0,0x2B1868,0x0,2,0,1,0,stop_at_base,0,0,0,,CALLBACK_RETURN_SENTINEL_OK
p17_hit3_20260801_144835_85006,918,918,robotol.ext,3,3,1,0x30631D,0x30631D,0x80000,0x0,0x2B1868,0x0,2,0,1,0,stop_at_base,0,0,0,,CALLBACK_RETURN_SENTINEL_OK
p17_hit3_20260801_144835_85006,919,919,robotol.ext,3,3,1,0x30631D,0x30631D,0x80000,0x0,0x2B1868,0x0,2,0,1,0,stop_at_base,0,0,0,,CALLBACK_RETURN_SENTINEL_OK
p17_hit3_20260801_144835_85006,920,920,robotol.ext,3,3,1,0x30631D,0x30631D,0x80000,0x0,0x2B1868,0x0,2,0,1,0,stop_at_base,0,0,0,,CALLBACK_RETURN_SENTINEL_OK
p17_hit3_20260801_144835_85006,921,921,robotol.ext,3,3,1,0x30631D,0x30631D,0x80000,0x0,0x2B1868,0x0,2,0,1,0,stop_at_base,0,0,0,,CALLBACK_RETURN_SENTINEL_OK
p17_hit3_20260801_144835_85006,922,922,robotol.ext,3,3,1,0x30631D,0x30631D,0x80000,0x0,0x2B1868,0x0,2,0,1,0,stop_at_base,0,0,0,,CALLBACK_RETURN_SENTINEL_OK
p17_hit3_20260801_144835_85006,923,923,robotol.ext,3,3,1,0x30631D,0x30631D,0x80000,0x0,0x2B1868,0x0,2,0,1,0,stop_at_base,0,0,0,,CALLBACK_RETURN_SENTINEL_OK
p17_hit3_20260801_144835_85006,924,924,robotol.ext,3,3,1,0x30631D,0x30631D,0x80000,0x0,0x2B1868,0x0,2,0,1,0,stop_at_base,0,0,0,,CALLBACK_RETURN_SENTINEL_OK
p17_hit3_20260801_144835_85006,925,925,robotol.ext,3,3,1,0x30631D,0x30631D,0x80000,0x0,0x2B1868,0x0,2,0,1,0,stop_at_base,0,0,0,,CALLBACK_RETURN_SENTINEL_OK
p17_hit3_20260801_144835_85006,926,926,robotol.ext,3,3,1,0x30631D,0x30631D,0x80000,0x0,0x2B1868,0x0,2,0,1,0,stop_at_base,0,0,0,,CALLBACK_RETURN_SENTINEL_OK
p17_hit3_20260801_144835_85006,927,927,robotol.ext,3,3,1,0x30631D,0x30631D,0x80000,0x0,0x2B1868,0x0,2,0,1,0,stop_at_base,0,0,0,,CALLBACK_RETURN_SENTINEL_OK
p17_hit3_20260801_144835_85006,928,928,robotol.ext,3,3,1,0x30631D,0x30631D,0x80000,0x0,0x2B1868,0x0,2,0,1,0,stop_at_base,0,0,0,,CALLBACK_RETURN_SENTINEL_OK
p17_hit3_20260801_144835_85006,929,929,robotol.ext,3,3,1,0x30631D,0x30631D,0x80000,0x0,0x2B1868,0x0,2,0,1,0,stop_at_base,0,0,0,,CALLBACK_RETURN_SENTINEL_OK
p17_hit3_20260801_144835_85006,930,930,robotol.ext,3,3,1,0x30631D,0x30631D,0x80000,0x0,0x2B1868,0x0,2,0,1,0,stop_at_base,0,0,0,,CALLBACK_RETURN_SENTINEL_OK
p17_hit3_20260801_144835_85006,931,931,robotol.ext,3,3,1,0x30631D,0x30631D,0x80000,0x0,0x2B1868,0x0,2,0,1,0,stop_at_base,0,0,0,,CALLBACK_RETURN_SENTINEL_OK
p17_hit3_20260801_144835_85006,932,932,robotol.ext,3,3,1,0x30631D,0x30631D,0x80000,0x0,0x2B1868,0x0,2,0,1,0,stop_at_base,0,0,0,,CALLBACK_RETURN_SENTINEL_OK
p17_hit3_20260801_144835_85006,933,933,robotol.ext,3,3,1,0x30631D,0x30631D,0x80000,0x0,0x2B1868,0x0,2,0,1,0,stop_at_base,0,0,0,,CALLBACK_RETURN_SENTINEL_OK
p17_hit3_20260801_144835_85006,934,934,robotol.ext,3,3,1,0x30631D,0x30631D,0x80000,0x0,0x2B1868,0x0,2,0,1,0,stop_at_base,0,0,0,,CALLBACK_RETURN_SENTINEL_OK
p17_hit3_20260801_144835_85006,935,935,robotol.ext,3,3,1,0x30631D,0x30631D,0x80000,0x0,0x2B1868,0x0,2,0,1,0,stop_at_base,0,0,0,,CALLBACK_RETURN_SENTINEL_OK
p17_hit3_20260801_144835_85006,936,936,robotol.ext,3,3,1,0x30631D,0x30631D,0x80000,0x0,0x2B1868,0x0,2,0,1,0,stop_at_base,0,0,0,,CALLBACK_RETURN_SENTINEL_OK
p17_hit3_20260801_144835_85006,937,937,robotol.ext,3,3,1,0x30631D,0x30631D,0x80000,0x0,0x2B1868,0x0,2,0,1,0,stop_at_base,0,0,0,,CALLBACK_RETURN_SENTINEL_OK
p17_hit3_20260801_144835_85006,938,938,robotol.ext,3,3,1,0x30631D,0x30631D,0x80000,0x0,0x2B1868,0x0,2,0,1,0,stop_at_base,0,0,0,,CALLBACK_RETURN_SENTINEL_OK
p17_hit3_20260801_144835_85006,939,939,robotol.ext,3,3,1,0x30631D,0x30631D,0x80000,0x0,0x2B1868,0x0,2,0,1,0,stop_at_base,0,0,0,,CALLBACK_RETURN_SENTINEL_OK
p17_hit3_20260801_144835_85006,940,940,robotol.ext,3,3,1,0x30631D,0x30631D,0x80000,0x0,0x2B1868,0x0,2,0,1,0,stop_at_base,0,0,0,,CALLBACK_RETURN_SENTINEL_OK
p17_hit3_20260801_144835_85006,941,941,robotol.ext,3,3,1,0x30631D,0x30631D,0x80000,0x0,0x2B1868,0x0,2,0,1,0,stop_at_base,0,0,0,,CALLBACK_RETURN_SENTINEL_OK
p17_hit3_20260801_144835_85006,942,942,robotol.ext,3,3,1,0x30631D,0x30631D,0x80000,0x0,0x2B1868,0x0,2,0,1,0,stop_at_base,0,0,0,,CALLBACK_RETURN_SENTINEL_OK
p17_hit3_20260801_144835_85006,943,943,robotol.ext,3,3,1,0x30631D,0x30631D,0x80000,0x0,0x2B1868,0x0,2,0,1,0,stop_at_base,0,0,0,,CALLBACK_RETURN_SENTINEL_OK
p17_hit3_20260801_144835_85006,944,944,robotol.ext,3,3,1,0x30631D,0x30631D,0x80000,0x0,0x2B1868,0x0,2,0,1,0,stop_at_base,0,0,0,,CALLBACK_RETURN_SENTINEL_OK
p17_hit3_20260801_144835_85006,945,945,robotol.ext,3,3,1,0x30631D,0x30631D,0x80000,0x0,0x2B1868,0x0,2,0,1,0,stop_at_base,0,0,0,,CALLBACK_RETURN_SENTINEL_OK
p17_hit3_20260801_144835_85006,946,946,robotol.ext,3,3,1,0x30631D,0x30631D,0x80000,0x0,0x2B1868,0x0,2,0,1,0,stop_at_base,0,0,0,,CALLBACK_RETURN_SENTINEL_OK
p17_hit3_20260801_144835_85006,947,947,robotol.ext,3,3,1,0x30631D,0x30631D,0x80000,0x0,0x2B1868,0x0,2,0,1,0,stop_at_base,0,0,0,,CALLBACK_RETURN_SENTINEL_OK
p17_hit3_20260801_144835_85006,948,948,robotol.ext,3,3,1,0x30631D,0x30631D,0x80000,0x0,0x2B1868,0x0,2,0,1,0,stop_at_base,0,0,0,,CALLBACK_RETURN_SENTINEL_OK
p17_hit3_20260801_144835_85006,949,949,robotol.ext,3,3,1,0x30631D,0x30631D,0x80000,0x0,0x2B1868,0x0,2,0,1,0,stop_at_base,0,0,0,,CALLBACK_RETURN_SENTINEL_OK
p17_hit3_20260801_144835_85006,950,950,robotol.ext,3,3,1,0x30631D,0x30631D,0x80000,0x0,0x2B1868,0x0,2,0,1,0,stop_at_base,0,0,0,,CALLBACK_RETURN_SENTINEL_OK
p17_hit3_20260801_144835_85006,951,951,robotol.ext,3,3,1,0x30631D,0x30631D,0x80000,0x0,0x2B1868,0x0,2,0,1,0,stop_at_base,0,0,0,,CALLBACK_RETURN_SENTINEL_OK
p17_hit3_20260801_144835_85006,952,952,robotol.ext,3,3,1,0x30631D,0x30631D,0x80000,0x0,0x2B1868,0x0,2,0,1,0,stop_at_base,0,0,0,,CALLBACK_RETURN_SENTINEL_OK
p17_hit3_20260801_144835_85006,953,953,robotol.ext,3,3,1,0x30631D,0x30631D,0x80000,0x0,0x2B1868,0x0,2,0,1,0,stop_at_base,0,0,0,,CALLBACK_RETURN_SENTINEL_OK
p17_hit3_20260801_144835_85006,954,954,robotol.ext,3,3,1,0x30631D,0x30631D,0x80000,0x0,0x2B1868,0x0,2,0,1,0,stop_at_base,0,0,0,,CALLBACK_RETURN_SENTINEL_OK
p17_hit3_20260801_144835_85006,955,955,robotol.ext,3,3,1,0x30631D,0x30631D,0x80000,0x0,0x2B1868,0x0,2,0,1,0,stop_at_base,0,0,0,,CALLBACK_RETURN_SENTINEL_OK
p17_hit3_20260801_144835_85006,956,956,robotol.ext,3,3,1,0x30631D,0x30631D,0x80000,0x0,0x2B1868,0x0,2,0,1,0,stop_at_base,0,0,0,,CALLBACK_RETURN_SENTINEL_OK
p17_hit3_20260801_144835_85006,957,957,robotol.ext,3,3,1,0x30631D,0x30631D,0x80000,0x0,0x2B1868,0x0,2,0,1,0,stop_at_base,0,0,0,,CALLBACK_RETURN_SENTINEL_OK
p17_hit3_20260801_144835_85006,958,958,robotol.ext,3,3,1,0x30631D,0x30631D,0x80000,0x0,0x2B1868,0x0,2,0,1,0,stop_at_base,0,0,0,,CALLBACK_RETURN_SENTINEL_OK
p17_hit3_20260801_144835_85006,959,959,robotol.ext,3,3,1,0x30631D,0x30631D,0x80000,0x0,0x2B1868,0x0,2,0,1,0,stop_at_base,0,0,0,,CALLBACK_RETURN_SENTINEL_OK
p17_hit3_20260801_144835_85006,960,960,robotol.ext,3,3,1,0x30631D,0x30631D,0x80000,0x0,0x2B1868,0x0,2,0,1,0,stop_at_base,0,0,0,,CALLBACK_RETURN_SENTINEL_OK
p17_hit3_20260801_144835_85006,961,961,robotol.ext,3,3,1,0x30631D,0x30631D,0x80000,0x0,0x2B1868,0x0,2,0,1,0,stop_at_base,0,0,0,,CALLBACK_RETURN_SENTINEL_OK
p17_hit3_20260801_144835_85006,962,962,robotol.ext,3,3,1,0x30631D,0x30631D,0x80000,0x0,0x2B1868,0x0,2,0,1,0,stop_at_base,0,0,0,,CALLBACK_RETURN_SENTINEL_OK
p17_hit3_20260801_144835_85006,963,963,robotol.ext,3,3,1,0x30631D,0x30631D,0x80000,0x0,0x2B1868,0x0,2,0,1,0,stop_at_base,0,0,0,,CALLBACK_RETURN_SENTINEL_OK
p17_hit3_20260801_144835_85006,964,964,robotol.ext,3,3,1,0x30631D,0x30631D,0x80000,0x0,0x2B1868,0x0,2,0,1,0,stop_at_base,0,0,0,,CALLBACK_RETURN_SENTINEL_OK
p17_hit3_20260801_144835_85006,965,965,robotol.ext,3,3,1,0x30631D,0x30631D,0x80000,0x0,0x2B1868,0x0,2,0,1,0,stop_at_base,0,0,0,,CALLBACK_RETURN_SENTINEL_OK
p17_hit3_20260801_144835_85006,966,966,robotol.ext,3,3,1,0x30631D,0x30631D,0x80000,0x0,0x2B1868,0x0,2,0,1,0,stop_at_base,0,0,0,,CALLBACK_RETURN_SENTINEL_OK
p17_hit3_20260801_144835_85006,967,967,robotol.ext,3,3,1,0x30631D,0x30631D,0x80000,0x0,0x2B1868,0x0,2,0,1,0,stop_at_base,0,0,0,,CALLBACK_RETURN_SENTINEL_OK
p17_hit3_20260801_144835_85006,968,968,robotol.ext,3,3,1,0x30631D,0x30631D,0x80000,0x0,0x2B1868,0x0,2,0,1,0,stop_at_base,0,0,0,,CALLBACK_RETURN_SENTINEL_OK
p17_hit3_20260801_144835_85006,969,969,robotol.ext,3,3,1,0x30631D,0x30631D,0x80000,0x0,0x2B1868,0x0,2,0,1,0,stop_at_base,0,0,0,,CALLBACK_RETURN_SENTINEL_OK
p17_hit3_20260801_144835_85006,970,970,robotol.ext,3,3,1,0x30631D,0x30631D,0x80000,0x0,0x2B1868,0x0,2,0,1,0,stop_at_base,0,0,0,,CALLBACK_RETURN_SENTINEL_OK
p17_hit3_20260801_144835_85006,971,971,robotol.ext,3,3,1,0x30631D,0x30631D,0x80000,0x0,0x2B1868,0x0,2,0,1,0,stop_at_base,0,0,0,,CALLBACK_RETURN_SENTINEL_OK
p17_hit3_20260801_144835_85006,972,972,robotol.ext,3,3,1,0x30631D,0x30631D,0x80000,0x0,0x2B1868,0x0,2,0,1,0,stop_at_base,0,0,0,,CALLBACK_RETURN_SENTINEL_OK
p17_hit3_20260801_144835_85006,973,973,robotol.ext,3,3,1,0x30631D,0x30631D,0x80000,0x0,0x2B1868,0x0,2,0,1,0,stop_at_base,0,0,0,,CALLBACK_RETURN_SENTINEL_OK
p17_hit3_20260801_144835_85006,974,974,robotol.ext,3,3,1,0x30631D,0x30631D,0x80000,0x0,0x2B1868,0x0,2,0,1,0,stop_at_base,0,0,0,,CALLBACK_RETURN_SENTINEL_OK
p17_hit3_20260801_144835_85006,975,975,robotol.ext,3,3,1,0x30631D,0x30631D,0x80000,0x0,0x2B1868,0x0,2,0,1,0,stop_at_base,0,0,0,,CALLBACK_RETURN_SENTINEL_OK
p17_hit3_20260801_144835_85006,976,976,robotol.ext,3,3,1,0x30631D,0x30631D,0x80000,0x0,0x2B1868,0x0,2,0,1,0,stop_at_base,0,0,0,,CALLBACK_RETURN_SENTINEL_OK
p17_hit3_20260801_144835_85006,977,977,robotol.ext,3,3,1,0x30631D,0x30631D,0x80000,0x0,0x2B1868,0x0,2,0,1,0,stop_at_base,0,0,0,,CALLBACK_RETURN_SENTINEL_OK
p17_hit3_20260801_144835_85006,978,978,robotol.ext,3,3,1,0x30631D,0x30631D,0x80000,0x0,0x2B1868,0x0,2,0,1,0,stop_at_base,0,0,0,,CALLBACK_RETURN_SENTINEL_OK
p17_hit3_20260801_144835_85006,979,979,robotol.ext,3,3,1,0x30631D,0x30631D,0x80000,0x0,0x2B1868,0x0,2,0,1,0,stop_at_base,0,0,0,,CALLBACK_RETURN_SENTINEL_OK
p17_hit3_20260801_144835_85006,980,980,robotol.ext,3,3,1,0x30631D,0x30631D,0x80000,0x0,0x2B1868,0x0,2,0,1,0,stop_at_base,0,0,0,,CALLBACK_RETURN_SENTINEL_OK
p17_hit3_20260801_144835_85006,981,981,robotol.ext,3,3,1,0x30631D,0x30631D,0x80000,0x0,0x2B1868,0x0,2,0,1,0,stop_at_base,0,0,0,,CALLBACK_RETURN_SENTINEL_OK
p17_hit3_20260801_144835_85006,982,982,robotol.ext,3,3,1,0x30631D,0x30631D,0x80000,0x0,0x2B1868,0x0,2,0,1,0,stop_at_base,0,0,0,,CALLBACK_RETURN_SENTINEL_OK
p17_hit3_20260801_144835_85006,983,983,robotol.ext,3,3,1,0x30631D,0x30631D,0x80000,0x0,0x2B1868,0x0,2,0,1,0,stop_at_base,0,0,0,,CALLBACK_RETURN_SENTINEL_OK
p17_hit3_20260801_144835_85006,984,984,robotol.ext,3,3,1,0x30631D,0x30631D,0x80000,0x0,0x2B1868,0x0,2,0,1,0,stop_at_base,0,0,0,,CALLBACK_RETURN_SENTINEL_OK
p17_hit3_20260801_144835_85006,985,985,robotol.ext,3,3,1,0x30631D,0x30631D,0x80000,0x0,0x2B1868,0x0,2,0,1,0,stop_at_base,0,0,0,,CALLBACK_RETURN_SENTINEL_OK
p17_hit3_20260801_144835_85006,986,986,robotol.ext,3,3,1,0x30631D,0x30631D,0x80000,0x0,0x2B1868,0x0,2,0,1,0,stop_at_base,0,0,0,,CALLBACK_RETURN_SENTINEL_OK
p17_hit3_20260801_144835_85006,987,987,robotol.ext,3,3,1,0x30631D,0x30631D,0x80000,0x0,0x2B1868,0x0,2,0,1,0,stop_at_base,0,0,0,,CALLBACK_RETURN_SENTINEL_OK
p17_hit3_20260801_144835_85006,988,988,robotol.ext,3,3,1,0x30631D,0x30631D,0x80000,0x0,0x2B1868,0x0,2,0,1,0,stop_at_base,0,0,0,,CALLBACK_RETURN_SENTINEL_OK
p17_hit3_20260801_144835_85006,989,989,robotol.ext,3,3,1,0x30631D,0x30631D,0x80000,0x0,0x2B1868,0x0,2,0,1,0,stop_at_base,0,0,0,,CALLBACK_RETURN_SENTINEL_OK
p17_hit3_20260801_144835_85006,990,990,robotol.ext,3,3,1,0x30631D,0x30631D,0x80000,0x0,0x2B1868,0x0,2,0,1,0,stop_at_base,0,0,0,,CALLBACK_RETURN_SENTINEL_OK
p17_hit3_20260801_144835_85006,991,991,robotol.ext,3,3,1,0x30631D,0x30631D,0x80000,0x0,0x2B1868,0x0,2,0,1,0,stop_at_base,0,0,0,,CALLBACK_RETURN_SENTINEL_OK
p17_hit3_20260801_144835_85006,992,992,robotol.ext,3,3,1,0x30631D,0x30631D,0x80000,0x0,0x2B1868,0x0,2,0,1,0,stop_at_base,0,0,0,,CALLBACK_RETURN_SENTINEL_OK
p17_hit3_20260801_144835_85006,993,993,robotol.ext,3,3,1,0x30631D,0x30631D,0x80000,0x0,0x2B1868,0x0,2,0,1,0,stop_at_base,0,0,0,,CALLBACK_RETURN_SENTINEL_OK
p17_hit3_20260801_144835_85006,994,994,robotol.ext,3,3,1,0x30631D,0x30631D,0x80000,0x0,0x2B1868,0x0,2,0,1,0,stop_at_base,0,0,0,,CALLBACK_RETURN_SENTINEL_OK
p17_hit3_20260801_144835_85006,995,995,robotol.ext,3,3,1,0x30631D,0x30631D,0x80000,0x0,0x2B1868,0x0,2,0,1,0,stop_at_base,0,0,0,,CALLBACK_RETURN_SENTINEL_OK
p17_hit3_20260801_144835_85006,996,996,robotol.ext,3,3,1,0x30631D,0x30631D,0x80000,0x0,0x2B1868,0x0,2,0,1,0,stop_at_base,0,0,0,,CALLBACK_RETURN_SENTINEL_OK
p17_hit3_20260801_144835_85006,997,997,robotol.ext,3,3,1,0x30631D,0x30631D,0x80000,0x0,0x2B1868,0x0,2,0,1,0,stop_at_base,0,0,0,,CALLBACK_RETURN_SENTINEL_OK
p17_hit3_20260801_144835_85006,998,998,robotol.ext,3,3,1,0x30631D,0x30631D,0x80000,0x0,0x2B1868,0x0,2,0,1,0,stop_at_base,0,0,0,,CALLBACK_RETURN_SENTINEL_OK
p17_hit3_20260801_144835_85006,999,999,robotol.ext,3,3,1,0x30631D,0x30631D,0x80000,0x0,0x2B1868,0x0,2,0,1,0,stop_at_base,0,0,0,,CALLBACK_RETURN_SENTINEL_OK
p17_hit3_20260801_144835_85006,1000,1000,robotol.ext,3,3,1,0x30631D,0x30631D,0x80000,0x0,0x2B1868,0x0,2,0,1,0,stop_at_base,0,0,0,,CALLBACK_RETURN_SENTINEL_OK
p17_hit3_20260801_144835_85006,1001,1001,robotol.ext,3,3,1,0x30631D,0x30631D,0x80000,0x0,0x2B1868,0x0,2,0,1,0,stop_at_base,0,0,0,,CALLBACK_RETURN_SENTINEL_OK
p17_hit3_20260801_144835_85006,1002,1002,robotol.ext,3,3,1,0x30631D,0x30631D,0x80000,0x0,0x2B1868,0x0,2,0,1,0,stop_at_base,0,0,0,,CALLBACK_RETURN_SENTINEL_OK
p17_hit3_20260801_144835_85006,1003,1003,robotol.ext,3,3,1,0x30631D,0x30631D,0x80000,0x0,0x2B1868,0x0,2,0,1,0,stop_at_base,0,0,0,,CALLBACK_RETURN_SENTINEL_OK
p17_hit3_20260801_144835_85006,1004,1004,robotol.ext,3,3,1,0x30631D,0x30631D,0x80000,0x0,0x2B1868,0x0,2,0,1,0,stop_at_base,0,0,0,,CALLBACK_RETURN_SENTINEL_OK
p17_hit3_20260801_144835_85006,1005,1005,robotol.ext,3,3,1,0x30631D,0x30631D,0x80000,0x0,0x2B1868,0x0,2,0,1,0,stop_at_base,0,0,0,,CALLBACK_RETURN_SENTINEL_OK
p17_hit3_20260801_144835_85006,1006,1006,robotol.ext,3,3,1,0x30631D,0x30631D,0x80000,0x0,0x2B1868,0x0,2,0,1,0,stop_at_base,0,0,0,,CALLBACK_RETURN_SENTINEL_OK
p17_hit3_20260801_144835_85006,1007,1007,robotol.ext,3,3,1,0x30631D,0x30631D,0x80000,0x0,0x2B1868,0x0,2,0,1,0,stop_at_base,0,0,0,,CALLBACK_RETURN_SENTINEL_OK
p17_hit3_20260801_144835_85006,1008,1008,robotol.ext,3,3,1,0x30631D,0x30631D,0x80000,0x0,0x2B1868,0x0,2,0,1,0,stop_at_base,0,0,0,,CALLBACK_RETURN_SENTINEL_OK
p17_hit3_20260801_144835_85006,1009,1009,robotol.ext,3,3,1,0x30631D,0x30631D,0x80000,0x0,0x2B1868,0x0,2,0,1,0,stop_at_base,0,0,0,,CALLBACK_RETURN_SENTINEL_OK
p17_hit3_20260801_144835_85006,1010,1010,robotol.ext,3,3,1,0x30631D,0x30631D,0x80000,0x0,0x2B1868,0x0,2,0,1,0,stop_at_base,0,0,0,,CALLBACK_RETURN_SENTINEL_OK
p17_hit3_20260801_144835_85006,1011,1011,robotol.ext,3,3,1,0x30631D,0x30631D,0x80000,0x0,0x2B1868,0x0,2,0,1,0,stop_at_base,0,0,0,,CALLBACK_RETURN_SENTINEL_OK
p17_hit3_20260801_144835_85006,1012,1012,robotol.ext,3,3,1,0x30631D,0x30631D,0x80000,0x0,0x2B1868,0x0,2,0,1,0,stop_at_base,0,0,0,,CALLBACK_RETURN_SENTINEL_OK
p17_hit3_20260801_144835_85006,1013,1013,robotol.ext,3,3,1,0x30631D,0x30631D,0x80000,0x0,0x2B1868,0x0,2,0,1,0,stop_at_base,0,0,0,,CALLBACK_RETURN_SENTINEL_OK
p17_hit3_20260801_144835_85006,1014,1014,robotol.ext,3,3,1,0x30631D,0x30631D,0x80000,0x0,0x2B1868,0x0,2,0,1,0,stop_at_base,0,0,0,,CALLBACK_RETURN_SENTINEL_OK
p17_hit3_20260801_144835_85006,1015,1015,robotol.ext,3,3,1,0x30631D,0x30631D,0x80000,0x0,0x2B1868,0x0,2,0,1,0,stop_at_base,0,0,0,,CALLBACK_RETURN_SENTINEL_OK
p17_hit3_20260801_144835_85006,1016,1016,robotol.ext,3,3,1,0x30631D,0x30631D,0x80000,0x0,0x2B1868,0x0,2,0,1,0,stop_at_base,0,0,0,,CALLBACK_RETURN_SENTINEL_OK
p17_hit3_20260801_144835_85006,1017,1017,robotol.ext,3,3,1,0x30631D,0x30631D,0x80000,0x0,0x2B1868,0x0,2,0,1,0,stop_at_base,0,0,0,,CALLBACK_RETURN_SENTINEL_OK
p17_hit3_20260801_144835_85006,1018,1018,robotol.ext,3,3,1,0x30631D,0x30631D,0x80000,0x0,0x2B1868,0x0,2,0,1,0,stop_at_base,0,0,0,,CALLBACK_RETURN_SENTINEL_OK
p17_hit3_20260801_144835_85006,1019,1019,robotol.ext,3,3,1,0x30631D,0x30631D,0x80000,0x0,0x2B1868,0x0,2,0,1,0,stop_at_base,0,0,0,,CALLBACK_RETURN_SENTINEL_OK
p17_hit3_20260801_144835_85006,1020,1020,robotol.ext,3,3,1,0x30631D,0x30631D,0x80000,0x0,0x2B1868,0x0,2,0,1,0,stop_at_base,0,0,0,,CALLBACK_RETURN_SENTINEL_OK
p17_hit3_20260801_144835_85006,1021,1021,robotol.ext,3,3,1,0x30631D,0x30631D,0x80000,0x0,0x2B1868,0x0,2,0,1,0,stop_at_base,0,0,0,,CALLBACK_RETURN_SENTINEL_OK
p17_hit3_20260801_144835_85006,1022,1022,robotol.ext,3,3,1,0x30631D,0x30631D,0x80000,0x0,0x2B1868,0x0,2,0,1,0,stop_at_base,0,0,0,,CALLBACK_RETURN_SENTINEL_OK
p17_hit3_20260801_144835_85006,1023,1023,robotol.ext,3,3,1,0x30631D,0x30631D,0x80000,0x0,0x2B1868,0x0,2,0,1,0,stop_at_base,0,0,0,,CALLBACK_RETURN_SENTINEL_OK
p17_hit3_20260801_144835_85006,1024,1024,robotol.ext,3,3,1,0x30631D,0x30631D,0x80000,0x0,0x2B1868,0x0,2,0,1,0,stop_at_base,0,0,0,,CALLBACK_RETURN_SENTINEL_OK
p17_hit3_20260801_144835_85006,1025,1025,robotol.ext,3,3,1,0x30631D,0x30631D,0x80000,0x0,0x2B1868,0x0,2,0,1,0,stop_at_base,0,0,0,,CALLBACK_RETURN_SENTINEL_OK
p17_hit3_20260801_144835_85006,1026,1026,robotol.ext,3,3,1,0x30631D,0x30631D,0x80000,0x0,0x2B1868,0x0,2,0,1,0,stop_at_base,0,0,0,,CALLBACK_RETURN_SENTINEL_OK
p17_hit3_20260801_144835_85006,1027,1027,robotol.ext,3,3,1,0x30631D,0x30631D,0x80000,0x0,0x2B1868,0x0,2,0,1,0,stop_at_base,0,0,0,,CALLBACK_RETURN_SENTINEL_OK
p17_hit3_20260801_144835_85006,1028,1028,robotol.ext,3,3,1,0x30631D,0x30631D,0x80000,0x0,0x2B1868,0x0,2,0,1,0,stop_at_base,0,0,0,,CALLBACK_RETURN_SENTINEL_OK
p17_hit3_20260801_144835_85006,1029,1029,robotol.ext,3,3,1,0x30631D,0x30631D,0x80000,0x0,0x2B1868,0x0,2,0,1,0,stop_at_base,0,0,0,,CALLBACK_RETURN_SENTINEL_OK
p17_hit3_20260801_144835_85006,1030,1030,robotol.ext,3,3,1,0x30631D,0x30631D,0x80000,0x0,0x2B1868,0x0,2,0,1,0,stop_at_base,0,0,0,,CALLBACK_RETURN_SENTINEL_OK
p17_hit3_20260801_144835_85006,1031,1031,robotol.ext,3,3,1,0x30631D,0x30631D,0x80000,0x0,0x2B1868,0x0,2,0,1,0,stop_at_base,0,0,0,,CALLBACK_RETURN_SENTINEL_OK
p17_hit3_20260801_144835_85006,1032,1032,robotol.ext,3,3,1,0x30631D,0x30631D,0x80000,0x0,0x2B1868,0x0,2,0,1,0,stop_at_base,0,0,0,,CALLBACK_RETURN_SENTINEL_OK
p17_hit3_20260801_144835_85006,1033,1033,robotol.ext,3,3,1,0x30631D,0x30631D,0x80000,0x0,0x2B1868,0x0,2,0,1,0,stop_at_base,0,0,0,,CALLBACK_RETURN_SENTINEL_OK
p17_hit3_20260801_144835_85006,1034,1034,robotol.ext,3,3,1,0x30631D,0x30631D,0x80000,0x0,0x2B1868,0x0,2,0,1,0,stop_at_base,0,0,0,,CALLBACK_RETURN_SENTINEL_OK
p17_hit3_20260801_144835_85006,1035,1035,robotol.ext,3,3,1,0x30631D,0x30631D,0x80000,0x0,0x2B1868,0x0,2,0,1,0,stop_at_base,0,0,0,,CALLBACK_RETURN_SENTINEL_OK
p17_hit3_20260801_144835_85006,1036,1036,robotol.ext,3,3,1,0x30631D,0x30631D,0x80000,0x0,0x2B1868,0x0,2,0,1,0,stop_at_base,0,0,0,,CALLBACK_RETURN_SENTINEL_OK
p17_hit3_20260801_144835_85006,1037,1037,robotol.ext,3,3,1,0x30631D,0x30631D,0x80000,0x0,0x2B1868,0x0,2,0,1,0,stop_at_base,0,0,0,,CALLBACK_RETURN_SENTINEL_OK
p17_hit3_20260801_144835_85006,1038,1038,robotol.ext,3,3,1,0x30631D,0x30631D,0x80000,0x0,0x2B1868,0x0,2,0,1,0,stop_at_base,0,0,0,,CALLBACK_RETURN_SENTINEL_OK
p17_hit3_20260801_144835_85006,1039,1039,robotol.ext,3,3,1,0x30631D,0x30631D,0x80000,0x0,0x2B1868,0x0,2,0,1,0,stop_at_base,0,0,0,,CALLBACK_RETURN_SENTINEL_OK
p17_hit3_20260801_144835_85006,1040,1040,robotol.ext,3,3,1,0x30631D,0x30631D,0x80000,0x0,0x2B1868,0x0,2,0,1,0,stop_at_base,0,0,0,,CALLBACK_RETURN_SENTINEL_OK
p17_hit3_20260801_144835_85006,1041,1041,robotol.ext,3,3,1,0x30631D,0x30631D,0x80000,0x0,0x2B1868,0x0,2,0,1,0,stop_at_base,0,0,0,,CALLBACK_RETURN_SENTINEL_OK
p17_hit3_20260801_144835_85006,1042,1042,robotol.ext,3,3,1,0x30631D,0x30631D,0x80000,0x0,0x2B1868,0x0,2,0,1,0,stop_at_base,0,0,0,,CALLBACK_RETURN_SENTINEL_OK
p17_hit3_20260801_144835_85006,1043,1043,robotol.ext,3,3,1,0x30631D,0x30631D,0x80000,0x0,0x2B1868,0x0,2,0,1,0,stop_at_base,0,0,0,,CALLBACK_RETURN_SENTINEL_OK
p17_hit3_20260801_144835_85006,1044,1044,robotol.ext,3,3,1,0x30631D,0x30631D,0x80000,0x0,0x2B1868,0x0,2,0,1,0,stop_at_base,0,0,0,,CALLBACK_RETURN_SENTINEL_OK
p17_hit3_20260801_144835_85006,1045,1045,robotol.ext,3,3,1,0x30631D,0x30631D,0x80000,0x0,0x2B1868,0x0,2,0,1,0,stop_at_base,0,0,0,,CALLBACK_RETURN_SENTINEL_OK
p17_hit3_20260801_144835_85006,1046,1046,robotol.ext,3,3,1,0x30631D,0x30631D,0x80000,0x0,0x2B1868,0x0,2,0,1,0,stop_at_base,0,0,0,,CALLBACK_RETURN_SENTINEL_OK
p17_hit3_20260801_144835_85006,1047,1047,robotol.ext,3,3,1,0x30631D,0x30631D,0x80000,0x0,0x2B1868,0x0,2,0,1,0,stop_at_base,0,0,0,,CALLBACK_RETURN_SENTINEL_OK
p17_hit3_20260801_144835_85006,1048,1048,robotol.ext,3,3,1,0x30631D,0x30631D,0x80000,0x0,0x2B1868,0x0,2,0,1,0,stop_at_base,0,0,0,,CALLBACK_RETURN_SENTINEL_OK
p17_hit3_20260801_144835_85006,1049,1049,robotol.ext,3,3,1,0x30631D,0x30631D,0x80000,0x0,0x2B1868,0x0,2,0,1,0,stop_at_base,0,0,0,,CALLBACK_RETURN_SENTINEL_OK
p17_hit3_20260801_144835_85006,1050,1050,robotol.ext,3,3,1,0x30631D,0x30631D,0x80000,0x0,0x2B1868,0x0,2,0,1,0,stop_at_base,0,0,0,,CALLBACK_RETURN_SENTINEL_OK
p17_hit3_20260801_144835_85006,1051,1051,robotol.ext,3,3,1,0x30631D,0x30631D,0x80000,0x0,0x2B1868,0x0,2,0,1,0,stop_at_base,0,0,0,,CALLBACK_RETURN_SENTINEL_OK
p17_hit3_20260801_144835_85006,1052,1052,robotol.ext,3,3,1,0x30631D,0x30631D,0x80000,0x0,0x2B1868,0x0,2,0,1,0,stop_at_base,0,0,0,,CALLBACK_RETURN_SENTINEL_OK
p17_hit3_20260801_144835_85006,1053,1053,robotol.ext,3,3,1,0x30631D,0x30631D,0x80000,0x0,0x2B1868,0x0,2,0,1,0,stop_at_base,0,0,0,,CALLBACK_RETURN_SENTINEL_OK
p17_hit3_20260801_144835_85006,1054,1054,robotol.ext,3,3,1,0x30631D,0x30631D,0x80000,0x0,0x2B1868,0x0,2,0,1,0,stop_at_base,0,0,0,,CALLBACK_RETURN_SENTINEL_OK
p17_hit3_20260801_144835_85006,1055,1055,robotol.ext,3,3,1,0x30631D,0x30631D,0x80000,0x0,0x2B1868,0x0,2,0,1,0,stop_at_base,0,0,0,,CALLBACK_RETURN_SENTINEL_OK
p17_hit3_20260801_144835_85006,1056,1056,robotol.ext,3,3,1,0x30631D,0x30631D,0x80000,0x0,0x2B1868,0x0,2,0,1,0,stop_at_base,0,0,0,,CALLBACK_RETURN_SENTINEL_OK
p17_hit3_20260801_144835_85006,1057,1057,robotol.ext,3,3,1,0x30631D,0x30631D,0x80000,0x0,0x2B1868,0x0,2,0,1,0,stop_at_base,0,0,0,,CALLBACK_RETURN_SENTINEL_OK
p17_hit3_20260801_144835_85006,1058,1058,robotol.ext,3,3,1,0x30631D,0x30631D,0x80000,0x0,0x2B1868,0x0,2,0,1,0,stop_at_base,0,0,0,,CALLBACK_RETURN_SENTINEL_OK
p17_hit3_20260801_144835_85006,1059,1059,robotol.ext,3,3,1,0x30631D,0x30631D,0x80000,0x0,0x2B1868,0x0,2,0,1,0,stop_at_base,0,0,0,,CALLBACK_RETURN_SENTINEL_OK
p17_hit3_20260801_144835_85006,1060,1060,robotol.ext,3,3,1,0x30631D,0x30631D,0x80000,0x0,0x2B1868,0x0,2,0,1,0,stop_at_base,0,0,0,,CALLBACK_RETURN_SENTINEL_OK
p17_hit3_20260801_144835_85006,1061,1061,robotol.ext,3,3,1,0x30631D,0x30631D,0x80000,0x0,0x2B1868,0x0,2,0,1,0,stop_at_base,0,0,0,,CALLBACK_RETURN_SENTINEL_OK
p17_hit3_20260801_144835_85006,1062,1062,robotol.ext,3,3,1,0x30631D,0x30631D,0x80000,0x0,0x2B1868,0x0,2,0,1,0,stop_at_base,0,0,0,,CALLBACK_RETURN_SENTINEL_OK
p17_hit3_20260801_144835_85006,1063,1063,robotol.ext,3,3,1,0x30631D,0x30631D,0x80000,0x0,0x2B1868,0x0,2,0,1,0,stop_at_base,0,0,0,,CALLBACK_RETURN_SENTINEL_OK
p17_hit3_20260801_144835_85006,1064,1064,robotol.ext,3,3,1,0x30631D,0x30631D,0x80000,0x0,0x2B1868,0x0,2,0,1,0,stop_at_base,0,0,0,,CALLBACK_RETURN_SENTINEL_OK
p17_hit3_20260801_144835_85006,1065,1065,robotol.ext,3,3,1,0x30631D,0x30631D,0x80000,0x0,0x2B1868,0x0,2,0,1,0,stop_at_base,0,0,0,,CALLBACK_RETURN_SENTINEL_OK
p17_hit3_20260801_144835_85006,1066,1066,robotol.ext,3,3,1,0x30631D,0x30631D,0x80000,0x0,0x2B1868,0x0,2,0,1,0,stop_at_base,0,0,0,,CALLBACK_RETURN_SENTINEL_OK
p17_hit3_20260801_144835_85006,1067,1067,robotol.ext,3,3,1,0x30631D,0x30631D,0x80000,0x0,0x2B1868,0x0,2,0,1,0,stop_at_base,0,0,0,,CALLBACK_RETURN_SENTINEL_OK
p17_hit3_20260801_144835_85006,1068,1068,robotol.ext,3,3,1,0x30631D,0x30631D,0x80000,0x0,0x2B1868,0x0,2,0,1,0,stop_at_base,0,0,0,,CALLBACK_RETURN_SENTINEL_OK
p17_hit3_20260801_144835_85006,1069,1069,robotol.ext,3,3,1,0x30631D,0x30631D,0x80000,0x0,0x2B1868,0x0,2,0,1,0,stop_at_base,0,0,0,,CALLBACK_RETURN_SENTINEL_OK
p17_hit3_20260801_144835_85006,1070,1070,robotol.ext,3,3,1,0x30631D,0x30631D,0x80000,0x0,0x2B1868,0x0,2,0,1,0,stop_at_base,0,0,0,,CALLBACK_RETURN_SENTINEL_OK
p17_hit3_20260801_144835_85006,1071,1071,robotol.ext,3,3,1,0x30631D,0x30631D,0x80000,0x0,0x2B1868,0x0,2,0,1,0,stop_at_base,0,0,0,,CALLBACK_RETURN_SENTINEL_OK
p17_hit3_20260801_144835_85006,1072,1072,robotol.ext,3,3,1,0x30631D,0x30631D,0x80000,0x0,0x2B1868,0x0,2,0,1,0,stop_at_base,0,0,0,,CALLBACK_RETURN_SENTINEL_OK
p17_hit3_20260801_144835_85006,1073,1073,robotol.ext,3,3,1,0x30631D,0x30631D,0x80000,0x0,0x2B1868,0x0,2,0,1,0,stop_at_base,0,0,0,,CALLBACK_RETURN_SENTINEL_OK
p17_hit3_20260801_144835_85006,1074,1074,robotol.ext,3,3,1,0x30631D,0x30631D,0x80000,0x0,0x2B1868,0x0,2,0,1,0,stop_at_base,0,0,0,,CALLBACK_RETURN_SENTINEL_OK
p17_hit3_20260801_144835_85006,1075,1075,robotol.ext,3,3,1,0x30631D,0x30631D,0x80000,0x0,0x2B1868,0x0,2,0,1,0,stop_at_base,0,0,0,,CALLBACK_RETURN_SENTINEL_OK
p17_hit3_20260801_144835_85006,1076,1076,robotol.ext,3,3,1,0x30631D,0x30631D,0x80000,0x0,0x2B1868,0x0,2,0,1,0,stop_at_base,0,0,0,,CALLBACK_RETURN_SENTINEL_OK
p17_hit3_20260801_144835_85006,1077,1077,robotol.ext,3,3,1,0x30631D,0x30631D,0x80000,0x0,0x2B1868,0x0,2,0,1,0,stop_at_base,0,0,0,,CALLBACK_RETURN_SENTINEL_OK
p17_hit3_20260801_144835_85006,1078,1078,robotol.ext,3,3,1,0x30631D,0x30631D,0x80000,0x0,0x2B1868,0x0,2,0,1,0,stop_at_base,0,0,0,,CALLBACK_RETURN_SENTINEL_OK
p17_hit3_20260801_144835_85006,1079,1079,robotol.ext,3,3,1,0x30631D,0x30631D,0x80000,0x0,0x2B1868,0x0,2,0,1,0,stop_at_base,0,0,0,,CALLBACK_RETURN_SENTINEL_OK
p17_hit3_20260801_144835_85006,1080,1080,robotol.ext,3,3,1,0x30631D,0x30631D,0x80000,0x0,0x2B1868,0x0,2,0,1,0,stop_at_base,0,0,0,,CALLBACK_RETURN_SENTINEL_OK
p17_hit3_20260801_144835_85006,1081,1081,robotol.ext,3,3,1,0x30631D,0x30631D,0x80000,0x0,0x2B1868,0x0,2,0,1,0,stop_at_base,0,0,0,,CALLBACK_RETURN_SENTINEL_OK
p17_hit3_20260801_144835_85006,1082,1082,robotol.ext,3,3,1,0x30631D,0x30631D,0x80000,0x0,0x2B1868,0x0,2,0,1,0,stop_at_base,0,0,0,,CALLBACK_RETURN_SENTINEL_OK
p17_hit3_20260801_144835_85006,1083,1083,robotol.ext,3,3,1,0x30631D,0x30631D,0x80000,0x0,0x2B1868,0x0,2,0,1,0,stop_at_base,0,0,0,,CALLBACK_RETURN_SENTINEL_OK
p17_hit3_20260801_144835_85006,1084,1084,robotol.ext,3,3,1,0x30631D,0x30631D,0x80000,0x0,0x2B1868,0x0,2,0,1,0,stop_at_base,0,0,0,,CALLBACK_RETURN_SENTINEL_OK
p17_hit3_20260801_144835_85006,1085,1085,robotol.ext,3,3,1,0x30631D,0x30631D,0x80000,0x0,0x2B1868,0x0,2,0,1,0,stop_at_base,0,0,0,,CALLBACK_RETURN_SENTINEL_OK
p17_hit3_20260801_144835_85006,1086,1086,robotol.ext,3,3,1,0x30631D,0x30631D,0x80000,0x0,0x2B1868,0x0,2,0,1,0,stop_at_base,0,0,0,,CALLBACK_RETURN_SENTINEL_OK
p17_hit3_20260801_144835_85006,1087,1087,robotol.ext,3,3,1,0x30631D,0x30631D,0x80000,0x0,0x2B1868,0x0,2,0,1,0,stop_at_base,0,0,0,,CALLBACK_RETURN_SENTINEL_OK
p17_hit3_20260801_144835_85006,1088,1088,robotol.ext,3,3,1,0x30631D,0x30631D,0x80000,0x0,0x2B1868,0x0,2,0,1,0,stop_at_base,0,0,0,,CALLBACK_RETURN_SENTINEL_OK
p17_hit3_20260801_144835_85006,1089,1089,robotol.ext,3,3,1,0x30631D,0x30631D,0x80000,0x0,0x2B1868,0x0,2,0,1,0,stop_at_base,0,0,0,,CALLBACK_RETURN_SENTINEL_OK
p17_hit3_20260801_144835_85006,1090,1090,robotol.ext,3,3,1,0x30631D,0x30631D,0x80000,0x0,0x2B1868,0x0,2,0,1,0,stop_at_base,0,0,0,,CALLBACK_RETURN_SENTINEL_OK
p17_hit3_20260801_144835_85006,1091,1091,robotol.ext,3,3,1,0x30631D,0x30631D,0x80000,0x0,0x2B1868,0x0,2,0,1,0,stop_at_base,0,0,0,,CALLBACK_RETURN_SENTINEL_OK
p17_hit3_20260801_144835_85006,1092,1092,robotol.ext,3,3,1,0x30631D,0x30631D,0x80000,0x0,0x2B1868,0x0,2,0,1,0,stop_at_base,0,0,0,,CALLBACK_RETURN_SENTINEL_OK
p17_hit3_20260801_144835_85006,1093,1093,robotol.ext,3,3,1,0x30631D,0x30631D,0x80000,0x0,0x2B1868,0x0,2,0,1,0,stop_at_base,0,0,0,,CALLBACK_RETURN_SENTINEL_OK
p17_hit3_20260801_144835_85006,1094,1094,robotol.ext,3,3,1,0x30631D,0x30631D,0x80000,0x0,0x2B1868,0x0,2,0,1,0,stop_at_base,0,0,0,,CALLBACK_RETURN_SENTINEL_OK
p17_hit3_20260801_144835_85006,1095,1095,robotol.ext,3,3,1,0x30631D,0x30631D,0x80000,0x0,0x2B1868,0x0,2,0,1,0,stop_at_base,0,0,0,,CALLBACK_RETURN_SENTINEL_OK
p17_hit3_20260801_144835_85006,1096,1096,robotol.ext,3,3,1,0x30631D,0x30631D,0x80000,0x0,0x2B1868,0x0,2,0,1,0,stop_at_base,0,0,0,,CALLBACK_RETURN_SENTINEL_OK
p17_hit3_20260801_144835_85006,1097,1097,robotol.ext,3,3,1,0x30631D,0x30631D,0x80000,0x0,0x2B1868,0x0,2,0,1,0,stop_at_base,0,0,0,,CALLBACK_RETURN_SENTINEL_OK
p17_hit3_20260801_144835_85006,1098,1098,robotol.ext,3,3,1,0x30631D,0x30631D,0x80000,0x0,0x2B1868,0x0,2,0,1,0,stop_at_base,0,0,0,,CALLBACK_RETURN_SENTINEL_OK
p17_hit3_20260801_144835_85006,1099,1099,robotol.ext,3,3,1,0x30631D,0x30631D,0x80000,0x0,0x2B1868,0x0,2,0,1,0,stop_at_base,0,0,0,,CALLBACK_RETURN_SENTINEL_OK
p17_hit3_20260801_144835_85006,1100,1100,robotol.ext,3,3,1,0x30631D,0x30631D,0x80000,0x0,0x2B1868,0x0,2,0,1,0,stop_at_base,0,0,0,,CALLBACK_RETURN_SENTINEL_OK
p17_hit3_20260801_144835_85006,1101,1101,robotol.ext,3,3,1,0x30631D,0x30631D,0x80000,0x0,0x2B1868,0x0,2,0,1,0,stop_at_base,0,0,0,,CALLBACK_RETURN_SENTINEL_OK
p17_hit3_20260801_144835_85006,1102,1102,robotol.ext,3,3,1,0x30631D,0x30631D,0x80000,0x0,0x2B1868,0x0,2,0,1,0,stop_at_base,0,0,0,,CALLBACK_RETURN_SENTINEL_OK
p17_hit3_20260801_144835_85006,1103,1103,robotol.ext,3,3,1,0x30631D,0x30631D,0x80000,0x0,0x2B1868,0x0,2,0,1,0,stop_at_base,0,0,0,,CALLBACK_RETURN_SENTINEL_OK
p17_hit3_20260801_144835_85006,1104,1104,robotol.ext,3,3,1,0x30631D,0x30631D,0x80000,0x0,0x2B1868,0x0,2,0,1,0,stop_at_base,0,0,0,,CALLBACK_RETURN_SENTINEL_OK
p17_hit3_20260801_144835_85006,1105,1105,robotol.ext,3,3,1,0x30631D,0x30631D,0x80000,0x0,0x2B1868,0x0,2,0,1,0,stop_at_base,0,0,0,,CALLBACK_RETURN_SENTINEL_OK
p17_hit3_20260801_144835_85006,1106,1106,robotol.ext,3,3,1,0x30631D,0x30631D,0x80000,0x0,0x2B1868,0x0,2,0,1,0,stop_at_base,0,0,0,,CALLBACK_RETURN_SENTINEL_OK
p17_hit3_20260801_144835_85006,1107,1107,robotol.ext,3,3,1,0x30631D,0x30631D,0x80000,0x0,0x2B1868,0x0,2,0,1,0,stop_at_base,0,0,0,,CALLBACK_RETURN_SENTINEL_OK
p17_hit3_20260801_144835_85006,1108,1108,robotol.ext,3,3,1,0x30631D,0x30631D,0x80000,0x0,0x2B1868,0x0,2,0,1,0,stop_at_base,0,0,0,,CALLBACK_RETURN_SENTINEL_OK
p17_hit3_20260801_144835_85006,1109,1109,robotol.ext,3,3,1,0x30631D,0x30631D,0x80000,0x0,0x2B1868,0x0,2,0,1,0,stop_at_base,0,0,0,,CALLBACK_RETURN_SENTINEL_OK
p17_hit3_20260801_144835_85006,1110,1110,robotol.ext,3,3,1,0x30631D,0x30631D,0x80000,0x0,0x2B1868,0x0,2,0,1,0,stop_at_base,0,0,0,,CALLBACK_RETURN_SENTINEL_OK
p17_hit3_20260801_144835_85006,1111,1111,robotol.ext,3,3,1,0x30631D,0x30631D,0x80000,0x0,0x2B1868,0x0,2,0,1,0,stop_at_base,0,0,0,,CALLBACK_RETURN_SENTINEL_OK
p17_hit3_20260801_144835_85006,1112,1112,robotol.ext,3,3,1,0x30631D,0x30631D,0x80000,0x0,0x2B1868,0x0,2,0,1,0,stop_at_base,0,0,0,,CALLBACK_RETURN_SENTINEL_OK
p17_hit3_20260801_144835_85006,1113,1113,robotol.ext,3,3,1,0x30631D,0x30631D,0x80000,0x0,0x2B1868,0x0,2,0,1,0,stop_at_base,0,0,0,,CALLBACK_RETURN_SENTINEL_OK
p17_hit3_20260801_144835_85006,1114,1114,robotol.ext,3,3,1,0x30631D,0x30631D,0x80000,0x0,0x2B1868,0x0,2,0,1,0,stop_at_base,0,0,0,,CALLBACK_RETURN_SENTINEL_OK
p17_hit3_20260801_144835_85006,1115,1115,robotol.ext,3,3,1,0x30631D,0x30631D,0x80000,0x0,0x2B1868,0x0,2,0,1,0,stop_at_base,0,0,0,,CALLBACK_RETURN_SENTINEL_OK
p17_hit3_20260801_144835_85006,1116,1116,robotol.ext,3,3,1,0x30631D,0x30631D,0x80000,0x0,0x2B1868,0x0,2,0,1,0,stop_at_base,0,0,0,,CALLBACK_RETURN_SENTINEL_OK
p17_hit3_20260801_144835_85006,1117,1117,robotol.ext,3,3,1,0x30631D,0x30631D,0x80000,0x0,0x2B1868,0x0,2,0,1,0,stop_at_base,0,0,0,,CALLBACK_RETURN_SENTINEL_OK
p17_hit3_20260801_144835_85006,1118,1118,robotol.ext,3,3,1,0x30631D,0x30631D,0x80000,0x0,0x2B1868,0x0,2,0,1,0,stop_at_base,0,0,0,,CALLBACK_RETURN_SENTINEL_OK
p17_hit3_20260801_144835_85006,1119,1119,robotol.ext,3,3,1,0x30631D,0x30631D,0x80000,0x0,0x2B1868,0x0,2,0,1,0,stop_at_base,0,0,0,,CALLBACK_RETURN_SENTINEL_OK
p17_hit3_20260801_144835_85006,1120,1120,robotol.ext,3,3,1,0x30631D,0x30631D,0x80000,0x0,0x2B1868,0x0,2,0,1,0,stop_at_base,0,0,0,,CALLBACK_RETURN_SENTINEL_OK
p17_hit3_20260801_144835_85006,1121,1121,robotol.ext,3,3,1,0x30631D,0x30631D,0x80000,0x0,0x2B1868,0x0,2,0,1,0,stop_at_base,0,0,0,,CALLBACK_RETURN_SENTINEL_OK
p17_hit3_20260801_144835_85006,1122,1122,robotol.ext,3,3,1,0x30631D,0x30631D,0x80000,0x0,0x2B1868,0x0,2,0,1,0,stop_at_base,0,0,0,,CALLBACK_RETURN_SENTINEL_OK
p17_hit3_20260801_144835_85006,1123,1123,robotol.ext,3,3,1,0x30631D,0x30631D,0x80000,0x0,0x2B1868,0x0,2,0,1,0,stop_at_base,0,0,0,,CALLBACK_RETURN_SENTINEL_OK
p17_hit3_20260801_144835_85006,1124,1124,robotol.ext,3,3,1,0x30631D,0x30631D,0x80000,0x0,0x2B1868,0x0,2,0,1,0,stop_at_base,0,0,0,,CALLBACK_RETURN_SENTINEL_OK
p17_hit3_20260801_144835_85006,1125,1125,robotol.ext,3,3,1,0x30631D,0x30631D,0x80000,0x0,0x2B1868,0x0,2,0,1,0,stop_at_base,0,0,0,,CALLBACK_RETURN_SENTINEL_OK
p17_hit3_20260801_144835_85006,1126,1126,robotol.ext,3,3,1,0x30631D,0x30631D,0x80000,0x0,0x2B1868,0x0,2,0,1,0,stop_at_base,0,0,0,,CALLBACK_RETURN_SENTINEL_OK
p17_hit3_20260801_144835_85006,1127,1127,robotol.ext,3,3,1,0x30631D,0x30631D,0x80000,0x0,0x2B1868,0x0,2,0,1,0,stop_at_base,0,0,0,,CALLBACK_RETURN_SENTINEL_OK
p17_hit3_20260801_144835_85006,1128,1128,robotol.ext,3,3,1,0x30631D,0x30631D,0x80000,0x0,0x2B1868,0x0,2,0,1,0,stop_at_base,0,0,0,,CALLBACK_RETURN_SENTINEL_OK
p17_hit3_20260801_144835_85006,1129,1129,robotol.ext,3,3,1,0x30631D,0x30631D,0x80000,0x0,0x2B1868,0x0,2,0,1,0,stop_at_base,0,0,0,,CALLBACK_RETURN_SENTINEL_OK
p17_hit3_20260801_144835_85006,1130,1130,robotol.ext,3,3,1,0x30631D,0x30631D,0x80000,0x0,0x2B1868,0x0,2,0,1,0,stop_at_base,0,0,0,,CALLBACK_RETURN_SENTINEL_OK
p17_hit3_20260801_144835_85006,1131,1131,robotol.ext,3,3,1,0x30631D,0x30631D,0x80000,0x0,0x2B1868,0x0,2,0,1,0,stop_at_base,0,0,0,,CALLBACK_RETURN_SENTINEL_OK
p17_hit3_20260801_144835_85006,1132,1132,robotol.ext,3,3,1,0x30631D,0x30631D,0x80000,0x0,0x2B1868,0x0,2,0,1,0,stop_at_base,0,0,0,,CALLBACK_RETURN_SENTINEL_OK
p17_hit3_20260801_144835_85006,1133,1133,robotol.ext,3,3,1,0x30631D,0x30631D,0x80000,0x0,0x2B1868,0x0,2,0,1,0,stop_at_base,0,0,0,,CALLBACK_RETURN_SENTINEL_OK
p17_hit3_20260801_144835_85006,1134,1134,robotol.ext,3,3,1,0x30631D,0x30631D,0x80000,0x0,0x2B1868,0x0,2,0,1,0,stop_at_base,0,0,0,,CALLBACK_RETURN_SENTINEL_OK
p17_hit3_20260801_144835_85006,1135,1135,robotol.ext,3,3,1,0x30631D,0x30631D,0x80000,0x0,0x2B1868,0x0,2,0,1,0,stop_at_base,0,0,0,,CALLBACK_RETURN_SENTINEL_OK
p17_hit3_20260801_144835_85006,1136,1136,robotol.ext,3,3,1,0x30631D,0x30631D,0x80000,0x0,0x2B1868,0x0,2,0,1,0,stop_at_base,0,0,0,,CALLBACK_RETURN_SENTINEL_OK
p17_hit3_20260801_144835_85006,1137,1137,robotol.ext,3,3,1,0x30631D,0x30631D,0x80000,0x0,0x2B1868,0x0,2,0,1,0,stop_at_base,0,0,0,,CALLBACK_RETURN_SENTINEL_OK
p17_hit3_20260801_144835_85006,1138,1138,robotol.ext,3,3,1,0x30631D,0x30631D,0x80000,0x0,0x2B1868,0x0,2,0,1,0,stop_at_base,0,0,0,,CALLBACK_RETURN_SENTINEL_OK
p17_hit3_20260801_144835_85006,1139,1139,robotol.ext,3,3,1,0x30631D,0x30631D,0x80000,0x0,0x2B1868,0x0,2,0,1,0,stop_at_base,0,0,0,,CALLBACK_RETURN_SENTINEL_OK
p17_hit3_20260801_144835_85006,1140,1140,robotol.ext,3,3,1,0x30631D,0x30631D,0x80000,0x0,0x2B1868,0x0,2,0,1,0,stop_at_base,0,0,0,,CALLBACK_RETURN_SENTINEL_OK
p17_hit3_20260801_144835_85006,1141,1141,robotol.ext,3,3,1,0x30631D,0x30631D,0x80000,0x0,0x2B1868,0x0,2,0,1,0,stop_at_base,0,0,0,,CALLBACK_RETURN_SENTINEL_OK
p17_hit3_20260801_144835_85006,1142,1142,robotol.ext,3,3,1,0x30631D,0x30631D,0x80000,0x0,0x2B1868,0x0,2,0,1,0,stop_at_base,0,0,0,,CALLBACK_RETURN_SENTINEL_OK
p17_hit3_20260801_144835_85006,1143,1143,robotol.ext,3,3,1,0x30631D,0x30631D,0x80000,0x0,0x2B1868,0x0,2,0,1,0,stop_at_base,0,0,0,,CALLBACK_RETURN_SENTINEL_OK
p17_hit3_20260801_144835_85006,1144,1144,robotol.ext,3,3,1,0x30631D,0x30631D,0x80000,0x0,0x2B1868,0x0,2,0,1,0,stop_at_base,0,0,0,,CALLBACK_RETURN_SENTINEL_OK
p17_hit3_20260801_144835_85006,1145,1145,robotol.ext,3,3,1,0x30631D,0x30631D,0x80000,0x0,0x2B1868,0x0,2,0,1,0,stop_at_base,0,0,0,,CALLBACK_RETURN_SENTINEL_OK
p17_hit3_20260801_144835_85006,1146,1146,robotol.ext,3,3,1,0x30631D,0x30631D,0x80000,0x0,0x2B1868,0x0,2,0,1,0,stop_at_base,0,0,0,,CALLBACK_RETURN_SENTINEL_OK
p17_hit3_20260801_144835_85006,1147,1147,robotol.ext,3,3,1,0x30631D,0x30631D,0x80000,0x0,0x2B1868,0x0,2,0,1,0,stop_at_base,0,0,0,,CALLBACK_RETURN_SENTINEL_OK
p17_hit3_20260801_144835_85006,1148,1148,robotol.ext,3,3,1,0x30631D,0x30631D,0x80000,0x0,0x2B1868,0x0,2,0,1,0,stop_at_base,0,0,0,,CALLBACK_RETURN_SENTINEL_OK
p17_hit3_20260801_144835_85006,1149,1149,robotol.ext,3,3,1,0x30631D,0x30631D,0x80000,0x0,0x2B1868,0x0,2,0,1,0,stop_at_base,0,0,0,,CALLBACK_RETURN_SENTINEL_OK
p17_hit3_20260801_144835_85006,1150,1150,robotol.ext,3,3,1,0x30631D,0x30631D,0x80000,0x0,0x2B1868,0x0,2,0,1,0,stop_at_base,0,0,0,,CALLBACK_RETURN_SENTINEL_OK
p17_hit3_20260801_144835_85006,1151,1151,robotol.ext,3,3,1,0x30631D,0x30631D,0x80000,0x0,0x2B1868,0x0,2,0,1,0,stop_at_base,0,0,0,,CALLBACK_RETURN_SENTINEL_OK
p17_hit3_20260801_144835_85006,1152,1152,robotol.ext,3,3,1,0x30631D,0x30631D,0x80000,0x0,0x2B1868,0x0,2,0,1,0,stop_at_base,0,0,0,,CALLBACK_RETURN_SENTINEL_OK
p17_hit3_20260801_144835_85006,1153,1153,robotol.ext,3,3,1,0x30631D,0x30631D,0x80000,0x0,0x2B1868,0x0,2,0,1,0,stop_at_base,0,0,0,,CALLBACK_RETURN_SENTINEL_OK
p17_hit3_20260801_144835_85006,1154,1154,robotol.ext,3,3,1,0x30631D,0x30631D,0x80000,0x0,0x2B1868,0x0,2,0,1,0,stop_at_base,0,0,0,,CALLBACK_RETURN_SENTINEL_OK
p17_hit3_20260801_144835_85006,1155,1155,robotol.ext,3,3,1,0x30631D,0x30631D,0x80000,0x0,0x2B1868,0x0,2,0,1,0,stop_at_base,0,0,0,,CALLBACK_RETURN_SENTINEL_OK
p17_hit3_20260801_144835_85006,1156,1156,robotol.ext,3,3,1,0x30631D,0x30631D,0x80000,0x0,0x2B1868,0x0,2,0,1,0,stop_at_base,0,0,0,,CALLBACK_RETURN_SENTINEL_OK
p17_hit3_20260801_144835_85006,1157,1157,robotol.ext,3,3,1,0x30631D,0x30631D,0x80000,0x0,0x2B1868,0x0,2,0,1,0,stop_at_base,0,0,0,,CALLBACK_RETURN_SENTINEL_OK
p17_hit3_20260801_144835_85006,1158,1158,robotol.ext,3,3,1,0x30631D,0x30631D,0x80000,0x0,0x2B1868,0x0,2,0,1,0,stop_at_base,0,0,0,,CALLBACK_RETURN_SENTINEL_OK
p17_hit3_20260801_144835_85006,1159,1159,robotol.ext,3,3,1,0x30631D,0x30631D,0x80000,0x0,0x2B1868,0x0,2,0,1,0,stop_at_base,0,0,0,,CALLBACK_RETURN_SENTINEL_OK
p17_hit3_20260801_144835_85006,1160,1160,robotol.ext,3,3,1,0x30631D,0x30631D,0x80000,0x0,0x2B1868,0x0,2,0,1,0,stop_at_base,0,0,0,,CALLBACK_RETURN_SENTINEL_OK
p17_hit3_20260801_144835_85006,1161,1161,robotol.ext,3,3,1,0x30631D,0x30631D,0x80000,0x0,0x2B1868,0x0,2,0,1,0,stop_at_base,0,0,0,,CALLBACK_RETURN_SENTINEL_OK
p17_hit3_20260801_144835_85006,1162,1162,robotol.ext,3,3,1,0x30631D,0x30631D,0x80000,0x0,0x2B1868,0x0,2,0,1,0,stop_at_base,0,0,0,,CALLBACK_RETURN_SENTINEL_OK
p17_hit3_20260801_144835_85006,1163,1163,robotol.ext,3,3,1,0x30631D,0x30631D,0x80000,0x0,0x2B1868,0x0,2,0,1,0,stop_at_base,0,0,0,,CALLBACK_RETURN_SENTINEL_OK
p17_hit3_20260801_144835_85006,1164,1164,robotol.ext,3,3,1,0x30631D,0x30631D,0x80000,0x0,0x2B1868,0x0,2,0,1,0,stop_at_base,0,0,0,,CALLBACK_RETURN_SENTINEL_OK
p17_hit3_20260801_144835_85006,1165,1165,robotol.ext,3,3,1,0x30631D,0x30631D,0x80000,0x0,0x2B1868,0x0,2,0,1,0,stop_at_base,0,0,0,,CALLBACK_RETURN_SENTINEL_OK
p17_hit3_20260801_144835_85006,1166,1166,robotol.ext,3,3,1,0x30631D,0x30631D,0x80000,0x0,0x2B1868,0x0,2,0,1,0,stop_at_base,0,0,0,,CALLBACK_RETURN_SENTINEL_OK
p17_hit3_20260801_144835_85006,1167,1167,robotol.ext,3,3,1,0x30631D,0x30631D,0x80000,0x0,0x2B1868,0x0,2,0,1,0,stop_at_base,0,0,0,,CALLBACK_RETURN_SENTINEL_OK
p17_hit3_20260801_144835_85006,1168,1168,robotol.ext,3,3,1,0x30631D,0x30631D,0x80000,0x0,0x2B1868,0x0,2,0,1,0,stop_at_base,0,0,0,,CALLBACK_RETURN_SENTINEL_OK
p17_hit3_20260801_144835_85006,1169,1169,robotol.ext,3,3,1,0x30631D,0x30631D,0x80000,0x0,0x2B1868,0x0,2,0,1,0,stop_at_base,0,0,0,,CALLBACK_RETURN_SENTINEL_OK
p17_hit3_20260801_144835_85006,1170,1170,robotol.ext,3,3,1,0x30631D,0x30631D,0x80000,0x0,0x2B1868,0x0,2,0,1,0,stop_at_base,0,0,0,,CALLBACK_RETURN_SENTINEL_OK
p17_hit3_20260801_144835_85006,1171,1171,robotol.ext,3,3,1,0x30631D,0x30631D,0x80000,0x0,0x2B1868,0x0,2,0,1,0,stop_at_base,0,0,0,,CALLBACK_RETURN_SENTINEL_OK
p17_hit3_20260801_144835_85006,1172,1172,robotol.ext,3,3,1,0x30631D,0x30631D,0x80000,0x0,0x2B1868,0x0,2,0,1,0,stop_at_base,0,0,0,,CALLBACK_RETURN_SENTINEL_OK
p17_hit3_20260801_144835_85006,1173,1173,robotol.ext,3,3,1,0x30631D,0x30631D,0x80000,0x0,0x2B1868,0x0,2,0,1,0,stop_at_base,0,0,0,,CALLBACK_RETURN_SENTINEL_OK
p17_hit3_20260801_144835_85006,1174,1174,robotol.ext,3,3,1,0x30631D,0x30631D,0x80000,0x0,0x2B1868,0x0,2,0,1,0,stop_at_base,0,0,0,,CALLBACK_RETURN_SENTINEL_OK
p17_hit3_20260801_144835_85006,1175,1175,robotol.ext,3,3,1,0x30631D,0x30631D,0x80000,0x0,0x2B1868,0x0,2,0,1,0,stop_at_base,0,0,0,,CALLBACK_RETURN_SENTINEL_OK
p17_hit3_20260801_144835_85006,1176,1176,robotol.ext,3,3,1,0x30631D,0x30631D,0x80000,0x0,0x2B1868,0x0,2,0,1,0,stop_at_base,0,0,0,,CALLBACK_RETURN_SENTINEL_OK
p17_hit3_20260801_144835_85006,1177,1177,robotol.ext,3,3,1,0x30631D,0x30631D,0x80000,0x0,0x2B1868,0x0,2,0,1,0,stop_at_base,0,0,0,,CALLBACK_RETURN_SENTINEL_OK
p17_hit3_20260801_144835_85006,1178,1178,robotol.ext,3,3,1,0x30631D,0x30631D,0x80000,0x0,0x2B1868,0x0,2,0,1,0,stop_at_base,0,0,0,,CALLBACK_RETURN_SENTINEL_OK
p17_hit3_20260801_144835_85006,1179,1179,robotol.ext,3,3,1,0x30631D,0x30631D,0x80000,0x0,0x2B1868,0x0,2,0,1,0,stop_at_base,0,0,0,,CALLBACK_RETURN_SENTINEL_OK
p17_hit3_20260801_144835_85006,1180,1180,robotol.ext,3,3,1,0x30631D,0x30631D,0x80000,0x0,0x2B1868,0x0,2,0,1,0,stop_at_base,0,0,0,,CALLBACK_RETURN_SENTINEL_OK
p17_hit3_20260801_144835_85006,1181,1181,robotol.ext,3,3,1,0x30631D,0x30631D,0x80000,0x0,0x2B1868,0x0,2,0,1,0,stop_at_base,0,0,0,,CALLBACK_RETURN_SENTINEL_OK
p17_hit3_20260801_144835_85006,1182,1182,robotol.ext,3,3,1,0x30631D,0x30631D,0x80000,0x0,0x2B1868,0x0,2,0,1,0,stop_at_base,0,0,0,,CALLBACK_RETURN_SENTINEL_OK
p17_hit3_20260801_144835_85006,1183,1183,robotol.ext,3,3,1,0x30631D,0x30631D,0x80000,0x0,0x2B1868,0x0,2,0,1,0,stop_at_base,0,0,0,,CALLBACK_RETURN_SENTINEL_OK
p17_hit3_20260801_144835_85006,1184,1184,robotol.ext,3,3,1,0x30631D,0x30631D,0x80000,0x0,0x2B1868,0x0,2,0,1,0,stop_at_base,0,0,0,,CALLBACK_RETURN_SENTINEL_OK
p17_hit3_20260801_144835_85006,1185,1185,robotol.ext,3,3,1,0x30631D,0x30631D,0x80000,0x0,0x2B1868,0x0,2,0,1,0,stop_at_base,0,0,0,,CALLBACK_RETURN_SENTINEL_OK
p17_hit3_20260801_144835_85006,1186,1186,robotol.ext,3,3,1,0x30631D,0x30631D,0x80000,0x0,0x2B1868,0x0,2,0,1,0,stop_at_base,0,0,0,,CALLBACK_RETURN_SENTINEL_OK
p17_hit3_20260801_144835_85006,1187,1187,robotol.ext,3,3,1,0x30631D,0x30631D,0x80000,0x0,0x2B1868,0x0,2,0,1,0,stop_at_base,0,0,0,,CALLBACK_RETURN_SENTINEL_OK
p17_hit3_20260801_144835_85006,1188,1188,robotol.ext,3,3,1,0x30631D,0x30631D,0x80000,0x0,0x2B1868,0x0,2,0,1,0,stop_at_base,0,0,0,,CALLBACK_RETURN_SENTINEL_OK
p17_hit3_20260801_144835_85006,1189,1189,robotol.ext,3,3,1,0x30631D,0x30631D,0x80000,0x0,0x2B1868,0x0,2,0,1,0,stop_at_base,0,0,0,,CALLBACK_RETURN_SENTINEL_OK
p17_hit3_20260801_144835_85006,1190,1190,robotol.ext,3,3,1,0x30631D,0x30631D,0x80000,0x0,0x2B1868,0x0,2,0,1,0,stop_at_base,0,0,0,,CALLBACK_RETURN_SENTINEL_OK
p17_hit3_20260801_144835_85006,1191,1191,robotol.ext,3,3,1,0x30631D,0x30631D,0x80000,0x0,0x2B1868,0x0,2,0,1,0,stop_at_base,0,0,0,,CALLBACK_RETURN_SENTINEL_OK
p17_hit3_20260801_144835_85006,1192,1192,robotol.ext,3,3,1,0x30631D,0x30631D,0x80000,0x0,0x2B1868,0x0,2,0,1,0,stop_at_base,0,0,0,,CALLBACK_RETURN_SENTINEL_OK
p17_hit3_20260801_144835_85006,1193,1193,robotol.ext,3,3,1,0x30631D,0x30631D,0x80000,0x0,0x2B1868,0x0,2,0,1,0,stop_at_base,0,0,0,,CALLBACK_RETURN_SENTINEL_OK
p17_hit3_20260801_144835_85006,1194,1194,robotol.ext,3,3,1,0x30631D,0x30631D,0x80000,0x0,0x2B1868,0x0,2,0,1,0,stop_at_base,0,0,0,,CALLBACK_RETURN_SENTINEL_OK
p17_hit3_20260801_144835_85006,1195,1195,robotol.ext,3,3,1,0x30631D,0x30631D,0x80000,0x0,0x2B1868,0x0,2,0,1,0,stop_at_base,0,0,0,,CALLBACK_RETURN_SENTINEL_OK
p17_hit3_20260801_144835_85006,1196,1196,robotol.ext,3,3,1,0x30631D,0x30631D,0x80000,0x0,0x2B1868,0x0,2,0,1,0,stop_at_base,0,0,0,,CALLBACK_RETURN_SENTINEL_OK
p17_hit3_20260801_144835_85006,1197,1197,robotol.ext,3,3,1,0x30631D,0x30631D,0x80000,0x0,0x2B1868,0x0,2,0,1,0,stop_at_base,0,0,0,,CALLBACK_RETURN_SENTINEL_OK
p17_hit3_20260801_144835_85006,1198,1198,robotol.ext,3,3,1,0x30631D,0x30631D,0x80000,0x0,0x2B1868,0x0,2,0,1,0,stop_at_base,0,0,0,,CALLBACK_RETURN_SENTINEL_OK
p17_hit3_20260801_144835_85006,1199,1199,robotol.ext,3,3,1,0x30631D,0x30631D,0x80000,0x0,0x2B1868,0x0,2,0,1,0,stop_at_base,0,0,0,,CALLBACK_RETURN_SENTINEL_OK
p17_hit3_20260801_144835_85006,1200,1200,robotol.ext,3,3,1,0x30631D,0x30631D,0x80000,0x0,0x2B1868,0x0,2,0,1,0,stop_at_base,0,0,0,,CALLBACK_RETURN_SENTINEL_OK
p17_hit3_20260801_144835_85006,1201,1201,robotol.ext,3,3,1,0x30631D,0x30631D,0x80000,0x0,0x2B1868,0x0,2,0,1,0,stop_at_base,0,0,0,,CALLBACK_RETURN_SENTINEL_OK
p17_hit3_20260801_144835_85006,1202,1202,robotol.ext,3,3,1,0x30631D,0x30631D,0x80000,0x0,0x2B1868,0x0,2,0,1,0,stop_at_base,0,0,0,,CALLBACK_RETURN_SENTINEL_OK
p17_hit3_20260801_144835_85006,1203,1203,robotol.ext,3,3,1,0x30631D,0x30631D,0x80000,0x0,0x2B1868,0x0,2,0,1,0,stop_at_base,0,0,0,,CALLBACK_RETURN_SENTINEL_OK
p17_hit3_20260801_144835_85006,1204,1204,robotol.ext,3,3,1,0x30631D,0x30631D,0x80000,0x0,0x2B1868,0x0,2,0,1,0,stop_at_base,0,0,0,,CALLBACK_RETURN_SENTINEL_OK
p17_hit3_20260801_144835_85006,1205,1205,robotol.ext,3,3,1,0x30631D,0x30631D,0x80000,0x0,0x2B1868,0x0,2,0,1,0,stop_at_base,0,0,0,,CALLBACK_RETURN_SENTINEL_OK
p17_hit3_20260801_144835_85006,1206,1206,robotol.ext,3,3,1,0x30631D,0x30631D,0x80000,0x0,0x2B1868,0x0,2,0,1,0,stop_at_base,0,0,0,,CALLBACK_RETURN_SENTINEL_OK
p17_hit3_20260801_144835_85006,1207,1207,robotol.ext,3,3,1,0x30631D,0x30631D,0x80000,0x0,0x2B1868,0x0,2,0,1,0,stop_at_base,0,0,0,,CALLBACK_RETURN_SENTINEL_OK
p17_hit3_20260801_144835_85006,1208,1208,robotol.ext,3,3,1,0x30631D,0x30631D,0x80000,0x0,0x2B1868,0x0,2,0,1,0,stop_at_base,0,0,0,,CALLBACK_RETURN_SENTINEL_OK
p17_hit3_20260801_144835_85006,1209,1209,robotol.ext,3,3,1,0x30631D,0x30631D,0x80000,0x0,0x2B1868,0x0,2,0,1,0,stop_at_base,0,0,0,,CALLBACK_RETURN_SENTINEL_OK
p17_hit3_20260801_144835_85006,1210,1210,robotol.ext,3,3,1,0x30631D,0x30631D,0x80000,0x0,0x2B1868,0x0,2,0,1,0,stop_at_base,0,0,0,,CALLBACK_RETURN_SENTINEL_OK
p17_hit3_20260801_144835_85006,1211,1211,robotol.ext,3,3,1,0x30631D,0x30631D,0x80000,0x0,0x2B1868,0x0,2,0,1,0,stop_at_base,0,0,0,,CALLBACK_RETURN_SENTINEL_OK
p17_hit3_20260801_144835_85006,1212,1212,robotol.ext,3,3,1,0x30631D,0x30631D,0x80000,0x0,0x2B1868,0x0,2,0,1,0,stop_at_base,0,0,0,,CALLBACK_RETURN_SENTINEL_OK
p17_hit3_20260801_144835_85006,1213,1213,robotol.ext,3,3,1,0x30631D,0x30631D,0x80000,0x0,0x2B1868,0x0,2,0,1,0,stop_at_base,0,0,0,,CALLBACK_RETURN_SENTINEL_OK
p17_hit3_20260801_144835_85006,1214,1214,robotol.ext,3,3,1,0x30631D,0x30631D,0x80000,0x0,0x2B1868,0x0,2,0,1,0,stop_at_base,0,0,0,,CALLBACK_RETURN_SENTINEL_OK
p17_hit3_20260801_144835_85006,1215,1215,robotol.ext,3,3,1,0x30631D,0x30631D,0x80000,0x0,0x2B1868,0x0,2,0,1,0,stop_at_base,0,0,0,,CALLBACK_RETURN_SENTINEL_OK
p17_hit3_20260801_144835_85006,1216,1216,robotol.ext,3,3,1,0x30631D,0x30631D,0x80000,0x0,0x2B1868,0x0,2,0,1,0,stop_at_base,0,0,0,,CALLBACK_RETURN_SENTINEL_OK
p17_hit3_20260801_144835_85006,1217,1217,robotol.ext,3,3,1,0x30631D,0x30631D,0x80000,0x0,0x2B1868,0x0,2,0,1,0,stop_at_base,0,0,0,,CALLBACK_RETURN_SENTINEL_OK
p17_hit3_20260801_144835_85006,1218,1218,robotol.ext,3,3,1,0x30631D,0x30631D,0x80000,0x0,0x2B1868,0x0,2,0,1,0,stop_at_base,0,0,0,,CALLBACK_RETURN_SENTINEL_OK
p17_hit3_20260801_144835_85006,1219,1219,robotol.ext,3,3,1,0x30631D,0x30631D,0x80000,0x0,0x2B1868,0x0,2,0,1,0,stop_at_base,0,0,0,,CALLBACK_RETURN_SENTINEL_OK
p17_hit3_20260801_144835_85006,1220,1220,robotol.ext,3,3,1,0x30631D,0x30631D,0x80000,0x0,0x2B1868,0x0,2,0,1,0,stop_at_base,0,0,0,,CALLBACK_RETURN_SENTINEL_OK
p17_hit3_20260801_144835_85006,1221,1221,robotol.ext,3,3,1,0x30631D,0x30631D,0x80000,0x0,0x2B1868,0x0,2,0,1,0,stop_at_base,0,0,0,,CALLBACK_RETURN_SENTINEL_OK
p17_hit3_20260801_144835_85006,1222,1222,robotol.ext,3,3,1,0x30631D,0x30631D,0x80000,0x0,0x2B1868,0x0,2,0,1,0,stop_at_base,0,0,0,,CALLBACK_RETURN_SENTINEL_OK
p17_hit3_20260801_144835_85006,1223,1223,robotol.ext,3,3,1,0x30631D,0x30631D,0x80000,0x0,0x2B1868,0x0,2,0,1,0,stop_at_base,0,0,0,,CALLBACK_RETURN_SENTINEL_OK
p17_hit3_20260801_144835_85006,1224,1224,robotol.ext,3,3,1,0x30631D,0x30631D,0x80000,0x0,0x2B1868,0x0,2,0,1,0,stop_at_base,0,0,0,,CALLBACK_RETURN_SENTINEL_OK
p17_hit3_20260801_144835_85006,1225,1225,robotol.ext,3,3,1,0x30631D,0x30631D,0x80000,0x0,0x2B1868,0x0,2,0,1,0,stop_at_base,0,0,0,,CALLBACK_RETURN_SENTINEL_OK
p17_hit3_20260801_144835_85006,1226,1226,robotol.ext,3,3,1,0x30631D,0x30631D,0x80000,0x0,0x2B1868,0x0,2,0,1,0,stop_at_base,0,0,0,,CALLBACK_RETURN_SENTINEL_OK
p17_hit3_20260801_144835_85006,1227,1227,robotol.ext,3,3,1,0x30631D,0x30631D,0x80000,0x0,0x2B1868,0x0,2,0,1,0,stop_at_base,0,0,0,,CALLBACK_RETURN_SENTINEL_OK
p17_hit3_20260801_144835_85006,1228,1228,robotol.ext,3,3,1,0x30631D,0x30631D,0x80000,0x0,0x2B1868,0x0,2,0,1,0,stop_at_base,0,0,0,,CALLBACK_RETURN_SENTINEL_OK
p17_hit3_20260801_144835_85006,1229,1229,robotol.ext,3,3,1,0x30631D,0x30631D,0x80000,0x0,0x2B1868,0x0,2,0,1,0,stop_at_base,0,0,0,,CALLBACK_RETURN_SENTINEL_OK
p17_hit3_20260801_144835_85006,1230,1230,robotol.ext,3,3,1,0x30631D,0x30631D,0x80000,0x0,0x2B1868,0x0,2,0,1,0,stop_at_base,0,0,0,,CALLBACK_RETURN_SENTINEL_OK
p17_hit3_20260801_144835_85006,1231,1231,robotol.ext,3,3,1,0x30631D,0x30631D,0x80000,0x0,0x2B1868,0x0,2,0,1,0,stop_at_base,0,0,0,,CALLBACK_RETURN_SENTINEL_OK
p17_hit3_20260801_144835_85006,1232,1232,robotol.ext,3,3,1,0x30631D,0x30631D,0x80000,0x0,0x2B1868,0x0,2,0,1,0,stop_at_base,0,0,0,,CALLBACK_RETURN_SENTINEL_OK
p17_hit3_20260801_144835_85006,1233,1233,robotol.ext,3,3,1,0x30631D,0x30631D,0x80000,0x0,0x2B1868,0x0,2,0,1,0,stop_at_base,0,0,0,,CALLBACK_RETURN_SENTINEL_OK
p17_hit3_20260801_144835_85006,1234,1234,robotol.ext,3,3,1,0x30631D,0x30631D,0x80000,0x0,0x2B1868,0x0,2,0,1,0,stop_at_base,0,0,0,,CALLBACK_RETURN_SENTINEL_OK
p17_hit3_20260801_144835_85006,1235,1235,robotol.ext,3,3,1,0x30631D,0x30631D,0x80000,0x0,0x2B1868,0x0,2,0,1,0,stop_at_base,0,0,0,,CALLBACK_RETURN_SENTINEL_OK
p17_hit3_20260801_144835_85006,1236,1236,robotol.ext,3,3,1,0x30631D,0x30631D,0x80000,0x0,0x2B1868,0x0,2,0,1,0,stop_at_base,0,0,0,,CALLBACK_RETURN_SENTINEL_OK
p17_hit3_20260801_144835_85006,1237,1237,robotol.ext,3,3,1,0x30631D,0x30631D,0x80000,0x0,0x2B1868,0x0,2,0,1,0,stop_at_base,0,0,0,,CALLBACK_RETURN_SENTINEL_OK
p17_hit3_20260801_144835_85006,1238,1238,robotol.ext,3,3,1,0x30631D,0x30631D,0x80000,0x0,0x2B1868,0x0,2,0,1,0,stop_at_base,0,0,0,,CALLBACK_RETURN_SENTINEL_OK
p17_hit3_20260801_144835_85006,1239,1239,robotol.ext,3,3,1,0x30631D,0x30631D,0x80000,0x0,0x2B1868,0x0,2,0,1,0,stop_at_base,0,0,0,,CALLBACK_RETURN_SENTINEL_OK
p17_hit3_20260801_144835_85006,1240,1240,robotol.ext,3,3,1,0x30631D,0x30631D,0x80000,0x0,0x2B1868,0x0,2,0,1,0,stop_at_base,0,0,0,,CALLBACK_RETURN_SENTINEL_OK
p17_hit3_20260801_144835_85006,1241,1241,robotol.ext,3,3,1,0x30631D,0x30631D,0x80000,0x0,0x2B1868,0x0,2,0,1,0,stop_at_base,0,0,0,,CALLBACK_RETURN_SENTINEL_OK
p17_hit3_20260801_144835_85006,1242,1242,robotol.ext,3,3,1,0x30631D,0x30631D,0x80000,0x0,0x2B1868,0x0,2,0,1,0,stop_at_base,0,0,0,,CALLBACK_RETURN_SENTINEL_OK
p17_hit3_20260801_144835_85006,1243,1243,robotol.ext,3,3,1,0x30631D,0x30631D,0x80000,0x0,0x2B1868,0x0,2,0,1,0,stop_at_base,0,0,0,,CALLBACK_RETURN_SENTINEL_OK
p17_hit3_20260801_144835_85006,1244,1244,robotol.ext,3,3,1,0x30631D,0x30631D,0x80000,0x0,0x2B1868,0x0,2,0,1,0,stop_at_base,0,0,0,,CALLBACK_RETURN_SENTINEL_OK
p17_hit3_20260801_144835_85006,1245,1245,robotol.ext,3,3,1,0x30631D,0x30631D,0x80000,0x0,0x2B1868,0x0,2,0,1,0,stop_at_base,0,0,0,,CALLBACK_RETURN_SENTINEL_OK
p17_hit3_20260801_144835_85006,1246,1246,robotol.ext,3,3,1,0x30631D,0x30631D,0x80000,0x0,0x2B1868,0x0,2,0,1,0,stop_at_base,0,0,0,,CALLBACK_RETURN_SENTINEL_OK
p17_hit3_20260801_144835_85006,1247,1247,robotol.ext,3,3,1,0x30631D,0x30631D,0x80000,0x0,0x2B1868,0x0,2,0,1,0,stop_at_base,0,0,0,,CALLBACK_RETURN_SENTINEL_OK
p17_hit3_20260801_144835_85006,1248,1248,robotol.ext,3,3,1,0x30631D,0x30631D,0x80000,0x0,0x2B1868,0x0,2,0,1,0,stop_at_base,0,0,0,,CALLBACK_RETURN_SENTINEL_OK
p17_hit3_20260801_144835_85006,1249,1249,robotol.ext,3,3,1,0x30631D,0x30631D,0x80000,0x0,0x2B1868,0x0,2,0,1,0,stop_at_base,0,0,0,,CALLBACK_RETURN_SENTINEL_OK
p17_hit3_20260801_144835_85006,1250,1250,robotol.ext,3,3,1,0x30631D,0x30631D,0x80000,0x0,0x2B1868,0x0,2,0,1,0,stop_at_base,0,0,0,,CALLBACK_RETURN_SENTINEL_OK
p17_hit3_20260801_144835_85006,1251,1251,robotol.ext,3,3,1,0x30631D,0x30631D,0x80000,0x0,0x2B1868,0x0,2,0,1,0,stop_at_base,0,0,0,,CALLBACK_RETURN_SENTINEL_OK
p17_hit3_20260801_144835_85006,1252,1252,robotol.ext,3,3,1,0x30631D,0x30631D,0x80000,0x0,0x2B1868,0x0,2,0,1,0,stop_at_base,0,0,0,,CALLBACK_RETURN_SENTINEL_OK
p17_hit3_20260801_144835_85006,1253,1253,robotol.ext,3,3,1,0x30631D,0x30631D,0x80000,0x0,0x2B1868,0x0,2,0,1,0,stop_at_base,0,0,0,,CALLBACK_RETURN_SENTINEL_OK
p17_hit3_20260801_144835_85006,1254,1254,robotol.ext,3,3,1,0x30631D,0x30631D,0x80000,0x0,0x2B1868,0x0,2,0,1,0,stop_at_base,0,0,0,,CALLBACK_RETURN_SENTINEL_OK
p17_hit3_20260801_144835_85006,1255,1255,robotol.ext,3,3,1,0x30631D,0x30631D,0x80000,0x0,0x2B1868,0x0,2,0,1,0,stop_at_base,0,0,0,,CALLBACK_RETURN_SENTINEL_OK
p17_hit3_20260801_144835_85006,1256,1256,robotol.ext,3,3,1,0x30631D,0x30631D,0x80000,0x0,0x2B1868,0x0,2,0,1,0,stop_at_base,0,0,0,,CALLBACK_RETURN_SENTINEL_OK
p17_hit3_20260801_144835_85006,1257,1257,robotol.ext,3,3,1,0x30631D,0x30631D,0x80000,0x0,0x2B1868,0x0,2,0,1,0,stop_at_base,0,0,0,,CALLBACK_RETURN_SENTINEL_OK
p17_hit3_20260801_144835_85006,1258,1258,robotol.ext,3,3,1,0x30631D,0x30631D,0x80000,0x0,0x2B1868,0x0,2,0,1,0,stop_at_base,0,0,0,,CALLBACK_RETURN_SENTINEL_OK
p17_hit3_20260801_144835_85006,1259,1259,robotol.ext,3,3,1,0x30631D,0x30631D,0x80000,0x0,0x2B1868,0x0,2,0,1,0,stop_at_base,0,0,0,,CALLBACK_RETURN_SENTINEL_OK
p17_hit3_20260801_144835_85006,1260,1260,robotol.ext,3,3,1,0x30631D,0x30631D,0x80000,0x0,0x2B1868,0x0,2,0,1,0,stop_at_base,0,0,0,,CALLBACK_RETURN_SENTINEL_OK
p17_hit3_20260801_144835_85006,1261,1261,robotol.ext,3,3,1,0x30631D,0x30631D,0x80000,0x0,0x2B1868,0x0,2,0,1,0,stop_at_base,0,0,0,,CALLBACK_RETURN_SENTINEL_OK
p17_hit3_20260801_144835_85006,1262,1262,robotol.ext,3,3,1,0x30631D,0x30631D,0x80000,0x0,0x2B1868,0x0,2,0,1,0,stop_at_base,0,0,0,,CALLBACK_RETURN_SENTINEL_OK
p17_hit3_20260801_144835_85006,1263,1263,robotol.ext,3,3,1,0x30631D,0x30631D,0x80000,0x0,0x2B1868,0x0,2,0,1,0,stop_at_base,0,0,0,,CALLBACK_RETURN_SENTINEL_OK
p17_hit3_20260801_144835_85006,1264,1264,robotol.ext,3,3,1,0x30631D,0x30631D,0x80000,0x0,0x2B1868,0x0,2,0,1,0,stop_at_base,0,0,0,,CALLBACK_RETURN_SENTINEL_OK
p17_hit3_20260801_144835_85006,1265,1265,robotol.ext,3,3,1,0x30631D,0x30631D,0x80000,0x0,0x2B1868,0x0,2,0,1,0,stop_at_base,0,0,0,,CALLBACK_RETURN_SENTINEL_OK
p17_hit3_20260801_144835_85006,1266,1266,robotol.ext,3,3,1,0x30631D,0x30631D,0x80000,0x0,0x2B1868,0x0,2,0,1,0,stop_at_base,0,0,0,,CALLBACK_RETURN_SENTINEL_OK
p17_hit3_20260801_144835_85006,1267,1267,robotol.ext,3,3,1,0x30631D,0x30631D,0x80000,0x0,0x2B1868,0x0,2,0,1,0,stop_at_base,0,0,0,,CALLBACK_RETURN_SENTINEL_OK
p17_hit3_20260801_144835_85006,1268,1268,robotol.ext,3,3,1,0x30631D,0x30631D,0x80000,0x0,0x2B1868,0x0,2,0,1,0,stop_at_base,0,0,0,,CALLBACK_RETURN_SENTINEL_OK
p17_hit3_20260801_144835_85006,1269,1269,robotol.ext,3,3,1,0x30631D,0x30631D,0x80000,0x0,0x2B1868,0x0,2,0,1,0,stop_at_base,0,0,0,,CALLBACK_RETURN_SENTINEL_OK
p17_hit3_20260801_144835_85006,1270,1270,robotol.ext,3,3,1,0x30631D,0x30631D,0x80000,0x0,0x2B1868,0x0,2,0,1,0,stop_at_base,0,0,0,,CALLBACK_RETURN_SENTINEL_OK
p17_hit3_20260801_144835_85006,1271,1271,robotol.ext,3,3,1,0x30631D,0x30631D,0x80000,0x0,0x2B1868,0x0,2,0,1,0,stop_at_base,0,0,0,,CALLBACK_RETURN_SENTINEL_OK
p17_hit3_20260801_144835_85006,1272,1272,robotol.ext,3,3,1,0x30631D,0x30631D,0x80000,0x0,0x2B1868,0x0,2,0,1,0,stop_at_base,0,0,0,,CALLBACK_RETURN_SENTINEL_OK
p17_hit3_20260801_144835_85006,1273,1273,robotol.ext,3,3,1,0x30631D,0x30631D,0x80000,0x0,0x2B1868,0x0,2,0,1,0,stop_at_base,0,0,0,,CALLBACK_RETURN_SENTINEL_OK
p17_hit3_20260801_144835_85006,1274,1274,robotol.ext,3,3,1,0x30631D,0x30631D,0x80000,0x0,0x2B1868,0x0,2,0,1,0,stop_at_base,0,0,0,,CALLBACK_RETURN_SENTINEL_OK
p17_hit3_20260801_144835_85006,1275,1275,robotol.ext,3,3,1,0x30631D,0x30631D,0x80000,0x0,0x2B1868,0x0,2,0,1,0,stop_at_base,0,0,0,,CALLBACK_RETURN_SENTINEL_OK
p17_hit3_20260801_144835_85006,1276,1276,robotol.ext,3,3,1,0x30631D,0x30631D,0x80000,0x0,0x2B1868,0x0,2,0,1,0,stop_at_base,0,0,0,,CALLBACK_RETURN_SENTINEL_OK
p17_hit3_20260801_144835_85006,1277,1277,robotol.ext,3,3,1,0x30631D,0x30631D,0x80000,0x0,0x2B1868,0x0,2,0,1,0,stop_at_base,0,0,0,,CALLBACK_RETURN_SENTINEL_OK
p17_hit3_20260801_144835_85006,1278,1278,robotol.ext,3,3,1,0x30631D,0x30631D,0x80000,0x0,0x2B1868,0x0,2,0,1,0,stop_at_base,0,0,0,,CALLBACK_RETURN_SENTINEL_OK
p17_hit3_20260801_144835_85006,1279,1279,robotol.ext,3,3,1,0x30631D,0x30631D,0x80000,0x0,0x2B1868,0x0,2,0,1,0,stop_at_base,0,0,0,,CALLBACK_RETURN_SENTINEL_OK
p17_hit3_20260801_144835_85006,1280,1280,robotol.ext,3,3,1,0x30631D,0x30631D,0x80000,0x0,0x2B1868,0x0,2,0,1,0,stop_at_base,0,0,0,,CALLBACK_RETURN_SENTINEL_OK
p17_hit3_20260801_144835_85006,1281,1281,robotol.ext,3,3,1,0x30631D,0x30631D,0x80000,0x0,0x2B1868,0x0,2,0,1,0,stop_at_base,0,0,0,,CALLBACK_RETURN_SENTINEL_OK
p17_hit3_20260801_144835_85006,1282,1282,robotol.ext,3,3,1,0x30631D,0x30631D,0x80000,0x0,0x2B1868,0x0,2,0,1,0,stop_at_base,0,0,0,,CALLBACK_RETURN_SENTINEL_OK
p17_hit3_20260801_144835_85006,1283,1283,robotol.ext,3,3,1,0x30631D,0x30631D,0x80000,0x0,0x2B1868,0x0,2,0,1,0,stop_at_base,0,0,0,,CALLBACK_RETURN_SENTINEL_OK
p17_hit3_20260801_144835_85006,1284,1284,robotol.ext,3,3,1,0x30631D,0x30631D,0x80000,0x0,0x2B1868,0x0,2,0,1,0,stop_at_base,0,0,0,,CALLBACK_RETURN_SENTINEL_OK
p17_hit3_20260801_144835_85006,1285,1285,robotol.ext,3,3,1,0x30631D,0x30631D,0x80000,0x0,0x2B1868,0x0,2,0,1,0,stop_at_base,0,0,0,,CALLBACK_RETURN_SENTINEL_OK
p17_hit3_20260801_144835_85006,1286,1286,robotol.ext,3,3,1,0x30631D,0x30631D,0x80000,0x0,0x2B1868,0x0,2,0,1,0,stop_at_base,0,0,0,,CALLBACK_RETURN_SENTINEL_OK
p17_hit3_20260801_144835_85006,1287,1287,robotol.ext,3,3,1,0x30631D,0x30631D,0x80000,0x0,0x2B1868,0x0,2,0,1,0,stop_at_base,0,0,0,,CALLBACK_RETURN_SENTINEL_OK
p17_hit3_20260801_144835_85006,1288,1288,robotol.ext,3,3,1,0x30631D,0x30631D,0x80000,0x0,0x2B1868,0x0,2,0,1,0,stop_at_base,0,0,0,,CALLBACK_RETURN_SENTINEL_OK
p17_hit3_20260801_144835_85006,1289,1289,robotol.ext,3,3,1,0x30631D,0x30631D,0x80000,0x0,0x2B1868,0x0,2,0,1,0,stop_at_base,0,0,0,,CALLBACK_RETURN_SENTINEL_OK
p17_hit3_20260801_144835_85006,1290,1290,robotol.ext,3,3,1,0x30631D,0x30631D,0x80000,0x0,0x2B1868,0x0,2,0,1,0,stop_at_base,0,0,0,,CALLBACK_RETURN_SENTINEL_OK
p17_hit3_20260801_144835_85006,1291,1291,robotol.ext,3,3,1,0x30631D,0x30631D,0x80000,0x0,0x2B1868,0x0,2,0,1,0,stop_at_base,0,0,0,,CALLBACK_RETURN_SENTINEL_OK
p17_hit3_20260801_144835_85006,1292,1292,robotol.ext,3,3,1,0x30631D,0x30631D,0x80000,0x0,0x2B1868,0x0,2,0,1,0,stop_at_base,0,0,0,,CALLBACK_RETURN_SENTINEL_OK
p17_hit3_20260801_144835_85006,1293,1293,robotol.ext,3,3,1,0x30631D,0x30631D,0x80000,0x0,0x2B1868,0x0,2,0,1,0,stop_at_base,0,0,0,,CALLBACK_RETURN_SENTINEL_OK
p17_hit3_20260801_144835_85006,1294,1294,robotol.ext,3,3,1,0x30631D,0x30631D,0x80000,0x0,0x2B1868,0x0,2,0,1,0,stop_at_base,0,0,0,,CALLBACK_RETURN_SENTINEL_OK
p17_hit3_20260801_144835_85006,1295,1295,robotol.ext,3,3,1,0x30631D,0x30631D,0x80000,0x0,0x2B1868,0x0,2,0,1,0,stop_at_base,0,0,0,,CALLBACK_RETURN_SENTINEL_OK
p17_hit3_20260801_144835_85006,1296,1296,robotol.ext,3,3,1,0x30631D,0x30631D,0x80000,0x0,0x2B1868,0x0,2,0,1,0,stop_at_base,0,0,0,,CALLBACK_RETURN_SENTINEL_OK
p17_hit3_20260801_144835_85006,1297,1297,robotol.ext,3,3,1,0x30631D,0x30631D,0x80000,0x0,0x2B1868,0x0,2,0,1,0,stop_at_base,0,0,0,,CALLBACK_RETURN_SENTINEL_OK
p17_hit3_20260801_144835_85006,1298,1298,robotol.ext,3,3,1,0x30631D,0x30631D,0x80000,0x0,0x2B1868,0x0,2,0,1,0,stop_at_base,0,0,0,,CALLBACK_RETURN_SENTINEL_OK
p17_hit3_20260801_144835_85006,1299,1299,robotol.ext,3,3,1,0x30631D,0x30631D,0x80000,0x0,0x2B1868,0x0,2,0,1,0,stop_at_base,0,0,0,,CALLBACK_RETURN_SENTINEL_OK
p17_hit3_20260801_144835_85006,1300,1300,robotol.ext,3,3,1,0x30631D,0x30631D,0x80000,0x0,0x2B1868,0x0,2,0,1,0,stop_at_base,0,0,0,,CALLBACK_RETURN_SENTINEL_OK
p17_hit3_20260801_144835_85006,1301,1301,robotol.ext,3,3,1,0x30631D,0x30631D,0x80000,0x0,0x2B1868,0x0,2,0,1,0,stop_at_base,0,0,0,,CALLBACK_RETURN_SENTINEL_OK
p17_hit3_20260801_144835_85006,1302,1302,robotol.ext,3,3,1,0x30631D,0x30631D,0x80000,0x0,0x2B1868,0x0,2,0,1,0,stop_at_base,0,0,0,,CALLBACK_RETURN_SENTINEL_OK
p17_hit3_20260801_144835_85006,1303,1303,robotol.ext,3,3,1,0x30631D,0x30631D,0x80000,0x0,0x2B1868,0x0,2,0,1,0,stop_at_base,0,0,0,,CALLBACK_RETURN_SENTINEL_OK
p17_hit3_20260801_144835_85006,1304,1304,robotol.ext,3,3,1,0x30631D,0x30631D,0x80000,0x0,0x2B1868,0x0,2,0,1,0,stop_at_base,0,0,0,,CALLBACK_RETURN_SENTINEL_OK
p17_hit3_20260801_144835_85006,1305,1305,robotol.ext,3,3,1,0x30631D,0x30631D,0x80000,0x0,0x2B1868,0x0,2,0,1,0,stop_at_base,0,0,0,,CALLBACK_RETURN_SENTINEL_OK
p17_hit3_20260801_144835_85006,1306,1306,robotol.ext,3,3,1,0x30631D,0x30631D,0x80000,0x0,0x2B1868,0x0,2,0,1,0,stop_at_base,0,0,0,,CALLBACK_RETURN_SENTINEL_OK
p17_hit3_20260801_144835_85006,1307,1307,robotol.ext,3,3,1,0x30631D,0x30631D,0x80000,0x0,0x2B1868,0x0,2,0,1,0,stop_at_base,0,0,0,,CALLBACK_RETURN_SENTINEL_OK
p17_hit3_20260801_144835_85006,1308,1308,robotol.ext,3,3,1,0x30631D,0x30631D,0x80000,0x0,0x2B1868,0x0,2,0,1,0,stop_at_base,0,0,0,,CALLBACK_RETURN_SENTINEL_OK
p17_hit3_20260801_144835_85006,1309,1309,robotol.ext,3,3,1,0x30631D,0x30631D,0x80000,0x0,0x2B1868,0x0,2,0,1,0,stop_at_base,0,0,0,,CALLBACK_RETURN_SENTINEL_OK
p17_hit3_20260801_144835_85006,1310,1310,robotol.ext,3,3,1,0x30631D,0x30631D,0x80000,0x0,0x2B1868,0x0,2,0,1,0,stop_at_base,0,0,0,,CALLBACK_RETURN_SENTINEL_OK
p17_hit3_20260801_144835_85006,1311,1311,robotol.ext,3,3,1,0x30631D,0x30631D,0x80000,0x0,0x2B1868,0x0,2,0,1,0,stop_at_base,0,0,0,,CALLBACK_RETURN_SENTINEL_OK
p17_hit3_20260801_144835_85006,1312,1312,robotol.ext,3,3,1,0x30631D,0x30631D,0x80000,0x0,0x2B1868,0x0,2,0,1,0,stop_at_base,0,0,0,,CALLBACK_RETURN_SENTINEL_OK
p17_hit3_20260801_144835_85006,1313,1313,robotol.ext,3,3,1,0x30631D,0x30631D,0x80000,0x0,0x2B1868,0x0,2,0,1,0,stop_at_base,0,0,0,,CALLBACK_RETURN_SENTINEL_OK
p17_hit3_20260801_144835_85006,1314,1314,robotol.ext,3,3,1,0x30631D,0x30631D,0x80000,0x0,0x2B1868,0x0,2,0,1,0,stop_at_base,0,0,0,,CALLBACK_RETURN_SENTINEL_OK
p17_hit3_20260801_144835_85006,1315,1315,robotol.ext,3,3,1,0x30631D,0x30631D,0x80000,0x0,0x2B1868,0x0,2,0,1,0,stop_at_base,0,0,0,,CALLBACK_RETURN_SENTINEL_OK
p17_hit3_20260801_144835_85006,1316,1316,robotol.ext,3,3,1,0x30631D,0x30631D,0x80000,0x0,0x2B1868,0x0,2,0,1,0,stop_at_base,0,0,0,,CALLBACK_RETURN_SENTINEL_OK
p17_hit3_20260801_144835_85006,1317,1317,robotol.ext,3,3,1,0x30631D,0x30631D,0x80000,0x0,0x2B1868,0x0,2,0,1,0,stop_at_base,0,0,0,,CALLBACK_RETURN_SENTINEL_OK
p17_hit3_20260801_144835_85006,1318,1318,robotol.ext,3,3,1,0x30631D,0x30631D,0x80000,0x0,0x2B1868,0x0,2,0,1,0,stop_at_base,0,0,0,,CALLBACK_RETURN_SENTINEL_OK
p17_hit3_20260801_144835_85006,1319,1319,robotol.ext,3,3,1,0x30631D,0x30631D,0x80000,0x0,0x2B1868,0x0,2,0,1,0,stop_at_base,0,0,0,,CALLBACK_RETURN_SENTINEL_OK
p17_hit3_20260801_144835_85006,1320,1320,robotol.ext,3,3,1,0x30631D,0x30631D,0x80000,0x0,0x2B1868,0x0,2,0,1,0,stop_at_base,0,0,0,,CALLBACK_RETURN_SENTINEL_OK
p17_hit3_20260801_144835_85006,1321,1321,robotol.ext,3,3,1,0x30631D,0x30631D,0x80000,0x0,0x2B1868,0x0,2,0,1,0,stop_at_base,0,0,0,,CALLBACK_RETURN_SENTINEL_OK
p17_hit3_20260801_144835_85006,1322,1322,robotol.ext,3,3,1,0x30631D,0x30631D,0x80000,0x0,0x2B1868,0x0,2,0,1,0,stop_at_base,0,0,0,,CALLBACK_RETURN_SENTINEL_OK
p17_hit3_20260801_144835_85006,1323,1323,robotol.ext,3,3,1,0x30631D,0x30631D,0x80000,0x0,0x2B1868,0x0,2,0,1,0,stop_at_base,0,0,0,,CALLBACK_RETURN_SENTINEL_OK
p17_hit3_20260801_144835_85006,1324,1324,robotol.ext,3,3,1,0x30631D,0x30631D,0x80000,0x0,0x2B1868,0x0,2,0,1,0,stop_at_base,0,0,0,,CALLBACK_RETURN_SENTINEL_OK
p17_hit3_20260801_144835_85006,1325,1325,robotol.ext,3,3,1,0x30631D,0x30631D,0x80000,0x0,0x2B1868,0x0,2,0,1,0,stop_at_base,0,0,0,,CALLBACK_RETURN_SENTINEL_OK
p17_hit3_20260801_144835_85006,1326,1326,robotol.ext,3,3,1,0x30631D,0x30631D,0x80000,0x0,0x2B1868,0x0,2,0,1,0,stop_at_base,0,0,0,,CALLBACK_RETURN_SENTINEL_OK
p17_hit3_20260801_144835_85006,1327,1327,robotol.ext,3,3,1,0x30631D,0x30631D,0x80000,0x0,0x2B1868,0x0,2,0,1,0,stop_at_base,0,0,0,,CALLBACK_RETURN_SENTINEL_OK
p17_hit3_20260801_144835_85006,1328,1328,robotol.ext,3,3,1,0x30631D,0x30631D,0x80000,0x0,0x2B1868,0x0,2,0,1,0,stop_at_base,0,0,0,,CALLBACK_RETURN_SENTINEL_OK
p17_hit3_20260801_144835_85006,1329,1329,robotol.ext,3,3,1,0x30631D,0x30631D,0x80000,0x0,0x2B1868,0x0,2,0,1,0,stop_at_base,0,0,0,,CALLBACK_RETURN_SENTINEL_OK
p17_hit3_20260801_144835_85006,1330,1330,robotol.ext,3,3,1,0x30631D,0x30631D,0x80000,0x0,0x2B1868,0x0,2,0,1,0,stop_at_base,0,0,0,,CALLBACK_RETURN_SENTINEL_OK
p17_hit3_20260801_144835_85006,1331,1331,robotol.ext,3,3,1,0x30631D,0x30631D,0x80000,0x0,0x2B1868,0x0,2,0,1,0,stop_at_base,0,0,0,,CALLBACK_RETURN_SENTINEL_OK
p17_hit3_20260801_144835_85006,1332,1332,robotol.ext,3,3,1,0x30631D,0x30631D,0x80000,0x0,0x2B1868,0x0,2,0,1,0,stop_at_base,0,0,0,,CALLBACK_RETURN_SENTINEL_OK
p17_hit3_20260801_144835_85006,1333,1333,robotol.ext,3,3,1,0x30631D,0x30631D,0x80000,0x0,0x2B1868,0x0,2,0,1,0,stop_at_base,0,0,0,,CALLBACK_RETURN_SENTINEL_OK
p17_hit3_20260801_144835_85006,1334,1334,robotol.ext,3,3,1,0x30631D,0x30631D,0x80000,0x0,0x2B1868,0x0,2,0,1,0,stop_at_base,0,0,0,,CALLBACK_RETURN_SENTINEL_OK
p17_hit3_20260801_144835_85006,1335,1335,robotol.ext,3,3,1,0x30631D,0x30631D,0x80000,0x0,0x2B1868,0x0,2,0,1,0,stop_at_base,0,0,0,,CALLBACK_RETURN_SENTINEL_OK
p17_hit3_20260801_144835_85006,1336,1336,robotol.ext,3,3,1,0x30631D,0x30631D,0x80000,0x0,0x2B1868,0x0,2,0,1,0,stop_at_base,0,0,0,,CALLBACK_RETURN_SENTINEL_OK
p17_hit3_20260801_144835_85006,1337,1337,robotol.ext,3,3,1,0x30631D,0x30631D,0x80000,0x0,0x2B1868,0x0,2,0,1,0,stop_at_base,0,0,0,,CALLBACK_RETURN_SENTINEL_OK
p17_hit3_20260801_144835_85006,1338,1338,robotol.ext,3,3,1,0x30631D,0x30631D,0x80000,0x0,0x2B1868,0x0,2,0,1,0,stop_at_base,0,0,0,,CALLBACK_RETURN_SENTINEL_OK
p17_hit3_20260801_144835_85006,1339,1339,robotol.ext,3,3,1,0x30631D,0x30631D,0x80000,0x0,0x2B1868,0x0,2,0,1,0,stop_at_base,0,0,0,,CALLBACK_RETURN_SENTINEL_OK
p17_hit3_20260801_144835_85006,1340,1340,robotol.ext,3,3,1,0x30631D,0x30631D,0x80000,0x0,0x2B1868,0x0,2,0,1,0,stop_at_base,0,0,0,,CALLBACK_RETURN_SENTINEL_OK
p17_hit3_20260801_144835_85006,1341,1341,robotol.ext,3,3,1,0x30631D,0x30631D,0x80000,0x0,0x2B1868,0x0,2,0,1,0,stop_at_base,0,0,0,,CALLBACK_RETURN_SENTINEL_OK
p17_hit3_20260801_144835_85006,1342,1342,robotol.ext,3,3,1,0x30631D,0x30631D,0x80000,0x0,0x2B1868,0x0,2,0,1,0,stop_at_base,0,0,0,,CALLBACK_RETURN_SENTINEL_OK
p17_hit3_20260801_144835_85006,1343,1343,robotol.ext,3,3,1,0x30631D,0x30631D,0x80000,0x0,0x2B1868,0x0,2,0,1,0,stop_at_base,0,0,0,,CALLBACK_RETURN_SENTINEL_OK
p17_hit3_20260801_144835_85006,1344,1344,robotol.ext,3,3,1,0x30631D,0x30631D,0x80000,0x0,0x2B1868,0x0,2,0,1,0,stop_at_base,0,0,0,,CALLBACK_RETURN_SENTINEL_OK
p17_hit3_20260801_144835_85006,1345,1345,robotol.ext,3,3,1,0x30631D,0x30631D,0x80000,0x0,0x2B1868,0x0,2,0,1,0,stop_at_base,0,0,0,,CALLBACK_RETURN_SENTINEL_OK
p17_hit3_20260801_144835_85006,1346,1346,robotol.ext,3,3,1,0x30631D,0x30631D,0x80000,0x0,0x2B1868,0x0,2,0,1,0,stop_at_base,0,0,0,,CALLBACK_RETURN_SENTINEL_OK
p17_hit3_20260801_144835_85006,1347,1347,robotol.ext,3,3,1,0x30631D,0x30631D,0x80000,0x0,0x2B1868,0x0,2,0,1,0,stop_at_base,0,0,0,,CALLBACK_RETURN_SENTINEL_OK
p17_hit3_20260801_144835_85006,1348,1348,robotol.ext,3,3,1,0x30631D,0x30631D,0x80000,0x0,0x2B1868,0x0,2,0,1,0,stop_at_base,0,0,0,,CALLBACK_RETURN_SENTINEL_OK
p17_hit3_20260801_144835_85006,1349,1349,robotol.ext,3,3,1,0x30631D,0x30631D,0x80000,0x0,0x2B1868,0x0,2,0,1,0,stop_at_base,0,0,0,,CALLBACK_RETURN_SENTINEL_OK
p17_hit3_20260801_144835_85006,1350,1350,robotol.ext,3,3,1,0x30631D,0x30631D,0x80000,0x0,0x2B1868,0x0,2,0,1,0,stop_at_base,0,0,0,,CALLBACK_RETURN_SENTINEL_OK
p17_hit3_20260801_144835_85006,1351,1351,robotol.ext,3,3,1,0x30631D,0x30631D,0x80000,0x0,0x2B1868,0x0,2,0,1,0,stop_at_base,0,0,0,,CALLBACK_RETURN_SENTINEL_OK
p17_hit3_20260801_144835_85006,1352,1352,robotol.ext,3,3,1,0x30631D,0x30631D,0x80000,0x0,0x2B1868,0x0,2,0,1,0,stop_at_base,0,0,0,,CALLBACK_RETURN_SENTINEL_OK
p17_hit3_20260801_144835_85006,1353,1353,robotol.ext,3,3,1,0x30631D,0x30631D,0x80000,0x0,0x2B1868,0x0,2,0,1,0,stop_at_base,0,0,0,,CALLBACK_RETURN_SENTINEL_OK
p17_hit3_20260801_144835_85006,1354,1354,robotol.ext,3,3,1,0x30631D,0x30631D,0x80000,0x0,0x2B1868,0x0,2,0,1,0,stop_at_base,0,0,0,,CALLBACK_RETURN_SENTINEL_OK
p17_hit3_20260801_144835_85006,1355,1355,robotol.ext,3,3,1,0x30631D,0x30631D,0x80000,0x0,0x2B1868,0x0,2,0,1,0,stop_at_base,0,0,0,,CALLBACK_RETURN_SENTINEL_OK
p17_hit3_20260801_144835_85006,1356,1356,robotol.ext,3,3,1,0x30631D,0x30631D,0x80000,0x0,0x2B1868,0x0,2,0,1,0,stop_at_base,0,0,0,,CALLBACK_RETURN_SENTINEL_OK
p17_hit3_20260801_144835_85006,1357,1357,robotol.ext,3,3,1,0x30631D,0x30631D,0x80000,0x0,0x2B1868,0x0,2,0,1,0,stop_at_base,0,0,0,,CALLBACK_RETURN_SENTINEL_OK
p17_hit3_20260801_144835_85006,1358,1358,robotol.ext,3,3,1,0x30631D,0x30631D,0x80000,0x0,0x2B1868,0x0,2,0,1,0,stop_at_base,0,0,0,,CALLBACK_RETURN_SENTINEL_OK
p17_hit3_20260801_144835_85006,1359,1359,robotol.ext,3,3,1,0x30631D,0x30631D,0x80000,0x0,0x2B1868,0x0,2,0,1,0,stop_at_base,0,0,0,,CALLBACK_RETURN_SENTINEL_OK
p17_hit3_20260801_144835_85006,1360,1360,robotol.ext,3,3,1,0x30631D,0x30631D,0x80000,0x0,0x2B1868,0x0,2,0,1,0,stop_at_base,0,0,0,,CALLBACK_RETURN_SENTINEL_OK
p17_hit3_20260801_144835_85006,1361,1361,robotol.ext,3,3,1,0x30631D,0x30631D,0x80000,0x0,0x2B1868,0x0,2,0,1,0,stop_at_base,0,0,0,,CALLBACK_RETURN_SENTINEL_OK
p17_hit3_20260801_144835_85006,1362,1362,robotol.ext,3,3,1,0x30631D,0x30631D,0x80000,0x0,0x2B1868,0x0,2,0,1,0,stop_at_base,0,0,0,,CALLBACK_RETURN_SENTINEL_OK
p17_hit3_20260801_144835_85006,1363,1363,robotol.ext,3,3,1,0x30631D,0x30631D,0x80000,0x0,0x2B1868,0x0,2,0,1,0,stop_at_base,0,0,0,,CALLBACK_RETURN_SENTINEL_OK
p17_hit3_20260801_144835_85006,1364,1364,robotol.ext,3,3,1,0x30631D,0x30631D,0x80000,0x0,0x2B1868,0x0,2,0,1,0,stop_at_base,0,0,0,,CALLBACK_RETURN_SENTINEL_OK
p17_hit3_20260801_144835_85006,1365,1365,robotol.ext,3,3,1,0x30631D,0x30631D,0x80000,0x0,0x2B1868,0x0,2,0,1,0,stop_at_base,0,0,0,,CALLBACK_RETURN_SENTINEL_OK
p17_hit3_20260801_144835_85006,1366,1366,robotol.ext,3,3,1,0x30631D,0x30631D,0x80000,0x0,0x2B1868,0x0,2,0,1,0,stop_at_base,0,0,0,,CALLBACK_RETURN_SENTINEL_OK
p17_hit3_20260801_144835_85006,1367,1367,robotol.ext,3,3,1,0x30631D,0x30631D,0x80000,0x0,0x2B1868,0x0,2,0,1,0,stop_at_base,0,0,0,,CALLBACK_RETURN_SENTINEL_OK
p17_hit3_20260801_144835_85006,1368,1368,robotol.ext,3,3,1,0x30631D,0x30631D,0x80000,0x0,0x2B1868,0x0,2,0,1,0,stop_at_base,0,0,0,,CALLBACK_RETURN_SENTINEL_OK
p17_hit3_20260801_144835_85006,1369,1369,robotol.ext,3,3,1,0x30631D,0x30631D,0x80000,0x0,0x2B1868,0x0,2,0,1,0,stop_at_base,0,0,0,,CALLBACK_RETURN_SENTINEL_OK
p17_hit3_20260801_144835_85006,1370,1370,robotol.ext,3,3,1,0x30631D,0x30631D,0x80000,0x0,0x2B1868,0x0,2,0,1,0,stop_at_base,0,0,0,,CALLBACK_RETURN_SENTINEL_OK
p17_hit3_20260801_144835_85006,1371,1371,robotol.ext,3,3,1,0x30631D,0x30631D,0x80000,0x0,0x2B1868,0x0,2,0,1,0,stop_at_base,0,0,0,,CALLBACK_RETURN_SENTINEL_OK
p17_hit3_20260801_144835_85006,1372,1372,robotol.ext,3,3,1,0x30631D,0x30631D,0x80000,0x0,0x2B1868,0x0,2,0,1,0,stop_at_base,0,0,0,,CALLBACK_RETURN_SENTINEL_OK
p17_hit3_20260801_144835_85006,1373,1373,robotol.ext,3,3,1,0x30631D,0x30631D,0x80000,0x0,0x2B1868,0x0,2,0,1,0,stop_at_base,0,0,0,,CALLBACK_RETURN_SENTINEL_OK
p17_hit3_20260801_144835_85006,1374,1374,robotol.ext,3,3,1,0x30631D,0x30631D,0x80000,0x0,0x2B1868,0x0,2,0,1,0,stop_at_base,0,0,0,,CALLBACK_RETURN_SENTINEL_OK
p17_hit3_20260801_144835_85006,1375,1375,robotol.ext,3,3,1,0x30631D,0x30631D,0x80000,0x0,0x2B1868,0x0,2,0,1,0,stop_at_base,0,0,0,,CALLBACK_RETURN_SENTINEL_OK
p17_hit3_20260801_144835_85006,1376,1376,robotol.ext,3,3,1,0x30631D,0x30631D,0x80000,0x0,0x2B1868,0x0,2,0,1,0,stop_at_base,0,0,0,,CALLBACK_RETURN_SENTINEL_OK
p17_hit3_20260801_144835_85006,1377,1377,robotol.ext,3,3,1,0x30631D,0x30631D,0x80000,0x0,0x2B1868,0x0,2,0,1,0,stop_at_base,0,0,0,,CALLBACK_RETURN_SENTINEL_OK
p17_hit3_20260801_144835_85006,1378,1378,robotol.ext,3,3,1,0x30631D,0x30631D,0x80000,0x0,0x2B1868,0x0,2,0,1,0,stop_at_base,0,0,0,,CALLBACK_RETURN_SENTINEL_OK
p17_hit3_20260801_144835_85006,1379,1379,robotol.ext,3,3,1,0x30631D,0x30631D,0x80000,0x0,0x2B1868,0x0,2,0,1,0,stop_at_base,0,0,0,,CALLBACK_RETURN_SENTINEL_OK
p17_hit3_20260801_144835_85006,1380,1380,robotol.ext,3,3,1,0x30631D,0x30631D,0x80000,0x0,0x2B1868,0x0,2,0,1,0,stop_at_base,0,0,0,,CALLBACK_RETURN_SENTINEL_OK
p17_hit3_20260801_144835_85006,1381,1381,robotol.ext,3,3,1,0x30631D,0x30631D,0x80000,0x0,0x2B1868,0x0,2,0,1,0,stop_at_base,0,0,0,,CALLBACK_RETURN_SENTINEL_OK
p17_hit3_20260801_144835_85006,1382,1382,robotol.ext,3,3,1,0x30631D,0x30631D,0x80000,0x0,0x2B1868,0x0,2,0,1,0,stop_at_base,0,0,0,,CALLBACK_RETURN_SENTINEL_OK
p17_hit3_20260801_144835_85006,1383,1383,robotol.ext,3,3,1,0x30631D,0x30631D,0x80000,0x0,0x2B1868,0x0,2,0,1,0,stop_at_base,0,0,0,,CALLBACK_RETURN_SENTINEL_OK
p17_hit3_20260801_144835_85006,1384,1384,robotol.ext,3,3,1,0x30631D,0x30631D,0x80000,0x0,0x2B1868,0x0,2,0,1,0,stop_at_base,0,0,0,,CALLBACK_RETURN_SENTINEL_OK
p17_hit3_20260801_144835_85006,1385,1385,robotol.ext,3,3,1,0x30631D,0x30631D,0x80000,0x0,0x2B1868,0x0,2,0,1,0,stop_at_base,0,0,0,,CALLBACK_RETURN_SENTINEL_OK
p17_hit3_20260801_144835_85006,1386,1386,robotol.ext,3,3,1,0x30631D,0x30631D,0x80000,0x0,0x2B1868,0x0,2,0,1,0,stop_at_base,0,0,0,,CALLBACK_RETURN_SENTINEL_OK
p17_hit3_20260801_144835_85006,1387,1387,robotol.ext,3,3,1,0x30631D,0x30631D,0x80000,0x0,0x2B1868,0x0,2,0,1,0,stop_at_base,0,0,0,,CALLBACK_RETURN_SENTINEL_OK
p17_hit3_20260801_144835_85006,1388,1388,robotol.ext,3,3,1,0x30631D,0x30631D,0x80000,0x0,0x2B1868,0x0,2,0,1,0,stop_at_base,0,0,0,,CALLBACK_RETURN_SENTINEL_OK
p17_hit3_20260801_144835_85006,1389,1389,robotol.ext,3,3,1,0x30631D,0x30631D,0x80000,0x0,0x2B1868,0x0,2,0,1,0,stop_at_base,0,0,0,,CALLBACK_RETURN_SENTINEL_OK
p17_hit3_20260801_144835_85006,1390,1390,robotol.ext,3,3,1,0x30631D,0x30631D,0x80000,0x0,0x2B1868,0x0,2,0,1,0,stop_at_base,0,0,0,,CALLBACK_RETURN_SENTINEL_OK
p17_hit3_20260801_144835_85006,1391,1391,robotol.ext,3,3,1,0x30631D,0x30631D,0x80000,0x0,0x2B1868,0x0,2,0,1,0,stop_at_base,0,0,0,,CALLBACK_RETURN_SENTINEL_OK
p17_hit3_20260801_144835_85006,1392,1392,robotol.ext,3,3,1,0x30631D,0x30631D,0x80000,0x0,0x2B1868,0x0,2,0,1,0,stop_at_base,0,0,0,,CALLBACK_RETURN_SENTINEL_OK
p17_hit3_20260801_144835_85006,1393,1393,robotol.ext,3,3,1,0x30631D,0x30631D,0x80000,0x0,0x2B1868,0x0,2,0,1,0,stop_at_base,0,0,0,,CALLBACK_RETURN_SENTINEL_OK
p17_hit3_20260801_144835_85006,1394,1394,robotol.ext,3,3,1,0x30631D,0x30631D,0x80000,0x0,0x2B1868,0x0,2,0,1,0,stop_at_base,0,0,0,,CALLBACK_RETURN_SENTINEL_OK
p17_hit3_20260801_144835_85006,1395,1395,robotol.ext,3,3,1,0x30631D,0x30631D,0x80000,0x0,0x2B1868,0x0,2,0,1,0,stop_at_base,0,0,0,,CALLBACK_RETURN_SENTINEL_OK
p17_hit3_20260801_144835_85006,1396,1396,robotol.ext,3,3,1,0x30631D,0x30631D,0x80000,0x0,0x2B1868,0x0,2,0,1,0,stop_at_base,0,0,0,,CALLBACK_RETURN_SENTINEL_OK
p17_hit3_20260801_144835_85006,1397,1397,robotol.ext,3,3,1,0x30631D,0x30631D,0x80000,0x0,0x2B1868,0x0,2,0,1,0,stop_at_base,0,0,0,,CALLBACK_RETURN_SENTINEL_OK
p17_hit3_20260801_144835_85006,1398,1398,robotol.ext,3,3,1,0x30631D,0x30631D,0x80000,0x0,0x2B1868,0x0,2,0,1,0,stop_at_base,0,0,0,,CALLBACK_RETURN_SENTINEL_OK
p17_hit3_20260801_144835_85006,1399,1399,robotol.ext,3,3,1,0x30631D,0x30631D,0x80000,0x0,0x2B1868,0x0,2,0,1,0,stop_at_base,0,0,0,,CALLBACK_RETURN_SENTINEL_OK
p17_hit3_20260801_144835_85006,1400,1400,robotol.ext,3,3,1,0x30631D,0x30631D,0x80000,0x0,0x2B1868,0x0,2,0,1,0,stop_at_base,0,0,0,,CALLBACK_RETURN_SENTINEL_OK
p17_hit3_20260801_144835_85006,1401,1401,robotol.ext,3,3,1,0x30631D,0x30631D,0x80000,0x0,0x2B1868,0x0,2,0,1,0,stop_at_base,0,0,0,,CALLBACK_RETURN_SENTINEL_OK
p17_hit3_20260801_144835_85006,1402,1402,robotol.ext,3,3,1,0x30631D,0x30631D,0x80000,0x0,0x2B1868,0x0,2,0,1,0,stop_at_base,0,0,0,,CALLBACK_RETURN_SENTINEL_OK
p17_hit3_20260801_144835_85006,1403,1403,robotol.ext,3,3,1,0x30631D,0x30631D,0x80000,0x0,0x2B1868,0x0,2,0,1,0,stop_at_base,0,0,0,,CALLBACK_RETURN_SENTINEL_OK
p17_hit3_20260801_144835_85006,1404,1404,robotol.ext,3,3,1,0x30631D,0x30631D,0x80000,0x0,0x2B1868,0x0,2,0,1,0,stop_at_base,0,0,0,,CALLBACK_RETURN_SENTINEL_OK
p17_hit3_20260801_144835_85006,1405,1405,robotol.ext,3,3,1,0x30631D,0x30631D,0x80000,0x0,0x2B1868,0x0,2,0,1,0,stop_at_base,0,0,0,,CALLBACK_RETURN_SENTINEL_OK
p17_hit3_20260801_144835_85006,1406,1406,robotol.ext,3,3,1,0x30631D,0x30631D,0x80000,0x0,0x2B1868,0x0,2,0,1,0,stop_at_base,0,0,0,,CALLBACK_RETURN_SENTINEL_OK
p17_hit3_20260801_144835_85006,1407,1407,robotol.ext,3,3,1,0x30631D,0x30631D,0x80000,0x0,0x2B1868,0x0,2,0,1,0,stop_at_base,0,0,0,,CALLBACK_RETURN_SENTINEL_OK
p17_hit3_20260801_144835_85006,1408,1408,robotol.ext,3,3,1,0x30631D,0x30631D,0x80000,0x0,0x2B1868,0x0,2,0,1,0,stop_at_base,0,0,0,,CALLBACK_RETURN_SENTINEL_OK
p17_hit3_20260801_144835_85006,1409,1409,robotol.ext,3,3,1,0x30631D,0x30631D,0x80000,0x0,0x2B1868,0x0,2,0,1,0,stop_at_base,0,0,0,,CALLBACK_RETURN_SENTINEL_OK
p17_hit3_20260801_144835_85006,1410,1410,robotol.ext,3,3,1,0x30631D,0x30631D,0x80000,0x0,0x2B1868,0x0,2,0,1,0,stop_at_base,0,0,0,,CALLBACK_RETURN_SENTINEL_OK
p17_hit3_20260801_144835_85006,1411,1411,robotol.ext,3,3,1,0x30631D,0x30631D,0x80000,0x0,0x2B1868,0x0,2,0,1,0,stop_at_base,0,0,0,,CALLBACK_RETURN_SENTINEL_OK
p17_hit3_20260801_144835_85006,1412,1412,robotol.ext,3,3,1,0x30631D,0x30631D,0x80000,0x0,0x2B1868,0x0,2,0,1,0,stop_at_base,0,0,0,,CALLBACK_RETURN_SENTINEL_OK
p17_hit3_20260801_144835_85006,1413,1413,robotol.ext,3,3,1,0x30631D,0x30631D,0x80000,0x0,0x2B1868,0x0,2,0,1,0,stop_at_base,0,0,0,,CALLBACK_RETURN_SENTINEL_OK
p17_hit3_20260801_144835_85006,1414,1414,robotol.ext,3,3,1,0x30631D,0x30631D,0x80000,0x0,0x2B1868,0x0,2,0,1,0,stop_at_base,0,0,0,,CALLBACK_RETURN_SENTINEL_OK
p17_hit3_20260801_144835_85006,1415,1415,robotol.ext,3,3,1,0x30631D,0x30631D,0x80000,0x0,0x2B1868,0x0,2,0,1,0,stop_at_base,0,0,0,,CALLBACK_RETURN_SENTINEL_OK
p17_hit3_20260801_144835_85006,1416,1416,robotol.ext,3,3,1,0x30631D,0x30631D,0x80000,0x0,0x2B1868,0x0,2,0,1,0,stop_at_base,0,0,0,,CALLBACK_RETURN_SENTINEL_OK
p17_hit3_20260801_144835_85006,1417,1417,robotol.ext,3,3,1,0x30631D,0x30631D,0x80000,0x0,0x2B1868,0x0,2,0,1,0,stop_at_base,0,0,0,,CALLBACK_RETURN_SENTINEL_OK
p17_hit3_20260801_144835_85006,1418,1418,robotol.ext,3,3,1,0x30631D,0x30631D,0x80000,0x0,0x2B1868,0x0,2,0,1,0,stop_at_base,0,0,0,,CALLBACK_RETURN_SENTINEL_OK
p17_hit3_20260801_144835_85006,1419,1419,robotol.ext,3,3,1,0x30631D,0x30631D,0x80000,0x0,0x2B1868,0x0,2,0,1,0,stop_at_base,0,0,0,,CALLBACK_RETURN_SENTINEL_OK
p17_hit3_20260801_144835_85006,1420,1420,robotol.ext,3,3,1,0x30631D,0x30631D,0x80000,0x0,0x2B1868,0x0,2,0,1,0,stop_at_base,0,0,0,,CALLBACK_RETURN_SENTINEL_OK
p17_hit3_20260801_144835_85006,1421,1421,robotol.ext,3,3,1,0x30631D,0x30631D,0x80000,0x0,0x2B1868,0x0,2,0,1,0,stop_at_base,0,0,0,,CALLBACK_RETURN_SENTINEL_OK
p17_hit3_20260801_144835_85006,1422,1422,robotol.ext,3,3,1,0x30631D,0x30631D,0x80000,0x0,0x2B1868,0x0,2,0,1,0,stop_at_base,0,0,0,,CALLBACK_RETURN_SENTINEL_OK
p17_hit3_20260801_144835_85006,1423,1423,robotol.ext,3,3,1,0x30631D,0x30631D,0x80000,0x0,0x2B1868,0x0,2,0,1,0,stop_at_base,0,0,0,,CALLBACK_RETURN_SENTINEL_OK
p17_hit3_20260801_144835_85006,1424,1424,robotol.ext,3,3,1,0x30631D,0x30631D,0x80000,0x0,0x2B1868,0x0,2,0,1,0,stop_at_base,0,0,0,,CALLBACK_RETURN_SENTINEL_OK
p17_hit3_20260801_144835_85006,1425,1425,robotol.ext,3,3,1,0x30631D,0x30631D,0x80000,0x0,0x2B1868,0x0,2,0,1,0,stop_at_base,0,0,0,,CALLBACK_RETURN_SENTINEL_OK
p17_hit3_20260801_144835_85006,1426,1426,robotol.ext,3,3,1,0x30631D,0x30631D,0x80000,0x0,0x2B1868,0x0,2,0,1,0,stop_at_base,0,0,0,,CALLBACK_RETURN_SENTINEL_OK
p17_hit3_20260801_144835_85006,1427,1427,robotol.ext,3,3,1,0x30631D,0x30631D,0x80000,0x0,0x2B1868,0x0,2,0,1,0,stop_at_base,0,0,0,,CALLBACK_RETURN_SENTINEL_OK
p17_hit3_20260801_144835_85006,1428,1428,robotol.ext,3,3,1,0x30631D,0x30631D,0x80000,0x0,0x2B1868,0x0,2,0,1,0,stop_at_base,0,0,0,,CALLBACK_RETURN_SENTINEL_OK
p17_hit3_20260801_144835_85006,1429,1429,robotol.ext,3,3,1,0x30631D,0x30631D,0x80000,0x0,0x2B1868,0x0,2,0,1,0,stop_at_base,0,0,0,,CALLBACK_RETURN_SENTINEL_OK
p17_hit3_20260801_144835_85006,1430,1430,robotol.ext,3,3,1,0x30631D,0x30631D,0x80000,0x0,0x2B1868,0x0,2,0,1,0,stop_at_base,0,0,0,,CALLBACK_RETURN_SENTINEL_OK
p17_hit3_20260801_144835_85006,1431,1431,robotol.ext,3,3,1,0x30631D,0x30631D,0x80000,0x0,0x2B1868,0x0,2,0,1,0,stop_at_base,0,0,0,,CALLBACK_RETURN_SENTINEL_OK
p17_hit3_20260801_144835_85006,1432,1432,robotol.ext,3,3,1,0x30631D,0x30631D,0x80000,0x0,0x2B1868,0x0,2,0,1,0,stop_at_base,0,0,0,,CALLBACK_RETURN_SENTINEL_OK
p17_hit3_20260801_144835_85006,1433,1433,robotol.ext,3,3,1,0x30631D,0x30631D,0x80000,0x0,0x2B1868,0x0,2,0,1,0,stop_at_base,0,0,0,,CALLBACK_RETURN_SENTINEL_OK
p17_hit3_20260801_144835_85006,1434,1434,robotol.ext,3,3,1,0x30631D,0x30631D,0x80000,0x0,0x2B1868,0x0,2,0,1,0,stop_at_base,0,0,0,,CALLBACK_RETURN_SENTINEL_OK
p17_hit3_20260801_144835_85006,1435,1435,robotol.ext,3,3,1,0x30631D,0x30631D,0x80000,0x0,0x2B1868,0x0,2,0,1,0,stop_at_base,0,0,0,,CALLBACK_RETURN_SENTINEL_OK
p17_hit3_20260801_144835_85006,1436,1436,robotol.ext,3,3,1,0x30631D,0x30631D,0x80000,0x0,0x2B1868,0x0,2,0,1,0,stop_at_base,0,0,0,,CALLBACK_RETURN_SENTINEL_OK
p17_hit3_20260801_144835_85006,1437,1437,robotol.ext,3,3,1,0x30631D,0x30631D,0x80000,0x0,0x2B1868,0x0,2,0,1,0,stop_at_base,0,0,0,,CALLBACK_RETURN_SENTINEL_OK
p17_hit3_20260801_144835_85006,1438,1438,robotol.ext,3,3,1,0x30631D,0x30631D,0x80000,0x0,0x2B1868,0x0,2,0,1,0,stop_at_base,0,0,0,,CALLBACK_RETURN_SENTINEL_OK
p17_hit3_20260801_144835_85006,1439,1439,robotol.ext,3,3,1,0x30631D,0x30631D,0x80000,0x0,0x2B1868,0x0,2,0,1,0,stop_at_base,0,0,0,,CALLBACK_RETURN_SENTINEL_OK
p17_hit3_20260801_144835_85006,1440,1440,robotol.ext,3,3,1,0x30631D,0x30631D,0x80000,0x0,0x2B1868,0x0,2,0,1,0,stop_at_base,0,0,0,,CALLBACK_RETURN_SENTINEL_OK
p17_hit3_20260801_144835_85006,1441,1441,robotol.ext,3,3,1,0x30631D,0x30631D,0x80000,0x0,0x2B1868,0x0,2,0,1,0,stop_at_base,0,0,0,,CALLBACK_RETURN_SENTINEL_OK
p17_hit3_20260801_144835_85006,1442,1442,robotol.ext,3,3,1,0x30631D,0x30631D,0x80000,0x0,0x2B1868,0x0,2,0,1,0,stop_at_base,0,0,0,,CALLBACK_RETURN_SENTINEL_OK
p17_hit3_20260801_144835_85006,1443,1443,robotol.ext,3,3,1,0x30631D,0x30631D,0x80000,0x0,0x2B1868,0x0,2,0,1,0,stop_at_base,0,0,0,,CALLBACK_RETURN_SENTINEL_OK
p17_hit3_20260801_144835_85006,1444,1444,robotol.ext,3,3,1,0x30631D,0x30631D,0x80000,0x0,0x2B1868,0x0,2,0,1,0,stop_at_base,0,0,0,,CALLBACK_RETURN_SENTINEL_OK
p17_hit3_20260801_144835_85006,1445,1445,robotol.ext,3,3,1,0x30631D,0x30631D,0x80000,0x0,0x2B1868,0x0,2,0,1,0,stop_at_base,0,0,0,,CALLBACK_RETURN_SENTINEL_OK
p17_hit3_20260801_144835_85006,1446,1446,robotol.ext,3,3,1,0x30631D,0x30631D,0x80000,0x0,0x2B1868,0x0,2,0,1,0,stop_at_base,0,0,0,,CALLBACK_RETURN_SENTINEL_OK
p17_hit3_20260801_144835_85006,1447,1447,robotol.ext,3,3,1,0x30631D,0x30631D,0x80000,0x0,0x2B1868,0x0,2,0,1,0,stop_at_base,0,0,0,,CALLBACK_RETURN_SENTINEL_OK
p17_hit3_20260801_144835_85006,1448,1448,robotol.ext,3,3,1,0x30631D,0x30631D,0x80000,0x0,0x2B1868,0x0,2,0,1,0,stop_at_base,0,0,0,,CALLBACK_RETURN_SENTINEL_OK
p17_hit3_20260801_144835_85006,1449,1449,robotol.ext,3,3,1,0x30631D,0x30631D,0x80000,0x0,0x2B1868,0x0,2,0,1,0,stop_at_base,0,0,0,,CALLBACK_RETURN_SENTINEL_OK
p17_hit3_20260801_144835_85006,1450,1450,robotol.ext,3,3,1,0x30631D,0x30631D,0x80000,0x0,0x2B1868,0x0,2,0,1,0,stop_at_base,0,0,0,,CALLBACK_RETURN_SENTINEL_OK
p17_hit3_20260801_144835_85006,1451,1451,robotol.ext,3,3,1,0x30631D,0x30631D,0x80000,0x0,0x2B1868,0x0,2,0,1,0,stop_at_base,0,0,0,,CALLBACK_RETURN_SENTINEL_OK
p17_hit3_20260801_144835_85006,1452,1452,robotol.ext,3,3,1,0x30631D,0x30631D,0x80000,0x0,0x2B1868,0x0,2,0,1,0,stop_at_base,0,0,0,,CALLBACK_RETURN_SENTINEL_OK
p17_hit3_20260801_144835_85006,1453,1453,robotol.ext,3,3,1,0x30631D,0x30631D,0x80000,0x0,0x2B1868,0x0,2,0,1,0,stop_at_base,0,0,0,,CALLBACK_RETURN_SENTINEL_OK
p17_hit3_20260801_144835_85006,1454,1454,robotol.ext,3,3,1,0x30631D,0x30631D,0x80000,0x0,0x2B1868,0x0,2,0,1,0,stop_at_base,0,0,0,,CALLBACK_RETURN_SENTINEL_OK
p17_hit3_20260801_144835_85006,1455,1455,robotol.ext,3,3,1,0x30631D,0x30631D,0x80000,0x0,0x2B1868,0x0,2,0,1,0,stop_at_base,0,0,0,,CALLBACK_RETURN_SENTINEL_OK
p17_hit3_20260801_144835_85006,1456,1456,robotol.ext,3,3,1,0x30631D,0x30631D,0x80000,0x0,0x2B1868,0x0,2,0,1,0,stop_at_base,0,0,0,,CALLBACK_RETURN_SENTINEL_OK
p17_hit3_20260801_144835_85006,1457,1457,robotol.ext,3,3,1,0x30631D,0x30631D,0x80000,0x0,0x2B1868,0x0,2,0,1,0,stop_at_base,0,0,0,,CALLBACK_RETURN_SENTINEL_OK
p17_hit3_20260801_144835_85006,1458,1458,robotol.ext,3,3,1,0x30631D,0x30631D,0x80000,0x0,0x2B1868,0x0,2,0,1,0,stop_at_base,0,0,0,,CALLBACK_RETURN_SENTINEL_OK
p17_hit3_20260801_144835_85006,1459,1459,robotol.ext,3,3,1,0x30631D,0x30631D,0x80000,0x0,0x2B1868,0x0,2,0,1,0,stop_at_base,0,0,0,,CALLBACK_RETURN_SENTINEL_OK
p17_hit3_20260801_144835_85006,1460,1460,robotol.ext,3,3,1,0x30631D,0x30631D,0x80000,0x0,0x2B1868,0x0,2,0,1,0,stop_at_base,0,0,0,,CALLBACK_RETURN_SENTINEL_OK
p17_hit3_20260801_144835_85006,1461,1461,robotol.ext,3,3,1,0x30631D,0x30631D,0x80000,0x0,0x2B1868,0x0,2,0,1,0,stop_at_base,0,0,0,,CALLBACK_RETURN_SENTINEL_OK
p17_hit3_20260801_144835_85006,1462,1462,robotol.ext,3,3,1,0x30631D,0x30631D,0x80000,0x0,0x2B1868,0x0,2,0,1,0,stop_at_base,0,0,0,,CALLBACK_RETURN_SENTINEL_OK
p17_hit3_20260801_144835_85006,1463,1463,robotol.ext,3,3,1,0x30631D,0x30631D,0x80000,0x0,0x2B1868,0x0,2,0,1,0,stop_at_base,0,0,0,,CALLBACK_RETURN_SENTINEL_OK
p17_hit3_20260801_144835_85006,1464,1464,robotol.ext,3,3,1,0x30631D,0x30631D,0x80000,0x0,0x2B1868,0x0,2,0,1,0,stop_at_base,0,0,0,,CALLBACK_RETURN_SENTINEL_OK
p17_hit3_20260801_144835_85006,1465,1465,robotol.ext,3,3,1,0x30631D,0x30631D,0x80000,0x0,0x2B1868,0x0,2,0,1,0,stop_at_base,0,0,0,,CALLBACK_RETURN_SENTINEL_OK
p17_hit3_20260801_144835_85006,1466,1466,robotol.ext,3,3,1,0x30631D,0x30631D,0x80000,0x0,0x2B1868,0x0,2,0,1,0,stop_at_base,0,0,0,,CALLBACK_RETURN_SENTINEL_OK
p17_hit3_20260801_144835_85006,1467,1467,robotol.ext,3,3,1,0x30631D,0x30631D,0x80000,0x0,0x2B1868,0x0,2,0,1,0,stop_at_base,0,0,0,,CALLBACK_RETURN_SENTINEL_OK
p17_hit3_20260801_144835_85006,1468,1468,robotol.ext,3,3,1,0x30631D,0x30631D,0x80000,0x0,0x2B1868,0x0,2,0,1,0,stop_at_base,0,0,0,,CALLBACK_RETURN_SENTINEL_OK
p17_hit3_20260801_144835_85006,1469,1469,robotol.ext,3,3,1,0x30631D,0x30631D,0x80000,0x0,0x2B1868,0x0,2,0,1,0,stop_at_base,0,0,0,,CALLBACK_RETURN_SENTINEL_OK
p17_hit3_20260801_144835_85006,1470,1470,robotol.ext,3,3,1,0x30631D,0x30631D,0x80000,0x0,0x2B1868,0x0,2,0,1,0,stop_at_base,0,0,0,,CALLBACK_RETURN_SENTINEL_OK
p17_hit3_20260801_144835_85006,1471,1471,robotol.ext,3,3,1,0x30631D,0x30631D,0x80000,0x0,0x2B1868,0x0,2,0,1,0,stop_at_base,0,0,0,,CALLBACK_RETURN_SENTINEL_OK
p17_hit3_20260801_144835_85006,1472,1472,robotol.ext,3,3,1,0x30631D,0x30631D,0x80000,0x0,0x2B1868,0x0,2,0,1,0,stop_at_base,0,0,0,,CALLBACK_RETURN_SENTINEL_OK
p17_hit3_20260801_144835_85006,1473,1473,robotol.ext,3,3,1,0x30631D,0x30631D,0x80000,0x0,0x2B1868,0x0,2,0,1,0,stop_at_base,0,0,0,,CALLBACK_RETURN_SENTINEL_OK
p17_hit3_20260801_144835_85006,1474,1474,robotol.ext,3,3,1,0x30631D,0x30631D,0x80000,0x0,0x2B1868,0x0,2,0,1,0,stop_at_base,0,0,0,,CALLBACK_RETURN_SENTINEL_OK
p17_hit3_20260801_144835_85006,1475,1475,robotol.ext,3,3,1,0x30631D,0x30631D,0x80000,0x0,0x2B1868,0x0,2,0,1,0,stop_at_base,0,0,0,,CALLBACK_RETURN_SENTINEL_OK
p17_hit3_20260801_144835_85006,1476,1476,robotol.ext,3,3,1,0x30631D,0x30631D,0x80000,0x0,0x2B1868,0x0,2,0,1,0,stop_at_base,0,0,0,,CALLBACK_RETURN_SENTINEL_OK
p17_hit3_20260801_144835_85006,1477,1477,robotol.ext,3,3,1,0x30631D,0x30631D,0x80000,0x0,0x2B1868,0x0,2,0,1,0,stop_at_base,0,0,0,,CALLBACK_RETURN_SENTINEL_OK
p17_hit3_20260801_144835_85006,1478,1478,robotol.ext,3,3,1,0x30631D,0x30631D,0x80000,0x0,0x2B1868,0x0,2,0,1,0,stop_at_base,0,0,0,,CALLBACK_RETURN_SENTINEL_OK
p17_hit3_20260801_144835_85006,1479,1479,robotol.ext,3,3,1,0x30631D,0x30631D,0x80000,0x0,0x2B1868,0x0,2,0,1,0,stop_at_base,0,0,0,,CALLBACK_RETURN_SENTINEL_OK
p17_hit3_20260801_144835_85006,1480,1480,robotol.ext,3,3,1,0x30631D,0x30631D,0x80000,0x0,0x2B1868,0x0,2,0,1,0,stop_at_base,0,0,0,,CALLBACK_RETURN_SENTINEL_OK
p17_hit3_20260801_144835_85006,1481,1481,robotol.ext,3,3,1,0x30631D,0x30631D,0x80000,0x0,0x2B1868,0x0,2,0,1,0,stop_at_base,0,0,0,,CALLBACK_RETURN_SENTINEL_OK
p17_hit3_20260801_144835_85006,1482,1482,robotol.ext,3,3,1,0x30631D,0x30631D,0x80000,0x0,0x2B1868,0x0,2,0,1,0,stop_at_base,0,0,0,,CALLBACK_RETURN_SENTINEL_OK
p17_hit3_20260801_144835_85006,1483,1483,robotol.ext,3,3,1,0x30631D,0x30631D,0x80000,0x0,0x2B1868,0x0,2,0,1,0,stop_at_base,0,0,0,,CALLBACK_RETURN_SENTINEL_OK
p17_hit3_20260801_144835_85006,1484,1484,robotol.ext,3,3,1,0x30631D,0x30631D,0x80000,0x0,0x2B1868,0x0,2,0,1,0,stop_at_base,0,0,0,,CALLBACK_RETURN_SENTINEL_OK
p17_hit3_20260801_144835_85006,1485,1485,robotol.ext,3,3,1,0x30631D,0x30631D,0x80000,0x0,0x2B1868,0x0,2,0,1,0,stop_at_base,0,0,0,,CALLBACK_RETURN_SENTINEL_OK
p17_hit3_20260801_144835_85006,1486,1486,robotol.ext,3,3,1,0x30631D,0x30631D,0x80000,0x0,0x2B1868,0x0,2,0,1,0,stop_at_base,0,0,0,,CALLBACK_RETURN_SENTINEL_OK
p17_hit3_20260801_144835_85006,1487,1487,robotol.ext,3,3,1,0x30631D,0x30631D,0x80000,0x0,0x2B1868,0x0,2,0,1,0,stop_at_base,0,0,0,,CALLBACK_RETURN_SENTINEL_OK
p17_hit3_20260801_144835_85006,1488,1488,robotol.ext,3,3,1,0x30631D,0x30631D,0x80000,0x0,0x2B1868,0x0,2,0,1,0,stop_at_base,0,0,0,,CALLBACK_RETURN_SENTINEL_OK
p17_hit3_20260801_144835_85006,1489,1489,robotol.ext,3,3,1,0x30631D,0x30631D,0x80000,0x0,0x2B1868,0x0,2,0,1,0,stop_at_base,0,0,0,,CALLBACK_RETURN_SENTINEL_OK
p17_hit3_20260801_144835_85006,1490,1490,robotol.ext,3,3,1,0x30631D,0x30631D,0x80000,0x0,0x2B1868,0x0,2,0,1,0,stop_at_base,0,0,0,,CALLBACK_RETURN_SENTINEL_OK
p17_hit3_20260801_144835_85006,1491,1491,robotol.ext,3,3,1,0x30631D,0x30631D,0x80000,0x0,0x2B1868,0x0,2,0,1,0,stop_at_base,0,0,0,,CALLBACK_RETURN_SENTINEL_OK
p17_hit3_20260801_144835_85006,1492,1492,robotol.ext,3,3,1,0x30631D,0x30631D,0x80000,0x0,0x2B1868,0x0,2,0,1,0,stop_at_base,0,0,0,,CALLBACK_RETURN_SENTINEL_OK
p17_hit3_20260801_144835_85006,1493,1493,robotol.ext,3,3,1,0x30631D,0x30631D,0x80000,0x0,0x2B1868,0x0,2,0,1,0,stop_at_base,0,0,0,,CALLBACK_RETURN_SENTINEL_OK
p17_hit3_20260801_144835_85006,1494,1494,robotol.ext,3,3,1,0x30631D,0x30631D,0x80000,0x0,0x2B1868,0x0,2,0,1,0,stop_at_base,0,0,0,,CALLBACK_RETURN_SENTINEL_OK
p17_hit3_20260801_144835_85006,1495,1495,robotol.ext,3,3,1,0x30631D,0x30631D,0x80000,0x0,0x2B1868,0x0,2,0,1,0,stop_at_base,0,0,0,,CALLBACK_RETURN_SENTINEL_OK
p17_hit3_20260801_144835_85006,1496,1496,robotol.ext,3,3,1,0x30631D,0x30631D,0x80000,0x0,0x2B1868,0x0,2,0,1,0,stop_at_base,0,0,0,,CALLBACK_RETURN_SENTINEL_OK
p17_hit3_20260801_144835_85006,1497,1497,robotol.ext,3,3,1,0x30631D,0x30631D,0x80000,0x0,0x2B1868,0x0,2,0,1,0,stop_at_base,0,0,0,,CALLBACK_RETURN_SENTINEL_OK
p17_hit3_20260801_144835_85006,1498,1498,robotol.ext,3,3,1,0x30631D,0x30631D,0x80000,0x0,0x2B1868,0x0,2,0,1,0,stop_at_base,0,0,0,,CALLBACK_RETURN_SENTINEL_OK
p17_hit3_20260801_144835_85006,1499,1499,robotol.ext,3,3,1,0x30631D,0x30631D,0x80000,0x0,0x2B1868,0x0,2,0,1,0,stop_at_base,0,0,0,,CALLBACK_RETURN_SENTINEL_OK
p17_hit3_20260801_144835_85006,1500,1500,robotol.ext,3,3,1,0x30631D,0x30631D,0x80000,0x0,0x2B1868,0x0,2,0,1,0,stop_at_base,0,0,0,,CALLBACK_RETURN_SENTINEL_OK
p17_hit3_20260801_144835_85006,1501,1501,robotol.ext,3,3,1,0x30631D,0x30631D,0x80000,0x0,0x2B1868,0x0,2,0,1,0,stop_at_base,0,0,0,,CALLBACK_RETURN_SENTINEL_OK
p17_hit3_20260801_144835_85006,1502,1502,robotol.ext,3,3,1,0x30631D,0x30631D,0x80000,0x0,0x2B1868,0x0,2,0,1,0,stop_at_base,0,0,0,,CALLBACK_RETURN_SENTINEL_OK
p17_hit3_20260801_144835_85006,1503,1503,robotol.ext,3,3,1,0x30631D,0x30631D,0x80000,0x0,0x2B1868,0x0,2,0,1,0,stop_at_base,0,0,0,,CALLBACK_RETURN_SENTINEL_OK
p17_hit3_20260801_144835_85006,1504,1504,robotol.ext,3,3,1,0x30631D,0x30631D,0x80000,0x0,0x2B1868,0x0,2,0,1,0,stop_at_base,0,0,0,,CALLBACK_RETURN_SENTINEL_OK
p17_hit3_20260801_144835_85006,1505,1505,robotol.ext,3,3,1,0x30631D,0x30631D,0x80000,0x0,0x2B1868,0x0,2,0,1,0,stop_at_base,0,0,0,,CALLBACK_RETURN_SENTINEL_OK
p17_hit3_20260801_144835_85006,1506,1506,robotol.ext,3,3,1,0x30631D,0x30631D,0x80000,0x0,0x2B1868,0x0,2,0,1,0,stop_at_base,0,0,0,,CALLBACK_RETURN_SENTINEL_OK
p17_hit3_20260801_144835_85006,1507,1507,robotol.ext,3,3,1,0x30631D,0x30631D,0x80000,0x0,0x2B1868,0x0,2,0,1,0,stop_at_base,0,0,0,,CALLBACK_RETURN_SENTINEL_OK
p17_hit3_20260801_144835_85006,1508,1508,robotol.ext,3,3,1,0x30631D,0x30631D,0x80000,0x0,0x2B1868,0x0,2,0,1,0,stop_at_base,0,0,0,,CALLBACK_RETURN_SENTINEL_OK
p17_hit3_20260801_144835_85006,1509,1509,robotol.ext,3,3,1,0x30631D,0x30631D,0x80000,0x0,0x2B1868,0x0,2,0,1,0,stop_at_base,0,0,0,,CALLBACK_RETURN_SENTINEL_OK
p17_hit3_20260801_144835_85006,1510,1510,robotol.ext,3,3,1,0x30631D,0x30631D,0x80000,0x0,0x2B1868,0x0,2,0,1,0,stop_at_base,0,0,0,,CALLBACK_RETURN_SENTINEL_OK
p17_hit3_20260801_144835_85006,1511,1511,robotol.ext,3,3,1,0x30631D,0x30631D,0x80000,0x0,0x2B1868,0x0,2,0,1,0,stop_at_base,0,0,0,,CALLBACK_RETURN_SENTINEL_OK
p17_hit3_20260801_144835_85006,1512,1512,robotol.ext,3,3,1,0x30631D,0x30631D,0x80000,0x0,0x2B1868,0x0,2,0,1,0,stop_at_base,0,0,0,,CALLBACK_RETURN_SENTINEL_OK
p17_hit3_20260801_144835_85006,1513,1513,robotol.ext,3,3,1,0x30631D,0x30631D,0x80000,0x0,0x2B1868,0x0,2,0,1,0,stop_at_base,0,0,0,,CALLBACK_RETURN_SENTINEL_OK
p17_hit3_20260801_144835_85006,1514,1514,robotol.ext,3,3,1,0x30631D,0x30631D,0x80000,0x0,0x2B1868,0x0,2,0,1,0,stop_at_base,0,0,0,,CALLBACK_RETURN_SENTINEL_OK
p17_hit3_20260801_144835_85006,1515,1515,robotol.ext,3,3,1,0x30631D,0x30631D,0x80000,0x0,0x2B1868,0x0,2,0,1,0,stop_at_base,0,0,0,,CALLBACK_RETURN_SENTINEL_OK
p17_hit3_20260801_144835_85006,1516,1516,robotol.ext,3,3,1,0x30631D,0x30631D,0x80000,0x0,0x2B1868,0x0,2,0,1,0,stop_at_base,0,0,0,,CALLBACK_RETURN_SENTINEL_OK
p17_hit3_20260801_144835_85006,1517,1517,robotol.ext,3,3,1,0x30631D,0x30631D,0x80000,0x0,0x2B1868,0x0,2,0,1,0,stop_at_base,0,0,0,,CALLBACK_RETURN_SENTINEL_OK
p17_hit3_20260801_144835_85006,1518,1518,robotol.ext,3,3,1,0x30631D,0x30631D,0x80000,0x0,0x2B1868,0x0,2,0,1,0,stop_at_base,0,0,0,,CALLBACK_RETURN_SENTINEL_OK
p17_hit3_20260801_144835_85006,1519,1519,robotol.ext,3,3,1,0x30631D,0x30631D,0x80000,0x0,0x2B1868,0x0,2,0,1,0,stop_at_base,0,0,0,,CALLBACK_RETURN_SENTINEL_OK
p17_hit3_20260801_144835_85006,1520,1520,robotol.ext,3,3,1,0x30631D,0x30631D,0x80000,0x0,0x2B1868,0x0,2,0,1,0,stop_at_base,0,0,0,,CALLBACK_RETURN_SENTINEL_OK
p17_hit3_20260801_144835_85006,1521,1521,robotol.ext,3,3,1,0x30631D,0x30631D,0x80000,0x0,0x2B1868,0x0,2,0,1,0,stop_at_base,0,0,0,,CALLBACK_RETURN_SENTINEL_OK
p17_hit3_20260801_144835_85006,1522,1522,robotol.ext,3,3,1,0x30631D,0x30631D,0x80000,0x0,0x2B1868,0x0,2,0,1,0,stop_at_base,0,0,0,,CALLBACK_RETURN_SENTINEL_OK
p17_hit3_20260801_144835_85006,1523,1523,robotol.ext,3,3,1,0x30631D,0x30631D,0x80000,0x0,0x2B1868,0x0,2,0,1,0,stop_at_base,0,0,0,,CALLBACK_RETURN_SENTINEL_OK
p17_hit3_20260801_144835_85006,1524,1524,robotol.ext,3,3,1,0x30631D,0x30631D,0x80000,0x0,0x2B1868,0x0,2,0,1,0,stop_at_base,0,0,0,,CALLBACK_RETURN_SENTINEL_OK
p17_hit3_20260801_144835_85006,1525,1525,robotol.ext,3,3,1,0x30631D,0x30631D,0x80000,0x0,0x2B1868,0x0,2,0,1,0,stop_at_base,0,0,0,,CALLBACK_RETURN_SENTINEL_OK
p17_hit3_20260801_144835_85006,1526,1526,robotol.ext,3,3,1,0x30631D,0x30631D,0x80000,0x0,0x2B1868,0x0,2,0,1,0,stop_at_base,0,0,0,,CALLBACK_RETURN_SENTINEL_OK
p17_hit3_20260801_144835_85006,1527,1527,robotol.ext,3,3,1,0x30631D,0x30631D,0x80000,0x0,0x2B1868,0x0,2,0,1,0,stop_at_base,0,0,0,,CALLBACK_RETURN_SENTINEL_OK
p17_hit3_20260801_144835_85006,1528,1528,robotol.ext,3,3,1,0x30631D,0x30631D,0x80000,0x0,0x2B1868,0x0,2,0,1,0,stop_at_base,0,0,0,,CALLBACK_RETURN_SENTINEL_OK
p17_hit3_20260801_144835_85006,1529,1529,robotol.ext,3,3,1,0x30631D,0x30631D,0x80000,0x0,0x2B1868,0x0,2,0,1,0,stop_at_base,0,0,0,,CALLBACK_RETURN_SENTINEL_OK
p17_hit3_20260801_144835_85006,1530,1530,robotol.ext,3,3,1,0x30631D,0x30631D,0x80000,0x0,0x2B1868,0x0,2,0,1,0,stop_at_base,0,0,0,,CALLBACK_RETURN_SENTINEL_OK
p17_hit3_20260801_144835_85006,1531,1531,robotol.ext,3,3,1,0x30631D,0x30631D,0x80000,0x0,0x2B1868,0x0,2,0,1,0,stop_at_base,0,0,0,,CALLBACK_RETURN_SENTINEL_OK
p17_hit3_20260801_144835_85006,1532,1532,robotol.ext,3,3,1,0x30631D,0x30631D,0x80000,0x0,0x2B1868,0x0,2,0,1,0,stop_at_base,0,0,0,,CALLBACK_RETURN_SENTINEL_OK
p17_hit3_20260801_144835_85006,1533,1533,robotol.ext,3,3,1,0x30631D,0x30631D,0x80000,0x0,0x2B1868,0x0,2,0,1,0,stop_at_base,0,0,0,,CALLBACK_RETURN_SENTINEL_OK
p17_hit3_20260801_144835_85006,1534,1534,robotol.ext,3,3,1,0x30631D,0x30631D,0x80000,0x0,0x2B1868,0x0,2,0,1,0,stop_at_base,0,0,0,,CALLBACK_RETURN_SENTINEL_OK
p17_hit3_20260801_144835_85006,1535,1535,robotol.ext,3,3,1,0x30631D,0x30631D,0x80000,0x0,0x2B1868,0x0,2,0,1,0,stop_at_base,0,0,0,,CALLBACK_RETURN_SENTINEL_OK
