sequence,time_from_case9,operation,detail
1,0,PLATFORM_FAMILY_EVENT,"[PLATFORM_FAMILY_EVENT] op=DELIVER_DONE ok=1 ret=0 end=stop_at_base end_class=REACHED_STOP reached_stop=1 handler=0x30D311 pc_after=0x80000 stop=0x80000 lr_after=0x304599 lim=5000000 evidence=OBSERVED"
2,2,EMU_NEST,"[EMU_NEST] op=FAMILY_DRAIN_LEAVE depth=0 site=drain_family_events evidence=OBSERVED"
3,3,PLATFORM_TIMER,"[PLATFORM_TIMER] op=FIRE_DONE ret=0 evidence=DOCUMENTED"
4,4,PLATFORM_TIMER,"[PLATFORM_TIMER] op=FIRE_DONE via=host_loop evidence=DOCUMENTED"
5,5,PLATFORM_TIMER,"[PLATFORM_TIMER] op=FIRE_CB interval=50 evidence=DOCUMENTED"
6,6,PLATFORM_TIMER,"[PLATFORM_TIMER] op=FIRE_DUE via=host_loop evidence=DOCUMENTED"
7,7,PLATFORM_TIMER,"[PLATFORM_TIMER] op=FIRE_ENTER evidence=DOCUMENTED"
8,8,PLATFORM_TIMER,"[PLATFORM_TIMER] op=FIRE_LOCKED evidence=DOCUMENTED"
9,10,JJFB_LIFECYCLE,"[JJFB_LIFECYCLE] op=FIRE tick=2 handler=0x30631D r0=0 r1=0 r9=0x2B1868 owner=robotol.ext evidence=CROSS_TARGET+docs/06"
10,12,CALLBACK_FRAME_ENTER,"[CALLBACK_FRAME_ENTER] seq=2 frame_token=8593105693 handler=0x30631D r9=0x2B1868 stop_sentinel=0x80000 run_id=p17_hit1_20260801_144222_15364 evidence=OBSERVED"
11,21,GUEST_INDIRECT_CALL,"[GUEST_INDIRECT_CALL] module_id=3 pc=0x30667A target=0x304569 arg0=0x1E209 arg1=0x9"
12,22,FFP_GUEST_REQUEST_SAMPLE,"[FFP_GUEST_REQUEST_SAMPLE] n=2 event=0x1E209 app=0x9 r0=0x1E209 r1=0x9 r2=0x0 r3=0x0 r4=0x1E209 r5=0x9 r6=0x0 r7=0x280058 stack0=0x0 stack1=0x0 caller_pc=0x304599 caller_lr=0x304599 insn=2 ctx=0x690D04 er_digest=0x3936FB"
13,23,EVENT_TXN,"[EVENT_TXN] op=ACCEPT request_id=2 identity=0xC15442057B8F762F event=0x1E209 app=0x9 ctx=0x6AD12C payload=0x0 stack0=0x0 stack1=0x0 caller_pc=0x304599 insn=2 digest=0xFF5FCBC8 handler=0x30D311 run_id=p17_hit1_20260801_14"
14,25,PLATFORM_FAMILY_EVENT,"[PLATFORM_FAMILY_EVENT] op=ENQUEUE event=0x1E209 app=0x9 handler=0x30D311 request_id=2 owner=robotol.ext evidence=OBSERVED"
15,26,PLATFORM_FAMILY_EVENT,"[PLATFORM_FAMILY_EVENT] op=DEFER_DRAIN_TO_MAP_REDIRECT event=0x1E209 app=0x9 note=avoid_nested_emu_inside_map_func evidence=OBSERVED"
16,27,JJFB_EXTCHUNK_SLOT_CALL,"[JJFB_EXTCHUNK_SLOT_CALL] off=0x28 pc=0x280058 r0=0x1E209 r1=0x9 r2=0x0 r3=0x0 r4=0x1E209 ret=0x0 evidence=TARGET_OBSERVED"
17,28,PLATFORM_FAMILY_EVENT,"[PLATFORM_FAMILY_EVENT] op=SCHEDULE_DRAIN_OUTSIDE_HOOK cont=0x304599 queued=1 cfn_path=PLATFORM_FAMILY_CALLBACK evidence=OBSERVED"
18,29,GUEST_INDIRECT_CALL,"[GUEST_INDIRECT_CALL] module_id=3 pc=0x306762 target=0x2F9975 arg0=0x0 arg1=0x0"
19,34,CALLBACK_FRAME_RESTORE_BEGIN,"[CALLBACK_FRAME_RESTORE_BEGIN] seq=2 saved_r9=0x0 frame_token=8593105693 run_id=p17_hit1_20260801_144222_15364 evidence=OBSERVED"
20,36,CALLBACK_FRAME_RESTORE_COMPLETE,"[CALLBACK_FRAME_RESTORE_COMPLETE] seq=2 restored_r9=0x0 ok=1 frame_token=8593105693 run_id=p17_hit1_20260801_144222_15364 evidence=OBSERVED"
21,40,JJFB_LIFECYCLE,"[JJFB_LIFECYCLE] op=FIRE_DONE tick=2 ok=1 end=stop_at_base pc_after=0x80000 r0_after=0x0 r9_after=0x2B1868 sp_after=0x280000 uc_err=0 detail=- evidence=OBSERVED"
22,41,EMU_NEST,"[EMU_NEST] op=FAMILY_DRAIN_ENTER depth=1 site=drain_family_events evidence=OBSERVED"
23,43,PLATFORM_FAMILY_EVENT,"[PLATFORM_FAMILY_EVENT] op=DELIVER event=0x1E209 app=0x9 handler=0x30D311 r9=0x2B1868 r2=0x0 r3=0x0 request_id=2 evidence=OBSERVED"
24,44,EVENT_DELIVER_ENTER,"[EVENT_DELIVER_ENTER] request_id=2 handler=0x30D311 r0=0x9 r1=0x1E209 r2=0x0 r3=0x0 stack0=0x0 stack1=0x0 ctx=0x6AD12C run_id=p17_hit1_20260801_144222_15364 evidence=OBSERVED"
25,45,CALLBACK_FRAME,"[CALLBACK_FRAME] boundary=FAMILY_HANDLER_ENTER handler=0x30D311 request_id=2 stop=0x80000 r0=0x9 r1=0x1E209 r9=0x2B1868 cfn_path=PLATFORM_FAMILY_CALLBACK evidence=OBSERVED"
26,49,GUEST_INDIRECT_CALL,"[GUEST_INDIRECT_CALL] module_id=3 pc=0x30E1B0 target=0x305E19 arg0=0x1E209 arg1=0x0"
27,50,GUEST_INDIRECT_CALL,"[GUEST_INDIRECT_CALL] module_id=3 pc=0x305E32 target=0x304569 arg0=0x10133 arg1=0x1E205"
28,51,JJFB_EXTCHUNK_SLOT_CALL,"[JJFB_EXTCHUNK_SLOT_CALL] off=0x28 pc=0x280058 r0=0x10133 r1=0x1E205 r2=0x0 r3=0x0 r4=0x10133 ret=0x0 evidence=TARGET_OBSERVED"
29,52,CALLBACK_FRAME,"[CALLBACK_FRAME] boundary=FAMILY_HANDLER_LEAVE handler=0x30D311 request_id=2 end_class=REACHED_STOP reached_stop=1 pc_after=0x80000 cfn_path=PLATFORM_FAMILY_CALLBACK evidence=OBSERVED"
30,56,PLATFORM_FAMILY_EVENT,"[PLATFORM_FAMILY_EVENT] op=DELIVER_DONE ok=1 ret=0 end=stop_at_base end_class=REACHED_STOP reached_stop=1 handler=0x30D311 pc_after=0x80000 stop=0x80000 lr_after=0x304599 lim=5000000 evidence=OBSERVED"
31,58,EMU_NEST,"[EMU_NEST] op=FAMILY_DRAIN_LEAVE depth=0 site=drain_family_events evidence=OBSERVED"
32,59,PLATFORM_TIMER,"[PLATFORM_TIMER] op=FIRE_DONE ret=0 evidence=DOCUMENTED"
33,60,PLATFORM_TIMER,"[PLATFORM_TIMER] op=FIRE_DONE via=host_loop evidence=DOCUMENTED"
34,61,PLATFORM_TIMER,"[PLATFORM_TIMER] op=FIRE_CB interval=50 evidence=DOCUMENTED"
35,62,PLATFORM_TIMER,"[PLATFORM_TIMER] op=FIRE_DUE via=host_loop evidence=DOCUMENTED"
36,63,PLATFORM_TIMER,"[PLATFORM_TIMER] op=FIRE_ENTER evidence=DOCUMENTED"
37,64,PLATFORM_TIMER,"[PLATFORM_TIMER] op=FIRE_LOCKED evidence=DOCUMENTED"
38,66,JJFB_LIFECYCLE,"[JJFB_LIFECYCLE] op=FIRE tick=3 handler=0x30631D r0=0 r1=0 r9=0x2B1868 owner=robotol.ext evidence=CROSS_TARGET+docs/06"
39,68,CALLBACK_FRAME_ENTER,"[CALLBACK_FRAME_ENTER] seq=3 frame_token=12888072989 handler=0x30631D r9=0x2B1868 stop_sentinel=0x80000 run_id=p17_hit1_20260801_144222_15364 evidence=OBSERVED"
40,77,GUEST_INDIRECT_CALL,"[GUEST_INDIRECT_CALL] module_id=3 pc=0x30667A target=0x304569 arg0=0x1E209 arg1=0x9"
41,78,FFP_GUEST_REQUEST_SAMPLE,"[FFP_GUEST_REQUEST_SAMPLE] n=3 event=0x1E209 app=0x9 r0=0x1E209 r1=0x9 r2=0x0 r3=0x0 r4=0x1E209 r5=0x9 r6=0x0 r7=0x280058 stack0=0x0 stack1=0x0 caller_pc=0x304599 caller_lr=0x304599 insn=3 ctx=0x690D04 er_digest=0x3936FB"
42,80,EVENT_TXN,"[EVENT_TXN] op=ACCEPT request_id=3 identity=0xC15442057B8F762F event=0x1E209 app=0x9 ctx=0x6AD12C payload=0x0 stack0=0x0 stack1=0x0 caller_pc=0x304599 insn=3 digest=0xFF5FCBC8 handler=0x30D311 run_id=p17_hit1_20260801_14"
43,82,PLATFORM_FAMILY_EVENT,"[PLATFORM_FAMILY_EVENT] op=ENQUEUE event=0x1E209 app=0x9 handler=0x30D311 request_id=3 owner=robotol.ext evidence=OBSERVED"
44,83,PLATFORM_FAMILY_EVENT,"[PLATFORM_FAMILY_EVENT] op=DEFER_DRAIN_TO_MAP_REDIRECT event=0x1E209 app=0x9 note=avoid_nested_emu_inside_map_func evidence=OBSERVED"
45,84,JJFB_EXTCHUNK_SLOT_CALL,"[JJFB_EXTCHUNK_SLOT_CALL] off=0x28 pc=0x280058 r0=0x1E209 r1=0x9 r2=0x0 r3=0x0 r4=0x1E209 ret=0x0 evidence=TARGET_OBSERVED"
46,85,PLATFORM_FAMILY_EVENT,"[PLATFORM_FAMILY_EVENT] op=SCHEDULE_DRAIN_OUTSIDE_HOOK cont=0x304599 queued=1 cfn_path=PLATFORM_FAMILY_CALLBACK evidence=OBSERVED"
47,86,GUEST_INDIRECT_CALL,"[GUEST_INDIRECT_CALL] module_id=3 pc=0x306762 target=0x2F9975 arg0=0x0 arg1=0x0"
48,90,CALLBACK_FRAME_RESTORE_BEGIN,"[CALLBACK_FRAME_RESTORE_BEGIN] seq=3 saved_r9=0x0 frame_token=12888072989 run_id=p17_hit1_20260801_144222_15364 evidence=OBSERVED"
49,92,CALLBACK_FRAME_RESTORE_COMPLETE,"[CALLBACK_FRAME_RESTORE_COMPLETE] seq=3 restored_r9=0x0 ok=1 frame_token=12888072989 run_id=p17_hit1_20260801_144222_15364 evidence=OBSERVED"
50,96,JJFB_LIFECYCLE,"[JJFB_LIFECYCLE] op=FIRE_DONE tick=3 ok=1 end=stop_at_base pc_after=0x80000 r0_after=0x0 r9_after=0x2B1868 sp_after=0x280000 uc_err=0 detail=- evidence=OBSERVED"
51,97,EMU_NEST,"[EMU_NEST] op=FAMILY_DRAIN_ENTER depth=1 site=drain_family_events evidence=OBSERVED"
52,99,PLATFORM_FAMILY_EVENT,"[PLATFORM_FAMILY_EVENT] op=DELIVER event=0x1E209 app=0x9 handler=0x30D311 r9=0x2B1868 r2=0x0 r3=0x0 request_id=3 evidence=OBSERVED"
53,100,EVENT_DELIVER_ENTER,"[EVENT_DELIVER_ENTER] request_id=3 handler=0x30D311 r0=0x9 r1=0x1E209 r2=0x0 r3=0x0 stack0=0x0 stack1=0x0 ctx=0x6AD12C run_id=p17_hit1_20260801_144222_15364 evidence=OBSERVED"
54,101,CALLBACK_FRAME,"[CALLBACK_FRAME] boundary=FAMILY_HANDLER_ENTER handler=0x30D311 request_id=3 stop=0x80000 r0=0x9 r1=0x1E209 r9=0x2B1868 cfn_path=PLATFORM_FAMILY_CALLBACK evidence=OBSERVED"
55,105,GUEST_INDIRECT_CALL,"[GUEST_INDIRECT_CALL] module_id=3 pc=0x30E1B0 target=0x305E19 arg0=0x1E209 arg1=0x0"
56,106,GUEST_INDIRECT_CALL,"[GUEST_INDIRECT_CALL] module_id=3 pc=0x305E32 target=0x304569 arg0=0x10133 arg1=0x1E205"
57,107,JJFB_EXTCHUNK_SLOT_CALL,"[JJFB_EXTCHUNK_SLOT_CALL] off=0x28 pc=0x280058 r0=0x10133 r1=0x1E205 r2=0x0 r3=0x0 r4=0x10133 ret=0x0 evidence=TARGET_OBSERVED"
58,108,CALLBACK_FRAME,"[CALLBACK_FRAME] boundary=FAMILY_HANDLER_LEAVE handler=0x30D311 request_id=3 end_class=REACHED_STOP reached_stop=1 pc_after=0x80000 cfn_path=PLATFORM_FAMILY_CALLBACK evidence=OBSERVED"
59,112,PLATFORM_FAMILY_EVENT,"[PLATFORM_FAMILY_EVENT] op=DELIVER_DONE ok=1 ret=0 end=stop_at_base end_class=REACHED_STOP reached_stop=1 handler=0x30D311 pc_after=0x80000 stop=0x80000 lr_after=0x304599 lim=5000000 evidence=OBSERVED"
60,114,EMU_NEST,"[EMU_NEST] op=FAMILY_DRAIN_LEAVE depth=0 site=drain_family_events evidence=OBSERVED"
61,115,PLATFORM_TIMER,"[PLATFORM_TIMER] op=FIRE_DONE ret=0 evidence=DOCUMENTED"
62,116,PLATFORM_TIMER,"[PLATFORM_TIMER] op=FIRE_DONE via=host_loop evidence=DOCUMENTED"
63,117,PLATFORM_TIMER,"[PLATFORM_TIMER] op=FIRE_CB interval=50 evidence=DOCUMENTED"
64,118,PLATFORM_TIMER,"[PLATFORM_TIMER] op=FIRE_DUE via=host_loop evidence=DOCUMENTED"
65,119,PLATFORM_TIMER,"[PLATFORM_TIMER] op=FIRE_ENTER evidence=DOCUMENTED"
66,120,PLATFORM_TIMER,"[PLATFORM_TIMER] op=FIRE_LOCKED evidence=DOCUMENTED"
67,122,JJFB_LIFECYCLE,"[JJFB_LIFECYCLE] op=FIRE tick=4 handler=0x30631D r0=0 r1=0 r9=0x2B1868 owner=robotol.ext evidence=CROSS_TARGET+docs/06"
68,124,CALLBACK_FRAME_ENTER,"[CALLBACK_FRAME_ENTER] seq=4 frame_token=17183040285 handler=0x30631D r9=0x2B1868 stop_sentinel=0x80000 run_id=p17_hit1_20260801_144222_15364 evidence=OBSERVED"
69,133,GUEST_INDIRECT_CALL,"[GUEST_INDIRECT_CALL] module_id=3 pc=0x30667A target=0x304569 arg0=0x1E209 arg1=0x9"
70,134,FFP_GUEST_REQUEST_SAMPLE,"[FFP_GUEST_REQUEST_SAMPLE] n=4 event=0x1E209 app=0x9 r0=0x1E209 r1=0x9 r2=0x0 r3=0x0 r4=0x1E209 r5=0x9 r6=0x0 r7=0x280058 stack0=0x0 stack1=0x0 caller_pc=0x304599 caller_lr=0x304599 insn=4 ctx=0x690D04 er_digest=0x3936FB"
71,136,EVENT_TXN,"[EVENT_TXN] op=ACCEPT request_id=4 identity=0xC15442057B8F762F event=0x1E209 app=0x9 ctx=0x6AD12C payload=0x0 stack0=0x0 stack1=0x0 caller_pc=0x304599 insn=4 digest=0xFF5FCBC8 handler=0x30D311 run_id=p17_hit1_20260801_14"
72,138,PLATFORM_FAMILY_EVENT,"[PLATFORM_FAMILY_EVENT] op=ENQUEUE event=0x1E209 app=0x9 handler=0x30D311 request_id=4 owner=robotol.ext evidence=OBSERVED"
73,139,PLATFORM_FAMILY_EVENT,"[PLATFORM_FAMILY_EVENT] op=DEFER_DRAIN_TO_MAP_REDIRECT event=0x1E209 app=0x9 note=avoid_nested_emu_inside_map_func evidence=OBSERVED"
74,140,JJFB_EXTCHUNK_SLOT_CALL,"[JJFB_EXTCHUNK_SLOT_CALL] off=0x28 pc=0x280058 r0=0x1E209 r1=0x9 r2=0x0 r3=0x0 r4=0x1E209 ret=0x0 evidence=TARGET_OBSERVED"
75,141,PLATFORM_FAMILY_EVENT,"[PLATFORM_FAMILY_EVENT] op=SCHEDULE_DRAIN_OUTSIDE_HOOK cont=0x304599 queued=1 cfn_path=PLATFORM_FAMILY_CALLBACK evidence=OBSERVED"
76,142,GUEST_INDIRECT_CALL,"[GUEST_INDIRECT_CALL] module_id=3 pc=0x306762 target=0x2F9975 arg0=0x0 arg1=0x0"
77,146,CALLBACK_FRAME_RESTORE_BEGIN,"[CALLBACK_FRAME_RESTORE_BEGIN] seq=4 saved_r9=0x0 frame_token=17183040285 run_id=p17_hit1_20260801_144222_15364 evidence=OBSERVED"
78,148,CALLBACK_FRAME_RESTORE_COMPLETE,"[CALLBACK_FRAME_RESTORE_COMPLETE] seq=4 restored_r9=0x0 ok=1 frame_token=17183040285 run_id=p17_hit1_20260801_144222_15364 evidence=OBSERVED"
79,152,JJFB_LIFECYCLE,"[JJFB_LIFECYCLE] op=FIRE_DONE tick=4 ok=1 end=stop_at_base pc_after=0x80000 r0_after=0x0 r9_after=0x2B1868 sp_after=0x280000 uc_err=0 detail=- evidence=OBSERVED"
80,153,EMU_NEST,"[EMU_NEST] op=FAMILY_DRAIN_ENTER depth=1 site=drain_family_events evidence=OBSERVED"
81,155,PLATFORM_FAMILY_EVENT,"[PLATFORM_FAMILY_EVENT] op=DELIVER event=0x1E209 app=0x9 handler=0x30D311 r9=0x2B1868 r2=0x0 r3=0x0 request_id=4 evidence=OBSERVED"
82,156,EVENT_DELIVER_ENTER,"[EVENT_DELIVER_ENTER] request_id=4 handler=0x30D311 r0=0x9 r1=0x1E209 r2=0x0 r3=0x0 stack0=0x0 stack1=0x0 ctx=0x6AD12C run_id=p17_hit1_20260801_144222_15364 evidence=OBSERVED"
83,157,CALLBACK_FRAME,"[CALLBACK_FRAME] boundary=FAMILY_HANDLER_ENTER handler=0x30D311 request_id=4 stop=0x80000 r0=0x9 r1=0x1E209 r9=0x2B1868 cfn_path=PLATFORM_FAMILY_CALLBACK evidence=OBSERVED"
84,161,GUEST_INDIRECT_CALL,"[GUEST_INDIRECT_CALL] module_id=3 pc=0x30E1B0 target=0x305E19 arg0=0x1E209 arg1=0x0"
85,162,GUEST_INDIRECT_CALL,"[GUEST_INDIRECT_CALL] module_id=3 pc=0x305E32 target=0x304569 arg0=0x10133 arg1=0x1E205"
86,163,JJFB_EXTCHUNK_SLOT_CALL,"[JJFB_EXTCHUNK_SLOT_CALL] off=0x28 pc=0x280058 r0=0x10133 r1=0x1E205 r2=0x0 r3=0x0 r4=0x10133 ret=0x0 evidence=TARGET_OBSERVED"
87,164,CALLBACK_FRAME,"[CALLBACK_FRAME] boundary=FAMILY_HANDLER_LEAVE handler=0x30D311 request_id=4 end_class=REACHED_STOP reached_stop=1 pc_after=0x80000 cfn_path=PLATFORM_FAMILY_CALLBACK evidence=OBSERVED"
88,168,PLATFORM_FAMILY_EVENT,"[PLATFORM_FAMILY_EVENT] op=DELIVER_DONE ok=1 ret=0 end=stop_at_base end_class=REACHED_STOP reached_stop=1 handler=0x30D311 pc_after=0x80000 stop=0x80000 lr_after=0x304599 lim=5000000 evidence=OBSERVED"
89,170,EMU_NEST,"[EMU_NEST] op=FAMILY_DRAIN_LEAVE depth=0 site=drain_family_events evidence=OBSERVED"
90,175,PLATFORM_TIMER,"[PLATFORM_TIMER] op=FIRE_DONE ret=0 evidence=DOCUMENTED"
91,176,PLATFORM_TIMER,"[PLATFORM_TIMER] op=FIRE_DONE via=host_loop evidence=DOCUMENTED"
92,177,PLATFORM_TIMER,"[PLATFORM_TIMER] op=FIRE_CB interval=50 evidence=DOCUMENTED"
93,178,PLATFORM_TIMER,"[PLATFORM_TIMER] op=FIRE_DUE via=host_loop evidence=DOCUMENTED"
94,179,PLATFORM_TIMER,"[PLATFORM_TIMER] op=FIRE_ENTER evidence=DOCUMENTED"
95,180,PLATFORM_TIMER,"[PLATFORM_TIMER] op=FIRE_LOCKED evidence=DOCUMENTED"
96,182,JJFB_LIFECYCLE,"[JJFB_LIFECYCLE] op=FIRE tick=5 handler=0x30631D r0=0 r1=0 r9=0x2B1868 owner=robotol.ext evidence=CROSS_TARGET+docs/06"
97,184,CALLBACK_FRAME_ENTER,"[CALLBACK_FRAME_ENTER] seq=5 frame_token=21478007581 handler=0x30631D r9=0x2B1868 stop_sentinel=0x80000 run_id=p17_hit1_20260801_144222_15364 evidence=OBSERVED"
98,193,GUEST_INDIRECT_CALL,"[GUEST_INDIRECT_CALL] module_id=3 pc=0x30667A target=0x304569 arg0=0x1E209 arg1=0x9"
99,194,FFP_GUEST_REQUEST_SAMPLE,"[FFP_GUEST_REQUEST_SAMPLE] n=5 event=0x1E209 app=0x9 r0=0x1E209 r1=0x9 r2=0x0 r3=0x0 r4=0x1E209 r5=0x9 r6=0x0 r7=0x280058 stack0=0x0 stack1=0x0 caller_pc=0x304599 caller_lr=0x304599 insn=5 ctx=0x690D04 er_digest=0x3936FB"
100,196,EVENT_TXN,"[EVENT_TXN] op=ACCEPT request_id=5 identity=0xC15442057B8F762F event=0x1E209 app=0x9 ctx=0x6AD12C payload=0x0 stack0=0x0 stack1=0x0 caller_pc=0x304599 insn=5 digest=0xFF5FCBC8 handler=0x30D311 run_id=p17_hit1_20260801_14"
101,198,PLATFORM_FAMILY_EVENT,"[PLATFORM_FAMILY_EVENT] op=ENQUEUE event=0x1E209 app=0x9 handler=0x30D311 request_id=5 owner=robotol.ext evidence=OBSERVED"
102,199,PLATFORM_FAMILY_EVENT,"[PLATFORM_FAMILY_EVENT] op=DEFER_DRAIN_TO_MAP_REDIRECT event=0x1E209 app=0x9 note=avoid_nested_emu_inside_map_func evidence=OBSERVED"
103,200,JJFB_EXTCHUNK_SLOT_CALL,"[JJFB_EXTCHUNK_SLOT_CALL] off=0x28 pc=0x280058 r0=0x1E209 r1=0x9 r2=0x0 r3=0x0 r4=0x1E209 ret=0x0 evidence=TARGET_OBSERVED"
104,201,PLATFORM_FAMILY_EVENT,"[PLATFORM_FAMILY_EVENT] op=SCHEDULE_DRAIN_OUTSIDE_HOOK cont=0x304599 queued=1 cfn_path=PLATFORM_FAMILY_CALLBACK evidence=OBSERVED"
105,202,GUEST_INDIRECT_CALL,"[GUEST_INDIRECT_CALL] module_id=3 pc=0x306762 target=0x2F9975 arg0=0x0 arg1=0x0"
106,206,CALLBACK_FRAME_RESTORE_BEGIN,"[CALLBACK_FRAME_RESTORE_BEGIN] seq=5 saved_r9=0x0 frame_token=21478007581 run_id=p17_hit1_20260801_144222_15364 evidence=OBSERVED"
107,208,CALLBACK_FRAME_RESTORE_COMPLETE,"[CALLBACK_FRAME_RESTORE_COMPLETE] seq=5 restored_r9=0x0 ok=1 frame_token=21478007581 run_id=p17_hit1_20260801_144222_15364 evidence=OBSERVED"
108,212,JJFB_LIFECYCLE,"[JJFB_LIFECYCLE] op=FIRE_DONE tick=5 ok=1 end=stop_at_base pc_after=0x80000 r0_after=0x0 r9_after=0x2B1868 sp_after=0x280000 uc_err=0 detail=- evidence=OBSERVED"
109,213,EMU_NEST,"[EMU_NEST] op=FAMILY_DRAIN_ENTER depth=1 site=drain_family_events evidence=OBSERVED"
110,215,PLATFORM_FAMILY_EVENT,"[PLATFORM_FAMILY_EVENT] op=DELIVER event=0x1E209 app=0x9 handler=0x30D311 r9=0x2B1868 r2=0x0 r3=0x0 request_id=5 evidence=OBSERVED"
111,216,EVENT_DELIVER_ENTER,"[EVENT_DELIVER_ENTER] request_id=5 handler=0x30D311 r0=0x9 r1=0x1E209 r2=0x0 r3=0x0 stack0=0x0 stack1=0x0 ctx=0x6AD12C run_id=p17_hit1_20260801_144222_15364 evidence=OBSERVED"
112,217,CALLBACK_FRAME,"[CALLBACK_FRAME] boundary=FAMILY_HANDLER_ENTER handler=0x30D311 request_id=5 stop=0x80000 r0=0x9 r1=0x1E209 r9=0x2B1868 cfn_path=PLATFORM_FAMILY_CALLBACK evidence=OBSERVED"
113,221,GUEST_INDIRECT_CALL,"[GUEST_INDIRECT_CALL] module_id=3 pc=0x30E1B0 target=0x305E19 arg0=0x1E209 arg1=0x0"
114,222,GUEST_INDIRECT_CALL,"[GUEST_INDIRECT_CALL] module_id=3 pc=0x305E32 target=0x304569 arg0=0x10133 arg1=0x1E205"
115,223,JJFB_EXTCHUNK_SLOT_CALL,"[JJFB_EXTCHUNK_SLOT_CALL] off=0x28 pc=0x280058 r0=0x10133 r1=0x1E205 r2=0x0 r3=0x0 r4=0x10133 ret=0x0 evidence=TARGET_OBSERVED"
116,224,CALLBACK_FRAME,"[CALLBACK_FRAME] boundary=FAMILY_HANDLER_LEAVE handler=0x30D311 request_id=5 end_class=REACHED_STOP reached_stop=1 pc_after=0x80000 cfn_path=PLATFORM_FAMILY_CALLBACK evidence=OBSERVED"
117,228,PLATFORM_FAMILY_EVENT,"[PLATFORM_FAMILY_EVENT] op=DELIVER_DONE ok=1 ret=0 end=stop_at_base end_class=REACHED_STOP reached_stop=1 handler=0x30D311 pc_after=0x80000 stop=0x80000 lr_after=0x304599 lim=5000000 evidence=OBSERVED"
118,230,EMU_NEST,"[EMU_NEST] op=FAMILY_DRAIN_LEAVE depth=0 site=drain_family_events evidence=OBSERVED"
119,231,PLATFORM_TIMER,"[PLATFORM_TIMER] op=FIRE_DONE ret=0 evidence=DOCUMENTED"
120,232,PLATFORM_TIMER,"[PLATFORM_TIMER] op=FIRE_DONE via=host_loop evidence=DOCUMENTED"
121,233,PLATFORM_TIMER,"[PLATFORM_TIMER] op=FIRE_CB interval=50 evidence=DOCUMENTED"
122,234,PLATFORM_TIMER,"[PLATFORM_TIMER] op=FIRE_DUE via=host_loop evidence=DOCUMENTED"
123,235,PLATFORM_TIMER,"[PLATFORM_TIMER] op=FIRE_ENTER evidence=DOCUMENTED"
124,236,PLATFORM_TIMER,"[PLATFORM_TIMER] op=FIRE_LOCKED evidence=DOCUMENTED"
125,238,JJFB_LIFECYCLE,"[JJFB_LIFECYCLE] op=FIRE tick=6 handler=0x30631D r0=0 r1=0 r9=0x2B1868 owner=robotol.ext evidence=CROSS_TARGET+docs/06"
126,240,CALLBACK_FRAME_ENTER,"[CALLBACK_FRAME_ENTER] seq=6 frame_token=25772974877 handler=0x30631D r9=0x2B1868 stop_sentinel=0x80000 run_id=p17_hit1_20260801_144222_15364 evidence=OBSERVED"
127,249,GUEST_INDIRECT_CALL,"[GUEST_INDIRECT_CALL] module_id=3 pc=0x30667A target=0x304569 arg0=0x1E209 arg1=0x9"
128,250,FFP_GUEST_REQUEST_SAMPLE,"[FFP_GUEST_REQUEST_SAMPLE] n=6 event=0x1E209 app=0x9 r0=0x1E209 r1=0x9 r2=0x0 r3=0x0 r4=0x1E209 r5=0x9 r6=0x0 r7=0x280058 stack0=0x0 stack1=0x0 caller_pc=0x304599 caller_lr=0x304599 insn=6 ctx=0x690D04 er_digest=0x3936FB"
129,252,EVENT_TXN,"[EVENT_TXN] op=ACCEPT request_id=6 identity=0xC15442057B8F762F event=0x1E209 app=0x9 ctx=0x6AD12C payload=0x0 stack0=0x0 stack1=0x0 caller_pc=0x304599 insn=6 digest=0xFF5FCBC8 handler=0x30D311 run_id=p17_hit1_20260801_14"
130,254,PLATFORM_FAMILY_EVENT,"[PLATFORM_FAMILY_EVENT] op=ENQUEUE event=0x1E209 app=0x9 handler=0x30D311 request_id=6 owner=robotol.ext evidence=OBSERVED"
131,255,PLATFORM_FAMILY_EVENT,"[PLATFORM_FAMILY_EVENT] op=DEFER_DRAIN_TO_MAP_REDIRECT event=0x1E209 app=0x9 note=avoid_nested_emu_inside_map_func evidence=OBSERVED"
132,256,JJFB_EXTCHUNK_SLOT_CALL,"[JJFB_EXTCHUNK_SLOT_CALL] off=0x28 pc=0x280058 r0=0x1E209 r1=0x9 r2=0x0 r3=0x0 r4=0x1E209 ret=0x0 evidence=TARGET_OBSERVED"
133,257,PLATFORM_FAMILY_EVENT,"[PLATFORM_FAMILY_EVENT] op=SCHEDULE_DRAIN_OUTSIDE_HOOK cont=0x304599 queued=1 cfn_path=PLATFORM_FAMILY_CALLBACK evidence=OBSERVED"
134,258,GUEST_INDIRECT_CALL,"[GUEST_INDIRECT_CALL] module_id=3 pc=0x306762 target=0x2F9975 arg0=0x0 arg1=0x0"
135,262,CALLBACK_FRAME_RESTORE_BEGIN,"[CALLBACK_FRAME_RESTORE_BEGIN] seq=6 saved_r9=0x0 frame_token=25772974877 run_id=p17_hit1_20260801_144222_15364 evidence=OBSERVED"
136,264,CALLBACK_FRAME_RESTORE_COMPLETE,"[CALLBACK_FRAME_RESTORE_COMPLETE] seq=6 restored_r9=0x0 ok=1 frame_token=25772974877 run_id=p17_hit1_20260801_144222_15364 evidence=OBSERVED"
137,268,JJFB_LIFECYCLE,"[JJFB_LIFECYCLE] op=FIRE_DONE tick=6 ok=1 end=stop_at_base pc_after=0x80000 r0_after=0x0 r9_after=0x2B1868 sp_after=0x280000 uc_err=0 detail=- evidence=OBSERVED"
138,269,EMU_NEST,"[EMU_NEST] op=FAMILY_DRAIN_ENTER depth=1 site=drain_family_events evidence=OBSERVED"
139,271,PLATFORM_FAMILY_EVENT,"[PLATFORM_FAMILY_EVENT] op=DELIVER event=0x1E209 app=0x9 handler=0x30D311 r9=0x2B1868 r2=0x0 r3=0x0 request_id=6 evidence=OBSERVED"
140,272,EVENT_DELIVER_ENTER,"[EVENT_DELIVER_ENTER] request_id=6 handler=0x30D311 r0=0x9 r1=0x1E209 r2=0x0 r3=0x0 stack0=0x0 stack1=0x0 ctx=0x6AD12C run_id=p17_hit1_20260801_144222_15364 evidence=OBSERVED"
141,273,CALLBACK_FRAME,"[CALLBACK_FRAME] boundary=FAMILY_HANDLER_ENTER handler=0x30D311 request_id=6 stop=0x80000 r0=0x9 r1=0x1E209 r9=0x2B1868 cfn_path=PLATFORM_FAMILY_CALLBACK evidence=OBSERVED"
142,277,GUEST_INDIRECT_CALL,"[GUEST_INDIRECT_CALL] module_id=3 pc=0x30E1B0 target=0x305E19 arg0=0x1E209 arg1=0x0"
143,278,GUEST_INDIRECT_CALL,"[GUEST_INDIRECT_CALL] module_id=3 pc=0x305E32 target=0x304569 arg0=0x10133 arg1=0x1E205"
144,279,JJFB_EXTCHUNK_SLOT_CALL,"[JJFB_EXTCHUNK_SLOT_CALL] off=0x28 pc=0x280058 r0=0x10133 r1=0x1E205 r2=0x0 r3=0x0 r4=0x10133 ret=0x0 evidence=TARGET_OBSERVED"
145,280,CALLBACK_FRAME,"[CALLBACK_FRAME] boundary=FAMILY_HANDLER_LEAVE handler=0x30D311 request_id=6 end_class=REACHED_STOP reached_stop=1 pc_after=0x80000 cfn_path=PLATFORM_FAMILY_CALLBACK evidence=OBSERVED"
146,284,PLATFORM_FAMILY_EVENT,"[PLATFORM_FAMILY_EVENT] op=DELIVER_DONE ok=1 ret=0 end=stop_at_base end_class=REACHED_STOP reached_stop=1 handler=0x30D311 pc_after=0x80000 stop=0x80000 lr_after=0x304599 lim=5000000 evidence=OBSERVED"
147,286,EMU_NEST,"[EMU_NEST] op=FAMILY_DRAIN_LEAVE depth=0 site=drain_family_events evidence=OBSERVED"
148,287,PLATFORM_TIMER,"[PLATFORM_TIMER] op=FIRE_DONE ret=0 evidence=DOCUMENTED"
149,288,PLATFORM_TIMER,"[PLATFORM_TIMER] op=FIRE_DONE via=host_loop evidence=DOCUMENTED"
150,289,PLATFORM_TIMER,"[PLATFORM_TIMER] op=FIRE_CB interval=50 evidence=DOCUMENTED"
151,290,PLATFORM_TIMER,"[PLATFORM_TIMER] op=FIRE_DUE via=host_loop evidence=DOCUMENTED"
152,291,PLATFORM_TIMER,"[PLATFORM_TIMER] op=FIRE_ENTER evidence=DOCUMENTED"
153,292,PLATFORM_TIMER,"[PLATFORM_TIMER] op=FIRE_LOCKED evidence=DOCUMENTED"
154,294,JJFB_LIFECYCLE,"[JJFB_LIFECYCLE] op=FIRE tick=7 handler=0x30631D r0=0 r1=0 r9=0x2B1868 owner=robotol.ext evidence=CROSS_TARGET+docs/06"
155,296,CALLBACK_FRAME_ENTER,"[CALLBACK_FRAME_ENTER] seq=7 frame_token=30067942173 handler=0x30631D r9=0x2B1868 stop_sentinel=0x80000 run_id=p17_hit1_20260801_144222_15364 evidence=OBSERVED"
156,305,GUEST_INDIRECT_CALL,"[GUEST_INDIRECT_CALL] module_id=3 pc=0x30667A target=0x304569 arg0=0x1E209 arg1=0x9"
157,306,FFP_GUEST_REQUEST_SAMPLE,"[FFP_GUEST_REQUEST_SAMPLE] n=7 event=0x1E209 app=0x9 r0=0x1E209 r1=0x9 r2=0x0 r3=0x0 r4=0x1E209 r5=0x9 r6=0x0 r7=0x280058 stack0=0x0 stack1=0x0 caller_pc=0x304599 caller_lr=0x304599 insn=7 ctx=0x690D04 er_digest=0x3936FB"
158,308,EVENT_TXN,"[EVENT_TXN] op=ACCEPT request_id=7 identity=0xC15442057B8F762F event=0x1E209 app=0x9 ctx=0x6AD12C payload=0x0 stack0=0x0 stack1=0x0 caller_pc=0x304599 insn=7 digest=0xFF5FCBC8 handler=0x30D311 run_id=p17_hit1_20260801_14"
159,310,PLATFORM_FAMILY_EVENT,"[PLATFORM_FAMILY_EVENT] op=ENQUEUE event=0x1E209 app=0x9 handler=0x30D311 request_id=7 owner=robotol.ext evidence=OBSERVED"
160,311,PLATFORM_FAMILY_EVENT,"[PLATFORM_FAMILY_EVENT] op=DEFER_DRAIN_TO_MAP_REDIRECT event=0x1E209 app=0x9 note=avoid_nested_emu_inside_map_func evidence=OBSERVED"
161,312,JJFB_EXTCHUNK_SLOT_CALL,"[JJFB_EXTCHUNK_SLOT_CALL] off=0x28 pc=0x280058 r0=0x1E209 r1=0x9 r2=0x0 r3=0x0 r4=0x1E209 ret=0x0 evidence=TARGET_OBSERVED"
162,313,PLATFORM_FAMILY_EVENT,"[PLATFORM_FAMILY_EVENT] op=SCHEDULE_DRAIN_OUTSIDE_HOOK cont=0x304599 queued=1 cfn_path=PLATFORM_FAMILY_CALLBACK evidence=OBSERVED"
163,314,GUEST_INDIRECT_CALL,"[GUEST_INDIRECT_CALL] module_id=3 pc=0x306762 target=0x2F9975 arg0=0x0 arg1=0x0"
164,318,CALLBACK_FRAME_RESTORE_BEGIN,"[CALLBACK_FRAME_RESTORE_BEGIN] seq=7 saved_r9=0x0 frame_token=30067942173 run_id=p17_hit1_20260801_144222_15364 evidence=OBSERVED"
165,320,CALLBACK_FRAME_RESTORE_COMPLETE,"[CALLBACK_FRAME_RESTORE_COMPLETE] seq=7 restored_r9=0x0 ok=1 frame_token=30067942173 run_id=p17_hit1_20260801_144222_15364 evidence=OBSERVED"
166,324,JJFB_LIFECYCLE,"[JJFB_LIFECYCLE] op=FIRE_DONE tick=7 ok=1 end=stop_at_base pc_after=0x80000 r0_after=0x0 r9_after=0x2B1868 sp_after=0x280000 uc_err=0 detail=- evidence=OBSERVED"
167,325,EMU_NEST,"[EMU_NEST] op=FAMILY_DRAIN_ENTER depth=1 site=drain_family_events evidence=OBSERVED"
168,327,PLATFORM_FAMILY_EVENT,"[PLATFORM_FAMILY_EVENT] op=DELIVER event=0x1E209 app=0x9 handler=0x30D311 r9=0x2B1868 r2=0x0 r3=0x0 request_id=7 evidence=OBSERVED"
169,328,EVENT_DELIVER_ENTER,"[EVENT_DELIVER_ENTER] request_id=7 handler=0x30D311 r0=0x9 r1=0x1E209 r2=0x0 r3=0x0 stack0=0x0 stack1=0x0 ctx=0x6AD12C run_id=p17_hit1_20260801_144222_15364 evidence=OBSERVED"
170,329,CALLBACK_FRAME,"[CALLBACK_FRAME] boundary=FAMILY_HANDLER_ENTER handler=0x30D311 request_id=7 stop=0x80000 r0=0x9 r1=0x1E209 r9=0x2B1868 cfn_path=PLATFORM_FAMILY_CALLBACK evidence=OBSERVED"
171,333,GUEST_INDIRECT_CALL,"[GUEST_INDIRECT_CALL] module_id=3 pc=0x30E1B0 target=0x305E19 arg0=0x1E209 arg1=0x0"
172,334,GUEST_INDIRECT_CALL,"[GUEST_INDIRECT_CALL] module_id=3 pc=0x305E32 target=0x304569 arg0=0x10133 arg1=0x1E205"
173,335,JJFB_EXTCHUNK_SLOT_CALL,"[JJFB_EXTCHUNK_SLOT_CALL] off=0x28 pc=0x280058 r0=0x10133 r1=0x1E205 r2=0x0 r3=0x0 r4=0x10133 ret=0x0 evidence=TARGET_OBSERVED"
174,336,CALLBACK_FRAME,"[CALLBACK_FRAME] boundary=FAMILY_HANDLER_LEAVE handler=0x30D311 request_id=7 end_class=REACHED_STOP reached_stop=1 pc_after=0x80000 cfn_path=PLATFORM_FAMILY_CALLBACK evidence=OBSERVED"
175,340,PLATFORM_FAMILY_EVENT,"[PLATFORM_FAMILY_EVENT] op=DELIVER_DONE ok=1 ret=0 end=stop_at_base end_class=REACHED_STOP reached_stop=1 handler=0x30D311 pc_after=0x80000 stop=0x80000 lr_after=0x304599 lim=5000000 evidence=OBSERVED"
176,342,EMU_NEST,"[EMU_NEST] op=FAMILY_DRAIN_LEAVE depth=0 site=drain_family_events evidence=OBSERVED"
177,343,PLATFORM_TIMER,"[PLATFORM_TIMER] op=FIRE_DONE ret=0 evidence=DOCUMENTED"
178,344,PLATFORM_TIMER,"[PLATFORM_TIMER] op=FIRE_DONE via=host_loop evidence=DOCUMENTED"
179,345,PLATFORM_TIMER,"[PLATFORM_TIMER] op=FIRE_CB interval=50 evidence=DOCUMENTED"
180,346,PLATFORM_TIMER,"[PLATFORM_TIMER] op=FIRE_DUE via=host_loop evidence=DOCUMENTED"
181,347,PLATFORM_TIMER,"[PLATFORM_TIMER] op=FIRE_ENTER evidence=DOCUMENTED"
182,348,PLATFORM_TIMER,"[PLATFORM_TIMER] op=FIRE_LOCKED evidence=DOCUMENTED"
183,350,JJFB_LIFECYCLE,"[JJFB_LIFECYCLE] op=FIRE tick=8 handler=0x30631D r0=0 r1=0 r9=0x2B1868 owner=robotol.ext evidence=CROSS_TARGET+docs/06"
184,352,CALLBACK_FRAME_ENTER,"[CALLBACK_FRAME_ENTER] seq=8 frame_token=34362909469 handler=0x30631D r9=0x2B1868 stop_sentinel=0x80000 run_id=p17_hit1_20260801_144222_15364 evidence=OBSERVED"
185,361,GUEST_INDIRECT_CALL,"[GUEST_INDIRECT_CALL] module_id=3 pc=0x30667A target=0x304569 arg0=0x1E209 arg1=0x9"
186,362,FFP_GUEST_REQUEST_SAMPLE,"[FFP_GUEST_REQUEST_SAMPLE] n=8 event=0x1E209 app=0x9 r0=0x1E209 r1=0x9 r2=0x0 r3=0x0 r4=0x1E209 r5=0x9 r6=0x0 r7=0x280058 stack0=0x0 stack1=0x0 caller_pc=0x304599 caller_lr=0x304599 insn=8 ctx=0x690D04 er_digest=0x3936FB"
187,364,EVENT_TXN,"[EVENT_TXN] op=ACCEPT request_id=8 identity=0xC15442057B8F762F event=0x1E209 app=0x9 ctx=0x6AD12C payload=0x0 stack0=0x0 stack1=0x0 caller_pc=0x304599 insn=8 digest=0xFF5FCBC8 handler=0x30D311 run_id=p17_hit1_20260801_14"
188,366,PLATFORM_FAMILY_EVENT,"[PLATFORM_FAMILY_EVENT] op=ENQUEUE event=0x1E209 app=0x9 handler=0x30D311 request_id=8 owner=robotol.ext evidence=OBSERVED"
189,367,PLATFORM_FAMILY_EVENT,"[PLATFORM_FAMILY_EVENT] op=DEFER_DRAIN_TO_MAP_REDIRECT event=0x1E209 app=0x9 note=avoid_nested_emu_inside_map_func evidence=OBSERVED"
190,368,JJFB_EXTCHUNK_SLOT_CALL,"[JJFB_EXTCHUNK_SLOT_CALL] off=0x28 pc=0x280058 r0=0x1E209 r1=0x9 r2=0x0 r3=0x0 r4=0x1E209 ret=0x0 evidence=TARGET_OBSERVED"
191,369,PLATFORM_FAMILY_EVENT,"[PLATFORM_FAMILY_EVENT] op=SCHEDULE_DRAIN_OUTSIDE_HOOK cont=0x304599 queued=1 cfn_path=PLATFORM_FAMILY_CALLBACK evidence=OBSERVED"
192,370,GUEST_INDIRECT_CALL,"[GUEST_INDIRECT_CALL] module_id=3 pc=0x306762 target=0x2F9975 arg0=0x0 arg1=0x0"
193,374,CALLBACK_FRAME_RESTORE_BEGIN,"[CALLBACK_FRAME_RESTORE_BEGIN] seq=8 saved_r9=0x0 frame_token=34362909469 run_id=p17_hit1_20260801_144222_15364 evidence=OBSERVED"
194,376,CALLBACK_FRAME_RESTORE_COMPLETE,"[CALLBACK_FRAME_RESTORE_COMPLETE] seq=8 restored_r9=0x0 ok=1 frame_token=34362909469 run_id=p17_hit1_20260801_144222_15364 evidence=OBSERVED"
195,380,JJFB_LIFECYCLE,"[JJFB_LIFECYCLE] op=FIRE_DONE tick=8 ok=1 end=stop_at_base pc_after=0x80000 r0_after=0x0 r9_after=0x2B1868 sp_after=0x280000 uc_err=0 detail=- evidence=OBSERVED"
196,381,EMU_NEST,"[EMU_NEST] op=FAMILY_DRAIN_ENTER depth=1 site=drain_family_events evidence=OBSERVED"
197,383,PLATFORM_FAMILY_EVENT,"[PLATFORM_FAMILY_EVENT] op=DELIVER event=0x1E209 app=0x9 handler=0x30D311 r9=0x2B1868 r2=0x0 r3=0x0 request_id=8 evidence=OBSERVED"
198,384,EVENT_DELIVER_ENTER,"[EVENT_DELIVER_ENTER] request_id=8 handler=0x30D311 r0=0x9 r1=0x1E209 r2=0x0 r3=0x0 stack0=0x0 stack1=0x0 ctx=0x6AD12C run_id=p17_hit1_20260801_144222_15364 evidence=OBSERVED"
199,385,CALLBACK_FRAME,"[CALLBACK_FRAME] boundary=FAMILY_HANDLER_ENTER handler=0x30D311 request_id=8 stop=0x80000 r0=0x9 r1=0x1E209 r9=0x2B1868 cfn_path=PLATFORM_FAMILY_CALLBACK evidence=OBSERVED"
200,389,GUEST_INDIRECT_CALL,"[GUEST_INDIRECT_CALL] module_id=3 pc=0x30E1B0 target=0x305E19 arg0=0x1E209 arg1=0x0"
201,390,GUEST_INDIRECT_CALL,"[GUEST_INDIRECT_CALL] module_id=3 pc=0x305E32 target=0x304569 arg0=0x10133 arg1=0x1E205"
202,391,JJFB_EXTCHUNK_SLOT_CALL,"[JJFB_EXTCHUNK_SLOT_CALL] off=0x28 pc=0x280058 r0=0x10133 r1=0x1E205 r2=0x0 r3=0x0 r4=0x10133 ret=0x0 evidence=TARGET_OBSERVED"
203,392,CALLBACK_FRAME,"[CALLBACK_FRAME] boundary=FAMILY_HANDLER_LEAVE handler=0x30D311 request_id=8 end_class=REACHED_STOP reached_stop=1 pc_after=0x80000 cfn_path=PLATFORM_FAMILY_CALLBACK evidence=OBSERVED"
204,396,PLATFORM_FAMILY_EVENT,"[PLATFORM_FAMILY_EVENT] op=DELIVER_DONE ok=1 ret=0 end=stop_at_base end_class=REACHED_STOP reached_stop=1 handler=0x30D311 pc_after=0x80000 stop=0x80000 lr_after=0x304599 lim=5000000 evidence=OBSERVED"
205,398,EMU_NEST,"[EMU_NEST] op=FAMILY_DRAIN_LEAVE depth=0 site=drain_family_events evidence=OBSERVED"
206,399,PLATFORM_TIMER,"[PLATFORM_TIMER] op=FIRE_DONE ret=0 evidence=DOCUMENTED"
207,400,PLATFORM_TIMER,"[PLATFORM_TIMER] op=FIRE_DONE via=host_loop evidence=DOCUMENTED"
208,401,PLATFORM_TIMER,"[PLATFORM_TIMER] op=FIRE_CB interval=50 evidence=DOCUMENTED"
209,402,PLATFORM_TIMER,"[PLATFORM_TIMER] op=FIRE_DUE via=host_loop evidence=DOCUMENTED"
210,403,PLATFORM_TIMER,"[PLATFORM_TIMER] op=FIRE_ENTER evidence=DOCUMENTED"
211,404,PLATFORM_TIMER,"[PLATFORM_TIMER] op=FIRE_LOCKED evidence=DOCUMENTED"
212,406,JJFB_LIFECYCLE,"[JJFB_LIFECYCLE] op=FIRE tick=9 handler=0x30631D r0=0 r1=0 r9=0x2B1868 owner=robotol.ext evidence=CROSS_TARGET+docs/06"
213,408,CALLBACK_FRAME_ENTER,"[CALLBACK_FRAME_ENTER] seq=9 frame_token=38657876765 handler=0x30631D r9=0x2B1868 stop_sentinel=0x80000 run_id=p17_hit1_20260801_144222_15364 evidence=OBSERVED"
214,417,GUEST_INDIRECT_CALL,"[GUEST_INDIRECT_CALL] module_id=3 pc=0x30667A target=0x304569 arg0=0x1E209 arg1=0x9"
215,418,EVENT_TXN,"[EVENT_TXN] op=ACCEPT request_id=9 identity=0xC15442057B8F762F event=0x1E209 app=0x9 ctx=0x6AD12C payload=0x0 stack0=0x0 stack1=0x0 caller_pc=0x304599 insn=9 digest=0xFF5FCBC8 handler=0x30D311 run_id=p17_hit1_20260801_14"
216,420,PLATFORM_FAMILY_EVENT,"[PLATFORM_FAMILY_EVENT] op=ENQUEUE event=0x1E209 app=0x9 handler=0x30D311 request_id=9 owner=robotol.ext evidence=OBSERVED"
217,421,PLATFORM_FAMILY_EVENT,"[PLATFORM_FAMILY_EVENT] op=DEFER_DRAIN_TO_MAP_REDIRECT event=0x1E209 app=0x9 note=avoid_nested_emu_inside_map_func evidence=OBSERVED"
218,422,JJFB_EXTCHUNK_SLOT_CALL,"[JJFB_EXTCHUNK_SLOT_CALL] off=0x28 pc=0x280058 r0=0x1E209 r1=0x9 r2=0x0 r3=0x0 r4=0x1E209 ret=0x0 evidence=TARGET_OBSERVED"
219,423,PLATFORM_FAMILY_EVENT,"[PLATFORM_FAMILY_EVENT] op=SCHEDULE_DRAIN_OUTSIDE_HOOK cont=0x304599 queued=1 cfn_path=PLATFORM_FAMILY_CALLBACK evidence=OBSERVED"
220,424,GUEST_INDIRECT_CALL,"[GUEST_INDIRECT_CALL] module_id=3 pc=0x306762 target=0x2F9975 arg0=0x0 arg1=0x0"
221,428,CALLBACK_FRAME_RESTORE_BEGIN,"[CALLBACK_FRAME_RESTORE_BEGIN] seq=9 saved_r9=0x0 frame_token=38657876765 run_id=p17_hit1_20260801_144222_15364 evidence=OBSERVED"
222,430,CALLBACK_FRAME_RESTORE_COMPLETE,"[CALLBACK_FRAME_RESTORE_COMPLETE] seq=9 restored_r9=0x0 ok=1 frame_token=38657876765 run_id=p17_hit1_20260801_144222_15364 evidence=OBSERVED"
223,434,JJFB_LIFECYCLE,"[JJFB_LIFECYCLE] op=FIRE_DONE tick=9 ok=1 end=stop_at_base pc_after=0x80000 r0_after=0x0 r9_after=0x2B1868 sp_after=0x280000 uc_err=0 detail=- evidence=OBSERVED"
224,435,EMU_NEST,"[EMU_NEST] op=FAMILY_DRAIN_ENTER depth=1 site=drain_family_events evidence=OBSERVED"
225,437,PLATFORM_FAMILY_EVENT,"[PLATFORM_FAMILY_EVENT] op=DELIVER event=0x1E209 app=0x9 handler=0x30D311 r9=0x2B1868 r2=0x0 r3=0x0 request_id=9 evidence=OBSERVED"
226,438,EVENT_DELIVER_ENTER,"[EVENT_DELIVER_ENTER] request_id=9 handler=0x30D311 r0=0x9 r1=0x1E209 r2=0x0 r3=0x0 stack0=0x0 stack1=0x0 ctx=0x6AD12C run_id=p17_hit1_20260801_144222_15364 evidence=OBSERVED"
227,439,CALLBACK_FRAME,"[CALLBACK_FRAME] boundary=FAMILY_HANDLER_ENTER handler=0x30D311 request_id=9 stop=0x80000 r0=0x9 r1=0x1E209 r9=0x2B1868 cfn_path=PLATFORM_FAMILY_CALLBACK evidence=OBSERVED"
228,443,GUEST_INDIRECT_CALL,"[GUEST_INDIRECT_CALL] module_id=3 pc=0x30E1B0 target=0x305E19 arg0=0x1E209 arg1=0x0"
229,444,GUEST_INDIRECT_CALL,"[GUEST_INDIRECT_CALL] module_id=3 pc=0x305E32 target=0x304569 arg0=0x10133 arg1=0x1E205"
230,445,JJFB_EXTCHUNK_SLOT_CALL,"[JJFB_EXTCHUNK_SLOT_CALL] off=0x28 pc=0x280058 r0=0x10133 r1=0x1E205 r2=0x0 r3=0x0 r4=0x10133 ret=0x0 evidence=TARGET_OBSERVED"
231,446,CALLBACK_FRAME,"[CALLBACK_FRAME] boundary=FAMILY_HANDLER_LEAVE handler=0x30D311 request_id=9 end_class=REACHED_STOP reached_stop=1 pc_after=0x80000 cfn_path=PLATFORM_FAMILY_CALLBACK evidence=OBSERVED"
232,450,PLATFORM_FAMILY_EVENT,"[PLATFORM_FAMILY_EVENT] op=DELIVER_DONE ok=1 ret=0 end=stop_at_base end_class=REACHED_STOP reached_stop=1 handler=0x30D311 pc_after=0x80000 stop=0x80000 lr_after=0x304599 lim=5000000 evidence=OBSERVED"
233,452,EMU_NEST,"[EMU_NEST] op=FAMILY_DRAIN_LEAVE depth=0 site=drain_family_events evidence=OBSERVED"
234,453,PLATFORM_TIMER,"[PLATFORM_TIMER] op=FIRE_DONE ret=0 evidence=DOCUMENTED"
235,454,PLATFORM_TIMER,"[PLATFORM_TIMER] op=FIRE_DONE via=host_loop evidence=DOCUMENTED"
236,455,PLATFORM_TIMER,"[PLATFORM_TIMER] op=FIRE_CB interval=50 evidence=DOCUMENTED"
237,456,PLATFORM_TIMER,"[PLATFORM_TIMER] op=FIRE_DUE via=host_loop evidence=DOCUMENTED"
238,457,PLATFORM_TIMER,"[PLATFORM_TIMER] op=FIRE_ENTER evidence=DOCUMENTED"
239,458,PLATFORM_TIMER,"[PLATFORM_TIMER] op=FIRE_LOCKED evidence=DOCUMENTED"
240,460,JJFB_LIFECYCLE,"[JJFB_LIFECYCLE] op=FIRE tick=10 handler=0x30631D r0=0 r1=0 r9=0x2B1868 owner=robotol.ext evidence=CROSS_TARGET+docs/06"
241,462,CALLBACK_FRAME_ENTER,"[CALLBACK_FRAME_ENTER] seq=10 frame_token=42952844061 handler=0x30631D r9=0x2B1868 stop_sentinel=0x80000 run_id=p17_hit1_20260801_144222_15364 evidence=OBSERVED"
242,471,GUEST_INDIRECT_CALL,"[GUEST_INDIRECT_CALL] module_id=3 pc=0x30667A target=0x304569 arg0=0x1E209 arg1=0x9"
243,472,EVENT_TXN,"[EVENT_TXN] op=ACCEPT request_id=10 identity=0xC15442057B8F762F event=0x1E209 app=0x9 ctx=0x6AD12C payload=0x0 stack0=0x0 stack1=0x0 caller_pc=0x304599 insn=10 digest=0xFF5FCBC8 handler=0x30D311 run_id=p17_hit1_20260801_"
244,474,PLATFORM_FAMILY_EVENT,"[PLATFORM_FAMILY_EVENT] op=ENQUEUE event=0x1E209 app=0x9 handler=0x30D311 request_id=10 owner=robotol.ext evidence=OBSERVED"
245,475,PLATFORM_FAMILY_EVENT,"[PLATFORM_FAMILY_EVENT] op=DEFER_DRAIN_TO_MAP_REDIRECT event=0x1E209 app=0x9 note=avoid_nested_emu_inside_map_func evidence=OBSERVED"
246,476,JJFB_EXTCHUNK_SLOT_CALL,"[JJFB_EXTCHUNK_SLOT_CALL] off=0x28 pc=0x280058 r0=0x1E209 r1=0x9 r2=0x0 r3=0x0 r4=0x1E209 ret=0x0 evidence=TARGET_OBSERVED"
247,477,PLATFORM_FAMILY_EVENT,"[PLATFORM_FAMILY_EVENT] op=SCHEDULE_DRAIN_OUTSIDE_HOOK cont=0x304599 queued=1 cfn_path=PLATFORM_FAMILY_CALLBACK evidence=OBSERVED"
248,478,GUEST_INDIRECT_CALL,"[GUEST_INDIRECT_CALL] module_id=3 pc=0x306762 target=0x2F9975 arg0=0x0 arg1=0x0"
249,482,CALLBACK_FRAME_RESTORE_BEGIN,"[CALLBACK_FRAME_RESTORE_BEGIN] seq=10 saved_r9=0x0 frame_token=42952844061 run_id=p17_hit1_20260801_144222_15364 evidence=OBSERVED"
250,484,CALLBACK_FRAME_RESTORE_COMPLETE,"[CALLBACK_FRAME_RESTORE_COMPLETE] seq=10 restored_r9=0x0 ok=1 frame_token=42952844061 run_id=p17_hit1_20260801_144222_15364 evidence=OBSERVED"
251,488,JJFB_LIFECYCLE,"[JJFB_LIFECYCLE] op=FIRE_DONE tick=10 ok=1 end=stop_at_base pc_after=0x80000 r0_after=0x0 r9_after=0x2B1868 sp_after=0x280000 uc_err=0 detail=- evidence=OBSERVED"
252,489,TIMER_CADENCE_VERDICT,"[TIMER_CADENCE_VERDICT] verdict=TIMER_CADENCE_VALID deliveries=10 duplicates=0 max_outstanding=1 run_id=p17_hit1_20260801_144222_15364 evidence=OBSERVED"
253,490,EMU_NEST,"[EMU_NEST] op=FAMILY_DRAIN_ENTER depth=1 site=drain_family_events evidence=OBSERVED"
254,492,PLATFORM_FAMILY_EVENT,"[PLATFORM_FAMILY_EVENT] op=DELIVER event=0x1E209 app=0x9 handler=0x30D311 r9=0x2B1868 r2=0x0 r3=0x0 request_id=10 evidence=OBSERVED"
255,493,EVENT_DELIVER_ENTER,"[EVENT_DELIVER_ENTER] request_id=10 handler=0x30D311 r0=0x9 r1=0x1E209 r2=0x0 r3=0x0 stack0=0x0 stack1=0x0 ctx=0x6AD12C run_id=p17_hit1_20260801_144222_15364 evidence=OBSERVED"
256,494,CALLBACK_FRAME,"[CALLBACK_FRAME] boundary=FAMILY_HANDLER_ENTER handler=0x30D311 request_id=10 stop=0x80000 r0=0x9 r1=0x1E209 r9=0x2B1868 cfn_path=PLATFORM_FAMILY_CALLBACK evidence=OBSERVED"
257,498,GUEST_INDIRECT_CALL,"[GUEST_INDIRECT_CALL] module_id=3 pc=0x30E1B0 target=0x305E19 arg0=0x1E209 arg1=0x0"
258,499,GUEST_INDIRECT_CALL,"[GUEST_INDIRECT_CALL] module_id=3 pc=0x305E32 target=0x304569 arg0=0x10133 arg1=0x1E205"
259,500,JJFB_EXTCHUNK_SLOT_CALL,"[JJFB_EXTCHUNK_SLOT_CALL] off=0x28 pc=0x280058 r0=0x10133 r1=0x1E205 r2=0x0 r3=0x0 r4=0x10133 ret=0x0 evidence=TARGET_OBSERVED"
260,501,CALLBACK_FRAME,"[CALLBACK_FRAME] boundary=FAMILY_HANDLER_LEAVE handler=0x30D311 request_id=10 end_class=REACHED_STOP reached_stop=1 pc_after=0x80000 cfn_path=PLATFORM_FAMILY_CALLBACK evidence=OBSERVED"
261,505,PLATFORM_FAMILY_EVENT,"[PLATFORM_FAMILY_EVENT] op=DELIVER_DONE ok=1 ret=0 end=stop_at_base end_class=REACHED_STOP reached_stop=1 handler=0x30D311 pc_after=0x80000 stop=0x80000 lr_after=0x304599 lim=5000000 evidence=OBSERVED"
262,507,EMU_NEST,"[EMU_NEST] op=FAMILY_DRAIN_LEAVE depth=0 site=drain_family_events evidence=OBSERVED"
263,508,PLATFORM_TIMER,"[PLATFORM_TIMER] op=FIRE_DONE ret=0 evidence=DOCUMENTED"
264,509,PLATFORM_TIMER,"[PLATFORM_TIMER] op=FIRE_DONE via=host_loop evidence=DOCUMENTED"
265,510,PLATFORM_TIMER,"[PLATFORM_TIMER] op=FIRE_CB interval=50 evidence=DOCUMENTED"
266,511,PLATFORM_TIMER,"[PLATFORM_TIMER] op=FIRE_DUE via=host_loop evidence=DOCUMENTED"
267,512,PLATFORM_TIMER,"[PLATFORM_TIMER] op=FIRE_ENTER evidence=DOCUMENTED"
268,513,PLATFORM_TIMER,"[PLATFORM_TIMER] op=FIRE_LOCKED evidence=DOCUMENTED"
269,515,JJFB_LIFECYCLE,"[JJFB_LIFECYCLE] op=FIRE tick=11 handler=0x30631D r0=0 r1=0 r9=0x2B1868 owner=robotol.ext evidence=CROSS_TARGET+docs/06"
270,517,CALLBACK_FRAME_ENTER,"[CALLBACK_FRAME_ENTER] seq=11 frame_token=47247811357 handler=0x30631D r9=0x2B1868 stop_sentinel=0x80000 run_id=p17_hit1_20260801_144222_15364 evidence=OBSERVED"
271,526,GUEST_INDIRECT_CALL,"[GUEST_INDIRECT_CALL] module_id=3 pc=0x30667A target=0x304569 arg0=0x1E209 arg1=0x9"
272,527,EVENT_TXN,"[EVENT_TXN] op=ACCEPT request_id=11 identity=0xC15442057B8F762F event=0x1E209 app=0x9 ctx=0x6AD12C payload=0x0 stack0=0x0 stack1=0x0 caller_pc=0x304599 insn=11 digest=0xFF5FCBC8 handler=0x30D311 run_id=p17_hit1_20260801_"
273,529,PLATFORM_FAMILY_EVENT,"[PLATFORM_FAMILY_EVENT] op=ENQUEUE event=0x1E209 app=0x9 handler=0x30D311 request_id=11 owner=robotol.ext evidence=OBSERVED"
274,530,PLATFORM_FAMILY_EVENT,"[PLATFORM_FAMILY_EVENT] op=DEFER_DRAIN_TO_MAP_REDIRECT event=0x1E209 app=0x9 note=avoid_nested_emu_inside_map_func evidence=OBSERVED"
275,531,JJFB_EXTCHUNK_SLOT_CALL,"[JJFB_EXTCHUNK_SLOT_CALL] off=0x28 pc=0x280058 r0=0x1E209 r1=0x9 r2=0x0 r3=0x0 r4=0x1E209 ret=0x0 evidence=TARGET_OBSERVED"
276,532,PLATFORM_FAMILY_EVENT,"[PLATFORM_FAMILY_EVENT] op=SCHEDULE_DRAIN_OUTSIDE_HOOK cont=0x304599 queued=1 cfn_path=PLATFORM_FAMILY_CALLBACK evidence=OBSERVED"
277,533,GUEST_INDIRECT_CALL,"[GUEST_INDIRECT_CALL] module_id=3 pc=0x306762 target=0x2F9975 arg0=0x0 arg1=0x0"
278,537,CALLBACK_FRAME_RESTORE_BEGIN,"[CALLBACK_FRAME_RESTORE_BEGIN] seq=11 saved_r9=0x0 frame_token=47247811357 run_id=p17_hit1_20260801_144222_15364 evidence=OBSERVED"
279,539,CALLBACK_FRAME_RESTORE_COMPLETE,"[CALLBACK_FRAME_RESTORE_COMPLETE] seq=11 restored_r9=0x0 ok=1 frame_token=47247811357 run_id=p17_hit1_20260801_144222_15364 evidence=OBSERVED"
280,543,JJFB_LIFECYCLE,"[JJFB_LIFECYCLE] op=FIRE_DONE tick=11 ok=1 end=stop_at_base pc_after=0x80000 r0_after=0x0 r9_after=0x2B1868 sp_after=0x280000 uc_err=0 detail=- evidence=OBSERVED"
281,544,EMU_NEST,"[EMU_NEST] op=FAMILY_DRAIN_ENTER depth=1 site=drain_family_events evidence=OBSERVED"
282,546,PLATFORM_FAMILY_EVENT,"[PLATFORM_FAMILY_EVENT] op=DELIVER event=0x1E209 app=0x9 handler=0x30D311 r9=0x2B1868 r2=0x0 r3=0x0 request_id=11 evidence=OBSERVED"
283,547,EVENT_DELIVER_ENTER,"[EVENT_DELIVER_ENTER] request_id=11 handler=0x30D311 r0=0x9 r1=0x1E209 r2=0x0 r3=0x0 stack0=0x0 stack1=0x0 ctx=0x6AD12C run_id=p17_hit1_20260801_144222_15364 evidence=OBSERVED"
284,548,CALLBACK_FRAME,"[CALLBACK_FRAME] boundary=FAMILY_HANDLER_ENTER handler=0x30D311 request_id=11 stop=0x80000 r0=0x9 r1=0x1E209 r9=0x2B1868 cfn_path=PLATFORM_FAMILY_CALLBACK evidence=OBSERVED"
285,552,GUEST_INDIRECT_CALL,"[GUEST_INDIRECT_CALL] module_id=3 pc=0x30E1B0 target=0x305E19 arg0=0x1E209 arg1=0x0"
286,553,GUEST_INDIRECT_CALL,"[GUEST_INDIRECT_CALL] module_id=3 pc=0x305E32 target=0x304569 arg0=0x10133 arg1=0x1E205"
287,554,JJFB_EXTCHUNK_SLOT_CALL,"[JJFB_EXTCHUNK_SLOT_CALL] off=0x28 pc=0x280058 r0=0x10133 r1=0x1E205 r2=0x0 r3=0x0 r4=0x10133 ret=0x0 evidence=TARGET_OBSERVED"
288,555,CALLBACK_FRAME,"[CALLBACK_FRAME] boundary=FAMILY_HANDLER_LEAVE handler=0x30D311 request_id=11 end_class=REACHED_STOP reached_stop=1 pc_after=0x80000 cfn_path=PLATFORM_FAMILY_CALLBACK evidence=OBSERVED"
289,559,PLATFORM_FAMILY_EVENT,"[PLATFORM_FAMILY_EVENT] op=DELIVER_DONE ok=1 ret=0 end=stop_at_base end_class=REACHED_STOP reached_stop=1 handler=0x30D311 pc_after=0x80000 stop=0x80000 lr_after=0x304599 lim=5000000 evidence=OBSERVED"
290,561,EMU_NEST,"[EMU_NEST] op=FAMILY_DRAIN_LEAVE depth=0 site=drain_family_events evidence=OBSERVED"
291,562,PLATFORM_TIMER,"[PLATFORM_TIMER] op=FIRE_DONE ret=0 evidence=DOCUMENTED"
292,563,PLATFORM_TIMER,"[PLATFORM_TIMER] op=FIRE_DONE via=host_loop evidence=DOCUMENTED"
293,564,PLATFORM_TIMER,"[PLATFORM_TIMER] op=FIRE_CB interval=50 evidence=DOCUMENTED"
294,565,PLATFORM_TIMER,"[PLATFORM_TIMER] op=FIRE_DUE via=host_loop evidence=DOCUMENTED"
295,566,PLATFORM_TIMER,"[PLATFORM_TIMER] op=FIRE_ENTER evidence=DOCUMENTED"
296,567,PLATFORM_TIMER,"[PLATFORM_TIMER] op=FIRE_LOCKED evidence=DOCUMENTED"
297,569,JJFB_LIFECYCLE,"[JJFB_LIFECYCLE] op=FIRE tick=12 handler=0x30631D r0=0 r1=0 r9=0x2B1868 owner=robotol.ext evidence=CROSS_TARGET+docs/06"
298,571,CALLBACK_FRAME_ENTER,"[CALLBACK_FRAME_ENTER] seq=12 frame_token=51542778653 handler=0x30631D r9=0x2B1868 stop_sentinel=0x80000 run_id=p17_hit1_20260801_144222_15364 evidence=OBSERVED"
299,580,GUEST_INDIRECT_CALL,"[GUEST_INDIRECT_CALL] module_id=3 pc=0x30667A target=0x304569 arg0=0x1E209 arg1=0x9"
300,581,EVENT_TXN,"[EVENT_TXN] op=ACCEPT request_id=12 identity=0xC15442057B8F762F event=0x1E209 app=0x9 ctx=0x6AD12C payload=0x0 stack0=0x0 stack1=0x0 caller_pc=0x304599 insn=12 digest=0xFF5FCBC8 handler=0x30D311 run_id=p17_hit1_20260801_"
301,583,PLATFORM_FAMILY_EVENT,"[PLATFORM_FAMILY_EVENT] op=ENQUEUE event=0x1E209 app=0x9 handler=0x30D311 request_id=12 owner=robotol.ext evidence=OBSERVED"
302,584,PLATFORM_FAMILY_EVENT,"[PLATFORM_FAMILY_EVENT] op=DEFER_DRAIN_TO_MAP_REDIRECT event=0x1E209 app=0x9 note=avoid_nested_emu_inside_map_func evidence=OBSERVED"
303,585,JJFB_EXTCHUNK_SLOT_CALL,"[JJFB_EXTCHUNK_SLOT_CALL] off=0x28 pc=0x280058 r0=0x1E209 r1=0x9 r2=0x0 r3=0x0 r4=0x1E209 ret=0x0 evidence=TARGET_OBSERVED"
304,586,PLATFORM_FAMILY_EVENT,"[PLATFORM_FAMILY_EVENT] op=SCHEDULE_DRAIN_OUTSIDE_HOOK cont=0x304599 queued=1 cfn_path=PLATFORM_FAMILY_CALLBACK evidence=OBSERVED"
305,587,GUEST_INDIRECT_CALL,"[GUEST_INDIRECT_CALL] module_id=3 pc=0x306762 target=0x2F9975 arg0=0x0 arg1=0x0"
306,591,CALLBACK_FRAME_RESTORE_BEGIN,"[CALLBACK_FRAME_RESTORE_BEGIN] seq=12 saved_r9=0x0 frame_token=51542778653 run_id=p17_hit1_20260801_144222_15364 evidence=OBSERVED"
307,593,CALLBACK_FRAME_RESTORE_COMPLETE,"[CALLBACK_FRAME_RESTORE_COMPLETE] seq=12 restored_r9=0x0 ok=1 frame_token=51542778653 run_id=p17_hit1_20260801_144222_15364 evidence=OBSERVED"
308,597,JJFB_LIFECYCLE,"[JJFB_LIFECYCLE] op=FIRE_DONE tick=12 ok=1 end=stop_at_base pc_after=0x80000 r0_after=0x0 r9_after=0x2B1868 sp_after=0x280000 uc_err=0 detail=- evidence=OBSERVED"
309,598,EMU_NEST,"[EMU_NEST] op=FAMILY_DRAIN_ENTER depth=1 site=drain_family_events evidence=OBSERVED"
310,600,PLATFORM_FAMILY_EVENT,"[PLATFORM_FAMILY_EVENT] op=DELIVER event=0x1E209 app=0x9 handler=0x30D311 r9=0x2B1868 r2=0x0 r3=0x0 request_id=12 evidence=OBSERVED"
311,601,EVENT_DELIVER_ENTER,"[EVENT_DELIVER_ENTER] request_id=12 handler=0x30D311 r0=0x9 r1=0x1E209 r2=0x0 r3=0x0 stack0=0x0 stack1=0x0 ctx=0x6AD12C run_id=p17_hit1_20260801_144222_15364 evidence=OBSERVED"
312,602,CALLBACK_FRAME,"[CALLBACK_FRAME] boundary=FAMILY_HANDLER_ENTER handler=0x30D311 request_id=12 stop=0x80000 r0=0x9 r1=0x1E209 r9=0x2B1868 cfn_path=PLATFORM_FAMILY_CALLBACK evidence=OBSERVED"
313,606,GUEST_INDIRECT_CALL,"[GUEST_INDIRECT_CALL] module_id=3 pc=0x30E1B0 target=0x305E19 arg0=0x1E209 arg1=0x0"
314,607,GUEST_INDIRECT_CALL,"[GUEST_INDIRECT_CALL] module_id=3 pc=0x305E32 target=0x304569 arg0=0x10133 arg1=0x1E205"
315,608,JJFB_EXTCHUNK_SLOT_CALL,"[JJFB_EXTCHUNK_SLOT_CALL] off=0x28 pc=0x280058 r0=0x10133 r1=0x1E205 r2=0x0 r3=0x0 r4=0x10133 ret=0x0 evidence=TARGET_OBSERVED"
316,609,CALLBACK_FRAME,"[CALLBACK_FRAME] boundary=FAMILY_HANDLER_LEAVE handler=0x30D311 request_id=12 end_class=REACHED_STOP reached_stop=1 pc_after=0x80000 cfn_path=PLATFORM_FAMILY_CALLBACK evidence=OBSERVED"
317,613,PLATFORM_FAMILY_EVENT,"[PLATFORM_FAMILY_EVENT] op=DELIVER_DONE ok=1 ret=0 end=stop_at_base end_class=REACHED_STOP reached_stop=1 handler=0x30D311 pc_after=0x80000 stop=0x80000 lr_after=0x304599 lim=5000000 evidence=OBSERVED"
318,615,EMU_NEST,"[EMU_NEST] op=FAMILY_DRAIN_LEAVE depth=0 site=drain_family_events evidence=OBSERVED"
319,616,PLATFORM_TIMER,"[PLATFORM_TIMER] op=FIRE_DONE ret=0 evidence=DOCUMENTED"
320,617,PLATFORM_TIMER,"[PLATFORM_TIMER] op=FIRE_DONE via=host_loop evidence=DOCUMENTED"
321,618,PLATFORM_TIMER,"[PLATFORM_TIMER] op=FIRE_CB interval=50 evidence=DOCUMENTED"
322,619,PLATFORM_TIMER,"[PLATFORM_TIMER] op=FIRE_DUE via=host_loop evidence=DOCUMENTED"
323,620,PLATFORM_TIMER,"[PLATFORM_TIMER] op=FIRE_ENTER evidence=DOCUMENTED"
324,621,PLATFORM_TIMER,"[PLATFORM_TIMER] op=FIRE_LOCKED evidence=DOCUMENTED"
325,623,JJFB_LIFECYCLE,"[JJFB_LIFECYCLE] op=FIRE tick=13 handler=0x30631D r0=0 r1=0 r9=0x2B1868 owner=robotol.ext evidence=CROSS_TARGET+docs/06"
326,625,CALLBACK_FRAME_ENTER,"[CALLBACK_FRAME_ENTER] seq=13 frame_token=55837745949 handler=0x30631D r9=0x2B1868 stop_sentinel=0x80000 run_id=p17_hit1_20260801_144222_15364 evidence=OBSERVED"
327,634,GUEST_INDIRECT_CALL,"[GUEST_INDIRECT_CALL] module_id=3 pc=0x30667A target=0x304569 arg0=0x1E209 arg1=0x9"
328,635,EVENT_TXN,"[EVENT_TXN] op=ACCEPT request_id=13 identity=0xC15442057B8F762F event=0x1E209 app=0x9 ctx=0x6AD12C payload=0x0 stack0=0x0 stack1=0x0 caller_pc=0x304599 insn=13 digest=0xFF5FCBC8 handler=0x30D311 run_id=p17_hit1_20260801_"
329,637,PLATFORM_FAMILY_EVENT,"[PLATFORM_FAMILY_EVENT] op=ENQUEUE event=0x1E209 app=0x9 handler=0x30D311 request_id=13 owner=robotol.ext evidence=OBSERVED"
330,638,PLATFORM_FAMILY_EVENT,"[PLATFORM_FAMILY_EVENT] op=DEFER_DRAIN_TO_MAP_REDIRECT event=0x1E209 app=0x9 note=avoid_nested_emu_inside_map_func evidence=OBSERVED"
331,639,JJFB_EXTCHUNK_SLOT_CALL,"[JJFB_EXTCHUNK_SLOT_CALL] off=0x28 pc=0x280058 r0=0x1E209 r1=0x9 r2=0x0 r3=0x0 r4=0x1E209 ret=0x0 evidence=TARGET_OBSERVED"
332,640,PLATFORM_FAMILY_EVENT,"[PLATFORM_FAMILY_EVENT] op=SCHEDULE_DRAIN_OUTSIDE_HOOK cont=0x304599 queued=1 cfn_path=PLATFORM_FAMILY_CALLBACK evidence=OBSERVED"
333,641,GUEST_INDIRECT_CALL,"[GUEST_INDIRECT_CALL] module_id=3 pc=0x306762 target=0x2F9975 arg0=0x0 arg1=0x0"
334,645,CALLBACK_FRAME_RESTORE_BEGIN,"[CALLBACK_FRAME_RESTORE_BEGIN] seq=13 saved_r9=0x0 frame_token=55837745949 run_id=p17_hit1_20260801_144222_15364 evidence=OBSERVED"
335,647,CALLBACK_FRAME_RESTORE_COMPLETE,"[CALLBACK_FRAME_RESTORE_COMPLETE] seq=13 restored_r9=0x0 ok=1 frame_token=55837745949 run_id=p17_hit1_20260801_144222_15364 evidence=OBSERVED"
336,651,JJFB_LIFECYCLE,"[JJFB_LIFECYCLE] op=FIRE_DONE tick=13 ok=1 end=stop_at_base pc_after=0x80000 r0_after=0x0 r9_after=0x2B1868 sp_after=0x280000 uc_err=0 detail=- evidence=OBSERVED"
337,652,EMU_NEST,"[EMU_NEST] op=FAMILY_DRAIN_ENTER depth=1 site=drain_family_events evidence=OBSERVED"
338,654,PLATFORM_FAMILY_EVENT,"[PLATFORM_FAMILY_EVENT] op=DELIVER event=0x1E209 app=0x9 handler=0x30D311 r9=0x2B1868 r2=0x0 r3=0x0 request_id=13 evidence=OBSERVED"
339,655,EVENT_DELIVER_ENTER,"[EVENT_DELIVER_ENTER] request_id=13 handler=0x30D311 r0=0x9 r1=0x1E209 r2=0x0 r3=0x0 stack0=0x0 stack1=0x0 ctx=0x6AD12C run_id=p17_hit1_20260801_144222_15364 evidence=OBSERVED"
340,656,CALLBACK_FRAME,"[CALLBACK_FRAME] boundary=FAMILY_HANDLER_ENTER handler=0x30D311 request_id=13 stop=0x80000 r0=0x9 r1=0x1E209 r9=0x2B1868 cfn_path=PLATFORM_FAMILY_CALLBACK evidence=OBSERVED"
341,660,GUEST_INDIRECT_CALL,"[GUEST_INDIRECT_CALL] module_id=3 pc=0x30E1B0 target=0x305E19 arg0=0x1E209 arg1=0x0"
342,661,GUEST_INDIRECT_CALL,"[GUEST_INDIRECT_CALL] module_id=3 pc=0x305E32 target=0x304569 arg0=0x10133 arg1=0x1E205"
343,662,JJFB_EXTCHUNK_SLOT_CALL,"[JJFB_EXTCHUNK_SLOT_CALL] off=0x28 pc=0x280058 r0=0x10133 r1=0x1E205 r2=0x0 r3=0x0 r4=0x10133 ret=0x0 evidence=TARGET_OBSERVED"
344,663,CALLBACK_FRAME,"[CALLBACK_FRAME] boundary=FAMILY_HANDLER_LEAVE handler=0x30D311 request_id=13 end_class=REACHED_STOP reached_stop=1 pc_after=0x80000 cfn_path=PLATFORM_FAMILY_CALLBACK evidence=OBSERVED"
345,667,PLATFORM_FAMILY_EVENT,"[PLATFORM_FAMILY_EVENT] op=DELIVER_DONE ok=1 ret=0 end=stop_at_base end_class=REACHED_STOP reached_stop=1 handler=0x30D311 pc_after=0x80000 stop=0x80000 lr_after=0x304599 lim=5000000 evidence=OBSERVED"
346,669,EMU_NEST,"[EMU_NEST] op=FAMILY_DRAIN_LEAVE depth=0 site=drain_family_events evidence=OBSERVED"
347,670,PLATFORM_TIMER,"[PLATFORM_TIMER] op=FIRE_DONE ret=0 evidence=DOCUMENTED"
348,671,PLATFORM_TIMER,"[PLATFORM_TIMER] op=FIRE_DONE via=host_loop evidence=DOCUMENTED"
349,672,PLATFORM_TIMER,"[PLATFORM_TIMER] op=FIRE_CB interval=50 evidence=DOCUMENTED"
350,673,PLATFORM_TIMER,"[PLATFORM_TIMER] op=FIRE_DUE via=host_loop evidence=DOCUMENTED"
351,674,PLATFORM_TIMER,"[PLATFORM_TIMER] op=FIRE_ENTER evidence=DOCUMENTED"
352,675,PLATFORM_TIMER,"[PLATFORM_TIMER] op=FIRE_LOCKED evidence=DOCUMENTED"
353,677,JJFB_LIFECYCLE,"[JJFB_LIFECYCLE] op=FIRE tick=14 handler=0x30631D r0=0 r1=0 r9=0x2B1868 owner=robotol.ext evidence=CROSS_TARGET+docs/06"
354,679,CALLBACK_FRAME_ENTER,"[CALLBACK_FRAME_ENTER] seq=14 frame_token=60132713245 handler=0x30631D r9=0x2B1868 stop_sentinel=0x80000 run_id=p17_hit1_20260801_144222_15364 evidence=OBSERVED"
355,688,GUEST_INDIRECT_CALL,"[GUEST_INDIRECT_CALL] module_id=3 pc=0x30667A target=0x304569 arg0=0x1E209 arg1=0x9"
356,689,EVENT_TXN,"[EVENT_TXN] op=ACCEPT request_id=14 identity=0xC15442057B8F762F event=0x1E209 app=0x9 ctx=0x6AD12C payload=0x0 stack0=0x0 stack1=0x0 caller_pc=0x304599 insn=14 digest=0xFF5FCBC8 handler=0x30D311 run_id=p17_hit1_20260801_"
357,691,PLATFORM_FAMILY_EVENT,"[PLATFORM_FAMILY_EVENT] op=ENQUEUE event=0x1E209 app=0x9 handler=0x30D311 request_id=14 owner=robotol.ext evidence=OBSERVED"
358,692,PLATFORM_FAMILY_EVENT,"[PLATFORM_FAMILY_EVENT] op=DEFER_DRAIN_TO_MAP_REDIRECT event=0x1E209 app=0x9 note=avoid_nested_emu_inside_map_func evidence=OBSERVED"
359,693,JJFB_EXTCHUNK_SLOT_CALL,"[JJFB_EXTCHUNK_SLOT_CALL] off=0x28 pc=0x280058 r0=0x1E209 r1=0x9 r2=0x0 r3=0x0 r4=0x1E209 ret=0x0 evidence=TARGET_OBSERVED"
360,694,PLATFORM_FAMILY_EVENT,"[PLATFORM_FAMILY_EVENT] op=SCHEDULE_DRAIN_OUTSIDE_HOOK cont=0x304599 queued=1 cfn_path=PLATFORM_FAMILY_CALLBACK evidence=OBSERVED"
361,695,GUEST_INDIRECT_CALL,"[GUEST_INDIRECT_CALL] module_id=3 pc=0x306762 target=0x2F9975 arg0=0x0 arg1=0x0"
362,699,CALLBACK_FRAME_RESTORE_BEGIN,"[CALLBACK_FRAME_RESTORE_BEGIN] seq=14 saved_r9=0x0 frame_token=60132713245 run_id=p17_hit1_20260801_144222_15364 evidence=OBSERVED"
363,701,CALLBACK_FRAME_RESTORE_COMPLETE,"[CALLBACK_FRAME_RESTORE_COMPLETE] seq=14 restored_r9=0x0 ok=1 frame_token=60132713245 run_id=p17_hit1_20260801_144222_15364 evidence=OBSERVED"
364,705,JJFB_LIFECYCLE,"[JJFB_LIFECYCLE] op=FIRE_DONE tick=14 ok=1 end=stop_at_base pc_after=0x80000 r0_after=0x0 r9_after=0x2B1868 sp_after=0x280000 uc_err=0 detail=- evidence=OBSERVED"
365,706,EMU_NEST,"[EMU_NEST] op=FAMILY_DRAIN_ENTER depth=1 site=drain_family_events evidence=OBSERVED"
366,708,PLATFORM_FAMILY_EVENT,"[PLATFORM_FAMILY_EVENT] op=DELIVER event=0x1E209 app=0x9 handler=0x30D311 r9=0x2B1868 r2=0x0 r3=0x0 request_id=14 evidence=OBSERVED"
367,709,EVENT_DELIVER_ENTER,"[EVENT_DELIVER_ENTER] request_id=14 handler=0x30D311 r0=0x9 r1=0x1E209 r2=0x0 r3=0x0 stack0=0x0 stack1=0x0 ctx=0x6AD12C run_id=p17_hit1_20260801_144222_15364 evidence=OBSERVED"
368,710,CALLBACK_FRAME,"[CALLBACK_FRAME] boundary=FAMILY_HANDLER_ENTER handler=0x30D311 request_id=14 stop=0x80000 r0=0x9 r1=0x1E209 r9=0x2B1868 cfn_path=PLATFORM_FAMILY_CALLBACK evidence=OBSERVED"
369,714,GUEST_INDIRECT_CALL,"[GUEST_INDIRECT_CALL] module_id=3 pc=0x30E1B0 target=0x305E19 arg0=0x1E209 arg1=0x0"
370,715,GUEST_INDIRECT_CALL,"[GUEST_INDIRECT_CALL] module_id=3 pc=0x305E32 target=0x304569 arg0=0x10133 arg1=0x1E205"
371,716,JJFB_EXTCHUNK_SLOT_CALL,"[JJFB_EXTCHUNK_SLOT_CALL] off=0x28 pc=0x280058 r0=0x10133 r1=0x1E205 r2=0x0 r3=0x0 r4=0x10133 ret=0x0 evidence=TARGET_OBSERVED"
372,717,CALLBACK_FRAME,"[CALLBACK_FRAME] boundary=FAMILY_HANDLER_LEAVE handler=0x30D311 request_id=14 end_class=REACHED_STOP reached_stop=1 pc_after=0x80000 cfn_path=PLATFORM_FAMILY_CALLBACK evidence=OBSERVED"
373,721,PLATFORM_FAMILY_EVENT,"[PLATFORM_FAMILY_EVENT] op=DELIVER_DONE ok=1 ret=0 end=stop_at_base end_class=REACHED_STOP reached_stop=1 handler=0x30D311 pc_after=0x80000 stop=0x80000 lr_after=0x304599 lim=5000000 evidence=OBSERVED"
374,723,EMU_NEST,"[EMU_NEST] op=FAMILY_DRAIN_LEAVE depth=0 site=drain_family_events evidence=OBSERVED"
375,724,PLATFORM_TIMER,"[PLATFORM_TIMER] op=FIRE_DONE ret=0 evidence=DOCUMENTED"
376,725,PLATFORM_TIMER,"[PLATFORM_TIMER] op=FIRE_DONE via=host_loop evidence=DOCUMENTED"
377,726,PLATFORM_TIMER,"[PLATFORM_TIMER] op=FIRE_CB interval=50 evidence=DOCUMENTED"
378,727,PLATFORM_TIMER,"[PLATFORM_TIMER] op=FIRE_DUE via=host_loop evidence=DOCUMENTED"
379,728,PLATFORM_TIMER,"[PLATFORM_TIMER] op=FIRE_ENTER evidence=DOCUMENTED"
380,729,PLATFORM_TIMER,"[PLATFORM_TIMER] op=FIRE_LOCKED evidence=DOCUMENTED"
381,731,JJFB_LIFECYCLE,"[JJFB_LIFECYCLE] op=FIRE tick=15 handler=0x30631D r0=0 r1=0 r9=0x2B1868 owner=robotol.ext evidence=CROSS_TARGET+docs/06"
382,733,CALLBACK_FRAME_ENTER,"[CALLBACK_FRAME_ENTER] seq=15 frame_token=64427680541 handler=0x30631D r9=0x2B1868 stop_sentinel=0x80000 run_id=p17_hit1_20260801_144222_15364 evidence=OBSERVED"
383,742,GUEST_INDIRECT_CALL,"[GUEST_INDIRECT_CALL] module_id=3 pc=0x30667A target=0x304569 arg0=0x1E209 arg1=0x9"
384,743,EVENT_TXN,"[EVENT_TXN] op=ACCEPT request_id=15 identity=0xC15442057B8F762F event=0x1E209 app=0x9 ctx=0x6AD12C payload=0x0 stack0=0x0 stack1=0x0 caller_pc=0x304599 insn=15 digest=0xFF5FCBC8 handler=0x30D311 run_id=p17_hit1_20260801_"
385,745,PLATFORM_FAMILY_EVENT,"[PLATFORM_FAMILY_EVENT] op=ENQUEUE event=0x1E209 app=0x9 handler=0x30D311 request_id=15 owner=robotol.ext evidence=OBSERVED"
386,746,PLATFORM_FAMILY_EVENT,"[PLATFORM_FAMILY_EVENT] op=DEFER_DRAIN_TO_MAP_REDIRECT event=0x1E209 app=0x9 note=avoid_nested_emu_inside_map_func evidence=OBSERVED"
387,747,JJFB_EXTCHUNK_SLOT_CALL,"[JJFB_EXTCHUNK_SLOT_CALL] off=0x28 pc=0x280058 r0=0x1E209 r1=0x9 r2=0x0 r3=0x0 r4=0x1E209 ret=0x0 evidence=TARGET_OBSERVED"
388,748,PLATFORM_FAMILY_EVENT,"[PLATFORM_FAMILY_EVENT] op=SCHEDULE_DRAIN_OUTSIDE_HOOK cont=0x304599 queued=1 cfn_path=PLATFORM_FAMILY_CALLBACK evidence=OBSERVED"
389,749,GUEST_INDIRECT_CALL,"[GUEST_INDIRECT_CALL] module_id=3 pc=0x306762 target=0x2F9975 arg0=0x0 arg1=0x0"
390,753,CALLBACK_FRAME_RESTORE_BEGIN,"[CALLBACK_FRAME_RESTORE_BEGIN] seq=15 saved_r9=0x0 frame_token=64427680541 run_id=p17_hit1_20260801_144222_15364 evidence=OBSERVED"
391,755,CALLBACK_FRAME_RESTORE_COMPLETE,"[CALLBACK_FRAME_RESTORE_COMPLETE] seq=15 restored_r9=0x0 ok=1 frame_token=64427680541 run_id=p17_hit1_20260801_144222_15364 evidence=OBSERVED"
392,759,JJFB_LIFECYCLE,"[JJFB_LIFECYCLE] op=FIRE_DONE tick=15 ok=1 end=stop_at_base pc_after=0x80000 r0_after=0x0 r9_after=0x2B1868 sp_after=0x280000 uc_err=0 detail=- evidence=OBSERVED"
393,760,EMU_NEST,"[EMU_NEST] op=FAMILY_DRAIN_ENTER depth=1 site=drain_family_events evidence=OBSERVED"
394,762,PLATFORM_FAMILY_EVENT,"[PLATFORM_FAMILY_EVENT] op=DELIVER event=0x1E209 app=0x9 handler=0x30D311 r9=0x2B1868 r2=0x0 r3=0x0 request_id=15 evidence=OBSERVED"
395,763,EVENT_DELIVER_ENTER,"[EVENT_DELIVER_ENTER] request_id=15 handler=0x30D311 r0=0x9 r1=0x1E209 r2=0x0 r3=0x0 stack0=0x0 stack1=0x0 ctx=0x6AD12C run_id=p17_hit1_20260801_144222_15364 evidence=OBSERVED"
396,764,CALLBACK_FRAME,"[CALLBACK_FRAME] boundary=FAMILY_HANDLER_ENTER handler=0x30D311 request_id=15 stop=0x80000 r0=0x9 r1=0x1E209 r9=0x2B1868 cfn_path=PLATFORM_FAMILY_CALLBACK evidence=OBSERVED"
397,768,GUEST_INDIRECT_CALL,"[GUEST_INDIRECT_CALL] module_id=3 pc=0x30E1B0 target=0x305E19 arg0=0x1E209 arg1=0x0"
398,769,GUEST_INDIRECT_CALL,"[GUEST_INDIRECT_CALL] module_id=3 pc=0x305E32 target=0x304569 arg0=0x10133 arg1=0x1E205"
399,770,JJFB_EXTCHUNK_SLOT_CALL,"[JJFB_EXTCHUNK_SLOT_CALL] off=0x28 pc=0x280058 r0=0x10133 r1=0x1E205 r2=0x0 r3=0x0 r4=0x10133 ret=0x0 evidence=TARGET_OBSERVED"
400,771,CALLBACK_FRAME,"[CALLBACK_FRAME] boundary=FAMILY_HANDLER_LEAVE handler=0x30D311 request_id=15 end_class=REACHED_STOP reached_stop=1 pc_after=0x80000 cfn_path=PLATFORM_FAMILY_CALLBACK evidence=OBSERVED"
401,775,PLATFORM_FAMILY_EVENT,"[PLATFORM_FAMILY_EVENT] op=DELIVER_DONE ok=1 ret=0 end=stop_at_base end_class=REACHED_STOP reached_stop=1 handler=0x30D311 pc_after=0x80000 stop=0x80000 lr_after=0x304599 lim=5000000 evidence=OBSERVED"
402,777,EMU_NEST,"[EMU_NEST] op=FAMILY_DRAIN_LEAVE depth=0 site=drain_family_events evidence=OBSERVED"
403,778,PLATFORM_TIMER,"[PLATFORM_TIMER] op=FIRE_DONE ret=0 evidence=DOCUMENTED"
404,779,PLATFORM_TIMER,"[PLATFORM_TIMER] op=FIRE_DONE via=host_loop evidence=DOCUMENTED"
405,780,PLATFORM_TIMER,"[PLATFORM_TIMER] op=FIRE_CB interval=50 evidence=DOCUMENTED"
406,781,PLATFORM_TIMER,"[PLATFORM_TIMER] op=FIRE_DUE via=host_loop evidence=DOCUMENTED"
407,782,PLATFORM_TIMER,"[PLATFORM_TIMER] op=FIRE_ENTER evidence=DOCUMENTED"
408,783,PLATFORM_TIMER,"[PLATFORM_TIMER] op=FIRE_LOCKED evidence=DOCUMENTED"
409,785,JJFB_LIFECYCLE,"[JJFB_LIFECYCLE] op=FIRE tick=16 handler=0x30631D r0=0 r1=0 r9=0x2B1868 owner=robotol.ext evidence=CROSS_TARGET+docs/06"
410,787,CALLBACK_FRAME_ENTER,"[CALLBACK_FRAME_ENTER] seq=16 frame_token=68722647837 handler=0x30631D r9=0x2B1868 stop_sentinel=0x80000 run_id=p17_hit1_20260801_144222_15364 evidence=OBSERVED"
411,796,GUEST_INDIRECT_CALL,"[GUEST_INDIRECT_CALL] module_id=3 pc=0x30667A target=0x304569 arg0=0x1E209 arg1=0x9"
412,797,EVENT_TXN,"[EVENT_TXN] op=ACCEPT request_id=16 identity=0xC15442057B8F762F event=0x1E209 app=0x9 ctx=0x6AD12C payload=0x0 stack0=0x0 stack1=0x0 caller_pc=0x304599 insn=16 digest=0xFF5FCBC8 handler=0x30D311 run_id=p17_hit1_20260801_"
413,799,PLATFORM_FAMILY_EVENT,"[PLATFORM_FAMILY_EVENT] op=ENQUEUE event=0x1E209 app=0x9 handler=0x30D311 request_id=16 owner=robotol.ext evidence=OBSERVED"
414,800,PLATFORM_FAMILY_EVENT,"[PLATFORM_FAMILY_EVENT] op=DEFER_DRAIN_TO_MAP_REDIRECT event=0x1E209 app=0x9 note=avoid_nested_emu_inside_map_func evidence=OBSERVED"
415,801,JJFB_EXTCHUNK_SLOT_CALL,"[JJFB_EXTCHUNK_SLOT_CALL] off=0x28 pc=0x280058 r0=0x1E209 r1=0x9 r2=0x0 r3=0x0 r4=0x1E209 ret=0x0 evidence=TARGET_OBSERVED"
416,802,PLATFORM_FAMILY_EVENT,"[PLATFORM_FAMILY_EVENT] op=SCHEDULE_DRAIN_OUTSIDE_HOOK cont=0x304599 queued=1 cfn_path=PLATFORM_FAMILY_CALLBACK evidence=OBSERVED"
417,803,GUEST_INDIRECT_CALL,"[GUEST_INDIRECT_CALL] module_id=3 pc=0x306762 target=0x2F9975 arg0=0x0 arg1=0x0"
418,807,CALLBACK_FRAME_RESTORE_BEGIN,"[CALLBACK_FRAME_RESTORE_BEGIN] seq=16 saved_r9=0x0 frame_token=68722647837 run_id=p17_hit1_20260801_144222_15364 evidence=OBSERVED"
419,809,CALLBACK_FRAME_RESTORE_COMPLETE,"[CALLBACK_FRAME_RESTORE_COMPLETE] seq=16 restored_r9=0x0 ok=1 frame_token=68722647837 run_id=p17_hit1_20260801_144222_15364 evidence=OBSERVED"
420,813,JJFB_LIFECYCLE,"[JJFB_LIFECYCLE] op=FIRE_DONE tick=16 ok=1 end=stop_at_base pc_after=0x80000 r0_after=0x0 r9_after=0x2B1868 sp_after=0x280000 uc_err=0 detail=- evidence=OBSERVED"
421,814,EMU_NEST,"[EMU_NEST] op=FAMILY_DRAIN_ENTER depth=1 site=drain_family_events evidence=OBSERVED"
422,816,PLATFORM_FAMILY_EVENT,"[PLATFORM_FAMILY_EVENT] op=DELIVER event=0x1E209 app=0x9 handler=0x30D311 r9=0x2B1868 r2=0x0 r3=0x0 request_id=16 evidence=OBSERVED"
423,817,EVENT_DELIVER_ENTER,"[EVENT_DELIVER_ENTER] request_id=16 handler=0x30D311 r0=0x9 r1=0x1E209 r2=0x0 r3=0x0 stack0=0x0 stack1=0x0 ctx=0x6AD12C run_id=p17_hit1_20260801_144222_15364 evidence=OBSERVED"
424,818,CALLBACK_FRAME,"[CALLBACK_FRAME] boundary=FAMILY_HANDLER_ENTER handler=0x30D311 request_id=16 stop=0x80000 r0=0x9 r1=0x1E209 r9=0x2B1868 cfn_path=PLATFORM_FAMILY_CALLBACK evidence=OBSERVED"
425,822,GUEST_INDIRECT_CALL,"[GUEST_INDIRECT_CALL] module_id=3 pc=0x30E1B0 target=0x305E19 arg0=0x1E209 arg1=0x0"
426,823,GUEST_INDIRECT_CALL,"[GUEST_INDIRECT_CALL] module_id=3 pc=0x305E32 target=0x304569 arg0=0x10133 arg1=0x1E205"
427,824,JJFB_EXTCHUNK_SLOT_CALL,"[JJFB_EXTCHUNK_SLOT_CALL] off=0x28 pc=0x280058 r0=0x10133 r1=0x1E205 r2=0x0 r3=0x0 r4=0x10133 ret=0x0 evidence=TARGET_OBSERVED"
428,825,CALLBACK_FRAME,"[CALLBACK_FRAME] boundary=FAMILY_HANDLER_LEAVE handler=0x30D311 request_id=16 end_class=REACHED_STOP reached_stop=1 pc_after=0x80000 cfn_path=PLATFORM_FAMILY_CALLBACK evidence=OBSERVED"
429,829,PLATFORM_FAMILY_EVENT,"[PLATFORM_FAMILY_EVENT] op=DELIVER_DONE ok=1 ret=0 end=stop_at_base end_class=REACHED_STOP reached_stop=1 handler=0x30D311 pc_after=0x80000 stop=0x80000 lr_after=0x304599 lim=5000000 evidence=OBSERVED"
430,831,EMU_NEST,"[EMU_NEST] op=FAMILY_DRAIN_LEAVE depth=0 site=drain_family_events evidence=OBSERVED"
431,832,PLATFORM_TIMER,"[PLATFORM_TIMER] op=FIRE_DONE ret=0 evidence=DOCUMENTED"
432,833,PLATFORM_TIMER,"[PLATFORM_TIMER] op=FIRE_DONE via=host_loop evidence=DOCUMENTED"
433,834,PLATFORM_TIMER,"[PLATFORM_TIMER] op=FIRE_CB interval=50 evidence=DOCUMENTED"
434,835,PLATFORM_TIMER,"[PLATFORM_TIMER] op=FIRE_DUE via=host_loop evidence=DOCUMENTED"
435,836,PLATFORM_TIMER,"[PLATFORM_TIMER] op=FIRE_ENTER evidence=DOCUMENTED"
436,837,PLATFORM_TIMER,"[PLATFORM_TIMER] op=FIRE_LOCKED evidence=DOCUMENTED"
437,839,JJFB_LIFECYCLE,"[JJFB_LIFECYCLE] op=FIRE tick=17 handler=0x30631D r0=0 r1=0 r9=0x2B1868 owner=robotol.ext evidence=CROSS_TARGET+docs/06"
438,841,CALLBACK_FRAME_ENTER,"[CALLBACK_FRAME_ENTER] seq=17 frame_token=73017615133 handler=0x30631D r9=0x2B1868 stop_sentinel=0x80000 run_id=p17_hit1_20260801_144222_15364 evidence=OBSERVED"
439,850,GUEST_INDIRECT_CALL,"[GUEST_INDIRECT_CALL] module_id=3 pc=0x30667A target=0x304569 arg0=0x1E209 arg1=0x9"
440,851,EVENT_TXN,"[EVENT_TXN] op=ACCEPT request_id=17 identity=0xC15442057B8F762F event=0x1E209 app=0x9 ctx=0x6AD12C payload=0x0 stack0=0x0 stack1=0x0 caller_pc=0x304599 insn=17 digest=0xFF5FCBC8 handler=0x30D311 run_id=p17_hit1_20260801_"
441,853,PLATFORM_FAMILY_EVENT,"[PLATFORM_FAMILY_EVENT] op=ENQUEUE event=0x1E209 app=0x9 handler=0x30D311 request_id=17 owner=robotol.ext evidence=OBSERVED"
442,854,PLATFORM_FAMILY_EVENT,"[PLATFORM_FAMILY_EVENT] op=DEFER_DRAIN_TO_MAP_REDIRECT event=0x1E209 app=0x9 note=avoid_nested_emu_inside_map_func evidence=OBSERVED"
443,855,JJFB_EXTCHUNK_SLOT_CALL,"[JJFB_EXTCHUNK_SLOT_CALL] off=0x28 pc=0x280058 r0=0x1E209 r1=0x9 r2=0x0 r3=0x0 r4=0x1E209 ret=0x0 evidence=TARGET_OBSERVED"
444,856,PLATFORM_FAMILY_EVENT,"[PLATFORM_FAMILY_EVENT] op=SCHEDULE_DRAIN_OUTSIDE_HOOK cont=0x304599 queued=1 cfn_path=PLATFORM_FAMILY_CALLBACK evidence=OBSERVED"
445,857,GUEST_INDIRECT_CALL,"[GUEST_INDIRECT_CALL] module_id=3 pc=0x306762 target=0x2F9975 arg0=0x0 arg1=0x0"
446,861,CALLBACK_FRAME_RESTORE_BEGIN,"[CALLBACK_FRAME_RESTORE_BEGIN] seq=17 saved_r9=0x0 frame_token=73017615133 run_id=p17_hit1_20260801_144222_15364 evidence=OBSERVED"
447,863,CALLBACK_FRAME_RESTORE_COMPLETE,"[CALLBACK_FRAME_RESTORE_COMPLETE] seq=17 restored_r9=0x0 ok=1 frame_token=73017615133 run_id=p17_hit1_20260801_144222_15364 evidence=OBSERVED"
448,867,JJFB_LIFECYCLE,"[JJFB_LIFECYCLE] op=FIRE_DONE tick=17 ok=1 end=stop_at_base pc_after=0x80000 r0_after=0x0 r9_after=0x2B1868 sp_after=0x280000 uc_err=0 detail=- evidence=OBSERVED"
449,868,EMU_NEST,"[EMU_NEST] op=FAMILY_DRAIN_ENTER depth=1 site=drain_family_events evidence=OBSERVED"
450,870,PLATFORM_FAMILY_EVENT,"[PLATFORM_FAMILY_EVENT] op=DELIVER event=0x1E209 app=0x9 handler=0x30D311 r9=0x2B1868 r2=0x0 r3=0x0 request_id=17 evidence=OBSERVED"
451,871,EVENT_DELIVER_ENTER,"[EVENT_DELIVER_ENTER] request_id=17 handler=0x30D311 r0=0x9 r1=0x1E209 r2=0x0 r3=0x0 stack0=0x0 stack1=0x0 ctx=0x6AD12C run_id=p17_hit1_20260801_144222_15364 evidence=OBSERVED"
452,872,CALLBACK_FRAME,"[CALLBACK_FRAME] boundary=FAMILY_HANDLER_ENTER handler=0x30D311 request_id=17 stop=0x80000 r0=0x9 r1=0x1E209 r9=0x2B1868 cfn_path=PLATFORM_FAMILY_CALLBACK evidence=OBSERVED"
453,876,GUEST_INDIRECT_CALL,"[GUEST_INDIRECT_CALL] module_id=3 pc=0x30E1B0 target=0x305E19 arg0=0x1E209 arg1=0x0"
454,877,GUEST_INDIRECT_CALL,"[GUEST_INDIRECT_CALL] module_id=3 pc=0x305E32 target=0x304569 arg0=0x10133 arg1=0x1E205"
455,878,JJFB_EXTCHUNK_SLOT_CALL,"[JJFB_EXTCHUNK_SLOT_CALL] off=0x28 pc=0x280058 r0=0x10133 r1=0x1E205 r2=0x0 r3=0x0 r4=0x10133 ret=0x0 evidence=TARGET_OBSERVED"
456,879,CALLBACK_FRAME,"[CALLBACK_FRAME] boundary=FAMILY_HANDLER_LEAVE handler=0x30D311 request_id=17 end_class=REACHED_STOP reached_stop=1 pc_after=0x80000 cfn_path=PLATFORM_FAMILY_CALLBACK evidence=OBSERVED"
457,883,PLATFORM_FAMILY_EVENT,"[PLATFORM_FAMILY_EVENT] op=DELIVER_DONE ok=1 ret=0 end=stop_at_base end_class=REACHED_STOP reached_stop=1 handler=0x30D311 pc_after=0x80000 stop=0x80000 lr_after=0x304599 lim=5000000 evidence=OBSERVED"
458,885,EMU_NEST,"[EMU_NEST] op=FAMILY_DRAIN_LEAVE depth=0 site=drain_family_events evidence=OBSERVED"
459,886,PLATFORM_TIMER,"[PLATFORM_TIMER] op=FIRE_DONE ret=0 evidence=DOCUMENTED"
460,887,PLATFORM_TIMER,"[PLATFORM_TIMER] op=FIRE_DONE via=host_loop evidence=DOCUMENTED"
461,888,PLATFORM_TIMER,"[PLATFORM_TIMER] op=FIRE_CB interval=50 evidence=DOCUMENTED"
462,889,PLATFORM_TIMER,"[PLATFORM_TIMER] op=FIRE_DUE via=host_loop evidence=DOCUMENTED"
463,890,PLATFORM_TIMER,"[PLATFORM_TIMER] op=FIRE_ENTER evidence=DOCUMENTED"
464,891,PLATFORM_TIMER,"[PLATFORM_TIMER] op=FIRE_LOCKED evidence=DOCUMENTED"
465,893,JJFB_LIFECYCLE,"[JJFB_LIFECYCLE] op=FIRE tick=18 handler=0x30631D r0=0 r1=0 r9=0x2B1868 owner=robotol.ext evidence=CROSS_TARGET+docs/06"
466,895,CALLBACK_FRAME_ENTER,"[CALLBACK_FRAME_ENTER] seq=18 frame_token=77312582429 handler=0x30631D r9=0x2B1868 stop_sentinel=0x80000 run_id=p17_hit1_20260801_144222_15364 evidence=OBSERVED"
467,904,GUEST_INDIRECT_CALL,"[GUEST_INDIRECT_CALL] module_id=3 pc=0x30667A target=0x304569 arg0=0x1E209 arg1=0x9"
468,905,EVENT_TXN,"[EVENT_TXN] op=ACCEPT request_id=18 identity=0xC15442057B8F762F event=0x1E209 app=0x9 ctx=0x6AD12C payload=0x0 stack0=0x0 stack1=0x0 caller_pc=0x304599 insn=18 digest=0xFF5FCBC8 handler=0x30D311 run_id=p17_hit1_20260801_"
469,907,PLATFORM_FAMILY_EVENT,"[PLATFORM_FAMILY_EVENT] op=ENQUEUE event=0x1E209 app=0x9 handler=0x30D311 request_id=18 owner=robotol.ext evidence=OBSERVED"
470,908,PLATFORM_FAMILY_EVENT,"[PLATFORM_FAMILY_EVENT] op=DEFER_DRAIN_TO_MAP_REDIRECT event=0x1E209 app=0x9 note=avoid_nested_emu_inside_map_func evidence=OBSERVED"
471,909,JJFB_EXTCHUNK_SLOT_CALL,"[JJFB_EXTCHUNK_SLOT_CALL] off=0x28 pc=0x280058 r0=0x1E209 r1=0x9 r2=0x0 r3=0x0 r4=0x1E209 ret=0x0 evidence=TARGET_OBSERVED"
472,910,PLATFORM_FAMILY_EVENT,"[PLATFORM_FAMILY_EVENT] op=SCHEDULE_DRAIN_OUTSIDE_HOOK cont=0x304599 queued=1 cfn_path=PLATFORM_FAMILY_CALLBACK evidence=OBSERVED"
473,911,GUEST_INDIRECT_CALL,"[GUEST_INDIRECT_CALL] module_id=3 pc=0x306762 target=0x2F9975 arg0=0x0 arg1=0x0"
474,915,CALLBACK_FRAME_RESTORE_BEGIN,"[CALLBACK_FRAME_RESTORE_BEGIN] seq=18 saved_r9=0x0 frame_token=77312582429 run_id=p17_hit1_20260801_144222_15364 evidence=OBSERVED"
475,917,CALLBACK_FRAME_RESTORE_COMPLETE,"[CALLBACK_FRAME_RESTORE_COMPLETE] seq=18 restored_r9=0x0 ok=1 frame_token=77312582429 run_id=p17_hit1_20260801_144222_15364 evidence=OBSERVED"
476,921,JJFB_LIFECYCLE,"[JJFB_LIFECYCLE] op=FIRE_DONE tick=18 ok=1 end=stop_at_base pc_after=0x80000 r0_after=0x0 r9_after=0x2B1868 sp_after=0x280000 uc_err=0 detail=- evidence=OBSERVED"
477,922,EMU_NEST,"[EMU_NEST] op=FAMILY_DRAIN_ENTER depth=1 site=drain_family_events evidence=OBSERVED"
478,924,PLATFORM_FAMILY_EVENT,"[PLATFORM_FAMILY_EVENT] op=DELIVER event=0x1E209 app=0x9 handler=0x30D311 r9=0x2B1868 r2=0x0 r3=0x0 request_id=18 evidence=OBSERVED"
479,925,EVENT_DELIVER_ENTER,"[EVENT_DELIVER_ENTER] request_id=18 handler=0x30D311 r0=0x9 r1=0x1E209 r2=0x0 r3=0x0 stack0=0x0 stack1=0x0 ctx=0x6AD12C run_id=p17_hit1_20260801_144222_15364 evidence=OBSERVED"
480,926,CALLBACK_FRAME,"[CALLBACK_FRAME] boundary=FAMILY_HANDLER_ENTER handler=0x30D311 request_id=18 stop=0x80000 r0=0x9 r1=0x1E209 r9=0x2B1868 cfn_path=PLATFORM_FAMILY_CALLBACK evidence=OBSERVED"
481,930,GUEST_INDIRECT_CALL,"[GUEST_INDIRECT_CALL] module_id=3 pc=0x30E1B0 target=0x305E19 arg0=0x1E209 arg1=0x0"
482,931,GUEST_INDIRECT_CALL,"[GUEST_INDIRECT_CALL] module_id=3 pc=0x305E32 target=0x304569 arg0=0x10133 arg1=0x1E205"
483,932,JJFB_EXTCHUNK_SLOT_CALL,"[JJFB_EXTCHUNK_SLOT_CALL] off=0x28 pc=0x280058 r0=0x10133 r1=0x1E205 r2=0x0 r3=0x0 r4=0x10133 ret=0x0 evidence=TARGET_OBSERVED"
484,933,CALLBACK_FRAME,"[CALLBACK_FRAME] boundary=FAMILY_HANDLER_LEAVE handler=0x30D311 request_id=18 end_class=REACHED_STOP reached_stop=1 pc_after=0x80000 cfn_path=PLATFORM_FAMILY_CALLBACK evidence=OBSERVED"
485,937,PLATFORM_FAMILY_EVENT,"[PLATFORM_FAMILY_EVENT] op=DELIVER_DONE ok=1 ret=0 end=stop_at_base end_class=REACHED_STOP reached_stop=1 handler=0x30D311 pc_after=0x80000 stop=0x80000 lr_after=0x304599 lim=5000000 evidence=OBSERVED"
486,939,EMU_NEST,"[EMU_NEST] op=FAMILY_DRAIN_LEAVE depth=0 site=drain_family_events evidence=OBSERVED"
487,940,PLATFORM_TIMER,"[PLATFORM_TIMER] op=FIRE_DONE ret=0 evidence=DOCUMENTED"
488,941,PLATFORM_TIMER,"[PLATFORM_TIMER] op=FIRE_DONE via=host_loop evidence=DOCUMENTED"
489,942,PLATFORM_TIMER,"[PLATFORM_TIMER] op=FIRE_CB interval=50 evidence=DOCUMENTED"
490,943,PLATFORM_TIMER,"[PLATFORM_TIMER] op=FIRE_DUE via=host_loop evidence=DOCUMENTED"
491,944,PLATFORM_TIMER,"[PLATFORM_TIMER] op=FIRE_ENTER evidence=DOCUMENTED"
492,945,PLATFORM_TIMER,"[PLATFORM_TIMER] op=FIRE_LOCKED evidence=DOCUMENTED"
493,947,JJFB_LIFECYCLE,"[JJFB_LIFECYCLE] op=FIRE tick=19 handler=0x30631D r0=0 r1=0 r9=0x2B1868 owner=robotol.ext evidence=CROSS_TARGET+docs/06"
494,949,CALLBACK_FRAME_ENTER,"[CALLBACK_FRAME_ENTER] seq=19 frame_token=81607549725 handler=0x30631D r9=0x2B1868 stop_sentinel=0x80000 run_id=p17_hit1_20260801_144222_15364 evidence=OBSERVED"
495,958,GUEST_INDIRECT_CALL,"[GUEST_INDIRECT_CALL] module_id=3 pc=0x30667A target=0x304569 arg0=0x1E209 arg1=0x9"
496,959,EVENT_TXN,"[EVENT_TXN] op=ACCEPT request_id=19 identity=0xC15442057B8F762F event=0x1E209 app=0x9 ctx=0x6AD12C payload=0x0 stack0=0x0 stack1=0x0 caller_pc=0x304599 insn=19 digest=0xFF5FCBC8 handler=0x30D311 run_id=p17_hit1_20260801_"
497,961,PLATFORM_FAMILY_EVENT,"[PLATFORM_FAMILY_EVENT] op=ENQUEUE event=0x1E209 app=0x9 handler=0x30D311 request_id=19 owner=robotol.ext evidence=OBSERVED"
498,962,PLATFORM_FAMILY_EVENT,"[PLATFORM_FAMILY_EVENT] op=DEFER_DRAIN_TO_MAP_REDIRECT event=0x1E209 app=0x9 note=avoid_nested_emu_inside_map_func evidence=OBSERVED"
499,963,JJFB_EXTCHUNK_SLOT_CALL,"[JJFB_EXTCHUNK_SLOT_CALL] off=0x28 pc=0x280058 r0=0x1E209 r1=0x9 r2=0x0 r3=0x0 r4=0x1E209 ret=0x0 evidence=TARGET_OBSERVED"
500,964,PLATFORM_FAMILY_EVENT,"[PLATFORM_FAMILY_EVENT] op=SCHEDULE_DRAIN_OUTSIDE_HOOK cont=0x304599 queued=1 cfn_path=PLATFORM_FAMILY_CALLBACK evidence=OBSERVED"
501,965,GUEST_INDIRECT_CALL,"[GUEST_INDIRECT_CALL] module_id=3 pc=0x306762 target=0x2F9975 arg0=0x0 arg1=0x0"
502,969,CALLBACK_FRAME_RESTORE_BEGIN,"[CALLBACK_FRAME_RESTORE_BEGIN] seq=19 saved_r9=0x0 frame_token=81607549725 run_id=p17_hit1_20260801_144222_15364 evidence=OBSERVED"
503,971,CALLBACK_FRAME_RESTORE_COMPLETE,"[CALLBACK_FRAME_RESTORE_COMPLETE] seq=19 restored_r9=0x0 ok=1 frame_token=81607549725 run_id=p17_hit1_20260801_144222_15364 evidence=OBSERVED"
504,975,JJFB_LIFECYCLE,"[JJFB_LIFECYCLE] op=FIRE_DONE tick=19 ok=1 end=stop_at_base pc_after=0x80000 r0_after=0x0 r9_after=0x2B1868 sp_after=0x280000 uc_err=0 detail=- evidence=OBSERVED"
505,976,EMU_NEST,"[EMU_NEST] op=FAMILY_DRAIN_ENTER depth=1 site=drain_family_events evidence=OBSERVED"
506,978,PLATFORM_FAMILY_EVENT,"[PLATFORM_FAMILY_EVENT] op=DELIVER event=0x1E209 app=0x9 handler=0x30D311 r9=0x2B1868 r2=0x0 r3=0x0 request_id=19 evidence=OBSERVED"
507,979,EVENT_DELIVER_ENTER,"[EVENT_DELIVER_ENTER] request_id=19 handler=0x30D311 r0=0x9 r1=0x1E209 r2=0x0 r3=0x0 stack0=0x0 stack1=0x0 ctx=0x6AD12C run_id=p17_hit1_20260801_144222_15364 evidence=OBSERVED"
508,980,CALLBACK_FRAME,"[CALLBACK_FRAME] boundary=FAMILY_HANDLER_ENTER handler=0x30D311 request_id=19 stop=0x80000 r0=0x9 r1=0x1E209 r9=0x2B1868 cfn_path=PLATFORM_FAMILY_CALLBACK evidence=OBSERVED"
509,984,GUEST_INDIRECT_CALL,"[GUEST_INDIRECT_CALL] module_id=3 pc=0x30E1B0 target=0x305E19 arg0=0x1E209 arg1=0x0"
510,985,GUEST_INDIRECT_CALL,"[GUEST_INDIRECT_CALL] module_id=3 pc=0x305E32 target=0x304569 arg0=0x10133 arg1=0x1E205"
511,986,JJFB_EXTCHUNK_SLOT_CALL,"[JJFB_EXTCHUNK_SLOT_CALL] off=0x28 pc=0x280058 r0=0x10133 r1=0x1E205 r2=0x0 r3=0x0 r4=0x10133 ret=0x0 evidence=TARGET_OBSERVED"
512,987,CALLBACK_FRAME,"[CALLBACK_FRAME] boundary=FAMILY_HANDLER_LEAVE handler=0x30D311 request_id=19 end_class=REACHED_STOP reached_stop=1 pc_after=0x80000 cfn_path=PLATFORM_FAMILY_CALLBACK evidence=OBSERVED"
513,991,PLATFORM_FAMILY_EVENT,"[PLATFORM_FAMILY_EVENT] op=DELIVER_DONE ok=1 ret=0 end=stop_at_base end_class=REACHED_STOP reached_stop=1 handler=0x30D311 pc_after=0x80000 stop=0x80000 lr_after=0x304599 lim=5000000 evidence=OBSERVED"
514,993,EMU_NEST,"[EMU_NEST] op=FAMILY_DRAIN_LEAVE depth=0 site=drain_family_events evidence=OBSERVED"
515,994,PLATFORM_TIMER,"[PLATFORM_TIMER] op=FIRE_DONE ret=0 evidence=DOCUMENTED"
516,995,PLATFORM_TIMER,"[PLATFORM_TIMER] op=FIRE_DONE via=host_loop evidence=DOCUMENTED"
517,996,PLATFORM_TIMER,"[PLATFORM_TIMER] op=FIRE_CB interval=50 evidence=DOCUMENTED"
518,997,PLATFORM_TIMER,"[PLATFORM_TIMER] op=FIRE_DUE via=host_loop evidence=DOCUMENTED"
519,998,PLATFORM_TIMER,"[PLATFORM_TIMER] op=FIRE_ENTER evidence=DOCUMENTED"
520,999,PLATFORM_TIMER,"[PLATFORM_TIMER] op=FIRE_LOCKED evidence=DOCUMENTED"
521,1001,JJFB_LIFECYCLE,"[JJFB_LIFECYCLE] op=FIRE tick=20 handler=0x30631D r0=0 r1=0 r9=0x2B1868 owner=robotol.ext evidence=CROSS_TARGET+docs/06"
522,1003,CALLBACK_FRAME_ENTER,"[CALLBACK_FRAME_ENTER] seq=20 frame_token=85902517021 handler=0x30631D r9=0x2B1868 stop_sentinel=0x80000 run_id=p17_hit1_20260801_144222_15364 evidence=OBSERVED"
523,1012,GUEST_INDIRECT_CALL,"[GUEST_INDIRECT_CALL] module_id=3 pc=0x30667A target=0x304569 arg0=0x1E209 arg1=0x9"
524,1013,EVENT_TXN,"[EVENT_TXN] op=ACCEPT request_id=20 identity=0xC15442057B8F762F event=0x1E209 app=0x9 ctx=0x6AD12C payload=0x0 stack0=0x0 stack1=0x0 caller_pc=0x304599 insn=20 digest=0xFF5FCBC8 handler=0x30D311 run_id=p17_hit1_20260801_"
525,1015,PLATFORM_FAMILY_EVENT,"[PLATFORM_FAMILY_EVENT] op=ENQUEUE event=0x1E209 app=0x9 handler=0x30D311 request_id=20 owner=robotol.ext evidence=OBSERVED"
526,1016,PLATFORM_FAMILY_EVENT,"[PLATFORM_FAMILY_EVENT] op=DEFER_DRAIN_TO_MAP_REDIRECT event=0x1E209 app=0x9 note=avoid_nested_emu_inside_map_func evidence=OBSERVED"
527,1017,JJFB_EXTCHUNK_SLOT_CALL,"[JJFB_EXTCHUNK_SLOT_CALL] off=0x28 pc=0x280058 r0=0x1E209 r1=0x9 r2=0x0 r3=0x0 r4=0x1E209 ret=0x0 evidence=TARGET_OBSERVED"
528,1018,PLATFORM_FAMILY_EVENT,"[PLATFORM_FAMILY_EVENT] op=SCHEDULE_DRAIN_OUTSIDE_HOOK cont=0x304599 queued=1 cfn_path=PLATFORM_FAMILY_CALLBACK evidence=OBSERVED"
529,1019,GUEST_INDIRECT_CALL,"[GUEST_INDIRECT_CALL] module_id=3 pc=0x306762 target=0x2F9975 arg0=0x0 arg1=0x0"
530,1023,CALLBACK_FRAME_RESTORE_BEGIN,"[CALLBACK_FRAME_RESTORE_BEGIN] seq=20 saved_r9=0x0 frame_token=85902517021 run_id=p17_hit1_20260801_144222_15364 evidence=OBSERVED"
531,1025,CALLBACK_FRAME_RESTORE_COMPLETE,"[CALLBACK_FRAME_RESTORE_COMPLETE] seq=20 restored_r9=0x0 ok=1 frame_token=85902517021 run_id=p17_hit1_20260801_144222_15364 evidence=OBSERVED"
532,1029,JJFB_LIFECYCLE,"[JJFB_LIFECYCLE] op=FIRE_DONE tick=20 ok=1 end=stop_at_base pc_after=0x80000 r0_after=0x0 r9_after=0x2B1868 sp_after=0x280000 uc_err=0 detail=- evidence=OBSERVED"
533,1030,TIMER_CADENCE_VERDICT,"[TIMER_CADENCE_VERDICT] verdict=TIMER_CADENCE_VALID deliveries=20 duplicates=0 max_outstanding=1 run_id=p17_hit1_20260801_144222_15364 evidence=OBSERVED"
534,1031,EMU_NEST,"[EMU_NEST] op=FAMILY_DRAIN_ENTER depth=1 site=drain_family_events evidence=OBSERVED"
535,1033,PLATFORM_FAMILY_EVENT,"[PLATFORM_FAMILY_EVENT] op=DELIVER event=0x1E209 app=0x9 handler=0x30D311 r9=0x2B1868 r2=0x0 r3=0x0 request_id=20 evidence=OBSERVED"
536,1034,EVENT_DELIVER_ENTER,"[EVENT_DELIVER_ENTER] request_id=20 handler=0x30D311 r0=0x9 r1=0x1E209 r2=0x0 r3=0x0 stack0=0x0 stack1=0x0 ctx=0x6AD12C run_id=p17_hit1_20260801_144222_15364 evidence=OBSERVED"
537,1035,CALLBACK_FRAME,"[CALLBACK_FRAME] boundary=FAMILY_HANDLER_ENTER handler=0x30D311 request_id=20 stop=0x80000 r0=0x9 r1=0x1E209 r9=0x2B1868 cfn_path=PLATFORM_FAMILY_CALLBACK evidence=OBSERVED"
538,1039,GUEST_INDIRECT_CALL,"[GUEST_INDIRECT_CALL] module_id=3 pc=0x30E1B0 target=0x305E19 arg0=0x1E209 arg1=0x0"
539,1040,GUEST_INDIRECT_CALL,"[GUEST_INDIRECT_CALL] module_id=3 pc=0x305E32 target=0x304569 arg0=0x10133 arg1=0x1E205"
540,1041,JJFB_EXTCHUNK_SLOT_CALL,"[JJFB_EXTCHUNK_SLOT_CALL] off=0x28 pc=0x280058 r0=0x10133 r1=0x1E205 r2=0x0 r3=0x0 r4=0x10133 ret=0x0 evidence=TARGET_OBSERVED"
541,1042,CALLBACK_FRAME,"[CALLBACK_FRAME] boundary=FAMILY_HANDLER_LEAVE handler=0x30D311 request_id=20 end_class=REACHED_STOP reached_stop=1 pc_after=0x80000 cfn_path=PLATFORM_FAMILY_CALLBACK evidence=OBSERVED"
542,1046,PLATFORM_FAMILY_EVENT,"[PLATFORM_FAMILY_EVENT] op=DELIVER_DONE ok=1 ret=0 end=stop_at_base end_class=REACHED_STOP reached_stop=1 handler=0x30D311 pc_after=0x80000 stop=0x80000 lr_after=0x304599 lim=5000000 evidence=OBSERVED"
543,1048,EMU_NEST,"[EMU_NEST] op=FAMILY_DRAIN_LEAVE depth=0 site=drain_family_events evidence=OBSERVED"
544,1049,PLATFORM_TIMER,"[PLATFORM_TIMER] op=FIRE_DONE ret=0 evidence=DOCUMENTED"
545,1050,PLATFORM_TIMER,"[PLATFORM_TIMER] op=FIRE_DONE via=host_loop evidence=DOCUMENTED"
546,1051,PLATFORM_TIMER,"[PLATFORM_TIMER] op=FIRE_CB interval=50 evidence=DOCUMENTED"
547,1052,PLATFORM_TIMER,"[PLATFORM_TIMER] op=FIRE_DUE via=host_loop evidence=DOCUMENTED"
548,1053,PLATFORM_TIMER,"[PLATFORM_TIMER] op=FIRE_ENTER evidence=DOCUMENTED"
549,1054,PLATFORM_TIMER,"[PLATFORM_TIMER] op=FIRE_LOCKED evidence=DOCUMENTED"
550,1056,JJFB_LIFECYCLE,"[JJFB_LIFECYCLE] op=FIRE tick=21 handler=0x30631D r0=0 r1=0 r9=0x2B1868 owner=robotol.ext evidence=CROSS_TARGET+docs/06"
551,1058,CALLBACK_FRAME_ENTER,"[CALLBACK_FRAME_ENTER] seq=21 frame_token=90197484317 handler=0x30631D r9=0x2B1868 stop_sentinel=0x80000 run_id=p17_hit1_20260801_144222_15364 evidence=OBSERVED"
552,1067,GUEST_INDIRECT_CALL,"[GUEST_INDIRECT_CALL] module_id=3 pc=0x30667A target=0x304569 arg0=0x1E209 arg1=0x9"
553,1068,EVENT_TXN,"[EVENT_TXN] op=ACCEPT request_id=21 identity=0xC15442057B8F762F event=0x1E209 app=0x9 ctx=0x6AD12C payload=0x0 stack0=0x0 stack1=0x0 caller_pc=0x304599 insn=21 digest=0xFF5FCBC8 handler=0x30D311 run_id=p17_hit1_20260801_"
554,1070,PLATFORM_FAMILY_EVENT,"[PLATFORM_FAMILY_EVENT] op=ENQUEUE event=0x1E209 app=0x9 handler=0x30D311 request_id=21 owner=robotol.ext evidence=OBSERVED"
555,1071,PLATFORM_FAMILY_EVENT,"[PLATFORM_FAMILY_EVENT] op=DEFER_DRAIN_TO_MAP_REDIRECT event=0x1E209 app=0x9 note=avoid_nested_emu_inside_map_func evidence=OBSERVED"
556,1072,JJFB_EXTCHUNK_SLOT_CALL,"[JJFB_EXTCHUNK_SLOT_CALL] off=0x28 pc=0x280058 r0=0x1E209 r1=0x9 r2=0x0 r3=0x0 r4=0x1E209 ret=0x0 evidence=TARGET_OBSERVED"
557,1073,PLATFORM_FAMILY_EVENT,"[PLATFORM_FAMILY_EVENT] op=SCHEDULE_DRAIN_OUTSIDE_HOOK cont=0x304599 queued=1 cfn_path=PLATFORM_FAMILY_CALLBACK evidence=OBSERVED"
558,1074,GUEST_INDIRECT_CALL,"[GUEST_INDIRECT_CALL] module_id=3 pc=0x306762 target=0x2F9975 arg0=0x0 arg1=0x0"
559,1078,CALLBACK_FRAME_RESTORE_BEGIN,"[CALLBACK_FRAME_RESTORE_BEGIN] seq=21 saved_r9=0x0 frame_token=90197484317 run_id=p17_hit1_20260801_144222_15364 evidence=OBSERVED"
560,1080,CALLBACK_FRAME_RESTORE_COMPLETE,"[CALLBACK_FRAME_RESTORE_COMPLETE] seq=21 restored_r9=0x0 ok=1 frame_token=90197484317 run_id=p17_hit1_20260801_144222_15364 evidence=OBSERVED"
561,1084,JJFB_LIFECYCLE,"[JJFB_LIFECYCLE] op=FIRE_DONE tick=21 ok=1 end=stop_at_base pc_after=0x80000 r0_after=0x0 r9_after=0x2B1868 sp_after=0x280000 uc_err=0 detail=- evidence=OBSERVED"
562,1085,EMU_NEST,"[EMU_NEST] op=FAMILY_DRAIN_ENTER depth=1 site=drain_family_events evidence=OBSERVED"
563,1087,PLATFORM_FAMILY_EVENT,"[PLATFORM_FAMILY_EVENT] op=DELIVER event=0x1E209 app=0x9 handler=0x30D311 r9=0x2B1868 r2=0x0 r3=0x0 request_id=21 evidence=OBSERVED"
564,1088,EVENT_DELIVER_ENTER,"[EVENT_DELIVER_ENTER] request_id=21 handler=0x30D311 r0=0x9 r1=0x1E209 r2=0x0 r3=0x0 stack0=0x0 stack1=0x0 ctx=0x6AD12C run_id=p17_hit1_20260801_144222_15364 evidence=OBSERVED"
565,1089,CALLBACK_FRAME,"[CALLBACK_FRAME] boundary=FAMILY_HANDLER_ENTER handler=0x30D311 request_id=21 stop=0x80000 r0=0x9 r1=0x1E209 r9=0x2B1868 cfn_path=PLATFORM_FAMILY_CALLBACK evidence=OBSERVED"
566,1093,GUEST_INDIRECT_CALL,"[GUEST_INDIRECT_CALL] module_id=3 pc=0x30E1B0 target=0x305E19 arg0=0x1E209 arg1=0x0"
567,1094,GUEST_INDIRECT_CALL,"[GUEST_INDIRECT_CALL] module_id=3 pc=0x305E32 target=0x304569 arg0=0x10133 arg1=0x1E205"
568,1095,JJFB_EXTCHUNK_SLOT_CALL,"[JJFB_EXTCHUNK_SLOT_CALL] off=0x28 pc=0x280058 r0=0x10133 r1=0x1E205 r2=0x0 r3=0x0 r4=0x10133 ret=0x0 evidence=TARGET_OBSERVED"
569,1096,CALLBACK_FRAME,"[CALLBACK_FRAME] boundary=FAMILY_HANDLER_LEAVE handler=0x30D311 request_id=21 end_class=REACHED_STOP reached_stop=1 pc_after=0x80000 cfn_path=PLATFORM_FAMILY_CALLBACK evidence=OBSERVED"
570,1100,PLATFORM_FAMILY_EVENT,"[PLATFORM_FAMILY_EVENT] op=DELIVER_DONE ok=1 ret=0 end=stop_at_base end_class=REACHED_STOP reached_stop=1 handler=0x30D311 pc_after=0x80000 stop=0x80000 lr_after=0x304599 lim=5000000 evidence=OBSERVED"
571,1102,EMU_NEST,"[EMU_NEST] op=FAMILY_DRAIN_LEAVE depth=0 site=drain_family_events evidence=OBSERVED"
572,1103,PLATFORM_TIMER,"[PLATFORM_TIMER] op=FIRE_DONE ret=0 evidence=DOCUMENTED"
573,1104,PLATFORM_TIMER,"[PLATFORM_TIMER] op=FIRE_DONE via=host_loop evidence=DOCUMENTED"
574,1105,PLATFORM_TIMER,"[PLATFORM_TIMER] op=FIRE_CB interval=50 evidence=DOCUMENTED"
575,1106,PLATFORM_TIMER,"[PLATFORM_TIMER] op=FIRE_DUE via=host_loop evidence=DOCUMENTED"
576,1107,PLATFORM_TIMER,"[PLATFORM_TIMER] op=FIRE_ENTER evidence=DOCUMENTED"
577,1108,PLATFORM_TIMER,"[PLATFORM_TIMER] op=FIRE_LOCKED evidence=DOCUMENTED"
578,1110,JJFB_LIFECYCLE,"[JJFB_LIFECYCLE] op=FIRE tick=22 handler=0x30631D r0=0 r1=0 r9=0x2B1868 owner=robotol.ext evidence=CROSS_TARGET+docs/06"
579,1112,CALLBACK_FRAME_ENTER,"[CALLBACK_FRAME_ENTER] seq=22 frame_token=94492451613 handler=0x30631D r9=0x2B1868 stop_sentinel=0x80000 run_id=p17_hit1_20260801_144222_15364 evidence=OBSERVED"
580,1121,GUEST_INDIRECT_CALL,"[GUEST_INDIRECT_CALL] module_id=3 pc=0x30667A target=0x304569 arg0=0x1E209 arg1=0x9"
581,1122,EVENT_TXN,"[EVENT_TXN] op=ACCEPT request_id=22 identity=0xC15442057B8F762F event=0x1E209 app=0x9 ctx=0x6AD12C payload=0x0 stack0=0x0 stack1=0x0 caller_pc=0x304599 insn=22 digest=0xFF5FCBC8 handler=0x30D311 run_id=p17_hit1_20260801_"
582,1124,PLATFORM_FAMILY_EVENT,"[PLATFORM_FAMILY_EVENT] op=ENQUEUE event=0x1E209 app=0x9 handler=0x30D311 request_id=22 owner=robotol.ext evidence=OBSERVED"
583,1125,PLATFORM_FAMILY_EVENT,"[PLATFORM_FAMILY_EVENT] op=DEFER_DRAIN_TO_MAP_REDIRECT event=0x1E209 app=0x9 note=avoid_nested_emu_inside_map_func evidence=OBSERVED"
584,1126,JJFB_EXTCHUNK_SLOT_CALL,"[JJFB_EXTCHUNK_SLOT_CALL] off=0x28 pc=0x280058 r0=0x1E209 r1=0x9 r2=0x0 r3=0x0 r4=0x1E209 ret=0x0 evidence=TARGET_OBSERVED"
585,1127,PLATFORM_FAMILY_EVENT,"[PLATFORM_FAMILY_EVENT] op=SCHEDULE_DRAIN_OUTSIDE_HOOK cont=0x304599 queued=1 cfn_path=PLATFORM_FAMILY_CALLBACK evidence=OBSERVED"
586,1128,GUEST_INDIRECT_CALL,"[GUEST_INDIRECT_CALL] module_id=3 pc=0x306762 target=0x2F9975 arg0=0x0 arg1=0x0"
587,1132,CALLBACK_FRAME_RESTORE_BEGIN,"[CALLBACK_FRAME_RESTORE_BEGIN] seq=22 saved_r9=0x0 frame_token=94492451613 run_id=p17_hit1_20260801_144222_15364 evidence=OBSERVED"
588,1134,CALLBACK_FRAME_RESTORE_COMPLETE,"[CALLBACK_FRAME_RESTORE_COMPLETE] seq=22 restored_r9=0x0 ok=1 frame_token=94492451613 run_id=p17_hit1_20260801_144222_15364 evidence=OBSERVED"
589,1138,JJFB_LIFECYCLE,"[JJFB_LIFECYCLE] op=FIRE_DONE tick=22 ok=1 end=stop_at_base pc_after=0x80000 r0_after=0x0 r9_after=0x2B1868 sp_after=0x280000 uc_err=0 detail=- evidence=OBSERVED"
590,1139,EMU_NEST,"[EMU_NEST] op=FAMILY_DRAIN_ENTER depth=1 site=drain_family_events evidence=OBSERVED"
591,1141,PLATFORM_FAMILY_EVENT,"[PLATFORM_FAMILY_EVENT] op=DELIVER event=0x1E209 app=0x9 handler=0x30D311 r9=0x2B1868 r2=0x0 r3=0x0 request_id=22 evidence=OBSERVED"
592,1142,EVENT_DELIVER_ENTER,"[EVENT_DELIVER_ENTER] request_id=22 handler=0x30D311 r0=0x9 r1=0x1E209 r2=0x0 r3=0x0 stack0=0x0 stack1=0x0 ctx=0x6AD12C run_id=p17_hit1_20260801_144222_15364 evidence=OBSERVED"
593,1143,CALLBACK_FRAME,"[CALLBACK_FRAME] boundary=FAMILY_HANDLER_ENTER handler=0x30D311 request_id=22 stop=0x80000 r0=0x9 r1=0x1E209 r9=0x2B1868 cfn_path=PLATFORM_FAMILY_CALLBACK evidence=OBSERVED"
594,1147,GUEST_INDIRECT_CALL,"[GUEST_INDIRECT_CALL] module_id=3 pc=0x30E1B0 target=0x305E19 arg0=0x1E209 arg1=0x0"
595,1148,GUEST_INDIRECT_CALL,"[GUEST_INDIRECT_CALL] module_id=3 pc=0x305E32 target=0x304569 arg0=0x10133 arg1=0x1E205"
596,1149,JJFB_EXTCHUNK_SLOT_CALL,"[JJFB_EXTCHUNK_SLOT_CALL] off=0x28 pc=0x280058 r0=0x10133 r1=0x1E205 r2=0x0 r3=0x0 r4=0x10133 ret=0x0 evidence=TARGET_OBSERVED"
597,1150,CALLBACK_FRAME,"[CALLBACK_FRAME] boundary=FAMILY_HANDLER_LEAVE handler=0x30D311 request_id=22 end_class=REACHED_STOP reached_stop=1 pc_after=0x80000 cfn_path=PLATFORM_FAMILY_CALLBACK evidence=OBSERVED"
598,1154,PLATFORM_FAMILY_EVENT,"[PLATFORM_FAMILY_EVENT] op=DELIVER_DONE ok=1 ret=0 end=stop_at_base end_class=REACHED_STOP reached_stop=1 handler=0x30D311 pc_after=0x80000 stop=0x80000 lr_after=0x304599 lim=5000000 evidence=OBSERVED"
599,1156,EMU_NEST,"[EMU_NEST] op=FAMILY_DRAIN_LEAVE depth=0 site=drain_family_events evidence=OBSERVED"
600,1157,PLATFORM_TIMER,"[PLATFORM_TIMER] op=FIRE_DONE ret=0 evidence=DOCUMENTED"
601,1158,PLATFORM_TIMER,"[PLATFORM_TIMER] op=FIRE_DONE via=host_loop evidence=DOCUMENTED"
602,1159,PLATFORM_TIMER,"[PLATFORM_TIMER] op=FIRE_CB interval=50 evidence=DOCUMENTED"
603,1160,PLATFORM_TIMER,"[PLATFORM_TIMER] op=FIRE_DUE via=host_loop evidence=DOCUMENTED"
604,1161,PLATFORM_TIMER,"[PLATFORM_TIMER] op=FIRE_ENTER evidence=DOCUMENTED"
605,1162,PLATFORM_TIMER,"[PLATFORM_TIMER] op=FIRE_LOCKED evidence=DOCUMENTED"
606,1164,JJFB_LIFECYCLE,"[JJFB_LIFECYCLE] op=FIRE tick=23 handler=0x30631D r0=0 r1=0 r9=0x2B1868 owner=robotol.ext evidence=CROSS_TARGET+docs/06"
607,1166,CALLBACK_FRAME_ENTER,"[CALLBACK_FRAME_ENTER] seq=23 frame_token=98787418909 handler=0x30631D r9=0x2B1868 stop_sentinel=0x80000 run_id=p17_hit1_20260801_144222_15364 evidence=OBSERVED"
608,1175,GUEST_INDIRECT_CALL,"[GUEST_INDIRECT_CALL] module_id=3 pc=0x30667A target=0x304569 arg0=0x1E209 arg1=0x9"
609,1176,EVENT_TXN,"[EVENT_TXN] op=ACCEPT request_id=23 identity=0xC15442057B8F762F event=0x1E209 app=0x9 ctx=0x6AD12C payload=0x0 stack0=0x0 stack1=0x0 caller_pc=0x304599 insn=23 digest=0xFF5FCBC8 handler=0x30D311 run_id=p17_hit1_20260801_"
610,1178,PLATFORM_FAMILY_EVENT,"[PLATFORM_FAMILY_EVENT] op=ENQUEUE event=0x1E209 app=0x9 handler=0x30D311 request_id=23 owner=robotol.ext evidence=OBSERVED"
611,1179,PLATFORM_FAMILY_EVENT,"[PLATFORM_FAMILY_EVENT] op=DEFER_DRAIN_TO_MAP_REDIRECT event=0x1E209 app=0x9 note=avoid_nested_emu_inside_map_func evidence=OBSERVED"
612,1180,JJFB_EXTCHUNK_SLOT_CALL,"[JJFB_EXTCHUNK_SLOT_CALL] off=0x28 pc=0x280058 r0=0x1E209 r1=0x9 r2=0x0 r3=0x0 r4=0x1E209 ret=0x0 evidence=TARGET_OBSERVED"
613,1181,PLATFORM_FAMILY_EVENT,"[PLATFORM_FAMILY_EVENT] op=SCHEDULE_DRAIN_OUTSIDE_HOOK cont=0x304599 queued=1 cfn_path=PLATFORM_FAMILY_CALLBACK evidence=OBSERVED"
614,1182,GUEST_INDIRECT_CALL,"[GUEST_INDIRECT_CALL] module_id=3 pc=0x306762 target=0x2F9975 arg0=0x0 arg1=0x0"
615,1186,CALLBACK_FRAME_RESTORE_BEGIN,"[CALLBACK_FRAME_RESTORE_BEGIN] seq=23 saved_r9=0x0 frame_token=98787418909 run_id=p17_hit1_20260801_144222_15364 evidence=OBSERVED"
616,1188,CALLBACK_FRAME_RESTORE_COMPLETE,"[CALLBACK_FRAME_RESTORE_COMPLETE] seq=23 restored_r9=0x0 ok=1 frame_token=98787418909 run_id=p17_hit1_20260801_144222_15364 evidence=OBSERVED"
617,1192,JJFB_LIFECYCLE,"[JJFB_LIFECYCLE] op=FIRE_DONE tick=23 ok=1 end=stop_at_base pc_after=0x80000 r0_after=0x0 r9_after=0x2B1868 sp_after=0x280000 uc_err=0 detail=- evidence=OBSERVED"
618,1193,EMU_NEST,"[EMU_NEST] op=FAMILY_DRAIN_ENTER depth=1 site=drain_family_events evidence=OBSERVED"
619,1195,PLATFORM_FAMILY_EVENT,"[PLATFORM_FAMILY_EVENT] op=DELIVER event=0x1E209 app=0x9 handler=0x30D311 r9=0x2B1868 r2=0x0 r3=0x0 request_id=23 evidence=OBSERVED"
620,1196,EVENT_DELIVER_ENTER,"[EVENT_DELIVER_ENTER] request_id=23 handler=0x30D311 r0=0x9 r1=0x1E209 r2=0x0 r3=0x0 stack0=0x0 stack1=0x0 ctx=0x6AD12C run_id=p17_hit1_20260801_144222_15364 evidence=OBSERVED"
621,1197,CALLBACK_FRAME,"[CALLBACK_FRAME] boundary=FAMILY_HANDLER_ENTER handler=0x30D311 request_id=23 stop=0x80000 r0=0x9 r1=0x1E209 r9=0x2B1868 cfn_path=PLATFORM_FAMILY_CALLBACK evidence=OBSERVED"
622,1201,GUEST_INDIRECT_CALL,"[GUEST_INDIRECT_CALL] module_id=3 pc=0x30E1B0 target=0x305E19 arg0=0x1E209 arg1=0x0"
623,1202,GUEST_INDIRECT_CALL,"[GUEST_INDIRECT_CALL] module_id=3 pc=0x305E32 target=0x304569 arg0=0x10133 arg1=0x1E205"
624,1203,JJFB_EXTCHUNK_SLOT_CALL,"[JJFB_EXTCHUNK_SLOT_CALL] off=0x28 pc=0x280058 r0=0x10133 r1=0x1E205 r2=0x0 r3=0x0 r4=0x10133 ret=0x0 evidence=TARGET_OBSERVED"
625,1204,CALLBACK_FRAME,"[CALLBACK_FRAME] boundary=FAMILY_HANDLER_LEAVE handler=0x30D311 request_id=23 end_class=REACHED_STOP reached_stop=1 pc_after=0x80000 cfn_path=PLATFORM_FAMILY_CALLBACK evidence=OBSERVED"
626,1208,PLATFORM_FAMILY_EVENT,"[PLATFORM_FAMILY_EVENT] op=DELIVER_DONE ok=1 ret=0 end=stop_at_base end_class=REACHED_STOP reached_stop=1 handler=0x30D311 pc_after=0x80000 stop=0x80000 lr_after=0x304599 lim=5000000 evidence=OBSERVED"
627,1210,EMU_NEST,"[EMU_NEST] op=FAMILY_DRAIN_LEAVE depth=0 site=drain_family_events evidence=OBSERVED"
628,1211,PLATFORM_TIMER,"[PLATFORM_TIMER] op=FIRE_DONE ret=0 evidence=DOCUMENTED"
629,1212,PLATFORM_TIMER,"[PLATFORM_TIMER] op=FIRE_DONE via=host_loop evidence=DOCUMENTED"
630,1213,PLATFORM_TIMER,"[PLATFORM_TIMER] op=FIRE_CB interval=50 evidence=DOCUMENTED"
631,1214,PLATFORM_TIMER,"[PLATFORM_TIMER] op=FIRE_DUE via=host_loop evidence=DOCUMENTED"
632,1215,PLATFORM_TIMER,"[PLATFORM_TIMER] op=FIRE_ENTER evidence=DOCUMENTED"
633,1216,PLATFORM_TIMER,"[PLATFORM_TIMER] op=FIRE_LOCKED evidence=DOCUMENTED"
634,1218,JJFB_LIFECYCLE,"[JJFB_LIFECYCLE] op=FIRE tick=24 handler=0x30631D r0=0 r1=0 r9=0x2B1868 owner=robotol.ext evidence=CROSS_TARGET+docs/06"
635,1220,CALLBACK_FRAME_ENTER,"[CALLBACK_FRAME_ENTER] seq=24 frame_token=103082386205 handler=0x30631D r9=0x2B1868 stop_sentinel=0x80000 run_id=p17_hit1_20260801_144222_15364 evidence=OBSERVED"
636,1229,GUEST_INDIRECT_CALL,"[GUEST_INDIRECT_CALL] module_id=3 pc=0x30667A target=0x304569 arg0=0x1E209 arg1=0x9"
637,1230,EVENT_TXN,"[EVENT_TXN] op=ACCEPT request_id=24 identity=0xC15442057B8F762F event=0x1E209 app=0x9 ctx=0x6AD12C payload=0x0 stack0=0x0 stack1=0x0 caller_pc=0x304599 insn=24 digest=0xFF5FCBC8 handler=0x30D311 run_id=p17_hit1_20260801_"
638,1232,PLATFORM_FAMILY_EVENT,"[PLATFORM_FAMILY_EVENT] op=ENQUEUE event=0x1E209 app=0x9 handler=0x30D311 request_id=24 owner=robotol.ext evidence=OBSERVED"
639,1233,PLATFORM_FAMILY_EVENT,"[PLATFORM_FAMILY_EVENT] op=DEFER_DRAIN_TO_MAP_REDIRECT event=0x1E209 app=0x9 note=avoid_nested_emu_inside_map_func evidence=OBSERVED"
640,1234,JJFB_EXTCHUNK_SLOT_CALL,"[JJFB_EXTCHUNK_SLOT_CALL] off=0x28 pc=0x280058 r0=0x1E209 r1=0x9 r2=0x0 r3=0x0 r4=0x1E209 ret=0x0 evidence=TARGET_OBSERVED"
641,1235,PLATFORM_FAMILY_EVENT,"[PLATFORM_FAMILY_EVENT] op=SCHEDULE_DRAIN_OUTSIDE_HOOK cont=0x304599 queued=1 cfn_path=PLATFORM_FAMILY_CALLBACK evidence=OBSERVED"
642,1236,GUEST_INDIRECT_CALL,"[GUEST_INDIRECT_CALL] module_id=3 pc=0x306762 target=0x2F9975 arg0=0x0 arg1=0x0"
643,1240,CALLBACK_FRAME_RESTORE_BEGIN,"[CALLBACK_FRAME_RESTORE_BEGIN] seq=24 saved_r9=0x0 frame_token=103082386205 run_id=p17_hit1_20260801_144222_15364 evidence=OBSERVED"
644,1242,CALLBACK_FRAME_RESTORE_COMPLETE,"[CALLBACK_FRAME_RESTORE_COMPLETE] seq=24 restored_r9=0x0 ok=1 frame_token=103082386205 run_id=p17_hit1_20260801_144222_15364 evidence=OBSERVED"
645,1246,JJFB_LIFECYCLE,"[JJFB_LIFECYCLE] op=FIRE_DONE tick=24 ok=1 end=stop_at_base pc_after=0x80000 r0_after=0x0 r9_after=0x2B1868 sp_after=0x280000 uc_err=0 detail=- evidence=OBSERVED"
646,1247,EMU_NEST,"[EMU_NEST] op=FAMILY_DRAIN_ENTER depth=1 site=drain_family_events evidence=OBSERVED"
647,1249,PLATFORM_FAMILY_EVENT,"[PLATFORM_FAMILY_EVENT] op=DELIVER event=0x1E209 app=0x9 handler=0x30D311 r9=0x2B1868 r2=0x0 r3=0x0 request_id=24 evidence=OBSERVED"
648,1250,EVENT_DELIVER_ENTER,"[EVENT_DELIVER_ENTER] request_id=24 handler=0x30D311 r0=0x9 r1=0x1E209 r2=0x0 r3=0x0 stack0=0x0 stack1=0x0 ctx=0x6AD12C run_id=p17_hit1_20260801_144222_15364 evidence=OBSERVED"
649,1251,CALLBACK_FRAME,"[CALLBACK_FRAME] boundary=FAMILY_HANDLER_ENTER handler=0x30D311 request_id=24 stop=0x80000 r0=0x9 r1=0x1E209 r9=0x2B1868 cfn_path=PLATFORM_FAMILY_CALLBACK evidence=OBSERVED"
650,1255,GUEST_INDIRECT_CALL,"[GUEST_INDIRECT_CALL] module_id=3 pc=0x30E1B0 target=0x305E19 arg0=0x1E209 arg1=0x0"
651,1256,GUEST_INDIRECT_CALL,"[GUEST_INDIRECT_CALL] module_id=3 pc=0x305E32 target=0x304569 arg0=0x10133 arg1=0x1E205"
652,1257,JJFB_EXTCHUNK_SLOT_CALL,"[JJFB_EXTCHUNK_SLOT_CALL] off=0x28 pc=0x280058 r0=0x10133 r1=0x1E205 r2=0x0 r3=0x0 r4=0x10133 ret=0x0 evidence=TARGET_OBSERVED"
653,1258,CALLBACK_FRAME,"[CALLBACK_FRAME] boundary=FAMILY_HANDLER_LEAVE handler=0x30D311 request_id=24 end_class=REACHED_STOP reached_stop=1 pc_after=0x80000 cfn_path=PLATFORM_FAMILY_CALLBACK evidence=OBSERVED"
654,1262,PLATFORM_FAMILY_EVENT,"[PLATFORM_FAMILY_EVENT] op=DELIVER_DONE ok=1 ret=0 end=stop_at_base end_class=REACHED_STOP reached_stop=1 handler=0x30D311 pc_after=0x80000 stop=0x80000 lr_after=0x304599 lim=5000000 evidence=OBSERVED"
655,1264,EMU_NEST,"[EMU_NEST] op=FAMILY_DRAIN_LEAVE depth=0 site=drain_family_events evidence=OBSERVED"
656,1265,PLATFORM_TIMER,"[PLATFORM_TIMER] op=FIRE_DONE ret=0 evidence=DOCUMENTED"
657,1266,PLATFORM_TIMER,"[PLATFORM_TIMER] op=FIRE_DONE via=host_loop evidence=DOCUMENTED"
658,1267,PLATFORM_TIMER,"[PLATFORM_TIMER] op=FIRE_CB interval=50 evidence=DOCUMENTED"
659,1268,PLATFORM_TIMER,"[PLATFORM_TIMER] op=FIRE_DUE via=host_loop evidence=DOCUMENTED"
660,1269,PLATFORM_TIMER,"[PLATFORM_TIMER] op=FIRE_ENTER evidence=DOCUMENTED"
661,1270,PLATFORM_TIMER,"[PLATFORM_TIMER] op=FIRE_LOCKED evidence=DOCUMENTED"
662,1272,JJFB_LIFECYCLE,"[JJFB_LIFECYCLE] op=FIRE tick=25 handler=0x30631D r0=0 r1=0 r9=0x2B1868 owner=robotol.ext evidence=CROSS_TARGET+docs/06"
663,1274,CALLBACK_FRAME_ENTER,"[CALLBACK_FRAME_ENTER] seq=25 frame_token=107377353501 handler=0x30631D r9=0x2B1868 stop_sentinel=0x80000 run_id=p17_hit1_20260801_144222_15364 evidence=OBSERVED"
664,1283,GUEST_INDIRECT_CALL,"[GUEST_INDIRECT_CALL] module_id=3 pc=0x30667A target=0x304569 arg0=0x1E209 arg1=0x9"
665,1284,EVENT_TXN,"[EVENT_TXN] op=ACCEPT request_id=25 identity=0xC15442057B8F762F event=0x1E209 app=0x9 ctx=0x6AD12C payload=0x0 stack0=0x0 stack1=0x0 caller_pc=0x304599 insn=25 digest=0xFF5FCBC8 handler=0x30D311 run_id=p17_hit1_20260801_"
666,1286,PLATFORM_FAMILY_EVENT,"[PLATFORM_FAMILY_EVENT] op=ENQUEUE event=0x1E209 app=0x9 handler=0x30D311 request_id=25 owner=robotol.ext evidence=OBSERVED"
667,1287,PLATFORM_FAMILY_EVENT,"[PLATFORM_FAMILY_EVENT] op=DEFER_DRAIN_TO_MAP_REDIRECT event=0x1E209 app=0x9 note=avoid_nested_emu_inside_map_func evidence=OBSERVED"
668,1288,JJFB_EXTCHUNK_SLOT_CALL,"[JJFB_EXTCHUNK_SLOT_CALL] off=0x28 pc=0x280058 r0=0x1E209 r1=0x9 r2=0x0 r3=0x0 r4=0x1E209 ret=0x0 evidence=TARGET_OBSERVED"
669,1289,PLATFORM_FAMILY_EVENT,"[PLATFORM_FAMILY_EVENT] op=SCHEDULE_DRAIN_OUTSIDE_HOOK cont=0x304599 queued=1 cfn_path=PLATFORM_FAMILY_CALLBACK evidence=OBSERVED"
670,1290,GUEST_INDIRECT_CALL,"[GUEST_INDIRECT_CALL] module_id=3 pc=0x306762 target=0x2F9975 arg0=0x0 arg1=0x0"
671,1294,CALLBACK_FRAME_RESTORE_BEGIN,"[CALLBACK_FRAME_RESTORE_BEGIN] seq=25 saved_r9=0x0 frame_token=107377353501 run_id=p17_hit1_20260801_144222_15364 evidence=OBSERVED"
672,1296,CALLBACK_FRAME_RESTORE_COMPLETE,"[CALLBACK_FRAME_RESTORE_COMPLETE] seq=25 restored_r9=0x0 ok=1 frame_token=107377353501 run_id=p17_hit1_20260801_144222_15364 evidence=OBSERVED"
673,1300,JJFB_LIFECYCLE,"[JJFB_LIFECYCLE] op=FIRE_DONE tick=25 ok=1 end=stop_at_base pc_after=0x80000 r0_after=0x0 r9_after=0x2B1868 sp_after=0x280000 uc_err=0 detail=- evidence=OBSERVED"
674,1301,EMU_NEST,"[EMU_NEST] op=FAMILY_DRAIN_ENTER depth=1 site=drain_family_events evidence=OBSERVED"
675,1303,PLATFORM_FAMILY_EVENT,"[PLATFORM_FAMILY_EVENT] op=DELIVER event=0x1E209 app=0x9 handler=0x30D311 r9=0x2B1868 r2=0x0 r3=0x0 request_id=25 evidence=OBSERVED"
676,1304,EVENT_DELIVER_ENTER,"[EVENT_DELIVER_ENTER] request_id=25 handler=0x30D311 r0=0x9 r1=0x1E209 r2=0x0 r3=0x0 stack0=0x0 stack1=0x0 ctx=0x6AD12C run_id=p17_hit1_20260801_144222_15364 evidence=OBSERVED"
677,1305,CALLBACK_FRAME,"[CALLBACK_FRAME] boundary=FAMILY_HANDLER_ENTER handler=0x30D311 request_id=25 stop=0x80000 r0=0x9 r1=0x1E209 r9=0x2B1868 cfn_path=PLATFORM_FAMILY_CALLBACK evidence=OBSERVED"
678,1309,GUEST_INDIRECT_CALL,"[GUEST_INDIRECT_CALL] module_id=3 pc=0x30E1B0 target=0x305E19 arg0=0x1E209 arg1=0x0"
679,1310,GUEST_INDIRECT_CALL,"[GUEST_INDIRECT_CALL] module_id=3 pc=0x305E32 target=0x304569 arg0=0x10133 arg1=0x1E205"
680,1311,JJFB_EXTCHUNK_SLOT_CALL,"[JJFB_EXTCHUNK_SLOT_CALL] off=0x28 pc=0x280058 r0=0x10133 r1=0x1E205 r2=0x0 r3=0x0 r4=0x10133 ret=0x0 evidence=TARGET_OBSERVED"
681,1312,CALLBACK_FRAME,"[CALLBACK_FRAME] boundary=FAMILY_HANDLER_LEAVE handler=0x30D311 request_id=25 end_class=REACHED_STOP reached_stop=1 pc_after=0x80000 cfn_path=PLATFORM_FAMILY_CALLBACK evidence=OBSERVED"
682,1316,PLATFORM_FAMILY_EVENT,"[PLATFORM_FAMILY_EVENT] op=DELIVER_DONE ok=1 ret=0 end=stop_at_base end_class=REACHED_STOP reached_stop=1 handler=0x30D311 pc_after=0x80000 stop=0x80000 lr_after=0x304599 lim=5000000 evidence=OBSERVED"
683,1318,EMU_NEST,"[EMU_NEST] op=FAMILY_DRAIN_LEAVE depth=0 site=drain_family_events evidence=OBSERVED"
684,1319,PLATFORM_TIMER,"[PLATFORM_TIMER] op=FIRE_DONE ret=0 evidence=DOCUMENTED"
685,1320,PLATFORM_TIMER,"[PLATFORM_TIMER] op=FIRE_DONE via=host_loop evidence=DOCUMENTED"
686,1321,PLATFORM_TIMER,"[PLATFORM_TIMER] op=FIRE_CB interval=50 evidence=DOCUMENTED"
687,1322,PLATFORM_TIMER,"[PLATFORM_TIMER] op=FIRE_DUE via=host_loop evidence=DOCUMENTED"
688,1323,PLATFORM_TIMER,"[PLATFORM_TIMER] op=FIRE_ENTER evidence=DOCUMENTED"
689,1324,PLATFORM_TIMER,"[PLATFORM_TIMER] op=FIRE_LOCKED evidence=DOCUMENTED"
690,1326,JJFB_LIFECYCLE,"[JJFB_LIFECYCLE] op=FIRE tick=26 handler=0x30631D r0=0 r1=0 r9=0x2B1868 owner=robotol.ext evidence=CROSS_TARGET+docs/06"
691,1328,CALLBACK_FRAME_ENTER,"[CALLBACK_FRAME_ENTER] seq=26 frame_token=111672320797 handler=0x30631D r9=0x2B1868 stop_sentinel=0x80000 run_id=p17_hit1_20260801_144222_15364 evidence=OBSERVED"
692,1337,GUEST_INDIRECT_CALL,"[GUEST_INDIRECT_CALL] module_id=3 pc=0x30667A target=0x304569 arg0=0x1E209 arg1=0x9"
693,1338,EVENT_TXN,"[EVENT_TXN] op=ACCEPT request_id=26 identity=0xC15442057B8F762F event=0x1E209 app=0x9 ctx=0x6AD12C payload=0x0 stack0=0x0 stack1=0x0 caller_pc=0x304599 insn=26 digest=0xFF5FCBC8 handler=0x30D311 run_id=p17_hit1_20260801_"
694,1340,PLATFORM_FAMILY_EVENT,"[PLATFORM_FAMILY_EVENT] op=ENQUEUE event=0x1E209 app=0x9 handler=0x30D311 request_id=26 owner=robotol.ext evidence=OBSERVED"
695,1341,PLATFORM_FAMILY_EVENT,"[PLATFORM_FAMILY_EVENT] op=DEFER_DRAIN_TO_MAP_REDIRECT event=0x1E209 app=0x9 note=avoid_nested_emu_inside_map_func evidence=OBSERVED"
696,1342,JJFB_EXTCHUNK_SLOT_CALL,"[JJFB_EXTCHUNK_SLOT_CALL] off=0x28 pc=0x280058 r0=0x1E209 r1=0x9 r2=0x0 r3=0x0 r4=0x1E209 ret=0x0 evidence=TARGET_OBSERVED"
697,1343,PLATFORM_FAMILY_EVENT,"[PLATFORM_FAMILY_EVENT] op=SCHEDULE_DRAIN_OUTSIDE_HOOK cont=0x304599 queued=1 cfn_path=PLATFORM_FAMILY_CALLBACK evidence=OBSERVED"
698,1344,GUEST_INDIRECT_CALL,"[GUEST_INDIRECT_CALL] module_id=3 pc=0x306762 target=0x2F9975 arg0=0x0 arg1=0x0"
699,1348,CALLBACK_FRAME_RESTORE_BEGIN,"[CALLBACK_FRAME_RESTORE_BEGIN] seq=26 saved_r9=0x0 frame_token=111672320797 run_id=p17_hit1_20260801_144222_15364 evidence=OBSERVED"
700,1350,CALLBACK_FRAME_RESTORE_COMPLETE,"[CALLBACK_FRAME_RESTORE_COMPLETE] seq=26 restored_r9=0x0 ok=1 frame_token=111672320797 run_id=p17_hit1_20260801_144222_15364 evidence=OBSERVED"
701,1354,JJFB_LIFECYCLE,"[JJFB_LIFECYCLE] op=FIRE_DONE tick=26 ok=1 end=stop_at_base pc_after=0x80000 r0_after=0x0 r9_after=0x2B1868 sp_after=0x280000 uc_err=0 detail=- evidence=OBSERVED"
702,1355,EMU_NEST,"[EMU_NEST] op=FAMILY_DRAIN_ENTER depth=1 site=drain_family_events evidence=OBSERVED"
703,1357,PLATFORM_FAMILY_EVENT,"[PLATFORM_FAMILY_EVENT] op=DELIVER event=0x1E209 app=0x9 handler=0x30D311 r9=0x2B1868 r2=0x0 r3=0x0 request_id=26 evidence=OBSERVED"
704,1358,EVENT_DELIVER_ENTER,"[EVENT_DELIVER_ENTER] request_id=26 handler=0x30D311 r0=0x9 r1=0x1E209 r2=0x0 r3=0x0 stack0=0x0 stack1=0x0 ctx=0x6AD12C run_id=p17_hit1_20260801_144222_15364 evidence=OBSERVED"
705,1359,CALLBACK_FRAME,"[CALLBACK_FRAME] boundary=FAMILY_HANDLER_ENTER handler=0x30D311 request_id=26 stop=0x80000 r0=0x9 r1=0x1E209 r9=0x2B1868 cfn_path=PLATFORM_FAMILY_CALLBACK evidence=OBSERVED"
706,1363,GUEST_INDIRECT_CALL,"[GUEST_INDIRECT_CALL] module_id=3 pc=0x30E1B0 target=0x305E19 arg0=0x1E209 arg1=0x0"
707,1364,GUEST_INDIRECT_CALL,"[GUEST_INDIRECT_CALL] module_id=3 pc=0x305E32 target=0x304569 arg0=0x10133 arg1=0x1E205"
708,1365,JJFB_EXTCHUNK_SLOT_CALL,"[JJFB_EXTCHUNK_SLOT_CALL] off=0x28 pc=0x280058 r0=0x10133 r1=0x1E205 r2=0x0 r3=0x0 r4=0x10133 ret=0x0 evidence=TARGET_OBSERVED"
709,1366,CALLBACK_FRAME,"[CALLBACK_FRAME] boundary=FAMILY_HANDLER_LEAVE handler=0x30D311 request_id=26 end_class=REACHED_STOP reached_stop=1 pc_after=0x80000 cfn_path=PLATFORM_FAMILY_CALLBACK evidence=OBSERVED"
710,1370,PLATFORM_FAMILY_EVENT,"[PLATFORM_FAMILY_EVENT] op=DELIVER_DONE ok=1 ret=0 end=stop_at_base end_class=REACHED_STOP reached_stop=1 handler=0x30D311 pc_after=0x80000 stop=0x80000 lr_after=0x304599 lim=5000000 evidence=OBSERVED"
711,1372,EMU_NEST,"[EMU_NEST] op=FAMILY_DRAIN_LEAVE depth=0 site=drain_family_events evidence=OBSERVED"
712,1373,PLATFORM_TIMER,"[PLATFORM_TIMER] op=FIRE_DONE ret=0 evidence=DOCUMENTED"
713,1374,PLATFORM_TIMER,"[PLATFORM_TIMER] op=FIRE_DONE via=host_loop evidence=DOCUMENTED"
714,1375,PLATFORM_TIMER,"[PLATFORM_TIMER] op=FIRE_CB interval=50 evidence=DOCUMENTED"
715,1376,PLATFORM_TIMER,"[PLATFORM_TIMER] op=FIRE_DUE via=host_loop evidence=DOCUMENTED"
716,1377,PLATFORM_TIMER,"[PLATFORM_TIMER] op=FIRE_ENTER evidence=DOCUMENTED"
717,1378,PLATFORM_TIMER,"[PLATFORM_TIMER] op=FIRE_LOCKED evidence=DOCUMENTED"
718,1380,JJFB_LIFECYCLE,"[JJFB_LIFECYCLE] op=FIRE tick=27 handler=0x30631D r0=0 r1=0 r9=0x2B1868 owner=robotol.ext evidence=CROSS_TARGET+docs/06"
719,1382,CALLBACK_FRAME_ENTER,"[CALLBACK_FRAME_ENTER] seq=27 frame_token=115967288093 handler=0x30631D r9=0x2B1868 stop_sentinel=0x80000 run_id=p17_hit1_20260801_144222_15364 evidence=OBSERVED"
720,1391,GUEST_INDIRECT_CALL,"[GUEST_INDIRECT_CALL] module_id=3 pc=0x30667A target=0x304569 arg0=0x1E209 arg1=0x9"
721,1392,EVENT_TXN,"[EVENT_TXN] op=ACCEPT request_id=27 identity=0xC15442057B8F762F event=0x1E209 app=0x9 ctx=0x6AD12C payload=0x0 stack0=0x0 stack1=0x0 caller_pc=0x304599 insn=27 digest=0xFF5FCBC8 handler=0x30D311 run_id=p17_hit1_20260801_"
722,1394,PLATFORM_FAMILY_EVENT,"[PLATFORM_FAMILY_EVENT] op=ENQUEUE event=0x1E209 app=0x9 handler=0x30D311 request_id=27 owner=robotol.ext evidence=OBSERVED"
723,1395,PLATFORM_FAMILY_EVENT,"[PLATFORM_FAMILY_EVENT] op=DEFER_DRAIN_TO_MAP_REDIRECT event=0x1E209 app=0x9 note=avoid_nested_emu_inside_map_func evidence=OBSERVED"
724,1396,JJFB_EXTCHUNK_SLOT_CALL,"[JJFB_EXTCHUNK_SLOT_CALL] off=0x28 pc=0x280058 r0=0x1E209 r1=0x9 r2=0x0 r3=0x0 r4=0x1E209 ret=0x0 evidence=TARGET_OBSERVED"
725,1397,PLATFORM_FAMILY_EVENT,"[PLATFORM_FAMILY_EVENT] op=SCHEDULE_DRAIN_OUTSIDE_HOOK cont=0x304599 queued=1 cfn_path=PLATFORM_FAMILY_CALLBACK evidence=OBSERVED"
726,1398,GUEST_INDIRECT_CALL,"[GUEST_INDIRECT_CALL] module_id=3 pc=0x306762 target=0x2F9975 arg0=0x0 arg1=0x0"
727,1402,CALLBACK_FRAME_RESTORE_BEGIN,"[CALLBACK_FRAME_RESTORE_BEGIN] seq=27 saved_r9=0x0 frame_token=115967288093 run_id=p17_hit1_20260801_144222_15364 evidence=OBSERVED"
728,1404,CALLBACK_FRAME_RESTORE_COMPLETE,"[CALLBACK_FRAME_RESTORE_COMPLETE] seq=27 restored_r9=0x0 ok=1 frame_token=115967288093 run_id=p17_hit1_20260801_144222_15364 evidence=OBSERVED"
729,1408,JJFB_LIFECYCLE,"[JJFB_LIFECYCLE] op=FIRE_DONE tick=27 ok=1 end=stop_at_base pc_after=0x80000 r0_after=0x0 r9_after=0x2B1868 sp_after=0x280000 uc_err=0 detail=- evidence=OBSERVED"
730,1409,EMU_NEST,"[EMU_NEST] op=FAMILY_DRAIN_ENTER depth=1 site=drain_family_events evidence=OBSERVED"
731,1411,PLATFORM_FAMILY_EVENT,"[PLATFORM_FAMILY_EVENT] op=DELIVER event=0x1E209 app=0x9 handler=0x30D311 r9=0x2B1868 r2=0x0 r3=0x0 request_id=27 evidence=OBSERVED"
732,1412,EVENT_DELIVER_ENTER,"[EVENT_DELIVER_ENTER] request_id=27 handler=0x30D311 r0=0x9 r1=0x1E209 r2=0x0 r3=0x0 stack0=0x0 stack1=0x0 ctx=0x6AD12C run_id=p17_hit1_20260801_144222_15364 evidence=OBSERVED"
733,1413,CALLBACK_FRAME,"[CALLBACK_FRAME] boundary=FAMILY_HANDLER_ENTER handler=0x30D311 request_id=27 stop=0x80000 r0=0x9 r1=0x1E209 r9=0x2B1868 cfn_path=PLATFORM_FAMILY_CALLBACK evidence=OBSERVED"
734,1417,GUEST_INDIRECT_CALL,"[GUEST_INDIRECT_CALL] module_id=3 pc=0x30E1B0 target=0x305E19 arg0=0x1E209 arg1=0x0"
735,1418,GUEST_INDIRECT_CALL,"[GUEST_INDIRECT_CALL] module_id=3 pc=0x305E32 target=0x304569 arg0=0x10133 arg1=0x1E205"
736,1419,JJFB_EXTCHUNK_SLOT_CALL,"[JJFB_EXTCHUNK_SLOT_CALL] off=0x28 pc=0x280058 r0=0x10133 r1=0x1E205 r2=0x0 r3=0x0 r4=0x10133 ret=0x0 evidence=TARGET_OBSERVED"
737,1420,CALLBACK_FRAME,"[CALLBACK_FRAME] boundary=FAMILY_HANDLER_LEAVE handler=0x30D311 request_id=27 end_class=REACHED_STOP reached_stop=1 pc_after=0x80000 cfn_path=PLATFORM_FAMILY_CALLBACK evidence=OBSERVED"
738,1424,PLATFORM_FAMILY_EVENT,"[PLATFORM_FAMILY_EVENT] op=DELIVER_DONE ok=1 ret=0 end=stop_at_base end_class=REACHED_STOP reached_stop=1 handler=0x30D311 pc_after=0x80000 stop=0x80000 lr_after=0x304599 lim=5000000 evidence=OBSERVED"
739,1426,EMU_NEST,"[EMU_NEST] op=FAMILY_DRAIN_LEAVE depth=0 site=drain_family_events evidence=OBSERVED"
740,1427,PLATFORM_TIMER,"[PLATFORM_TIMER] op=FIRE_DONE ret=0 evidence=DOCUMENTED"
741,1428,PLATFORM_TIMER,"[PLATFORM_TIMER] op=FIRE_DONE via=host_loop evidence=DOCUMENTED"
742,1429,PLATFORM_TIMER,"[PLATFORM_TIMER] op=FIRE_CB interval=50 evidence=DOCUMENTED"
743,1430,PLATFORM_TIMER,"[PLATFORM_TIMER] op=FIRE_DUE via=host_loop evidence=DOCUMENTED"
744,1431,PLATFORM_TIMER,"[PLATFORM_TIMER] op=FIRE_ENTER evidence=DOCUMENTED"
745,1432,PLATFORM_TIMER,"[PLATFORM_TIMER] op=FIRE_LOCKED evidence=DOCUMENTED"
746,1434,JJFB_LIFECYCLE,"[JJFB_LIFECYCLE] op=FIRE tick=28 handler=0x30631D r0=0 r1=0 r9=0x2B1868 owner=robotol.ext evidence=CROSS_TARGET+docs/06"
747,1436,CALLBACK_FRAME_ENTER,"[CALLBACK_FRAME_ENTER] seq=28 frame_token=120262255389 handler=0x30631D r9=0x2B1868 stop_sentinel=0x80000 run_id=p17_hit1_20260801_144222_15364 evidence=OBSERVED"
748,1445,GUEST_INDIRECT_CALL,"[GUEST_INDIRECT_CALL] module_id=3 pc=0x30667A target=0x304569 arg0=0x1E209 arg1=0x9"
749,1446,EVENT_TXN,"[EVENT_TXN] op=ACCEPT request_id=28 identity=0xC15442057B8F762F event=0x1E209 app=0x9 ctx=0x6AD12C payload=0x0 stack0=0x0 stack1=0x0 caller_pc=0x304599 insn=28 digest=0xFF5FCBC8 handler=0x30D311 run_id=p17_hit1_20260801_"
750,1448,PLATFORM_FAMILY_EVENT,"[PLATFORM_FAMILY_EVENT] op=ENQUEUE event=0x1E209 app=0x9 handler=0x30D311 request_id=28 owner=robotol.ext evidence=OBSERVED"
751,1449,PLATFORM_FAMILY_EVENT,"[PLATFORM_FAMILY_EVENT] op=DEFER_DRAIN_TO_MAP_REDIRECT event=0x1E209 app=0x9 note=avoid_nested_emu_inside_map_func evidence=OBSERVED"
752,1450,JJFB_EXTCHUNK_SLOT_CALL,"[JJFB_EXTCHUNK_SLOT_CALL] off=0x28 pc=0x280058 r0=0x1E209 r1=0x9 r2=0x0 r3=0x0 r4=0x1E209 ret=0x0 evidence=TARGET_OBSERVED"
753,1451,PLATFORM_FAMILY_EVENT,"[PLATFORM_FAMILY_EVENT] op=SCHEDULE_DRAIN_OUTSIDE_HOOK cont=0x304599 queued=1 cfn_path=PLATFORM_FAMILY_CALLBACK evidence=OBSERVED"
754,1452,GUEST_INDIRECT_CALL,"[GUEST_INDIRECT_CALL] module_id=3 pc=0x306762 target=0x2F9975 arg0=0x0 arg1=0x0"
755,1456,CALLBACK_FRAME_RESTORE_BEGIN,"[CALLBACK_FRAME_RESTORE_BEGIN] seq=28 saved_r9=0x0 frame_token=120262255389 run_id=p17_hit1_20260801_144222_15364 evidence=OBSERVED"
756,1458,CALLBACK_FRAME_RESTORE_COMPLETE,"[CALLBACK_FRAME_RESTORE_COMPLETE] seq=28 restored_r9=0x0 ok=1 frame_token=120262255389 run_id=p17_hit1_20260801_144222_15364 evidence=OBSERVED"
757,1462,JJFB_LIFECYCLE,"[JJFB_LIFECYCLE] op=FIRE_DONE tick=28 ok=1 end=stop_at_base pc_after=0x80000 r0_after=0x0 r9_after=0x2B1868 sp_after=0x280000 uc_err=0 detail=- evidence=OBSERVED"
758,1463,EMU_NEST,"[EMU_NEST] op=FAMILY_DRAIN_ENTER depth=1 site=drain_family_events evidence=OBSERVED"
759,1465,PLATFORM_FAMILY_EVENT,"[PLATFORM_FAMILY_EVENT] op=DELIVER event=0x1E209 app=0x9 handler=0x30D311 r9=0x2B1868 r2=0x0 r3=0x0 request_id=28 evidence=OBSERVED"
760,1466,EVENT_DELIVER_ENTER,"[EVENT_DELIVER_ENTER] request_id=28 handler=0x30D311 r0=0x9 r1=0x1E209 r2=0x0 r3=0x0 stack0=0x0 stack1=0x0 ctx=0x6AD12C run_id=p17_hit1_20260801_144222_15364 evidence=OBSERVED"
761,1467,CALLBACK_FRAME,"[CALLBACK_FRAME] boundary=FAMILY_HANDLER_ENTER handler=0x30D311 request_id=28 stop=0x80000 r0=0x9 r1=0x1E209 r9=0x2B1868 cfn_path=PLATFORM_FAMILY_CALLBACK evidence=OBSERVED"
762,1471,GUEST_INDIRECT_CALL,"[GUEST_INDIRECT_CALL] module_id=3 pc=0x30E1B0 target=0x305E19 arg0=0x1E209 arg1=0x0"
763,1472,GUEST_INDIRECT_CALL,"[GUEST_INDIRECT_CALL] module_id=3 pc=0x305E32 target=0x304569 arg0=0x10133 arg1=0x1E205"
764,1473,JJFB_EXTCHUNK_SLOT_CALL,"[JJFB_EXTCHUNK_SLOT_CALL] off=0x28 pc=0x280058 r0=0x10133 r1=0x1E205 r2=0x0 r3=0x0 r4=0x10133 ret=0x0 evidence=TARGET_OBSERVED"
765,1474,CALLBACK_FRAME,"[CALLBACK_FRAME] boundary=FAMILY_HANDLER_LEAVE handler=0x30D311 request_id=28 end_class=REACHED_STOP reached_stop=1 pc_after=0x80000 cfn_path=PLATFORM_FAMILY_CALLBACK evidence=OBSERVED"
766,1478,PLATFORM_FAMILY_EVENT,"[PLATFORM_FAMILY_EVENT] op=DELIVER_DONE ok=1 ret=0 end=stop_at_base end_class=REACHED_STOP reached_stop=1 handler=0x30D311 pc_after=0x80000 stop=0x80000 lr_after=0x304599 lim=5000000 evidence=OBSERVED"
767,1480,EMU_NEST,"[EMU_NEST] op=FAMILY_DRAIN_LEAVE depth=0 site=drain_family_events evidence=OBSERVED"
768,1481,PLATFORM_TIMER,"[PLATFORM_TIMER] op=FIRE_DONE ret=0 evidence=DOCUMENTED"
769,1482,PLATFORM_TIMER,"[PLATFORM_TIMER] op=FIRE_DONE via=host_loop evidence=DOCUMENTED"
770,1483,PLATFORM_TIMER,"[PLATFORM_TIMER] op=FIRE_CB interval=50 evidence=DOCUMENTED"
771,1484,PLATFORM_TIMER,"[PLATFORM_TIMER] op=FIRE_DUE via=host_loop evidence=DOCUMENTED"
772,1485,PLATFORM_TIMER,"[PLATFORM_TIMER] op=FIRE_ENTER evidence=DOCUMENTED"
773,1486,PLATFORM_TIMER,"[PLATFORM_TIMER] op=FIRE_LOCKED evidence=DOCUMENTED"
774,1488,JJFB_LIFECYCLE,"[JJFB_LIFECYCLE] op=FIRE tick=29 handler=0x30631D r0=0 r1=0 r9=0x2B1868 owner=robotol.ext evidence=CROSS_TARGET+docs/06"
775,1490,CALLBACK_FRAME_ENTER,"[CALLBACK_FRAME_ENTER] seq=29 frame_token=124557222685 handler=0x30631D r9=0x2B1868 stop_sentinel=0x80000 run_id=p17_hit1_20260801_144222_15364 evidence=OBSERVED"
776,1499,GUEST_INDIRECT_CALL,"[GUEST_INDIRECT_CALL] module_id=3 pc=0x30667A target=0x304569 arg0=0x1E209 arg1=0x9"
777,1500,EVENT_TXN,"[EVENT_TXN] op=ACCEPT request_id=29 identity=0xC15442057B8F762F event=0x1E209 app=0x9 ctx=0x6AD12C payload=0x0 stack0=0x0 stack1=0x0 caller_pc=0x304599 insn=29 digest=0xFF5FCBC8 handler=0x30D311 run_id=p17_hit1_20260801_"
778,1502,PLATFORM_FAMILY_EVENT,"[PLATFORM_FAMILY_EVENT] op=ENQUEUE event=0x1E209 app=0x9 handler=0x30D311 request_id=29 owner=robotol.ext evidence=OBSERVED"
779,1503,PLATFORM_FAMILY_EVENT,"[PLATFORM_FAMILY_EVENT] op=DEFER_DRAIN_TO_MAP_REDIRECT event=0x1E209 app=0x9 note=avoid_nested_emu_inside_map_func evidence=OBSERVED"
780,1504,JJFB_EXTCHUNK_SLOT_CALL,"[JJFB_EXTCHUNK_SLOT_CALL] off=0x28 pc=0x280058 r0=0x1E209 r1=0x9 r2=0x0 r3=0x0 r4=0x1E209 ret=0x0 evidence=TARGET_OBSERVED"
781,1505,PLATFORM_FAMILY_EVENT,"[PLATFORM_FAMILY_EVENT] op=SCHEDULE_DRAIN_OUTSIDE_HOOK cont=0x304599 queued=1 cfn_path=PLATFORM_FAMILY_CALLBACK evidence=OBSERVED"
782,1506,GUEST_INDIRECT_CALL,"[GUEST_INDIRECT_CALL] module_id=3 pc=0x306762 target=0x2F9975 arg0=0x0 arg1=0x0"
783,1510,CALLBACK_FRAME_RESTORE_BEGIN,"[CALLBACK_FRAME_RESTORE_BEGIN] seq=29 saved_r9=0x0 frame_token=124557222685 run_id=p17_hit1_20260801_144222_15364 evidence=OBSERVED"
784,1512,CALLBACK_FRAME_RESTORE_COMPLETE,"[CALLBACK_FRAME_RESTORE_COMPLETE] seq=29 restored_r9=0x0 ok=1 frame_token=124557222685 run_id=p17_hit1_20260801_144222_15364 evidence=OBSERVED"
785,1516,JJFB_LIFECYCLE,"[JJFB_LIFECYCLE] op=FIRE_DONE tick=29 ok=1 end=stop_at_base pc_after=0x80000 r0_after=0x0 r9_after=0x2B1868 sp_after=0x280000 uc_err=0 detail=- evidence=OBSERVED"
786,1517,EMU_NEST,"[EMU_NEST] op=FAMILY_DRAIN_ENTER depth=1 site=drain_family_events evidence=OBSERVED"
787,1519,PLATFORM_FAMILY_EVENT,"[PLATFORM_FAMILY_EVENT] op=DELIVER event=0x1E209 app=0x9 handler=0x30D311 r9=0x2B1868 r2=0x0 r3=0x0 request_id=29 evidence=OBSERVED"
788,1520,EVENT_DELIVER_ENTER,"[EVENT_DELIVER_ENTER] request_id=29 handler=0x30D311 r0=0x9 r1=0x1E209 r2=0x0 r3=0x0 stack0=0x0 stack1=0x0 ctx=0x6AD12C run_id=p17_hit1_20260801_144222_15364 evidence=OBSERVED"
789,1521,CALLBACK_FRAME,"[CALLBACK_FRAME] boundary=FAMILY_HANDLER_ENTER handler=0x30D311 request_id=29 stop=0x80000 r0=0x9 r1=0x1E209 r9=0x2B1868 cfn_path=PLATFORM_FAMILY_CALLBACK evidence=OBSERVED"
790,1525,GUEST_INDIRECT_CALL,"[GUEST_INDIRECT_CALL] module_id=3 pc=0x30E1B0 target=0x305E19 arg0=0x1E209 arg1=0x0"
791,1526,GUEST_INDIRECT_CALL,"[GUEST_INDIRECT_CALL] module_id=3 pc=0x305E32 target=0x304569 arg0=0x10133 arg1=0x1E205"
792,1527,JJFB_EXTCHUNK_SLOT_CALL,"[JJFB_EXTCHUNK_SLOT_CALL] off=0x28 pc=0x280058 r0=0x10133 r1=0x1E205 r2=0x0 r3=0x0 r4=0x10133 ret=0x0 evidence=TARGET_OBSERVED"
793,1528,CALLBACK_FRAME,"[CALLBACK_FRAME] boundary=FAMILY_HANDLER_LEAVE handler=0x30D311 request_id=29 end_class=REACHED_STOP reached_stop=1 pc_after=0x80000 cfn_path=PLATFORM_FAMILY_CALLBACK evidence=OBSERVED"
794,1532,PLATFORM_FAMILY_EVENT,"[PLATFORM_FAMILY_EVENT] op=DELIVER_DONE ok=1 ret=0 end=stop_at_base end_class=REACHED_STOP reached_stop=1 handler=0x30D311 pc_after=0x80000 stop=0x80000 lr_after=0x304599 lim=5000000 evidence=OBSERVED"
795,1534,EMU_NEST,"[EMU_NEST] op=FAMILY_DRAIN_LEAVE depth=0 site=drain_family_events evidence=OBSERVED"
796,1535,PLATFORM_TIMER,"[PLATFORM_TIMER] op=FIRE_DONE ret=0 evidence=DOCUMENTED"
797,1536,PLATFORM_TIMER,"[PLATFORM_TIMER] op=FIRE_DONE via=host_loop evidence=DOCUMENTED"
798,1537,PLATFORM_TIMER,"[PLATFORM_TIMER] op=FIRE_CB interval=50 evidence=DOCUMENTED"
799,1538,PLATFORM_TIMER,"[PLATFORM_TIMER] op=FIRE_DUE via=host_loop evidence=DOCUMENTED"
800,1539,PLATFORM_TIMER,"[PLATFORM_TIMER] op=FIRE_ENTER evidence=DOCUMENTED"
801,1540,PLATFORM_TIMER,"[PLATFORM_TIMER] op=FIRE_LOCKED evidence=DOCUMENTED"
802,1542,JJFB_LIFECYCLE,"[JJFB_LIFECYCLE] op=FIRE tick=30 handler=0x30631D r0=0 r1=0 r9=0x2B1868 owner=robotol.ext evidence=CROSS_TARGET+docs/06"
803,1544,CALLBACK_FRAME_ENTER,"[CALLBACK_FRAME_ENTER] seq=30 frame_token=128852189981 handler=0x30631D r9=0x2B1868 stop_sentinel=0x80000 run_id=p17_hit1_20260801_144222_15364 evidence=OBSERVED"
804,1553,GUEST_INDIRECT_CALL,"[GUEST_INDIRECT_CALL] module_id=3 pc=0x30667A target=0x304569 arg0=0x1E209 arg1=0x9"
805,1554,EVENT_TXN,"[EVENT_TXN] op=ACCEPT request_id=30 identity=0xC15442057B8F762F event=0x1E209 app=0x9 ctx=0x6AD12C payload=0x0 stack0=0x0 stack1=0x0 caller_pc=0x304599 insn=30 digest=0xFF5FCBC8 handler=0x30D311 run_id=p17_hit1_20260801_"
806,1556,PLATFORM_FAMILY_EVENT,"[PLATFORM_FAMILY_EVENT] op=ENQUEUE event=0x1E209 app=0x9 handler=0x30D311 request_id=30 owner=robotol.ext evidence=OBSERVED"
807,1557,PLATFORM_FAMILY_EVENT,"[PLATFORM_FAMILY_EVENT] op=DEFER_DRAIN_TO_MAP_REDIRECT event=0x1E209 app=0x9 note=avoid_nested_emu_inside_map_func evidence=OBSERVED"
808,1558,JJFB_EXTCHUNK_SLOT_CALL,"[JJFB_EXTCHUNK_SLOT_CALL] off=0x28 pc=0x280058 r0=0x1E209 r1=0x9 r2=0x0 r3=0x0 r4=0x1E209 ret=0x0 evidence=TARGET_OBSERVED"
809,1559,PLATFORM_FAMILY_EVENT,"[PLATFORM_FAMILY_EVENT] op=SCHEDULE_DRAIN_OUTSIDE_HOOK cont=0x304599 queued=1 cfn_path=PLATFORM_FAMILY_CALLBACK evidence=OBSERVED"
810,1560,GUEST_INDIRECT_CALL,"[GUEST_INDIRECT_CALL] module_id=3 pc=0x306762 target=0x2F9975 arg0=0x0 arg1=0x0"
811,1564,CALLBACK_FRAME_RESTORE_BEGIN,"[CALLBACK_FRAME_RESTORE_BEGIN] seq=30 saved_r9=0x0 frame_token=128852189981 run_id=p17_hit1_20260801_144222_15364 evidence=OBSERVED"
812,1566,CALLBACK_FRAME_RESTORE_COMPLETE,"[CALLBACK_FRAME_RESTORE_COMPLETE] seq=30 restored_r9=0x0 ok=1 frame_token=128852189981 run_id=p17_hit1_20260801_144222_15364 evidence=OBSERVED"
813,1570,JJFB_LIFECYCLE,"[JJFB_LIFECYCLE] op=FIRE_DONE tick=30 ok=1 end=stop_at_base pc_after=0x80000 r0_after=0x0 r9_after=0x2B1868 sp_after=0x280000 uc_err=0 detail=- evidence=OBSERVED"
814,1571,TIMER_CADENCE_VERDICT,"[TIMER_CADENCE_VERDICT] verdict=TIMER_CADENCE_VALID deliveries=30 duplicates=0 max_outstanding=1 run_id=p17_hit1_20260801_144222_15364 evidence=OBSERVED"
815,1572,EMU_NEST,"[EMU_NEST] op=FAMILY_DRAIN_ENTER depth=1 site=drain_family_events evidence=OBSERVED"
816,1574,PLATFORM_FAMILY_EVENT,"[PLATFORM_FAMILY_EVENT] op=DELIVER event=0x1E209 app=0x9 handler=0x30D311 r9=0x2B1868 r2=0x0 r3=0x0 request_id=30 evidence=OBSERVED"
817,1575,EVENT_DELIVER_ENTER,"[EVENT_DELIVER_ENTER] request_id=30 handler=0x30D311 r0=0x9 r1=0x1E209 r2=0x0 r3=0x0 stack0=0x0 stack1=0x0 ctx=0x6AD12C run_id=p17_hit1_20260801_144222_15364 evidence=OBSERVED"
818,1576,CALLBACK_FRAME,"[CALLBACK_FRAME] boundary=FAMILY_HANDLER_ENTER handler=0x30D311 request_id=30 stop=0x80000 r0=0x9 r1=0x1E209 r9=0x2B1868 cfn_path=PLATFORM_FAMILY_CALLBACK evidence=OBSERVED"
819,1580,GUEST_INDIRECT_CALL,"[GUEST_INDIRECT_CALL] module_id=3 pc=0x30E1B0 target=0x305E19 arg0=0x1E209 arg1=0x0"
820,1581,GUEST_INDIRECT_CALL,"[GUEST_INDIRECT_CALL] module_id=3 pc=0x305E32 target=0x304569 arg0=0x10133 arg1=0x1E205"
821,1582,JJFB_EXTCHUNK_SLOT_CALL,"[JJFB_EXTCHUNK_SLOT_CALL] off=0x28 pc=0x280058 r0=0x10133 r1=0x1E205 r2=0x0 r3=0x0 r4=0x10133 ret=0x0 evidence=TARGET_OBSERVED"
822,1583,CALLBACK_FRAME,"[CALLBACK_FRAME] boundary=FAMILY_HANDLER_LEAVE handler=0x30D311 request_id=30 end_class=REACHED_STOP reached_stop=1 pc_after=0x80000 cfn_path=PLATFORM_FAMILY_CALLBACK evidence=OBSERVED"
823,1587,PLATFORM_FAMILY_EVENT,"[PLATFORM_FAMILY_EVENT] op=DELIVER_DONE ok=1 ret=0 end=stop_at_base end_class=REACHED_STOP reached_stop=1 handler=0x30D311 pc_after=0x80000 stop=0x80000 lr_after=0x304599 lim=5000000 evidence=OBSERVED"
824,1589,EMU_NEST,"[EMU_NEST] op=FAMILY_DRAIN_LEAVE depth=0 site=drain_family_events evidence=OBSERVED"
825,1590,PLATFORM_TIMER,"[PLATFORM_TIMER] op=FIRE_DONE ret=0 evidence=DOCUMENTED"
826,1591,PLATFORM_TIMER,"[PLATFORM_TIMER] op=FIRE_DONE via=host_loop evidence=DOCUMENTED"
827,1592,PLATFORM_TIMER,"[PLATFORM_TIMER] op=FIRE_CB interval=50 evidence=DOCUMENTED"
828,1593,PLATFORM_TIMER,"[PLATFORM_TIMER] op=FIRE_DUE via=host_loop evidence=DOCUMENTED"
829,1594,PLATFORM_TIMER,"[PLATFORM_TIMER] op=FIRE_ENTER evidence=DOCUMENTED"
830,1595,PLATFORM_TIMER,"[PLATFORM_TIMER] op=FIRE_LOCKED evidence=DOCUMENTED"
831,1597,JJFB_LIFECYCLE,"[JJFB_LIFECYCLE] op=FIRE tick=31 handler=0x30631D r0=0 r1=0 r9=0x2B1868 owner=robotol.ext evidence=CROSS_TARGET+docs/06"
832,1599,CALLBACK_FRAME_ENTER,"[CALLBACK_FRAME_ENTER] seq=31 frame_token=133147157277 handler=0x30631D r9=0x2B1868 stop_sentinel=0x80000 run_id=p17_hit1_20260801_144222_15364 evidence=OBSERVED"
833,1608,GUEST_INDIRECT_CALL,"[GUEST_INDIRECT_CALL] module_id=3 pc=0x30667A target=0x304569 arg0=0x1E209 arg1=0x9"
834,1609,EVENT_TXN,"[EVENT_TXN] op=ACCEPT request_id=31 identity=0xC15442057B8F762F event=0x1E209 app=0x9 ctx=0x6AD12C payload=0x0 stack0=0x0 stack1=0x0 caller_pc=0x304599 insn=31 digest=0xFF5FCBC8 handler=0x30D311 run_id=p17_hit1_20260801_"
835,1611,PLATFORM_FAMILY_EVENT,"[PLATFORM_FAMILY_EVENT] op=ENQUEUE event=0x1E209 app=0x9 handler=0x30D311 request_id=31 owner=robotol.ext evidence=OBSERVED"
836,1612,PLATFORM_FAMILY_EVENT,"[PLATFORM_FAMILY_EVENT] op=DEFER_DRAIN_TO_MAP_REDIRECT event=0x1E209 app=0x9 note=avoid_nested_emu_inside_map_func evidence=OBSERVED"
837,1613,JJFB_EXTCHUNK_SLOT_CALL,"[JJFB_EXTCHUNK_SLOT_CALL] off=0x28 pc=0x280058 r0=0x1E209 r1=0x9 r2=0x0 r3=0x0 r4=0x1E209 ret=0x0 evidence=TARGET_OBSERVED"
838,1614,PLATFORM_FAMILY_EVENT,"[PLATFORM_FAMILY_EVENT] op=SCHEDULE_DRAIN_OUTSIDE_HOOK cont=0x304599 queued=1 cfn_path=PLATFORM_FAMILY_CALLBACK evidence=OBSERVED"
839,1615,GUEST_INDIRECT_CALL,"[GUEST_INDIRECT_CALL] module_id=3 pc=0x306762 target=0x2F9975 arg0=0x0 arg1=0x0"
840,1619,CALLBACK_FRAME_RESTORE_BEGIN,"[CALLBACK_FRAME_RESTORE_BEGIN] seq=31 saved_r9=0x0 frame_token=133147157277 run_id=p17_hit1_20260801_144222_15364 evidence=OBSERVED"
841,1621,CALLBACK_FRAME_RESTORE_COMPLETE,"[CALLBACK_FRAME_RESTORE_COMPLETE] seq=31 restored_r9=0x0 ok=1 frame_token=133147157277 run_id=p17_hit1_20260801_144222_15364 evidence=OBSERVED"
842,1625,JJFB_LIFECYCLE,"[JJFB_LIFECYCLE] op=FIRE_DONE tick=31 ok=1 end=stop_at_base pc_after=0x80000 r0_after=0x0 r9_after=0x2B1868 sp_after=0x280000 uc_err=0 detail=- evidence=OBSERVED"
843,1626,EMU_NEST,"[EMU_NEST] op=FAMILY_DRAIN_ENTER depth=1 site=drain_family_events evidence=OBSERVED"
844,1628,PLATFORM_FAMILY_EVENT,"[PLATFORM_FAMILY_EVENT] op=DELIVER event=0x1E209 app=0x9 handler=0x30D311 r9=0x2B1868 r2=0x0 r3=0x0 request_id=31 evidence=OBSERVED"
845,1629,EVENT_DELIVER_ENTER,"[EVENT_DELIVER_ENTER] request_id=31 handler=0x30D311 r0=0x9 r1=0x1E209 r2=0x0 r3=0x0 stack0=0x0 stack1=0x0 ctx=0x6AD12C run_id=p17_hit1_20260801_144222_15364 evidence=OBSERVED"
846,1630,CALLBACK_FRAME,"[CALLBACK_FRAME] boundary=FAMILY_HANDLER_ENTER handler=0x30D311 request_id=31 stop=0x80000 r0=0x9 r1=0x1E209 r9=0x2B1868 cfn_path=PLATFORM_FAMILY_CALLBACK evidence=OBSERVED"
847,1634,GUEST_INDIRECT_CALL,"[GUEST_INDIRECT_CALL] module_id=3 pc=0x30E1B0 target=0x305E19 arg0=0x1E209 arg1=0x0"
848,1635,GUEST_INDIRECT_CALL,"[GUEST_INDIRECT_CALL] module_id=3 pc=0x305E32 target=0x304569 arg0=0x10133 arg1=0x1E205"
849,1636,JJFB_EXTCHUNK_SLOT_CALL,"[JJFB_EXTCHUNK_SLOT_CALL] off=0x28 pc=0x280058 r0=0x10133 r1=0x1E205 r2=0x0 r3=0x0 r4=0x10133 ret=0x0 evidence=TARGET_OBSERVED"
850,1637,CALLBACK_FRAME,"[CALLBACK_FRAME] boundary=FAMILY_HANDLER_LEAVE handler=0x30D311 request_id=31 end_class=REACHED_STOP reached_stop=1 pc_after=0x80000 cfn_path=PLATFORM_FAMILY_CALLBACK evidence=OBSERVED"
851,1641,PLATFORM_FAMILY_EVENT,"[PLATFORM_FAMILY_EVENT] op=DELIVER_DONE ok=1 ret=0 end=stop_at_base end_class=REACHED_STOP reached_stop=1 handler=0x30D311 pc_after=0x80000 stop=0x80000 lr_after=0x304599 lim=5000000 evidence=OBSERVED"
852,1643,EMU_NEST,"[EMU_NEST] op=FAMILY_DRAIN_LEAVE depth=0 site=drain_family_events evidence=OBSERVED"
853,1644,PLATFORM_TIMER,"[PLATFORM_TIMER] op=FIRE_DONE ret=0 evidence=DOCUMENTED"
854,1645,PLATFORM_TIMER,"[PLATFORM_TIMER] op=FIRE_DONE via=host_loop evidence=DOCUMENTED"
855,1646,PLATFORM_TIMER,"[PLATFORM_TIMER] op=FIRE_CB interval=50 evidence=DOCUMENTED"
856,1647,PLATFORM_TIMER,"[PLATFORM_TIMER] op=FIRE_DUE via=host_loop evidence=DOCUMENTED"
857,1648,PLATFORM_TIMER,"[PLATFORM_TIMER] op=FIRE_ENTER evidence=DOCUMENTED"
858,1649,PLATFORM_TIMER,"[PLATFORM_TIMER] op=FIRE_LOCKED evidence=DOCUMENTED"
859,1651,JJFB_LIFECYCLE,"[JJFB_LIFECYCLE] op=FIRE tick=32 handler=0x30631D r0=0 r1=0 r9=0x2B1868 owner=robotol.ext evidence=CROSS_TARGET+docs/06"
860,1653,CALLBACK_FRAME_ENTER,"[CALLBACK_FRAME_ENTER] seq=32 frame_token=137442124573 handler=0x30631D r9=0x2B1868 stop_sentinel=0x80000 run_id=p17_hit1_20260801_144222_15364 evidence=OBSERVED"
861,1662,GUEST_INDIRECT_CALL,"[GUEST_INDIRECT_CALL] module_id=3 pc=0x30667A target=0x304569 arg0=0x1E209 arg1=0x9"
862,1663,EVENT_TXN,"[EVENT_TXN] op=ACCEPT request_id=32 identity=0xC15442057B8F762F event=0x1E209 app=0x9 ctx=0x6AD12C payload=0x0 stack0=0x0 stack1=0x0 caller_pc=0x304599 insn=32 digest=0xFF5FCBC8 handler=0x30D311 run_id=p17_hit1_20260801_"
863,1665,PLATFORM_FAMILY_EVENT,"[PLATFORM_FAMILY_EVENT] op=ENQUEUE event=0x1E209 app=0x9 handler=0x30D311 request_id=32 owner=robotol.ext evidence=OBSERVED"
864,1666,PLATFORM_FAMILY_EVENT,"[PLATFORM_FAMILY_EVENT] op=DEFER_DRAIN_TO_MAP_REDIRECT event=0x1E209 app=0x9 note=avoid_nested_emu_inside_map_func evidence=OBSERVED"
865,1667,JJFB_EXTCHUNK_SLOT_CALL,"[JJFB_EXTCHUNK_SLOT_CALL] off=0x28 pc=0x280058 r0=0x1E209 r1=0x9 r2=0x0 r3=0x0 r4=0x1E209 ret=0x0 evidence=TARGET_OBSERVED"
866,1668,PLATFORM_FAMILY_EVENT,"[PLATFORM_FAMILY_EVENT] op=SCHEDULE_DRAIN_OUTSIDE_HOOK cont=0x304599 queued=1 cfn_path=PLATFORM_FAMILY_CALLBACK evidence=OBSERVED"
867,1669,GUEST_INDIRECT_CALL,"[GUEST_INDIRECT_CALL] module_id=3 pc=0x306762 target=0x2F9975 arg0=0x0 arg1=0x0"
868,1673,CALLBACK_FRAME_RESTORE_BEGIN,"[CALLBACK_FRAME_RESTORE_BEGIN] seq=32 saved_r9=0x0 frame_token=137442124573 run_id=p17_hit1_20260801_144222_15364 evidence=OBSERVED"
869,1675,CALLBACK_FRAME_RESTORE_COMPLETE,"[CALLBACK_FRAME_RESTORE_COMPLETE] seq=32 restored_r9=0x0 ok=1 frame_token=137442124573 run_id=p17_hit1_20260801_144222_15364 evidence=OBSERVED"
870,1679,JJFB_LIFECYCLE,"[JJFB_LIFECYCLE] op=FIRE_DONE tick=32 ok=1 end=stop_at_base pc_after=0x80000 r0_after=0x0 r9_after=0x2B1868 sp_after=0x280000 uc_err=0 detail=- evidence=OBSERVED"
871,1680,EMU_NEST,"[EMU_NEST] op=FAMILY_DRAIN_ENTER depth=1 site=drain_family_events evidence=OBSERVED"
872,1682,PLATFORM_FAMILY_EVENT,"[PLATFORM_FAMILY_EVENT] op=DELIVER event=0x1E209 app=0x9 handler=0x30D311 r9=0x2B1868 r2=0x0 r3=0x0 request_id=32 evidence=OBSERVED"
873,1683,EVENT_DELIVER_ENTER,"[EVENT_DELIVER_ENTER] request_id=32 handler=0x30D311 r0=0x9 r1=0x1E209 r2=0x0 r3=0x0 stack0=0x0 stack1=0x0 ctx=0x6AD12C run_id=p17_hit1_20260801_144222_15364 evidence=OBSERVED"
874,1684,CALLBACK_FRAME,"[CALLBACK_FRAME] boundary=FAMILY_HANDLER_ENTER handler=0x30D311 request_id=32 stop=0x80000 r0=0x9 r1=0x1E209 r9=0x2B1868 cfn_path=PLATFORM_FAMILY_CALLBACK evidence=OBSERVED"
875,1688,GUEST_INDIRECT_CALL,"[GUEST_INDIRECT_CALL] module_id=3 pc=0x30E1B0 target=0x305E19 arg0=0x1E209 arg1=0x0"
876,1689,GUEST_INDIRECT_CALL,"[GUEST_INDIRECT_CALL] module_id=3 pc=0x305E32 target=0x304569 arg0=0x10133 arg1=0x1E205"
877,1690,JJFB_EXTCHUNK_SLOT_CALL,"[JJFB_EXTCHUNK_SLOT_CALL] off=0x28 pc=0x280058 r0=0x10133 r1=0x1E205 r2=0x0 r3=0x0 r4=0x10133 ret=0x0 evidence=TARGET_OBSERVED"
878,1691,CALLBACK_FRAME,"[CALLBACK_FRAME] boundary=FAMILY_HANDLER_LEAVE handler=0x30D311 request_id=32 end_class=REACHED_STOP reached_stop=1 pc_after=0x80000 cfn_path=PLATFORM_FAMILY_CALLBACK evidence=OBSERVED"
879,1695,PLATFORM_FAMILY_EVENT,"[PLATFORM_FAMILY_EVENT] op=DELIVER_DONE ok=1 ret=0 end=stop_at_base end_class=REACHED_STOP reached_stop=1 handler=0x30D311 pc_after=0x80000 stop=0x80000 lr_after=0x304599 lim=5000000 evidence=OBSERVED"
880,1697,EMU_NEST,"[EMU_NEST] op=FAMILY_DRAIN_LEAVE depth=0 site=drain_family_events evidence=OBSERVED"
881,1698,PLATFORM_TIMER,"[PLATFORM_TIMER] op=FIRE_DONE ret=0 evidence=DOCUMENTED"
882,1699,PLATFORM_TIMER,"[PLATFORM_TIMER] op=FIRE_DONE via=host_loop evidence=DOCUMENTED"
883,1700,PLATFORM_TIMER,"[PLATFORM_TIMER] op=FIRE_CB interval=50 evidence=DOCUMENTED"
884,1701,PLATFORM_TIMER,"[PLATFORM_TIMER] op=FIRE_DUE via=host_loop evidence=DOCUMENTED"
885,1702,PLATFORM_TIMER,"[PLATFORM_TIMER] op=FIRE_ENTER evidence=DOCUMENTED"
886,1703,PLATFORM_TIMER,"[PLATFORM_TIMER] op=FIRE_LOCKED evidence=DOCUMENTED"
887,1705,JJFB_LIFECYCLE,"[JJFB_LIFECYCLE] op=FIRE tick=33 handler=0x30631D r0=0 r1=0 r9=0x2B1868 owner=robotol.ext evidence=CROSS_TARGET+docs/06"
888,1707,CALLBACK_FRAME_ENTER,"[CALLBACK_FRAME_ENTER] seq=33 frame_token=141737091869 handler=0x30631D r9=0x2B1868 stop_sentinel=0x80000 run_id=p17_hit1_20260801_144222_15364 evidence=OBSERVED"
889,1716,GUEST_INDIRECT_CALL,"[GUEST_INDIRECT_CALL] module_id=3 pc=0x30667A target=0x304569 arg0=0x1E209 arg1=0x9"
890,1717,EVENT_TXN,"[EVENT_TXN] op=ACCEPT request_id=33 identity=0xC15442057B8F762F event=0x1E209 app=0x9 ctx=0x6AD12C payload=0x0 stack0=0x0 stack1=0x0 caller_pc=0x304599 insn=33 digest=0xFF5FCBC8 handler=0x30D311 run_id=p17_hit1_20260801_"
891,1719,PLATFORM_FAMILY_EVENT,"[PLATFORM_FAMILY_EVENT] op=ENQUEUE event=0x1E209 app=0x9 handler=0x30D311 request_id=33 owner=robotol.ext evidence=OBSERVED"
892,1720,PLATFORM_FAMILY_EVENT,"[PLATFORM_FAMILY_EVENT] op=DEFER_DRAIN_TO_MAP_REDIRECT event=0x1E209 app=0x9 note=avoid_nested_emu_inside_map_func evidence=OBSERVED"
893,1721,JJFB_EXTCHUNK_SLOT_CALL,"[JJFB_EXTCHUNK_SLOT_CALL] off=0x28 pc=0x280058 r0=0x1E209 r1=0x9 r2=0x0 r3=0x0 r4=0x1E209 ret=0x0 evidence=TARGET_OBSERVED"
894,1722,PLATFORM_FAMILY_EVENT,"[PLATFORM_FAMILY_EVENT] op=SCHEDULE_DRAIN_OUTSIDE_HOOK cont=0x304599 queued=1 cfn_path=PLATFORM_FAMILY_CALLBACK evidence=OBSERVED"
895,1723,GUEST_INDIRECT_CALL,"[GUEST_INDIRECT_CALL] module_id=3 pc=0x306762 target=0x2F9975 arg0=0x0 arg1=0x0"
896,1727,CALLBACK_FRAME_RESTORE_BEGIN,"[CALLBACK_FRAME_RESTORE_BEGIN] seq=33 saved_r9=0x0 frame_token=141737091869 run_id=p17_hit1_20260801_144222_15364 evidence=OBSERVED"
897,1729,CALLBACK_FRAME_RESTORE_COMPLETE,"[CALLBACK_FRAME_RESTORE_COMPLETE] seq=33 restored_r9=0x0 ok=1 frame_token=141737091869 run_id=p17_hit1_20260801_144222_15364 evidence=OBSERVED"
898,1733,JJFB_LIFECYCLE,"[JJFB_LIFECYCLE] op=FIRE_DONE tick=33 ok=1 end=stop_at_base pc_after=0x80000 r0_after=0x0 r9_after=0x2B1868 sp_after=0x280000 uc_err=0 detail=- evidence=OBSERVED"
899,1734,EMU_NEST,"[EMU_NEST] op=FAMILY_DRAIN_ENTER depth=1 site=drain_family_events evidence=OBSERVED"
900,1736,PLATFORM_FAMILY_EVENT,"[PLATFORM_FAMILY_EVENT] op=DELIVER event=0x1E209 app=0x9 handler=0x30D311 r9=0x2B1868 r2=0x0 r3=0x0 request_id=33 evidence=OBSERVED"
901,1737,EVENT_DELIVER_ENTER,"[EVENT_DELIVER_ENTER] request_id=33 handler=0x30D311 r0=0x9 r1=0x1E209 r2=0x0 r3=0x0 stack0=0x0 stack1=0x0 ctx=0x6AD12C run_id=p17_hit1_20260801_144222_15364 evidence=OBSERVED"
902,1738,CALLBACK_FRAME,"[CALLBACK_FRAME] boundary=FAMILY_HANDLER_ENTER handler=0x30D311 request_id=33 stop=0x80000 r0=0x9 r1=0x1E209 r9=0x2B1868 cfn_path=PLATFORM_FAMILY_CALLBACK evidence=OBSERVED"
903,1742,GUEST_INDIRECT_CALL,"[GUEST_INDIRECT_CALL] module_id=3 pc=0x30E1B0 target=0x305E19 arg0=0x1E209 arg1=0x0"
904,1743,GUEST_INDIRECT_CALL,"[GUEST_INDIRECT_CALL] module_id=3 pc=0x305E32 target=0x304569 arg0=0x10133 arg1=0x1E205"
905,1744,JJFB_EXTCHUNK_SLOT_CALL,"[JJFB_EXTCHUNK_SLOT_CALL] off=0x28 pc=0x280058 r0=0x10133 r1=0x1E205 r2=0x0 r3=0x0 r4=0x10133 ret=0x0 evidence=TARGET_OBSERVED"
906,1745,CALLBACK_FRAME,"[CALLBACK_FRAME] boundary=FAMILY_HANDLER_LEAVE handler=0x30D311 request_id=33 end_class=REACHED_STOP reached_stop=1 pc_after=0x80000 cfn_path=PLATFORM_FAMILY_CALLBACK evidence=OBSERVED"
907,1749,PLATFORM_FAMILY_EVENT,"[PLATFORM_FAMILY_EVENT] op=DELIVER_DONE ok=1 ret=0 end=stop_at_base end_class=REACHED_STOP reached_stop=1 handler=0x30D311 pc_after=0x80000 stop=0x80000 lr_after=0x304599 lim=5000000 evidence=OBSERVED"
908,1751,EMU_NEST,"[EMU_NEST] op=FAMILY_DRAIN_LEAVE depth=0 site=drain_family_events evidence=OBSERVED"
909,1752,PLATFORM_TIMER,"[PLATFORM_TIMER] op=FIRE_DONE ret=0 evidence=DOCUMENTED"
910,1753,PLATFORM_TIMER,"[PLATFORM_TIMER] op=FIRE_DONE via=host_loop evidence=DOCUMENTED"
911,1754,PLATFORM_TIMER,"[PLATFORM_TIMER] op=FIRE_CB interval=50 evidence=DOCUMENTED"
912,1755,PLATFORM_TIMER,"[PLATFORM_TIMER] op=FIRE_DUE via=host_loop evidence=DOCUMENTED"
913,1756,PLATFORM_TIMER,"[PLATFORM_TIMER] op=FIRE_ENTER evidence=DOCUMENTED"
914,1757,PLATFORM_TIMER,"[PLATFORM_TIMER] op=FIRE_LOCKED evidence=DOCUMENTED"
915,1759,JJFB_LIFECYCLE,"[JJFB_LIFECYCLE] op=FIRE tick=34 handler=0x30631D r0=0 r1=0 r9=0x2B1868 owner=robotol.ext evidence=CROSS_TARGET+docs/06"
916,1761,CALLBACK_FRAME_ENTER,"[CALLBACK_FRAME_ENTER] seq=34 frame_token=146032059165 handler=0x30631D r9=0x2B1868 stop_sentinel=0x80000 run_id=p17_hit1_20260801_144222_15364 evidence=OBSERVED"
917,1770,GUEST_INDIRECT_CALL,"[GUEST_INDIRECT_CALL] module_id=3 pc=0x30667A target=0x304569 arg0=0x1E209 arg1=0x9"
918,1771,EVENT_TXN,"[EVENT_TXN] op=ACCEPT request_id=34 identity=0xC15442057B8F762F event=0x1E209 app=0x9 ctx=0x6AD12C payload=0x0 stack0=0x0 stack1=0x0 caller_pc=0x304599 insn=34 digest=0xFF5FCBC8 handler=0x30D311 run_id=p17_hit1_20260801_"
919,1773,PLATFORM_FAMILY_EVENT,"[PLATFORM_FAMILY_EVENT] op=ENQUEUE event=0x1E209 app=0x9 handler=0x30D311 request_id=34 owner=robotol.ext evidence=OBSERVED"
920,1774,PLATFORM_FAMILY_EVENT,"[PLATFORM_FAMILY_EVENT] op=DEFER_DRAIN_TO_MAP_REDIRECT event=0x1E209 app=0x9 note=avoid_nested_emu_inside_map_func evidence=OBSERVED"
921,1775,JJFB_EXTCHUNK_SLOT_CALL,"[JJFB_EXTCHUNK_SLOT_CALL] off=0x28 pc=0x280058 r0=0x1E209 r1=0x9 r2=0x0 r3=0x0 r4=0x1E209 ret=0x0 evidence=TARGET_OBSERVED"
922,1776,PLATFORM_FAMILY_EVENT,"[PLATFORM_FAMILY_EVENT] op=SCHEDULE_DRAIN_OUTSIDE_HOOK cont=0x304599 queued=1 cfn_path=PLATFORM_FAMILY_CALLBACK evidence=OBSERVED"
923,1777,GUEST_INDIRECT_CALL,"[GUEST_INDIRECT_CALL] module_id=3 pc=0x306762 target=0x2F9975 arg0=0x0 arg1=0x0"
924,1781,CALLBACK_FRAME_RESTORE_BEGIN,"[CALLBACK_FRAME_RESTORE_BEGIN] seq=34 saved_r9=0x0 frame_token=146032059165 run_id=p17_hit1_20260801_144222_15364 evidence=OBSERVED"
925,1783,CALLBACK_FRAME_RESTORE_COMPLETE,"[CALLBACK_FRAME_RESTORE_COMPLETE] seq=34 restored_r9=0x0 ok=1 frame_token=146032059165 run_id=p17_hit1_20260801_144222_15364 evidence=OBSERVED"
926,1787,JJFB_LIFECYCLE,"[JJFB_LIFECYCLE] op=FIRE_DONE tick=34 ok=1 end=stop_at_base pc_after=0x80000 r0_after=0x0 r9_after=0x2B1868 sp_after=0x280000 uc_err=0 detail=- evidence=OBSERVED"
927,1788,EMU_NEST,"[EMU_NEST] op=FAMILY_DRAIN_ENTER depth=1 site=drain_family_events evidence=OBSERVED"
928,1790,PLATFORM_FAMILY_EVENT,"[PLATFORM_FAMILY_EVENT] op=DELIVER event=0x1E209 app=0x9 handler=0x30D311 r9=0x2B1868 r2=0x0 r3=0x0 request_id=34 evidence=OBSERVED"
929,1791,EVENT_DELIVER_ENTER,"[EVENT_DELIVER_ENTER] request_id=34 handler=0x30D311 r0=0x9 r1=0x1E209 r2=0x0 r3=0x0 stack0=0x0 stack1=0x0 ctx=0x6AD12C run_id=p17_hit1_20260801_144222_15364 evidence=OBSERVED"
930,1792,CALLBACK_FRAME,"[CALLBACK_FRAME] boundary=FAMILY_HANDLER_ENTER handler=0x30D311 request_id=34 stop=0x80000 r0=0x9 r1=0x1E209 r9=0x2B1868 cfn_path=PLATFORM_FAMILY_CALLBACK evidence=OBSERVED"
931,1796,GUEST_INDIRECT_CALL,"[GUEST_INDIRECT_CALL] module_id=3 pc=0x30E1B0 target=0x305E19 arg0=0x1E209 arg1=0x0"
932,1797,GUEST_INDIRECT_CALL,"[GUEST_INDIRECT_CALL] module_id=3 pc=0x305E32 target=0x304569 arg0=0x10133 arg1=0x1E205"
933,1798,JJFB_EXTCHUNK_SLOT_CALL,"[JJFB_EXTCHUNK_SLOT_CALL] off=0x28 pc=0x280058 r0=0x10133 r1=0x1E205 r2=0x0 r3=0x0 r4=0x10133 ret=0x0 evidence=TARGET_OBSERVED"
934,1799,CALLBACK_FRAME,"[CALLBACK_FRAME] boundary=FAMILY_HANDLER_LEAVE handler=0x30D311 request_id=34 end_class=REACHED_STOP reached_stop=1 pc_after=0x80000 cfn_path=PLATFORM_FAMILY_CALLBACK evidence=OBSERVED"
935,1803,PLATFORM_FAMILY_EVENT,"[PLATFORM_FAMILY_EVENT] op=DELIVER_DONE ok=1 ret=0 end=stop_at_base end_class=REACHED_STOP reached_stop=1 handler=0x30D311 pc_after=0x80000 stop=0x80000 lr_after=0x304599 lim=5000000 evidence=OBSERVED"
936,1805,EMU_NEST,"[EMU_NEST] op=FAMILY_DRAIN_LEAVE depth=0 site=drain_family_events evidence=OBSERVED"
937,1806,PLATFORM_TIMER,"[PLATFORM_TIMER] op=FIRE_DONE ret=0 evidence=DOCUMENTED"
938,1807,PLATFORM_TIMER,"[PLATFORM_TIMER] op=FIRE_DONE via=host_loop evidence=DOCUMENTED"
939,1808,PLATFORM_TIMER,"[PLATFORM_TIMER] op=FIRE_CB interval=50 evidence=DOCUMENTED"
940,1809,PLATFORM_TIMER,"[PLATFORM_TIMER] op=FIRE_DUE via=host_loop evidence=DOCUMENTED"
941,1810,PLATFORM_TIMER,"[PLATFORM_TIMER] op=FIRE_ENTER evidence=DOCUMENTED"
942,1811,PLATFORM_TIMER,"[PLATFORM_TIMER] op=FIRE_LOCKED evidence=DOCUMENTED"
943,1813,JJFB_LIFECYCLE,"[JJFB_LIFECYCLE] op=FIRE tick=35 handler=0x30631D r0=0 r1=0 r9=0x2B1868 owner=robotol.ext evidence=CROSS_TARGET+docs/06"
944,1815,CALLBACK_FRAME_ENTER,"[CALLBACK_FRAME_ENTER] seq=35 frame_token=150327026461 handler=0x30631D r9=0x2B1868 stop_sentinel=0x80000 run_id=p17_hit1_20260801_144222_15364 evidence=OBSERVED"
945,1824,GUEST_INDIRECT_CALL,"[GUEST_INDIRECT_CALL] module_id=3 pc=0x30667A target=0x304569 arg0=0x1E209 arg1=0x9"
946,1825,EVENT_TXN,"[EVENT_TXN] op=ACCEPT request_id=35 identity=0xC15442057B8F762F event=0x1E209 app=0x9 ctx=0x6AD12C payload=0x0 stack0=0x0 stack1=0x0 caller_pc=0x304599 insn=35 digest=0xFF5FCBC8 handler=0x30D311 run_id=p17_hit1_20260801_"
947,1827,PLATFORM_FAMILY_EVENT,"[PLATFORM_FAMILY_EVENT] op=ENQUEUE event=0x1E209 app=0x9 handler=0x30D311 request_id=35 owner=robotol.ext evidence=OBSERVED"
948,1828,PLATFORM_FAMILY_EVENT,"[PLATFORM_FAMILY_EVENT] op=DEFER_DRAIN_TO_MAP_REDIRECT event=0x1E209 app=0x9 note=avoid_nested_emu_inside_map_func evidence=OBSERVED"
949,1829,JJFB_EXTCHUNK_SLOT_CALL,"[JJFB_EXTCHUNK_SLOT_CALL] off=0x28 pc=0x280058 r0=0x1E209 r1=0x9 r2=0x0 r3=0x0 r4=0x1E209 ret=0x0 evidence=TARGET_OBSERVED"
950,1830,PLATFORM_FAMILY_EVENT,"[PLATFORM_FAMILY_EVENT] op=SCHEDULE_DRAIN_OUTSIDE_HOOK cont=0x304599 queued=1 cfn_path=PLATFORM_FAMILY_CALLBACK evidence=OBSERVED"
951,1831,GUEST_INDIRECT_CALL,"[GUEST_INDIRECT_CALL] module_id=3 pc=0x306762 target=0x2F9975 arg0=0x0 arg1=0x0"
952,1835,CALLBACK_FRAME_RESTORE_BEGIN,"[CALLBACK_FRAME_RESTORE_BEGIN] seq=35 saved_r9=0x0 frame_token=150327026461 run_id=p17_hit1_20260801_144222_15364 evidence=OBSERVED"
953,1837,CALLBACK_FRAME_RESTORE_COMPLETE,"[CALLBACK_FRAME_RESTORE_COMPLETE] seq=35 restored_r9=0x0 ok=1 frame_token=150327026461 run_id=p17_hit1_20260801_144222_15364 evidence=OBSERVED"
954,1841,JJFB_LIFECYCLE,"[JJFB_LIFECYCLE] op=FIRE_DONE tick=35 ok=1 end=stop_at_base pc_after=0x80000 r0_after=0x0 r9_after=0x2B1868 sp_after=0x280000 uc_err=0 detail=- evidence=OBSERVED"
955,1842,EMU_NEST,"[EMU_NEST] op=FAMILY_DRAIN_ENTER depth=1 site=drain_family_events evidence=OBSERVED"
956,1844,PLATFORM_FAMILY_EVENT,"[PLATFORM_FAMILY_EVENT] op=DELIVER event=0x1E209 app=0x9 handler=0x30D311 r9=0x2B1868 r2=0x0 r3=0x0 request_id=35 evidence=OBSERVED"
957,1845,EVENT_DELIVER_ENTER,"[EVENT_DELIVER_ENTER] request_id=35 handler=0x30D311 r0=0x9 r1=0x1E209 r2=0x0 r3=0x0 stack0=0x0 stack1=0x0 ctx=0x6AD12C run_id=p17_hit1_20260801_144222_15364 evidence=OBSERVED"
958,1846,CALLBACK_FRAME,"[CALLBACK_FRAME] boundary=FAMILY_HANDLER_ENTER handler=0x30D311 request_id=35 stop=0x80000 r0=0x9 r1=0x1E209 r9=0x2B1868 cfn_path=PLATFORM_FAMILY_CALLBACK evidence=OBSERVED"
959,1850,GUEST_INDIRECT_CALL,"[GUEST_INDIRECT_CALL] module_id=3 pc=0x30E1B0 target=0x305E19 arg0=0x1E209 arg1=0x0"
960,1851,GUEST_INDIRECT_CALL,"[GUEST_INDIRECT_CALL] module_id=3 pc=0x305E32 target=0x304569 arg0=0x10133 arg1=0x1E205"
961,1852,JJFB_EXTCHUNK_SLOT_CALL,"[JJFB_EXTCHUNK_SLOT_CALL] off=0x28 pc=0x280058 r0=0x10133 r1=0x1E205 r2=0x0 r3=0x0 r4=0x10133 ret=0x0 evidence=TARGET_OBSERVED"
962,1853,CALLBACK_FRAME,"[CALLBACK_FRAME] boundary=FAMILY_HANDLER_LEAVE handler=0x30D311 request_id=35 end_class=REACHED_STOP reached_stop=1 pc_after=0x80000 cfn_path=PLATFORM_FAMILY_CALLBACK evidence=OBSERVED"
963,1857,PLATFORM_FAMILY_EVENT,"[PLATFORM_FAMILY_EVENT] op=DELIVER_DONE ok=1 ret=0 end=stop_at_base end_class=REACHED_STOP reached_stop=1 handler=0x30D311 pc_after=0x80000 stop=0x80000 lr_after=0x304599 lim=5000000 evidence=OBSERVED"
964,1859,EMU_NEST,"[EMU_NEST] op=FAMILY_DRAIN_LEAVE depth=0 site=drain_family_events evidence=OBSERVED"
965,1860,PLATFORM_TIMER,"[PLATFORM_TIMER] op=FIRE_DONE ret=0 evidence=DOCUMENTED"
966,1861,PLATFORM_TIMER,"[PLATFORM_TIMER] op=FIRE_DONE via=host_loop evidence=DOCUMENTED"
967,1862,PLATFORM_TIMER,"[PLATFORM_TIMER] op=FIRE_CB interval=50 evidence=DOCUMENTED"
968,1863,PLATFORM_TIMER,"[PLATFORM_TIMER] op=FIRE_DUE via=host_loop evidence=DOCUMENTED"
969,1864,PLATFORM_TIMER,"[PLATFORM_TIMER] op=FIRE_ENTER evidence=DOCUMENTED"
970,1865,PLATFORM_TIMER,"[PLATFORM_TIMER] op=FIRE_LOCKED evidence=DOCUMENTED"
971,1867,JJFB_LIFECYCLE,"[JJFB_LIFECYCLE] op=FIRE tick=36 handler=0x30631D r0=0 r1=0 r9=0x2B1868 owner=robotol.ext evidence=CROSS_TARGET+docs/06"
972,1869,CALLBACK_FRAME_ENTER,"[CALLBACK_FRAME_ENTER] seq=36 frame_token=154621993757 handler=0x30631D r9=0x2B1868 stop_sentinel=0x80000 run_id=p17_hit1_20260801_144222_15364 evidence=OBSERVED"
973,1878,GUEST_INDIRECT_CALL,"[GUEST_INDIRECT_CALL] module_id=3 pc=0x30667A target=0x304569 arg0=0x1E209 arg1=0x9"
974,1879,EVENT_TXN,"[EVENT_TXN] op=ACCEPT request_id=36 identity=0xC15442057B8F762F event=0x1E209 app=0x9 ctx=0x6AD12C payload=0x0 stack0=0x0 stack1=0x0 caller_pc=0x304599 insn=36 digest=0xFF5FCBC8 handler=0x30D311 run_id=p17_hit1_20260801_"
975,1881,PLATFORM_FAMILY_EVENT,"[PLATFORM_FAMILY_EVENT] op=ENQUEUE event=0x1E209 app=0x9 handler=0x30D311 request_id=36 owner=robotol.ext evidence=OBSERVED"
976,1882,PLATFORM_FAMILY_EVENT,"[PLATFORM_FAMILY_EVENT] op=DEFER_DRAIN_TO_MAP_REDIRECT event=0x1E209 app=0x9 note=avoid_nested_emu_inside_map_func evidence=OBSERVED"
977,1883,JJFB_EXTCHUNK_SLOT_CALL,"[JJFB_EXTCHUNK_SLOT_CALL] off=0x28 pc=0x280058 r0=0x1E209 r1=0x9 r2=0x0 r3=0x0 r4=0x1E209 ret=0x0 evidence=TARGET_OBSERVED"
978,1884,PLATFORM_FAMILY_EVENT,"[PLATFORM_FAMILY_EVENT] op=SCHEDULE_DRAIN_OUTSIDE_HOOK cont=0x304599 queued=1 cfn_path=PLATFORM_FAMILY_CALLBACK evidence=OBSERVED"
979,1885,GUEST_INDIRECT_CALL,"[GUEST_INDIRECT_CALL] module_id=3 pc=0x306762 target=0x2F9975 arg0=0x0 arg1=0x0"
980,1889,CALLBACK_FRAME_RESTORE_BEGIN,"[CALLBACK_FRAME_RESTORE_BEGIN] seq=36 saved_r9=0x0 frame_token=154621993757 run_id=p17_hit1_20260801_144222_15364 evidence=OBSERVED"
981,1891,CALLBACK_FRAME_RESTORE_COMPLETE,"[CALLBACK_FRAME_RESTORE_COMPLETE] seq=36 restored_r9=0x0 ok=1 frame_token=154621993757 run_id=p17_hit1_20260801_144222_15364 evidence=OBSERVED"
982,1895,JJFB_LIFECYCLE,"[JJFB_LIFECYCLE] op=FIRE_DONE tick=36 ok=1 end=stop_at_base pc_after=0x80000 r0_after=0x0 r9_after=0x2B1868 sp_after=0x280000 uc_err=0 detail=- evidence=OBSERVED"
983,1896,EMU_NEST,"[EMU_NEST] op=FAMILY_DRAIN_ENTER depth=1 site=drain_family_events evidence=OBSERVED"
984,1898,PLATFORM_FAMILY_EVENT,"[PLATFORM_FAMILY_EVENT] op=DELIVER event=0x1E209 app=0x9 handler=0x30D311 r9=0x2B1868 r2=0x0 r3=0x0 request_id=36 evidence=OBSERVED"
985,1899,EVENT_DELIVER_ENTER,"[EVENT_DELIVER_ENTER] request_id=36 handler=0x30D311 r0=0x9 r1=0x1E209 r2=0x0 r3=0x0 stack0=0x0 stack1=0x0 ctx=0x6AD12C run_id=p17_hit1_20260801_144222_15364 evidence=OBSERVED"
986,1900,CALLBACK_FRAME,"[CALLBACK_FRAME] boundary=FAMILY_HANDLER_ENTER handler=0x30D311 request_id=36 stop=0x80000 r0=0x9 r1=0x1E209 r9=0x2B1868 cfn_path=PLATFORM_FAMILY_CALLBACK evidence=OBSERVED"
987,1904,GUEST_INDIRECT_CALL,"[GUEST_INDIRECT_CALL] module_id=3 pc=0x30E1B0 target=0x305E19 arg0=0x1E209 arg1=0x0"
988,1905,GUEST_INDIRECT_CALL,"[GUEST_INDIRECT_CALL] module_id=3 pc=0x305E32 target=0x304569 arg0=0x10133 arg1=0x1E205"
989,1906,JJFB_EXTCHUNK_SLOT_CALL,"[JJFB_EXTCHUNK_SLOT_CALL] off=0x28 pc=0x280058 r0=0x10133 r1=0x1E205 r2=0x0 r3=0x0 r4=0x10133 ret=0x0 evidence=TARGET_OBSERVED"
990,1907,CALLBACK_FRAME,"[CALLBACK_FRAME] boundary=FAMILY_HANDLER_LEAVE handler=0x30D311 request_id=36 end_class=REACHED_STOP reached_stop=1 pc_after=0x80000 cfn_path=PLATFORM_FAMILY_CALLBACK evidence=OBSERVED"
991,1911,PLATFORM_FAMILY_EVENT,"[PLATFORM_FAMILY_EVENT] op=DELIVER_DONE ok=1 ret=0 end=stop_at_base end_class=REACHED_STOP reached_stop=1 handler=0x30D311 pc_after=0x80000 stop=0x80000 lr_after=0x304599 lim=5000000 evidence=OBSERVED"
992,1913,EMU_NEST,"[EMU_NEST] op=FAMILY_DRAIN_LEAVE depth=0 site=drain_family_events evidence=OBSERVED"
993,1914,PLATFORM_TIMER,"[PLATFORM_TIMER] op=FIRE_DONE ret=0 evidence=DOCUMENTED"
994,1915,PLATFORM_TIMER,"[PLATFORM_TIMER] op=FIRE_DONE via=host_loop evidence=DOCUMENTED"
995,1916,PLATFORM_TIMER,"[PLATFORM_TIMER] op=FIRE_CB interval=50 evidence=DOCUMENTED"
996,1917,PLATFORM_TIMER,"[PLATFORM_TIMER] op=FIRE_DUE via=host_loop evidence=DOCUMENTED"
997,1918,PLATFORM_TIMER,"[PLATFORM_TIMER] op=FIRE_ENTER evidence=DOCUMENTED"
998,1919,PLATFORM_TIMER,"[PLATFORM_TIMER] op=FIRE_LOCKED evidence=DOCUMENTED"
999,1921,JJFB_LIFECYCLE,"[JJFB_LIFECYCLE] op=FIRE tick=37 handler=0x30631D r0=0 r1=0 r9=0x2B1868 owner=robotol.ext evidence=CROSS_TARGET+docs/06"
1000,1923,CALLBACK_FRAME_ENTER,"[CALLBACK_FRAME_ENTER] seq=37 frame_token=158916961053 handler=0x30631D r9=0x2B1868 stop_sentinel=0x80000 run_id=p17_hit1_20260801_144222_15364 evidence=OBSERVED"
1001,1932,GUEST_INDIRECT_CALL,"[GUEST_INDIRECT_CALL] module_id=3 pc=0x30667A target=0x304569 arg0=0x1E209 arg1=0x9"
1002,1933,EVENT_TXN,"[EVENT_TXN] op=ACCEPT request_id=37 identity=0xC15442057B8F762F event=0x1E209 app=0x9 ctx=0x6AD12C payload=0x0 stack0=0x0 stack1=0x0 caller_pc=0x304599 insn=37 digest=0xFF5FCBC8 handler=0x30D311 run_id=p17_hit1_20260801_"
1003,1935,PLATFORM_FAMILY_EVENT,"[PLATFORM_FAMILY_EVENT] op=ENQUEUE event=0x1E209 app=0x9 handler=0x30D311 request_id=37 owner=robotol.ext evidence=OBSERVED"
1004,1936,PLATFORM_FAMILY_EVENT,"[PLATFORM_FAMILY_EVENT] op=DEFER_DRAIN_TO_MAP_REDIRECT event=0x1E209 app=0x9 note=avoid_nested_emu_inside_map_func evidence=OBSERVED"
1005,1937,JJFB_EXTCHUNK_SLOT_CALL,"[JJFB_EXTCHUNK_SLOT_CALL] off=0x28 pc=0x280058 r0=0x1E209 r1=0x9 r2=0x0 r3=0x0 r4=0x1E209 ret=0x0 evidence=TARGET_OBSERVED"
1006,1938,PLATFORM_FAMILY_EVENT,"[PLATFORM_FAMILY_EVENT] op=SCHEDULE_DRAIN_OUTSIDE_HOOK cont=0x304599 queued=1 cfn_path=PLATFORM_FAMILY_CALLBACK evidence=OBSERVED"
1007,1939,GUEST_INDIRECT_CALL,"[GUEST_INDIRECT_CALL] module_id=3 pc=0x306762 target=0x2F9975 arg0=0x0 arg1=0x0"
1008,1943,CALLBACK_FRAME_RESTORE_BEGIN,"[CALLBACK_FRAME_RESTORE_BEGIN] seq=37 saved_r9=0x0 frame_token=158916961053 run_id=p17_hit1_20260801_144222_15364 evidence=OBSERVED"
1009,1945,CALLBACK_FRAME_RESTORE_COMPLETE,"[CALLBACK_FRAME_RESTORE_COMPLETE] seq=37 restored_r9=0x0 ok=1 frame_token=158916961053 run_id=p17_hit1_20260801_144222_15364 evidence=OBSERVED"
1010,1949,JJFB_LIFECYCLE,"[JJFB_LIFECYCLE] op=FIRE_DONE tick=37 ok=1 end=stop_at_base pc_after=0x80000 r0_after=0x0 r9_after=0x2B1868 sp_after=0x280000 uc_err=0 detail=- evidence=OBSERVED"
1011,1950,EMU_NEST,"[EMU_NEST] op=FAMILY_DRAIN_ENTER depth=1 site=drain_family_events evidence=OBSERVED"
1012,1952,PLATFORM_FAMILY_EVENT,"[PLATFORM_FAMILY_EVENT] op=DELIVER event=0x1E209 app=0x9 handler=0x30D311 r9=0x2B1868 r2=0x0 r3=0x0 request_id=37 evidence=OBSERVED"
1013,1953,EVENT_DELIVER_ENTER,"[EVENT_DELIVER_ENTER] request_id=37 handler=0x30D311 r0=0x9 r1=0x1E209 r2=0x0 r3=0x0 stack0=0x0 stack1=0x0 ctx=0x6AD12C run_id=p17_hit1_20260801_144222_15364 evidence=OBSERVED"
1014,1954,CALLBACK_FRAME,"[CALLBACK_FRAME] boundary=FAMILY_HANDLER_ENTER handler=0x30D311 request_id=37 stop=0x80000 r0=0x9 r1=0x1E209 r9=0x2B1868 cfn_path=PLATFORM_FAMILY_CALLBACK evidence=OBSERVED"
1015,1958,GUEST_INDIRECT_CALL,"[GUEST_INDIRECT_CALL] module_id=3 pc=0x30E1B0 target=0x305E19 arg0=0x1E209 arg1=0x0"
1016,1959,GUEST_INDIRECT_CALL,"[GUEST_INDIRECT_CALL] module_id=3 pc=0x305E32 target=0x304569 arg0=0x10133 arg1=0x1E205"
1017,1960,JJFB_EXTCHUNK_SLOT_CALL,"[JJFB_EXTCHUNK_SLOT_CALL] off=0x28 pc=0x280058 r0=0x10133 r1=0x1E205 r2=0x0 r3=0x0 r4=0x10133 ret=0x0 evidence=TARGET_OBSERVED"
1018,1961,CALLBACK_FRAME,"[CALLBACK_FRAME] boundary=FAMILY_HANDLER_LEAVE handler=0x30D311 request_id=37 end_class=REACHED_STOP reached_stop=1 pc_after=0x80000 cfn_path=PLATFORM_FAMILY_CALLBACK evidence=OBSERVED"
1019,1965,PLATFORM_FAMILY_EVENT,"[PLATFORM_FAMILY_EVENT] op=DELIVER_DONE ok=1 ret=0 end=stop_at_base end_class=REACHED_STOP reached_stop=1 handler=0x30D311 pc_after=0x80000 stop=0x80000 lr_after=0x304599 lim=5000000 evidence=OBSERVED"
1020,1967,EMU_NEST,"[EMU_NEST] op=FAMILY_DRAIN_LEAVE depth=0 site=drain_family_events evidence=OBSERVED"
1021,1968,PLATFORM_TIMER,"[PLATFORM_TIMER] op=FIRE_DONE ret=0 evidence=DOCUMENTED"
1022,1969,PLATFORM_TIMER,"[PLATFORM_TIMER] op=FIRE_DONE via=host_loop evidence=DOCUMENTED"
1023,1970,PLATFORM_TIMER,"[PLATFORM_TIMER] op=FIRE_CB interval=50 evidence=DOCUMENTED"
1024,1971,PLATFORM_TIMER,"[PLATFORM_TIMER] op=FIRE_DUE via=host_loop evidence=DOCUMENTED"
1025,1972,PLATFORM_TIMER,"[PLATFORM_TIMER] op=FIRE_ENTER evidence=DOCUMENTED"
1026,1973,PLATFORM_TIMER,"[PLATFORM_TIMER] op=FIRE_LOCKED evidence=DOCUMENTED"
1027,1975,JJFB_LIFECYCLE,"[JJFB_LIFECYCLE] op=FIRE tick=38 handler=0x30631D r0=0 r1=0 r9=0x2B1868 owner=robotol.ext evidence=CROSS_TARGET+docs/06"
1028,1977,CALLBACK_FRAME_ENTER,"[CALLBACK_FRAME_ENTER] seq=38 frame_token=163211928349 handler=0x30631D r9=0x2B1868 stop_sentinel=0x80000 run_id=p17_hit1_20260801_144222_15364 evidence=OBSERVED"
1029,1986,GUEST_INDIRECT_CALL,"[GUEST_INDIRECT_CALL] module_id=3 pc=0x30667A target=0x304569 arg0=0x1E209 arg1=0x9"
1030,1987,EVENT_TXN,"[EVENT_TXN] op=ACCEPT request_id=38 identity=0xC15442057B8F762F event=0x1E209 app=0x9 ctx=0x6AD12C payload=0x0 stack0=0x0 stack1=0x0 caller_pc=0x304599 insn=38 digest=0xFF5FCBC8 handler=0x30D311 run_id=p17_hit1_20260801_"
1031,1989,PLATFORM_FAMILY_EVENT,"[PLATFORM_FAMILY_EVENT] op=ENQUEUE event=0x1E209 app=0x9 handler=0x30D311 request_id=38 owner=robotol.ext evidence=OBSERVED"
1032,1990,PLATFORM_FAMILY_EVENT,"[PLATFORM_FAMILY_EVENT] op=DEFER_DRAIN_TO_MAP_REDIRECT event=0x1E209 app=0x9 note=avoid_nested_emu_inside_map_func evidence=OBSERVED"
1033,1991,JJFB_EXTCHUNK_SLOT_CALL,"[JJFB_EXTCHUNK_SLOT_CALL] off=0x28 pc=0x280058 r0=0x1E209 r1=0x9 r2=0x0 r3=0x0 r4=0x1E209 ret=0x0 evidence=TARGET_OBSERVED"
1034,1992,PLATFORM_FAMILY_EVENT,"[PLATFORM_FAMILY_EVENT] op=SCHEDULE_DRAIN_OUTSIDE_HOOK cont=0x304599 queued=1 cfn_path=PLATFORM_FAMILY_CALLBACK evidence=OBSERVED"
1035,1993,GUEST_INDIRECT_CALL,"[GUEST_INDIRECT_CALL] module_id=3 pc=0x306762 target=0x2F9975 arg0=0x0 arg1=0x0"
1036,1997,CALLBACK_FRAME_RESTORE_BEGIN,"[CALLBACK_FRAME_RESTORE_BEGIN] seq=38 saved_r9=0x0 frame_token=163211928349 run_id=p17_hit1_20260801_144222_15364 evidence=OBSERVED"
1037,1999,CALLBACK_FRAME_RESTORE_COMPLETE,"[CALLBACK_FRAME_RESTORE_COMPLETE] seq=38 restored_r9=0x0 ok=1 frame_token=163211928349 run_id=p17_hit1_20260801_144222_15364 evidence=OBSERVED"
1038,2003,JJFB_LIFECYCLE,"[JJFB_LIFECYCLE] op=FIRE_DONE tick=38 ok=1 end=stop_at_base pc_after=0x80000 r0_after=0x0 r9_after=0x2B1868 sp_after=0x280000 uc_err=0 detail=- evidence=OBSERVED"
1039,2004,EMU_NEST,"[EMU_NEST] op=FAMILY_DRAIN_ENTER depth=1 site=drain_family_events evidence=OBSERVED"
1040,2006,PLATFORM_FAMILY_EVENT,"[PLATFORM_FAMILY_EVENT] op=DELIVER event=0x1E209 app=0x9 handler=0x30D311 r9=0x2B1868 r2=0x0 r3=0x0 request_id=38 evidence=OBSERVED"
1041,2007,EVENT_DELIVER_ENTER,"[EVENT_DELIVER_ENTER] request_id=38 handler=0x30D311 r0=0x9 r1=0x1E209 r2=0x0 r3=0x0 stack0=0x0 stack1=0x0 ctx=0x6AD12C run_id=p17_hit1_20260801_144222_15364 evidence=OBSERVED"
1042,2008,CALLBACK_FRAME,"[CALLBACK_FRAME] boundary=FAMILY_HANDLER_ENTER handler=0x30D311 request_id=38 stop=0x80000 r0=0x9 r1=0x1E209 r9=0x2B1868 cfn_path=PLATFORM_FAMILY_CALLBACK evidence=OBSERVED"
1043,2012,GUEST_INDIRECT_CALL,"[GUEST_INDIRECT_CALL] module_id=3 pc=0x30E1B0 target=0x305E19 arg0=0x1E209 arg1=0x0"
1044,2013,GUEST_INDIRECT_CALL,"[GUEST_INDIRECT_CALL] module_id=3 pc=0x305E32 target=0x304569 arg0=0x10133 arg1=0x1E205"
1045,2014,JJFB_EXTCHUNK_SLOT_CALL,"[JJFB_EXTCHUNK_SLOT_CALL] off=0x28 pc=0x280058 r0=0x10133 r1=0x1E205 r2=0x0 r3=0x0 r4=0x10133 ret=0x0 evidence=TARGET_OBSERVED"
1046,2015,CALLBACK_FRAME,"[CALLBACK_FRAME] boundary=FAMILY_HANDLER_LEAVE handler=0x30D311 request_id=38 end_class=REACHED_STOP reached_stop=1 pc_after=0x80000 cfn_path=PLATFORM_FAMILY_CALLBACK evidence=OBSERVED"
1047,2019,PLATFORM_FAMILY_EVENT,"[PLATFORM_FAMILY_EVENT] op=DELIVER_DONE ok=1 ret=0 end=stop_at_base end_class=REACHED_STOP reached_stop=1 handler=0x30D311 pc_after=0x80000 stop=0x80000 lr_after=0x304599 lim=5000000 evidence=OBSERVED"
1048,2021,EMU_NEST,"[EMU_NEST] op=FAMILY_DRAIN_LEAVE depth=0 site=drain_family_events evidence=OBSERVED"
1049,2022,PLATFORM_TIMER,"[PLATFORM_TIMER] op=FIRE_DONE ret=0 evidence=DOCUMENTED"
1050,2023,PLATFORM_TIMER,"[PLATFORM_TIMER] op=FIRE_DONE via=host_loop evidence=DOCUMENTED"
1051,2024,PLATFORM_TIMER,"[PLATFORM_TIMER] op=FIRE_CB interval=50 evidence=DOCUMENTED"
1052,2025,PLATFORM_TIMER,"[PLATFORM_TIMER] op=FIRE_DUE via=host_loop evidence=DOCUMENTED"
1053,2026,PLATFORM_TIMER,"[PLATFORM_TIMER] op=FIRE_ENTER evidence=DOCUMENTED"
1054,2027,PLATFORM_TIMER,"[PLATFORM_TIMER] op=FIRE_LOCKED evidence=DOCUMENTED"
1055,2029,JJFB_LIFECYCLE,"[JJFB_LIFECYCLE] op=FIRE tick=39 handler=0x30631D r0=0 r1=0 r9=0x2B1868 owner=robotol.ext evidence=CROSS_TARGET+docs/06"
1056,2031,CALLBACK_FRAME_ENTER,"[CALLBACK_FRAME_ENTER] seq=39 frame_token=167506895645 handler=0x30631D r9=0x2B1868 stop_sentinel=0x80000 run_id=p17_hit1_20260801_144222_15364 evidence=OBSERVED"
1057,2040,GUEST_INDIRECT_CALL,"[GUEST_INDIRECT_CALL] module_id=3 pc=0x30667A target=0x304569 arg0=0x1E209 arg1=0x9"
1058,2041,EVENT_TXN,"[EVENT_TXN] op=ACCEPT request_id=39 identity=0xC15442057B8F762F event=0x1E209 app=0x9 ctx=0x6AD12C payload=0x0 stack0=0x0 stack1=0x0 caller_pc=0x304599 insn=39 digest=0xFF5FCBC8 handler=0x30D311 run_id=p17_hit1_20260801_"
1059,2043,PLATFORM_FAMILY_EVENT,"[PLATFORM_FAMILY_EVENT] op=ENQUEUE event=0x1E209 app=0x9 handler=0x30D311 request_id=39 owner=robotol.ext evidence=OBSERVED"
1060,2044,PLATFORM_FAMILY_EVENT,"[PLATFORM_FAMILY_EVENT] op=DEFER_DRAIN_TO_MAP_REDIRECT event=0x1E209 app=0x9 note=avoid_nested_emu_inside_map_func evidence=OBSERVED"
1061,2045,JJFB_EXTCHUNK_SLOT_CALL,"[JJFB_EXTCHUNK_SLOT_CALL] off=0x28 pc=0x280058 r0=0x1E209 r1=0x9 r2=0x0 r3=0x0 r4=0x1E209 ret=0x0 evidence=TARGET_OBSERVED"
1062,2046,PLATFORM_FAMILY_EVENT,"[PLATFORM_FAMILY_EVENT] op=SCHEDULE_DRAIN_OUTSIDE_HOOK cont=0x304599 queued=1 cfn_path=PLATFORM_FAMILY_CALLBACK evidence=OBSERVED"
1063,2047,GUEST_INDIRECT_CALL,"[GUEST_INDIRECT_CALL] module_id=3 pc=0x306762 target=0x2F9975 arg0=0x0 arg1=0x0"
1064,2051,CALLBACK_FRAME_RESTORE_BEGIN,"[CALLBACK_FRAME_RESTORE_BEGIN] seq=39 saved_r9=0x0 frame_token=167506895645 run_id=p17_hit1_20260801_144222_15364 evidence=OBSERVED"
1065,2053,CALLBACK_FRAME_RESTORE_COMPLETE,"[CALLBACK_FRAME_RESTORE_COMPLETE] seq=39 restored_r9=0x0 ok=1 frame_token=167506895645 run_id=p17_hit1_20260801_144222_15364 evidence=OBSERVED"
1066,2057,JJFB_LIFECYCLE,"[JJFB_LIFECYCLE] op=FIRE_DONE tick=39 ok=1 end=stop_at_base pc_after=0x80000 r0_after=0x0 r9_after=0x2B1868 sp_after=0x280000 uc_err=0 detail=- evidence=OBSERVED"
1067,2058,EMU_NEST,"[EMU_NEST] op=FAMILY_DRAIN_ENTER depth=1 site=drain_family_events evidence=OBSERVED"
1068,2060,PLATFORM_FAMILY_EVENT,"[PLATFORM_FAMILY_EVENT] op=DELIVER event=0x1E209 app=0x9 handler=0x30D311 r9=0x2B1868 r2=0x0 r3=0x0 request_id=39 evidence=OBSERVED"
1069,2061,EVENT_DELIVER_ENTER,"[EVENT_DELIVER_ENTER] request_id=39 handler=0x30D311 r0=0x9 r1=0x1E209 r2=0x0 r3=0x0 stack0=0x0 stack1=0x0 ctx=0x6AD12C run_id=p17_hit1_20260801_144222_15364 evidence=OBSERVED"
1070,2062,CALLBACK_FRAME,"[CALLBACK_FRAME] boundary=FAMILY_HANDLER_ENTER handler=0x30D311 request_id=39 stop=0x80000 r0=0x9 r1=0x1E209 r9=0x2B1868 cfn_path=PLATFORM_FAMILY_CALLBACK evidence=OBSERVED"
1071,2066,GUEST_INDIRECT_CALL,"[GUEST_INDIRECT_CALL] module_id=3 pc=0x30E1B0 target=0x305E19 arg0=0x1E209 arg1=0x0"
1072,2067,GUEST_INDIRECT_CALL,"[GUEST_INDIRECT_CALL] module_id=3 pc=0x305E32 target=0x304569 arg0=0x10133 arg1=0x1E205"
1073,2068,JJFB_EXTCHUNK_SLOT_CALL,"[JJFB_EXTCHUNK_SLOT_CALL] off=0x28 pc=0x280058 r0=0x10133 r1=0x1E205 r2=0x0 r3=0x0 r4=0x10133 ret=0x0 evidence=TARGET_OBSERVED"
1074,2069,CALLBACK_FRAME,"[CALLBACK_FRAME] boundary=FAMILY_HANDLER_LEAVE handler=0x30D311 request_id=39 end_class=REACHED_STOP reached_stop=1 pc_after=0x80000 cfn_path=PLATFORM_FAMILY_CALLBACK evidence=OBSERVED"
1075,2073,PLATFORM_FAMILY_EVENT,"[PLATFORM_FAMILY_EVENT] op=DELIVER_DONE ok=1 ret=0 end=stop_at_base end_class=REACHED_STOP reached_stop=1 handler=0x30D311 pc_after=0x80000 stop=0x80000 lr_after=0x304599 lim=5000000 evidence=OBSERVED"
1076,2075,EMU_NEST,"[EMU_NEST] op=FAMILY_DRAIN_LEAVE depth=0 site=drain_family_events evidence=OBSERVED"
1077,2076,PLATFORM_TIMER,"[PLATFORM_TIMER] op=FIRE_DONE ret=0 evidence=DOCUMENTED"
1078,2077,PLATFORM_TIMER,"[PLATFORM_TIMER] op=FIRE_DONE via=host_loop evidence=DOCUMENTED"
1079,2078,PLATFORM_TIMER,"[PLATFORM_TIMER] op=FIRE_CB interval=50 evidence=DOCUMENTED"
1080,2079,PLATFORM_TIMER,"[PLATFORM_TIMER] op=FIRE_DUE via=host_loop evidence=DOCUMENTED"
1081,2080,PLATFORM_TIMER,"[PLATFORM_TIMER] op=FIRE_ENTER evidence=DOCUMENTED"
1082,2081,PLATFORM_TIMER,"[PLATFORM_TIMER] op=FIRE_LOCKED evidence=DOCUMENTED"
1083,2083,JJFB_LIFECYCLE,"[JJFB_LIFECYCLE] op=FIRE tick=40 handler=0x30631D r0=0 r1=0 r9=0x2B1868 owner=robotol.ext evidence=CROSS_TARGET+docs/06"
1084,2085,CALLBACK_FRAME_ENTER,"[CALLBACK_FRAME_ENTER] seq=40 frame_token=171801862941 handler=0x30631D r9=0x2B1868 stop_sentinel=0x80000 run_id=p17_hit1_20260801_144222_15364 evidence=OBSERVED"
1085,2094,GUEST_INDIRECT_CALL,"[GUEST_INDIRECT_CALL] module_id=3 pc=0x30667A target=0x304569 arg0=0x1E209 arg1=0x9"
1086,2095,EVENT_TXN,"[EVENT_TXN] op=ACCEPT request_id=40 identity=0xC15442057B8F762F event=0x1E209 app=0x9 ctx=0x6AD12C payload=0x0 stack0=0x0 stack1=0x0 caller_pc=0x304599 insn=40 digest=0xFF5FCBC8 handler=0x30D311 run_id=p17_hit1_20260801_"
1087,2097,PLATFORM_FAMILY_EVENT,"[PLATFORM_FAMILY_EVENT] op=ENQUEUE event=0x1E209 app=0x9 handler=0x30D311 request_id=40 owner=robotol.ext evidence=OBSERVED"
1088,2098,PLATFORM_FAMILY_EVENT,"[PLATFORM_FAMILY_EVENT] op=DEFER_DRAIN_TO_MAP_REDIRECT event=0x1E209 app=0x9 note=avoid_nested_emu_inside_map_func evidence=OBSERVED"
1089,2099,JJFB_EXTCHUNK_SLOT_CALL,"[JJFB_EXTCHUNK_SLOT_CALL] off=0x28 pc=0x280058 r0=0x1E209 r1=0x9 r2=0x0 r3=0x0 r4=0x1E209 ret=0x0 evidence=TARGET_OBSERVED"
1090,2100,PLATFORM_FAMILY_EVENT,"[PLATFORM_FAMILY_EVENT] op=SCHEDULE_DRAIN_OUTSIDE_HOOK cont=0x304599 queued=1 cfn_path=PLATFORM_FAMILY_CALLBACK evidence=OBSERVED"
1091,2101,GUEST_INDIRECT_CALL,"[GUEST_INDIRECT_CALL] module_id=3 pc=0x306762 target=0x2F9975 arg0=0x0 arg1=0x0"
1092,2105,CALLBACK_FRAME_RESTORE_BEGIN,"[CALLBACK_FRAME_RESTORE_BEGIN] seq=40 saved_r9=0x0 frame_token=171801862941 run_id=p17_hit1_20260801_144222_15364 evidence=OBSERVED"
1093,2107,CALLBACK_FRAME_RESTORE_COMPLETE,"[CALLBACK_FRAME_RESTORE_COMPLETE] seq=40 restored_r9=0x0 ok=1 frame_token=171801862941 run_id=p17_hit1_20260801_144222_15364 evidence=OBSERVED"
1094,2111,JJFB_LIFECYCLE,"[JJFB_LIFECYCLE] op=FIRE_DONE tick=40 ok=1 end=stop_at_base pc_after=0x80000 r0_after=0x0 r9_after=0x2B1868 sp_after=0x280000 uc_err=0 detail=- evidence=OBSERVED"
1095,2112,TIMER_CADENCE_VERDICT,"[TIMER_CADENCE_VERDICT] verdict=TIMER_CADENCE_VALID deliveries=40 duplicates=0 max_outstanding=1 run_id=p17_hit1_20260801_144222_15364 evidence=OBSERVED"
1096,2113,EMU_NEST,"[EMU_NEST] op=FAMILY_DRAIN_ENTER depth=1 site=drain_family_events evidence=OBSERVED"
1097,2115,PLATFORM_FAMILY_EVENT,"[PLATFORM_FAMILY_EVENT] op=DELIVER event=0x1E209 app=0x9 handler=0x30D311 r9=0x2B1868 r2=0x0 r3=0x0 request_id=40 evidence=OBSERVED"
1098,2116,EVENT_DELIVER_ENTER,"[EVENT_DELIVER_ENTER] request_id=40 handler=0x30D311 r0=0x9 r1=0x1E209 r2=0x0 r3=0x0 stack0=0x0 stack1=0x0 ctx=0x6AD12C run_id=p17_hit1_20260801_144222_15364 evidence=OBSERVED"
1099,2117,CALLBACK_FRAME,"[CALLBACK_FRAME] boundary=FAMILY_HANDLER_ENTER handler=0x30D311 request_id=40 stop=0x80000 r0=0x9 r1=0x1E209 r9=0x2B1868 cfn_path=PLATFORM_FAMILY_CALLBACK evidence=OBSERVED"
1100,2121,GUEST_INDIRECT_CALL,"[GUEST_INDIRECT_CALL] module_id=3 pc=0x30E1B0 target=0x305E19 arg0=0x1E209 arg1=0x0"
1101,2122,GUEST_INDIRECT_CALL,"[GUEST_INDIRECT_CALL] module_id=3 pc=0x305E32 target=0x304569 arg0=0x10133 arg1=0x1E205"
1102,2123,JJFB_EXTCHUNK_SLOT_CALL,"[JJFB_EXTCHUNK_SLOT_CALL] off=0x28 pc=0x280058 r0=0x10133 r1=0x1E205 r2=0x0 r3=0x0 r4=0x10133 ret=0x0 evidence=TARGET_OBSERVED"
1103,2124,CALLBACK_FRAME,"[CALLBACK_FRAME] boundary=FAMILY_HANDLER_LEAVE handler=0x30D311 request_id=40 end_class=REACHED_STOP reached_stop=1 pc_after=0x80000 cfn_path=PLATFORM_FAMILY_CALLBACK evidence=OBSERVED"
1104,2128,PLATFORM_FAMILY_EVENT,"[PLATFORM_FAMILY_EVENT] op=DELIVER_DONE ok=1 ret=0 end=stop_at_base end_class=REACHED_STOP reached_stop=1 handler=0x30D311 pc_after=0x80000 stop=0x80000 lr_after=0x304599 lim=5000000 evidence=OBSERVED"
1105,2130,EMU_NEST,"[EMU_NEST] op=FAMILY_DRAIN_LEAVE depth=0 site=drain_family_events evidence=OBSERVED"
1106,2131,PLATFORM_TIMER,"[PLATFORM_TIMER] op=FIRE_DONE ret=0 evidence=DOCUMENTED"
1107,2132,PLATFORM_TIMER,"[PLATFORM_TIMER] op=FIRE_DONE via=host_loop evidence=DOCUMENTED"
1108,2133,PLATFORM_TIMER,"[PLATFORM_TIMER] op=FIRE_CB interval=50 evidence=DOCUMENTED"
1109,2134,PLATFORM_TIMER,"[PLATFORM_TIMER] op=FIRE_DUE via=host_loop evidence=DOCUMENTED"
1110,2135,PLATFORM_TIMER,"[PLATFORM_TIMER] op=FIRE_ENTER evidence=DOCUMENTED"
1111,2136,PLATFORM_TIMER,"[PLATFORM_TIMER] op=FIRE_LOCKED evidence=DOCUMENTED"
1112,2138,JJFB_LIFECYCLE,"[JJFB_LIFECYCLE] op=FIRE tick=41 handler=0x30631D r0=0 r1=0 r9=0x2B1868 owner=robotol.ext evidence=CROSS_TARGET+docs/06"
1113,2140,CALLBACK_FRAME_ENTER,"[CALLBACK_FRAME_ENTER] seq=41 frame_token=176096830237 handler=0x30631D r9=0x2B1868 stop_sentinel=0x80000 run_id=p17_hit1_20260801_144222_15364 evidence=OBSERVED"
1114,2149,GUEST_INDIRECT_CALL,"[GUEST_INDIRECT_CALL] module_id=3 pc=0x30667A target=0x304569 arg0=0x1E209 arg1=0x9"
1115,2150,EVENT_TXN,"[EVENT_TXN] op=ACCEPT request_id=41 identity=0xC15442057B8F762F event=0x1E209 app=0x9 ctx=0x6AD12C payload=0x0 stack0=0x0 stack1=0x0 caller_pc=0x304599 insn=41 digest=0xFF5FCBC8 handler=0x30D311 run_id=p17_hit1_20260801_"
1116,2152,PLATFORM_FAMILY_EVENT,"[PLATFORM_FAMILY_EVENT] op=ENQUEUE event=0x1E209 app=0x9 handler=0x30D311 request_id=41 owner=robotol.ext evidence=OBSERVED"
1117,2153,PLATFORM_FAMILY_EVENT,"[PLATFORM_FAMILY_EVENT] op=DEFER_DRAIN_TO_MAP_REDIRECT event=0x1E209 app=0x9 note=avoid_nested_emu_inside_map_func evidence=OBSERVED"
1118,2154,JJFB_EXTCHUNK_SLOT_CALL,"[JJFB_EXTCHUNK_SLOT_CALL] off=0x28 pc=0x280058 r0=0x1E209 r1=0x9 r2=0x0 r3=0x0 r4=0x1E209 ret=0x0 evidence=TARGET_OBSERVED"
1119,2155,PLATFORM_FAMILY_EVENT,"[PLATFORM_FAMILY_EVENT] op=SCHEDULE_DRAIN_OUTSIDE_HOOK cont=0x304599 queued=1 cfn_path=PLATFORM_FAMILY_CALLBACK evidence=OBSERVED"
1120,2156,GUEST_INDIRECT_CALL,"[GUEST_INDIRECT_CALL] module_id=3 pc=0x306762 target=0x2F9975 arg0=0x0 arg1=0x0"
1121,2160,CALLBACK_FRAME_RESTORE_BEGIN,"[CALLBACK_FRAME_RESTORE_BEGIN] seq=41 saved_r9=0x0 frame_token=176096830237 run_id=p17_hit1_20260801_144222_15364 evidence=OBSERVED"
1122,2162,CALLBACK_FRAME_RESTORE_COMPLETE,"[CALLBACK_FRAME_RESTORE_COMPLETE] seq=41 restored_r9=0x0 ok=1 frame_token=176096830237 run_id=p17_hit1_20260801_144222_15364 evidence=OBSERVED"
1123,2166,JJFB_LIFECYCLE,"[JJFB_LIFECYCLE] op=FIRE_DONE tick=41 ok=1 end=stop_at_base pc_after=0x80000 r0_after=0x0 r9_after=0x2B1868 sp_after=0x280000 uc_err=0 detail=- evidence=OBSERVED"
1124,2167,EMU_NEST,"[EMU_NEST] op=FAMILY_DRAIN_ENTER depth=1 site=drain_family_events evidence=OBSERVED"
1125,2169,PLATFORM_FAMILY_EVENT,"[PLATFORM_FAMILY_EVENT] op=DELIVER event=0x1E209 app=0x9 handler=0x30D311 r9=0x2B1868 r2=0x0 r3=0x0 request_id=41 evidence=OBSERVED"
1126,2170,EVENT_DELIVER_ENTER,"[EVENT_DELIVER_ENTER] request_id=41 handler=0x30D311 r0=0x9 r1=0x1E209 r2=0x0 r3=0x0 stack0=0x0 stack1=0x0 ctx=0x6AD12C run_id=p17_hit1_20260801_144222_15364 evidence=OBSERVED"
1127,2171,CALLBACK_FRAME,"[CALLBACK_FRAME] boundary=FAMILY_HANDLER_ENTER handler=0x30D311 request_id=41 stop=0x80000 r0=0x9 r1=0x1E209 r9=0x2B1868 cfn_path=PLATFORM_FAMILY_CALLBACK evidence=OBSERVED"
1128,2175,GUEST_INDIRECT_CALL,"[GUEST_INDIRECT_CALL] module_id=3 pc=0x30E1B0 target=0x305E19 arg0=0x1E209 arg1=0x0"
1129,2176,GUEST_INDIRECT_CALL,"[GUEST_INDIRECT_CALL] module_id=3 pc=0x305E32 target=0x304569 arg0=0x10133 arg1=0x1E205"
1130,2177,JJFB_EXTCHUNK_SLOT_CALL,"[JJFB_EXTCHUNK_SLOT_CALL] off=0x28 pc=0x280058 r0=0x10133 r1=0x1E205 r2=0x0 r3=0x0 r4=0x10133 ret=0x0 evidence=TARGET_OBSERVED"
1131,2178,CALLBACK_FRAME,"[CALLBACK_FRAME] boundary=FAMILY_HANDLER_LEAVE handler=0x30D311 request_id=41 end_class=REACHED_STOP reached_stop=1 pc_after=0x80000 cfn_path=PLATFORM_FAMILY_CALLBACK evidence=OBSERVED"
1132,2182,PLATFORM_FAMILY_EVENT,"[PLATFORM_FAMILY_EVENT] op=DELIVER_DONE ok=1 ret=0 end=stop_at_base end_class=REACHED_STOP reached_stop=1 handler=0x30D311 pc_after=0x80000 stop=0x80000 lr_after=0x304599 lim=5000000 evidence=OBSERVED"
1133,2184,EMU_NEST,"[EMU_NEST] op=FAMILY_DRAIN_LEAVE depth=0 site=drain_family_events evidence=OBSERVED"
1134,2185,PLATFORM_TIMER,"[PLATFORM_TIMER] op=FIRE_DONE ret=0 evidence=DOCUMENTED"
1135,2186,PLATFORM_TIMER,"[PLATFORM_TIMER] op=FIRE_DONE via=host_loop evidence=DOCUMENTED"
1136,2187,PLATFORM_TIMER,"[PLATFORM_TIMER] op=FIRE_CB interval=50 evidence=DOCUMENTED"
1137,2188,PLATFORM_TIMER,"[PLATFORM_TIMER] op=FIRE_DUE via=host_loop evidence=DOCUMENTED"
1138,2189,PLATFORM_TIMER,"[PLATFORM_TIMER] op=FIRE_ENTER evidence=DOCUMENTED"
1139,2190,PLATFORM_TIMER,"[PLATFORM_TIMER] op=FIRE_LOCKED evidence=DOCUMENTED"
1140,2192,JJFB_LIFECYCLE,"[JJFB_LIFECYCLE] op=FIRE tick=42 handler=0x30631D r0=0 r1=0 r9=0x2B1868 owner=robotol.ext evidence=CROSS_TARGET+docs/06"
1141,2194,CALLBACK_FRAME_ENTER,"[CALLBACK_FRAME_ENTER] seq=42 frame_token=180391797533 handler=0x30631D r9=0x2B1868 stop_sentinel=0x80000 run_id=p17_hit1_20260801_144222_15364 evidence=OBSERVED"
1142,2203,GUEST_INDIRECT_CALL,"[GUEST_INDIRECT_CALL] module_id=3 pc=0x30667A target=0x304569 arg0=0x1E209 arg1=0x9"
1143,2204,EVENT_TXN,"[EVENT_TXN] op=ACCEPT request_id=42 identity=0xC15442057B8F762F event=0x1E209 app=0x9 ctx=0x6AD12C payload=0x0 stack0=0x0 stack1=0x0 caller_pc=0x304599 insn=42 digest=0xFF5FCBC8 handler=0x30D311 run_id=p17_hit1_20260801_"
1144,2206,PLATFORM_FAMILY_EVENT,"[PLATFORM_FAMILY_EVENT] op=ENQUEUE event=0x1E209 app=0x9 handler=0x30D311 request_id=42 owner=robotol.ext evidence=OBSERVED"
1145,2207,PLATFORM_FAMILY_EVENT,"[PLATFORM_FAMILY_EVENT] op=DEFER_DRAIN_TO_MAP_REDIRECT event=0x1E209 app=0x9 note=avoid_nested_emu_inside_map_func evidence=OBSERVED"
1146,2208,JJFB_EXTCHUNK_SLOT_CALL,"[JJFB_EXTCHUNK_SLOT_CALL] off=0x28 pc=0x280058 r0=0x1E209 r1=0x9 r2=0x0 r3=0x0 r4=0x1E209 ret=0x0 evidence=TARGET_OBSERVED"
1147,2209,PLATFORM_FAMILY_EVENT,"[PLATFORM_FAMILY_EVENT] op=SCHEDULE_DRAIN_OUTSIDE_HOOK cont=0x304599 queued=1 cfn_path=PLATFORM_FAMILY_CALLBACK evidence=OBSERVED"
1148,2210,GUEST_INDIRECT_CALL,"[GUEST_INDIRECT_CALL] module_id=3 pc=0x306762 target=0x2F9975 arg0=0x0 arg1=0x0"
1149,2214,CALLBACK_FRAME_RESTORE_BEGIN,"[CALLBACK_FRAME_RESTORE_BEGIN] seq=42 saved_r9=0x0 frame_token=180391797533 run_id=p17_hit1_20260801_144222_15364 evidence=OBSERVED"
1150,2216,CALLBACK_FRAME_RESTORE_COMPLETE,"[CALLBACK_FRAME_RESTORE_COMPLETE] seq=42 restored_r9=0x0 ok=1 frame_token=180391797533 run_id=p17_hit1_20260801_144222_15364 evidence=OBSERVED"
1151,2220,JJFB_LIFECYCLE,"[JJFB_LIFECYCLE] op=FIRE_DONE tick=42 ok=1 end=stop_at_base pc_after=0x80000 r0_after=0x0 r9_after=0x2B1868 sp_after=0x280000 uc_err=0 detail=- evidence=OBSERVED"
1152,2221,EMU_NEST,"[EMU_NEST] op=FAMILY_DRAIN_ENTER depth=1 site=drain_family_events evidence=OBSERVED"
1153,2223,PLATFORM_FAMILY_EVENT,"[PLATFORM_FAMILY_EVENT] op=DELIVER event=0x1E209 app=0x9 handler=0x30D311 r9=0x2B1868 r2=0x0 r3=0x0 request_id=42 evidence=OBSERVED"
1154,2224,EVENT_DELIVER_ENTER,"[EVENT_DELIVER_ENTER] request_id=42 handler=0x30D311 r0=0x9 r1=0x1E209 r2=0x0 r3=0x0 stack0=0x0 stack1=0x0 ctx=0x6AD12C run_id=p17_hit1_20260801_144222_15364 evidence=OBSERVED"
1155,2225,CALLBACK_FRAME,"[CALLBACK_FRAME] boundary=FAMILY_HANDLER_ENTER handler=0x30D311 request_id=42 stop=0x80000 r0=0x9 r1=0x1E209 r9=0x2B1868 cfn_path=PLATFORM_FAMILY_CALLBACK evidence=OBSERVED"
1156,2229,GUEST_INDIRECT_CALL,"[GUEST_INDIRECT_CALL] module_id=3 pc=0x30E1B0 target=0x305E19 arg0=0x1E209 arg1=0x0"
1157,2230,GUEST_INDIRECT_CALL,"[GUEST_INDIRECT_CALL] module_id=3 pc=0x305E32 target=0x304569 arg0=0x10133 arg1=0x1E205"
1158,2231,JJFB_EXTCHUNK_SLOT_CALL,"[JJFB_EXTCHUNK_SLOT_CALL] off=0x28 pc=0x280058 r0=0x10133 r1=0x1E205 r2=0x0 r3=0x0 r4=0x10133 ret=0x0 evidence=TARGET_OBSERVED"
1159,2232,CALLBACK_FRAME,"[CALLBACK_FRAME] boundary=FAMILY_HANDLER_LEAVE handler=0x30D311 request_id=42 end_class=REACHED_STOP reached_stop=1 pc_after=0x80000 cfn_path=PLATFORM_FAMILY_CALLBACK evidence=OBSERVED"
1160,2236,PLATFORM_FAMILY_EVENT,"[PLATFORM_FAMILY_EVENT] op=DELIVER_DONE ok=1 ret=0 end=stop_at_base end_class=REACHED_STOP reached_stop=1 handler=0x30D311 pc_after=0x80000 stop=0x80000 lr_after=0x304599 lim=5000000 evidence=OBSERVED"
1161,2238,EMU_NEST,"[EMU_NEST] op=FAMILY_DRAIN_LEAVE depth=0 site=drain_family_events evidence=OBSERVED"
1162,2239,PLATFORM_TIMER,"[PLATFORM_TIMER] op=FIRE_DONE ret=0 evidence=DOCUMENTED"
1163,2240,PLATFORM_TIMER,"[PLATFORM_TIMER] op=FIRE_DONE via=host_loop evidence=DOCUMENTED"
1164,2241,PLATFORM_TIMER,"[PLATFORM_TIMER] op=FIRE_CB interval=50 evidence=DOCUMENTED"
1165,2242,PLATFORM_TIMER,"[PLATFORM_TIMER] op=FIRE_DUE via=host_loop evidence=DOCUMENTED"
1166,2243,PLATFORM_TIMER,"[PLATFORM_TIMER] op=FIRE_ENTER evidence=DOCUMENTED"
1167,2244,PLATFORM_TIMER,"[PLATFORM_TIMER] op=FIRE_LOCKED evidence=DOCUMENTED"
1168,2246,JJFB_LIFECYCLE,"[JJFB_LIFECYCLE] op=FIRE tick=43 handler=0x30631D r0=0 r1=0 r9=0x2B1868 owner=robotol.ext evidence=CROSS_TARGET+docs/06"
1169,2248,CALLBACK_FRAME_ENTER,"[CALLBACK_FRAME_ENTER] seq=43 frame_token=184686764829 handler=0x30631D r9=0x2B1868 stop_sentinel=0x80000 run_id=p17_hit1_20260801_144222_15364 evidence=OBSERVED"
1170,2257,GUEST_INDIRECT_CALL,"[GUEST_INDIRECT_CALL] module_id=3 pc=0x30667A target=0x304569 arg0=0x1E209 arg1=0x9"
1171,2258,EVENT_TXN,"[EVENT_TXN] op=ACCEPT request_id=43 identity=0xC15442057B8F762F event=0x1E209 app=0x9 ctx=0x6AD12C payload=0x0 stack0=0x0 stack1=0x0 caller_pc=0x304599 insn=43 digest=0xFF5FCBC8 handler=0x30D311 run_id=p17_hit1_20260801_"
1172,2260,PLATFORM_FAMILY_EVENT,"[PLATFORM_FAMILY_EVENT] op=ENQUEUE event=0x1E209 app=0x9 handler=0x30D311 request_id=43 owner=robotol.ext evidence=OBSERVED"
1173,2261,PLATFORM_FAMILY_EVENT,"[PLATFORM_FAMILY_EVENT] op=DEFER_DRAIN_TO_MAP_REDIRECT event=0x1E209 app=0x9 note=avoid_nested_emu_inside_map_func evidence=OBSERVED"
1174,2262,JJFB_EXTCHUNK_SLOT_CALL,"[JJFB_EXTCHUNK_SLOT_CALL] off=0x28 pc=0x280058 r0=0x1E209 r1=0x9 r2=0x0 r3=0x0 r4=0x1E209 ret=0x0 evidence=TARGET_OBSERVED"
1175,2263,PLATFORM_FAMILY_EVENT,"[PLATFORM_FAMILY_EVENT] op=SCHEDULE_DRAIN_OUTSIDE_HOOK cont=0x304599 queued=1 cfn_path=PLATFORM_FAMILY_CALLBACK evidence=OBSERVED"
1176,2264,GUEST_INDIRECT_CALL,"[GUEST_INDIRECT_CALL] module_id=3 pc=0x306762 target=0x2F9975 arg0=0x0 arg1=0x0"
1177,2268,CALLBACK_FRAME_RESTORE_BEGIN,"[CALLBACK_FRAME_RESTORE_BEGIN] seq=43 saved_r9=0x0 frame_token=184686764829 run_id=p17_hit1_20260801_144222_15364 evidence=OBSERVED"
1178,2270,CALLBACK_FRAME_RESTORE_COMPLETE,"[CALLBACK_FRAME_RESTORE_COMPLETE] seq=43 restored_r9=0x0 ok=1 frame_token=184686764829 run_id=p17_hit1_20260801_144222_15364 evidence=OBSERVED"
1179,2274,JJFB_LIFECYCLE,"[JJFB_LIFECYCLE] op=FIRE_DONE tick=43 ok=1 end=stop_at_base pc_after=0x80000 r0_after=0x0 r9_after=0x2B1868 sp_after=0x280000 uc_err=0 detail=- evidence=OBSERVED"
1180,2275,EMU_NEST,"[EMU_NEST] op=FAMILY_DRAIN_ENTER depth=1 site=drain_family_events evidence=OBSERVED"
1181,2277,PLATFORM_FAMILY_EVENT,"[PLATFORM_FAMILY_EVENT] op=DELIVER event=0x1E209 app=0x9 handler=0x30D311 r9=0x2B1868 r2=0x0 r3=0x0 request_id=43 evidence=OBSERVED"
1182,2278,EVENT_DELIVER_ENTER,"[EVENT_DELIVER_ENTER] request_id=43 handler=0x30D311 r0=0x9 r1=0x1E209 r2=0x0 r3=0x0 stack0=0x0 stack1=0x0 ctx=0x6AD12C run_id=p17_hit1_20260801_144222_15364 evidence=OBSERVED"
1183,2279,CALLBACK_FRAME,"[CALLBACK_FRAME] boundary=FAMILY_HANDLER_ENTER handler=0x30D311 request_id=43 stop=0x80000 r0=0x9 r1=0x1E209 r9=0x2B1868 cfn_path=PLATFORM_FAMILY_CALLBACK evidence=OBSERVED"
1184,2283,GUEST_INDIRECT_CALL,"[GUEST_INDIRECT_CALL] module_id=3 pc=0x30E1B0 target=0x305E19 arg0=0x1E209 arg1=0x0"
1185,2284,GUEST_INDIRECT_CALL,"[GUEST_INDIRECT_CALL] module_id=3 pc=0x305E32 target=0x304569 arg0=0x10133 arg1=0x1E205"
1186,2285,JJFB_EXTCHUNK_SLOT_CALL,"[JJFB_EXTCHUNK_SLOT_CALL] off=0x28 pc=0x280058 r0=0x10133 r1=0x1E205 r2=0x0 r3=0x0 r4=0x10133 ret=0x0 evidence=TARGET_OBSERVED"
1187,2286,CALLBACK_FRAME,"[CALLBACK_FRAME] boundary=FAMILY_HANDLER_LEAVE handler=0x30D311 request_id=43 end_class=REACHED_STOP reached_stop=1 pc_after=0x80000 cfn_path=PLATFORM_FAMILY_CALLBACK evidence=OBSERVED"
1188,2290,PLATFORM_FAMILY_EVENT,"[PLATFORM_FAMILY_EVENT] op=DELIVER_DONE ok=1 ret=0 end=stop_at_base end_class=REACHED_STOP reached_stop=1 handler=0x30D311 pc_after=0x80000 stop=0x80000 lr_after=0x304599 lim=5000000 evidence=OBSERVED"
1189,2292,EMU_NEST,"[EMU_NEST] op=FAMILY_DRAIN_LEAVE depth=0 site=drain_family_events evidence=OBSERVED"
1190,2293,PLATFORM_TIMER,"[PLATFORM_TIMER] op=FIRE_DONE ret=0 evidence=DOCUMENTED"
1191,2294,PLATFORM_TIMER,"[PLATFORM_TIMER] op=FIRE_DONE via=host_loop evidence=DOCUMENTED"
1192,2295,PLATFORM_TIMER,"[PLATFORM_TIMER] op=FIRE_CB interval=50 evidence=DOCUMENTED"
1193,2296,PLATFORM_TIMER,"[PLATFORM_TIMER] op=FIRE_DUE via=host_loop evidence=DOCUMENTED"
1194,2297,PLATFORM_TIMER,"[PLATFORM_TIMER] op=FIRE_ENTER evidence=DOCUMENTED"
1195,2298,PLATFORM_TIMER,"[PLATFORM_TIMER] op=FIRE_LOCKED evidence=DOCUMENTED"
1196,2300,JJFB_LIFECYCLE,"[JJFB_LIFECYCLE] op=FIRE tick=44 handler=0x30631D r0=0 r1=0 r9=0x2B1868 owner=robotol.ext evidence=CROSS_TARGET+docs/06"
1197,2302,CALLBACK_FRAME_ENTER,"[CALLBACK_FRAME_ENTER] seq=44 frame_token=188981732125 handler=0x30631D r9=0x2B1868 stop_sentinel=0x80000 run_id=p17_hit1_20260801_144222_15364 evidence=OBSERVED"
1198,2311,GUEST_INDIRECT_CALL,"[GUEST_INDIRECT_CALL] module_id=3 pc=0x30667A target=0x304569 arg0=0x1E209 arg1=0x9"
1199,2312,EVENT_TXN,"[EVENT_TXN] op=ACCEPT request_id=44 identity=0xC15442057B8F762F event=0x1E209 app=0x9 ctx=0x6AD12C payload=0x0 stack0=0x0 stack1=0x0 caller_pc=0x304599 insn=44 digest=0xFF5FCBC8 handler=0x30D311 run_id=p17_hit1_20260801_"
1200,2314,PLATFORM_FAMILY_EVENT,"[PLATFORM_FAMILY_EVENT] op=ENQUEUE event=0x1E209 app=0x9 handler=0x30D311 request_id=44 owner=robotol.ext evidence=OBSERVED"
1201,2315,PLATFORM_FAMILY_EVENT,"[PLATFORM_FAMILY_EVENT] op=DEFER_DRAIN_TO_MAP_REDIRECT event=0x1E209 app=0x9 note=avoid_nested_emu_inside_map_func evidence=OBSERVED"
1202,2316,JJFB_EXTCHUNK_SLOT_CALL,"[JJFB_EXTCHUNK_SLOT_CALL] off=0x28 pc=0x280058 r0=0x1E209 r1=0x9 r2=0x0 r3=0x0 r4=0x1E209 ret=0x0 evidence=TARGET_OBSERVED"
1203,2317,PLATFORM_FAMILY_EVENT,"[PLATFORM_FAMILY_EVENT] op=SCHEDULE_DRAIN_OUTSIDE_HOOK cont=0x304599 queued=1 cfn_path=PLATFORM_FAMILY_CALLBACK evidence=OBSERVED"
1204,2318,GUEST_INDIRECT_CALL,"[GUEST_INDIRECT_CALL] module_id=3 pc=0x306762 target=0x2F9975 arg0=0x0 arg1=0x0"
1205,2322,CALLBACK_FRAME_RESTORE_BEGIN,"[CALLBACK_FRAME_RESTORE_BEGIN] seq=44 saved_r9=0x0 frame_token=188981732125 run_id=p17_hit1_20260801_144222_15364 evidence=OBSERVED"
1206,2324,CALLBACK_FRAME_RESTORE_COMPLETE,"[CALLBACK_FRAME_RESTORE_COMPLETE] seq=44 restored_r9=0x0 ok=1 frame_token=188981732125 run_id=p17_hit1_20260801_144222_15364 evidence=OBSERVED"
1207,2328,JJFB_LIFECYCLE,"[JJFB_LIFECYCLE] op=FIRE_DONE tick=44 ok=1 end=stop_at_base pc_after=0x80000 r0_after=0x0 r9_after=0x2B1868 sp_after=0x280000 uc_err=0 detail=- evidence=OBSERVED"
1208,2329,EMU_NEST,"[EMU_NEST] op=FAMILY_DRAIN_ENTER depth=1 site=drain_family_events evidence=OBSERVED"
1209,2331,PLATFORM_FAMILY_EVENT,"[PLATFORM_FAMILY_EVENT] op=DELIVER event=0x1E209 app=0x9 handler=0x30D311 r9=0x2B1868 r2=0x0 r3=0x0 request_id=44 evidence=OBSERVED"
1210,2332,EVENT_DELIVER_ENTER,"[EVENT_DELIVER_ENTER] request_id=44 handler=0x30D311 r0=0x9 r1=0x1E209 r2=0x0 r3=0x0 stack0=0x0 stack1=0x0 ctx=0x6AD12C run_id=p17_hit1_20260801_144222_15364 evidence=OBSERVED"
1211,2333,CALLBACK_FRAME,"[CALLBACK_FRAME] boundary=FAMILY_HANDLER_ENTER handler=0x30D311 request_id=44 stop=0x80000 r0=0x9 r1=0x1E209 r9=0x2B1868 cfn_path=PLATFORM_FAMILY_CALLBACK evidence=OBSERVED"
1212,2337,GUEST_INDIRECT_CALL,"[GUEST_INDIRECT_CALL] module_id=3 pc=0x30E1B0 target=0x305E19 arg0=0x1E209 arg1=0x0"
1213,2338,GUEST_INDIRECT_CALL,"[GUEST_INDIRECT_CALL] module_id=3 pc=0x305E32 target=0x304569 arg0=0x10133 arg1=0x1E205"
1214,2339,JJFB_EXTCHUNK_SLOT_CALL,"[JJFB_EXTCHUNK_SLOT_CALL] off=0x28 pc=0x280058 r0=0x10133 r1=0x1E205 r2=0x0 r3=0x0 r4=0x10133 ret=0x0 evidence=TARGET_OBSERVED"
1215,2340,CALLBACK_FRAME,"[CALLBACK_FRAME] boundary=FAMILY_HANDLER_LEAVE handler=0x30D311 request_id=44 end_class=REACHED_STOP reached_stop=1 pc_after=0x80000 cfn_path=PLATFORM_FAMILY_CALLBACK evidence=OBSERVED"
1216,2344,PLATFORM_FAMILY_EVENT,"[PLATFORM_FAMILY_EVENT] op=DELIVER_DONE ok=1 ret=0 end=stop_at_base end_class=REACHED_STOP reached_stop=1 handler=0x30D311 pc_after=0x80000 stop=0x80000 lr_after=0x304599 lim=5000000 evidence=OBSERVED"
1217,2346,EMU_NEST,"[EMU_NEST] op=FAMILY_DRAIN_LEAVE depth=0 site=drain_family_events evidence=OBSERVED"
1218,2347,PLATFORM_TIMER,"[PLATFORM_TIMER] op=FIRE_DONE ret=0 evidence=DOCUMENTED"
1219,2348,PLATFORM_TIMER,"[PLATFORM_TIMER] op=FIRE_DONE via=host_loop evidence=DOCUMENTED"
1220,2349,PLATFORM_TIMER,"[PLATFORM_TIMER] op=FIRE_CB interval=50 evidence=DOCUMENTED"
1221,2350,PLATFORM_TIMER,"[PLATFORM_TIMER] op=FIRE_DUE via=host_loop evidence=DOCUMENTED"
1222,2351,PLATFORM_TIMER,"[PLATFORM_TIMER] op=FIRE_ENTER evidence=DOCUMENTED"
1223,2352,PLATFORM_TIMER,"[PLATFORM_TIMER] op=FIRE_LOCKED evidence=DOCUMENTED"
1224,2354,JJFB_LIFECYCLE,"[JJFB_LIFECYCLE] op=FIRE tick=45 handler=0x30631D r0=0 r1=0 r9=0x2B1868 owner=robotol.ext evidence=CROSS_TARGET+docs/06"
1225,2356,CALLBACK_FRAME_ENTER,"[CALLBACK_FRAME_ENTER] seq=45 frame_token=193276699421 handler=0x30631D r9=0x2B1868 stop_sentinel=0x80000 run_id=p17_hit1_20260801_144222_15364 evidence=OBSERVED"
1226,2365,GUEST_INDIRECT_CALL,"[GUEST_INDIRECT_CALL] module_id=3 pc=0x30667A target=0x304569 arg0=0x1E209 arg1=0x9"
1227,2366,EVENT_TXN,"[EVENT_TXN] op=ACCEPT request_id=45 identity=0xC15442057B8F762F event=0x1E209 app=0x9 ctx=0x6AD12C payload=0x0 stack0=0x0 stack1=0x0 caller_pc=0x304599 insn=45 digest=0xFF5FCBC8 handler=0x30D311 run_id=p17_hit1_20260801_"
1228,2368,PLATFORM_FAMILY_EVENT,"[PLATFORM_FAMILY_EVENT] op=ENQUEUE event=0x1E209 app=0x9 handler=0x30D311 request_id=45 owner=robotol.ext evidence=OBSERVED"
1229,2369,PLATFORM_FAMILY_EVENT,"[PLATFORM_FAMILY_EVENT] op=DEFER_DRAIN_TO_MAP_REDIRECT event=0x1E209 app=0x9 note=avoid_nested_emu_inside_map_func evidence=OBSERVED"
1230,2370,JJFB_EXTCHUNK_SLOT_CALL,"[JJFB_EXTCHUNK_SLOT_CALL] off=0x28 pc=0x280058 r0=0x1E209 r1=0x9 r2=0x0 r3=0x0 r4=0x1E209 ret=0x0 evidence=TARGET_OBSERVED"
1231,2371,PLATFORM_FAMILY_EVENT,"[PLATFORM_FAMILY_EVENT] op=SCHEDULE_DRAIN_OUTSIDE_HOOK cont=0x304599 queued=1 cfn_path=PLATFORM_FAMILY_CALLBACK evidence=OBSERVED"
1232,2372,GUEST_INDIRECT_CALL,"[GUEST_INDIRECT_CALL] module_id=3 pc=0x306762 target=0x2F9975 arg0=0x0 arg1=0x0"
1233,2376,CALLBACK_FRAME_RESTORE_BEGIN,"[CALLBACK_FRAME_RESTORE_BEGIN] seq=45 saved_r9=0x0 frame_token=193276699421 run_id=p17_hit1_20260801_144222_15364 evidence=OBSERVED"
1234,2378,CALLBACK_FRAME_RESTORE_COMPLETE,"[CALLBACK_FRAME_RESTORE_COMPLETE] seq=45 restored_r9=0x0 ok=1 frame_token=193276699421 run_id=p17_hit1_20260801_144222_15364 evidence=OBSERVED"
1235,2382,JJFB_LIFECYCLE,"[JJFB_LIFECYCLE] op=FIRE_DONE tick=45 ok=1 end=stop_at_base pc_after=0x80000 r0_after=0x0 r9_after=0x2B1868 sp_after=0x280000 uc_err=0 detail=- evidence=OBSERVED"
1236,2383,EMU_NEST,"[EMU_NEST] op=FAMILY_DRAIN_ENTER depth=1 site=drain_family_events evidence=OBSERVED"
1237,2385,PLATFORM_FAMILY_EVENT,"[PLATFORM_FAMILY_EVENT] op=DELIVER event=0x1E209 app=0x9 handler=0x30D311 r9=0x2B1868 r2=0x0 r3=0x0 request_id=45 evidence=OBSERVED"
1238,2386,EVENT_DELIVER_ENTER,"[EVENT_DELIVER_ENTER] request_id=45 handler=0x30D311 r0=0x9 r1=0x1E209 r2=0x0 r3=0x0 stack0=0x0 stack1=0x0 ctx=0x6AD12C run_id=p17_hit1_20260801_144222_15364 evidence=OBSERVED"
1239,2387,CALLBACK_FRAME,"[CALLBACK_FRAME] boundary=FAMILY_HANDLER_ENTER handler=0x30D311 request_id=45 stop=0x80000 r0=0x9 r1=0x1E209 r9=0x2B1868 cfn_path=PLATFORM_FAMILY_CALLBACK evidence=OBSERVED"
1240,2391,GUEST_INDIRECT_CALL,"[GUEST_INDIRECT_CALL] module_id=3 pc=0x30E1B0 target=0x305E19 arg0=0x1E209 arg1=0x0"
1241,2392,GUEST_INDIRECT_CALL,"[GUEST_INDIRECT_CALL] module_id=3 pc=0x305E32 target=0x304569 arg0=0x10133 arg1=0x1E205"
1242,2393,JJFB_EXTCHUNK_SLOT_CALL,"[JJFB_EXTCHUNK_SLOT_CALL] off=0x28 pc=0x280058 r0=0x10133 r1=0x1E205 r2=0x0 r3=0x0 r4=0x10133 ret=0x0 evidence=TARGET_OBSERVED"
1243,2394,CALLBACK_FRAME,"[CALLBACK_FRAME] boundary=FAMILY_HANDLER_LEAVE handler=0x30D311 request_id=45 end_class=REACHED_STOP reached_stop=1 pc_after=0x80000 cfn_path=PLATFORM_FAMILY_CALLBACK evidence=OBSERVED"
1244,2398,PLATFORM_FAMILY_EVENT,"[PLATFORM_FAMILY_EVENT] op=DELIVER_DONE ok=1 ret=0 end=stop_at_base end_class=REACHED_STOP reached_stop=1 handler=0x30D311 pc_after=0x80000 stop=0x80000 lr_after=0x304599 lim=5000000 evidence=OBSERVED"
1245,2400,EMU_NEST,"[EMU_NEST] op=FAMILY_DRAIN_LEAVE depth=0 site=drain_family_events evidence=OBSERVED"
1246,2401,PLATFORM_TIMER,"[PLATFORM_TIMER] op=FIRE_DONE ret=0 evidence=DOCUMENTED"
1247,2402,PLATFORM_TIMER,"[PLATFORM_TIMER] op=FIRE_DONE via=host_loop evidence=DOCUMENTED"
1248,2403,PLATFORM_TIMER,"[PLATFORM_TIMER] op=FIRE_CB interval=50 evidence=DOCUMENTED"
1249,2404,PLATFORM_TIMER,"[PLATFORM_TIMER] op=FIRE_DUE via=host_loop evidence=DOCUMENTED"
1250,2405,PLATFORM_TIMER,"[PLATFORM_TIMER] op=FIRE_ENTER evidence=DOCUMENTED"
1251,2406,PLATFORM_TIMER,"[PLATFORM_TIMER] op=FIRE_LOCKED evidence=DOCUMENTED"
1252,2408,JJFB_LIFECYCLE,"[JJFB_LIFECYCLE] op=FIRE tick=46 handler=0x30631D r0=0 r1=0 r9=0x2B1868 owner=robotol.ext evidence=CROSS_TARGET+docs/06"
1253,2410,CALLBACK_FRAME_ENTER,"[CALLBACK_FRAME_ENTER] seq=46 frame_token=197571666717 handler=0x30631D r9=0x2B1868 stop_sentinel=0x80000 run_id=p17_hit1_20260801_144222_15364 evidence=OBSERVED"
1254,2419,GUEST_INDIRECT_CALL,"[GUEST_INDIRECT_CALL] module_id=3 pc=0x30667A target=0x304569 arg0=0x1E209 arg1=0x9"
1255,2420,EVENT_TXN,"[EVENT_TXN] op=ACCEPT request_id=46 identity=0xC15442057B8F762F event=0x1E209 app=0x9 ctx=0x6AD12C payload=0x0 stack0=0x0 stack1=0x0 caller_pc=0x304599 insn=46 digest=0xFF5FCBC8 handler=0x30D311 run_id=p17_hit1_20260801_"
1256,2422,PLATFORM_FAMILY_EVENT,"[PLATFORM_FAMILY_EVENT] op=ENQUEUE event=0x1E209 app=0x9 handler=0x30D311 request_id=46 owner=robotol.ext evidence=OBSERVED"
1257,2423,PLATFORM_FAMILY_EVENT,"[PLATFORM_FAMILY_EVENT] op=DEFER_DRAIN_TO_MAP_REDIRECT event=0x1E209 app=0x9 note=avoid_nested_emu_inside_map_func evidence=OBSERVED"
1258,2424,JJFB_EXTCHUNK_SLOT_CALL,"[JJFB_EXTCHUNK_SLOT_CALL] off=0x28 pc=0x280058 r0=0x1E209 r1=0x9 r2=0x0 r3=0x0 r4=0x1E209 ret=0x0 evidence=TARGET_OBSERVED"
1259,2425,PLATFORM_FAMILY_EVENT,"[PLATFORM_FAMILY_EVENT] op=SCHEDULE_DRAIN_OUTSIDE_HOOK cont=0x304599 queued=1 cfn_path=PLATFORM_FAMILY_CALLBACK evidence=OBSERVED"
1260,2426,GUEST_INDIRECT_CALL,"[GUEST_INDIRECT_CALL] module_id=3 pc=0x306762 target=0x2F9975 arg0=0x0 arg1=0x0"
1261,2430,CALLBACK_FRAME_RESTORE_BEGIN,"[CALLBACK_FRAME_RESTORE_BEGIN] seq=46 saved_r9=0x0 frame_token=197571666717 run_id=p17_hit1_20260801_144222_15364 evidence=OBSERVED"
1262,2432,CALLBACK_FRAME_RESTORE_COMPLETE,"[CALLBACK_FRAME_RESTORE_COMPLETE] seq=46 restored_r9=0x0 ok=1 frame_token=197571666717 run_id=p17_hit1_20260801_144222_15364 evidence=OBSERVED"
1263,2436,JJFB_LIFECYCLE,"[JJFB_LIFECYCLE] op=FIRE_DONE tick=46 ok=1 end=stop_at_base pc_after=0x80000 r0_after=0x0 r9_after=0x2B1868 sp_after=0x280000 uc_err=0 detail=- evidence=OBSERVED"
1264,2437,EMU_NEST,"[EMU_NEST] op=FAMILY_DRAIN_ENTER depth=1 site=drain_family_events evidence=OBSERVED"
1265,2439,PLATFORM_FAMILY_EVENT,"[PLATFORM_FAMILY_EVENT] op=DELIVER event=0x1E209 app=0x9 handler=0x30D311 r9=0x2B1868 r2=0x0 r3=0x0 request_id=46 evidence=OBSERVED"
1266,2440,EVENT_DELIVER_ENTER,"[EVENT_DELIVER_ENTER] request_id=46 handler=0x30D311 r0=0x9 r1=0x1E209 r2=0x0 r3=0x0 stack0=0x0 stack1=0x0 ctx=0x6AD12C run_id=p17_hit1_20260801_144222_15364 evidence=OBSERVED"
1267,2441,CALLBACK_FRAME,"[CALLBACK_FRAME] boundary=FAMILY_HANDLER_ENTER handler=0x30D311 request_id=46 stop=0x80000 r0=0x9 r1=0x1E209 r9=0x2B1868 cfn_path=PLATFORM_FAMILY_CALLBACK evidence=OBSERVED"
1268,2445,GUEST_INDIRECT_CALL,"[GUEST_INDIRECT_CALL] module_id=3 pc=0x30E1B0 target=0x305E19 arg0=0x1E209 arg1=0x0"
1269,2446,GUEST_INDIRECT_CALL,"[GUEST_INDIRECT_CALL] module_id=3 pc=0x305E32 target=0x304569 arg0=0x10133 arg1=0x1E205"
1270,2447,JJFB_EXTCHUNK_SLOT_CALL,"[JJFB_EXTCHUNK_SLOT_CALL] off=0x28 pc=0x280058 r0=0x10133 r1=0x1E205 r2=0x0 r3=0x0 r4=0x10133 ret=0x0 evidence=TARGET_OBSERVED"
1271,2448,CALLBACK_FRAME,"[CALLBACK_FRAME] boundary=FAMILY_HANDLER_LEAVE handler=0x30D311 request_id=46 end_class=REACHED_STOP reached_stop=1 pc_after=0x80000 cfn_path=PLATFORM_FAMILY_CALLBACK evidence=OBSERVED"
1272,2452,PLATFORM_FAMILY_EVENT,"[PLATFORM_FAMILY_EVENT] op=DELIVER_DONE ok=1 ret=0 end=stop_at_base end_class=REACHED_STOP reached_stop=1 handler=0x30D311 pc_after=0x80000 stop=0x80000 lr_after=0x304599 lim=5000000 evidence=OBSERVED"
1273,2454,EMU_NEST,"[EMU_NEST] op=FAMILY_DRAIN_LEAVE depth=0 site=drain_family_events evidence=OBSERVED"
1274,2455,PLATFORM_TIMER,"[PLATFORM_TIMER] op=FIRE_DONE ret=0 evidence=DOCUMENTED"
1275,2456,PLATFORM_TIMER,"[PLATFORM_TIMER] op=FIRE_DONE via=host_loop evidence=DOCUMENTED"
1276,2457,PLATFORM_TIMER,"[PLATFORM_TIMER] op=FIRE_CB interval=50 evidence=DOCUMENTED"
1277,2458,PLATFORM_TIMER,"[PLATFORM_TIMER] op=FIRE_DUE via=host_loop evidence=DOCUMENTED"
1278,2459,PLATFORM_TIMER,"[PLATFORM_TIMER] op=FIRE_ENTER evidence=DOCUMENTED"
1279,2460,PLATFORM_TIMER,"[PLATFORM_TIMER] op=FIRE_LOCKED evidence=DOCUMENTED"
1280,2462,JJFB_LIFECYCLE,"[JJFB_LIFECYCLE] op=FIRE tick=47 handler=0x30631D r0=0 r1=0 r9=0x2B1868 owner=robotol.ext evidence=CROSS_TARGET+docs/06"
1281,2464,CALLBACK_FRAME_ENTER,"[CALLBACK_FRAME_ENTER] seq=47 frame_token=201866634013 handler=0x30631D r9=0x2B1868 stop_sentinel=0x80000 run_id=p17_hit1_20260801_144222_15364 evidence=OBSERVED"
1282,2473,GUEST_INDIRECT_CALL,"[GUEST_INDIRECT_CALL] module_id=3 pc=0x30667A target=0x304569 arg0=0x1E209 arg1=0x9"
1283,2474,EVENT_TXN,"[EVENT_TXN] op=ACCEPT request_id=47 identity=0xC15442057B8F762F event=0x1E209 app=0x9 ctx=0x6AD12C payload=0x0 stack0=0x0 stack1=0x0 caller_pc=0x304599 insn=47 digest=0xFF5FCBC8 handler=0x30D311 run_id=p17_hit1_20260801_"
1284,2476,PLATFORM_FAMILY_EVENT,"[PLATFORM_FAMILY_EVENT] op=ENQUEUE event=0x1E209 app=0x9 handler=0x30D311 request_id=47 owner=robotol.ext evidence=OBSERVED"
1285,2477,PLATFORM_FAMILY_EVENT,"[PLATFORM_FAMILY_EVENT] op=DEFER_DRAIN_TO_MAP_REDIRECT event=0x1E209 app=0x9 note=avoid_nested_emu_inside_map_func evidence=OBSERVED"
1286,2478,JJFB_EXTCHUNK_SLOT_CALL,"[JJFB_EXTCHUNK_SLOT_CALL] off=0x28 pc=0x280058 r0=0x1E209 r1=0x9 r2=0x0 r3=0x0 r4=0x1E209 ret=0x0 evidence=TARGET_OBSERVED"
1287,2479,PLATFORM_FAMILY_EVENT,"[PLATFORM_FAMILY_EVENT] op=SCHEDULE_DRAIN_OUTSIDE_HOOK cont=0x304599 queued=1 cfn_path=PLATFORM_FAMILY_CALLBACK evidence=OBSERVED"
1288,2480,GUEST_INDIRECT_CALL,"[GUEST_INDIRECT_CALL] module_id=3 pc=0x306762 target=0x2F9975 arg0=0x0 arg1=0x0"
1289,2484,CALLBACK_FRAME_RESTORE_BEGIN,"[CALLBACK_FRAME_RESTORE_BEGIN] seq=47 saved_r9=0x0 frame_token=201866634013 run_id=p17_hit1_20260801_144222_15364 evidence=OBSERVED"
1290,2486,CALLBACK_FRAME_RESTORE_COMPLETE,"[CALLBACK_FRAME_RESTORE_COMPLETE] seq=47 restored_r9=0x0 ok=1 frame_token=201866634013 run_id=p17_hit1_20260801_144222_15364 evidence=OBSERVED"
1291,2490,JJFB_LIFECYCLE,"[JJFB_LIFECYCLE] op=FIRE_DONE tick=47 ok=1 end=stop_at_base pc_after=0x80000 r0_after=0x0 r9_after=0x2B1868 sp_after=0x280000 uc_err=0 detail=- evidence=OBSERVED"
1292,2491,EMU_NEST,"[EMU_NEST] op=FAMILY_DRAIN_ENTER depth=1 site=drain_family_events evidence=OBSERVED"
1293,2493,PLATFORM_FAMILY_EVENT,"[PLATFORM_FAMILY_EVENT] op=DELIVER event=0x1E209 app=0x9 handler=0x30D311 r9=0x2B1868 r2=0x0 r3=0x0 request_id=47 evidence=OBSERVED"
1294,2494,EVENT_DELIVER_ENTER,"[EVENT_DELIVER_ENTER] request_id=47 handler=0x30D311 r0=0x9 r1=0x1E209 r2=0x0 r3=0x0 stack0=0x0 stack1=0x0 ctx=0x6AD12C run_id=p17_hit1_20260801_144222_15364 evidence=OBSERVED"
1295,2495,CALLBACK_FRAME,"[CALLBACK_FRAME] boundary=FAMILY_HANDLER_ENTER handler=0x30D311 request_id=47 stop=0x80000 r0=0x9 r1=0x1E209 r9=0x2B1868 cfn_path=PLATFORM_FAMILY_CALLBACK evidence=OBSERVED"
1296,2499,GUEST_INDIRECT_CALL,"[GUEST_INDIRECT_CALL] module_id=3 pc=0x30E1B0 target=0x305E19 arg0=0x1E209 arg1=0x0"
1297,2500,GUEST_INDIRECT_CALL,"[GUEST_INDIRECT_CALL] module_id=3 pc=0x305E32 target=0x304569 arg0=0x10133 arg1=0x1E205"
1298,2501,JJFB_EXTCHUNK_SLOT_CALL,"[JJFB_EXTCHUNK_SLOT_CALL] off=0x28 pc=0x280058 r0=0x10133 r1=0x1E205 r2=0x0 r3=0x0 r4=0x10133 ret=0x0 evidence=TARGET_OBSERVED"
1299,2502,CALLBACK_FRAME,"[CALLBACK_FRAME] boundary=FAMILY_HANDLER_LEAVE handler=0x30D311 request_id=47 end_class=REACHED_STOP reached_stop=1 pc_after=0x80000 cfn_path=PLATFORM_FAMILY_CALLBACK evidence=OBSERVED"
1300,2506,PLATFORM_FAMILY_EVENT,"[PLATFORM_FAMILY_EVENT] op=DELIVER_DONE ok=1 ret=0 end=stop_at_base end_class=REACHED_STOP reached_stop=1 handler=0x30D311 pc_after=0x80000 stop=0x80000 lr_after=0x304599 lim=5000000 evidence=OBSERVED"
1301,2508,EMU_NEST,"[EMU_NEST] op=FAMILY_DRAIN_LEAVE depth=0 site=drain_family_events evidence=OBSERVED"
1302,2509,PLATFORM_TIMER,"[PLATFORM_TIMER] op=FIRE_DONE ret=0 evidence=DOCUMENTED"
1303,2510,PLATFORM_TIMER,"[PLATFORM_TIMER] op=FIRE_DONE via=host_loop evidence=DOCUMENTED"
1304,2511,PLATFORM_TIMER,"[PLATFORM_TIMER] op=FIRE_CB interval=50 evidence=DOCUMENTED"
1305,2512,PLATFORM_TIMER,"[PLATFORM_TIMER] op=FIRE_DUE via=host_loop evidence=DOCUMENTED"
1306,2513,PLATFORM_TIMER,"[PLATFORM_TIMER] op=FIRE_ENTER evidence=DOCUMENTED"
1307,2514,PLATFORM_TIMER,"[PLATFORM_TIMER] op=FIRE_LOCKED evidence=DOCUMENTED"
1308,2516,JJFB_LIFECYCLE,"[JJFB_LIFECYCLE] op=FIRE tick=48 handler=0x30631D r0=0 r1=0 r9=0x2B1868 owner=robotol.ext evidence=CROSS_TARGET+docs/06"
1309,2518,CALLBACK_FRAME_ENTER,"[CALLBACK_FRAME_ENTER] seq=48 frame_token=206161601309 handler=0x30631D r9=0x2B1868 stop_sentinel=0x80000 run_id=p17_hit1_20260801_144222_15364 evidence=OBSERVED"
1310,2527,GUEST_INDIRECT_CALL,"[GUEST_INDIRECT_CALL] module_id=3 pc=0x30667A target=0x304569 arg0=0x1E209 arg1=0x9"
1311,2528,EVENT_TXN,"[EVENT_TXN] op=ACCEPT request_id=48 identity=0xC15442057B8F762F event=0x1E209 app=0x9 ctx=0x6AD12C payload=0x0 stack0=0x0 stack1=0x0 caller_pc=0x304599 insn=48 digest=0xFF5FCBC8 handler=0x30D311 run_id=p17_hit1_20260801_"
1312,2530,PLATFORM_FAMILY_EVENT,"[PLATFORM_FAMILY_EVENT] op=ENQUEUE event=0x1E209 app=0x9 handler=0x30D311 request_id=48 owner=robotol.ext evidence=OBSERVED"
1313,2531,PLATFORM_FAMILY_EVENT,"[PLATFORM_FAMILY_EVENT] op=DEFER_DRAIN_TO_MAP_REDIRECT event=0x1E209 app=0x9 note=avoid_nested_emu_inside_map_func evidence=OBSERVED"
1314,2532,JJFB_EXTCHUNK_SLOT_CALL,"[JJFB_EXTCHUNK_SLOT_CALL] off=0x28 pc=0x280058 r0=0x1E209 r1=0x9 r2=0x0 r3=0x0 r4=0x1E209 ret=0x0 evidence=TARGET_OBSERVED"
1315,2533,PLATFORM_FAMILY_EVENT,"[PLATFORM_FAMILY_EVENT] op=SCHEDULE_DRAIN_OUTSIDE_HOOK cont=0x304599 queued=1 cfn_path=PLATFORM_FAMILY_CALLBACK evidence=OBSERVED"
1316,2534,GUEST_INDIRECT_CALL,"[GUEST_INDIRECT_CALL] module_id=3 pc=0x306762 target=0x2F9975 arg0=0x0 arg1=0x0"
1317,2538,CALLBACK_FRAME_RESTORE_BEGIN,"[CALLBACK_FRAME_RESTORE_BEGIN] seq=48 saved_r9=0x0 frame_token=206161601309 run_id=p17_hit1_20260801_144222_15364 evidence=OBSERVED"
1318,2540,CALLBACK_FRAME_RESTORE_COMPLETE,"[CALLBACK_FRAME_RESTORE_COMPLETE] seq=48 restored_r9=0x0 ok=1 frame_token=206161601309 run_id=p17_hit1_20260801_144222_15364 evidence=OBSERVED"
1319,2544,JJFB_LIFECYCLE,"[JJFB_LIFECYCLE] op=FIRE_DONE tick=48 ok=1 end=stop_at_base pc_after=0x80000 r0_after=0x0 r9_after=0x2B1868 sp_after=0x280000 uc_err=0 detail=- evidence=OBSERVED"
1320,2545,EMU_NEST,"[EMU_NEST] op=FAMILY_DRAIN_ENTER depth=1 site=drain_family_events evidence=OBSERVED"
1321,2547,PLATFORM_FAMILY_EVENT,"[PLATFORM_FAMILY_EVENT] op=DELIVER event=0x1E209 app=0x9 handler=0x30D311 r9=0x2B1868 r2=0x0 r3=0x0 request_id=48 evidence=OBSERVED"
1322,2548,EVENT_DELIVER_ENTER,"[EVENT_DELIVER_ENTER] request_id=48 handler=0x30D311 r0=0x9 r1=0x1E209 r2=0x0 r3=0x0 stack0=0x0 stack1=0x0 ctx=0x6AD12C run_id=p17_hit1_20260801_144222_15364 evidence=OBSERVED"
1323,2549,CALLBACK_FRAME,"[CALLBACK_FRAME] boundary=FAMILY_HANDLER_ENTER handler=0x30D311 request_id=48 stop=0x80000 r0=0x9 r1=0x1E209 r9=0x2B1868 cfn_path=PLATFORM_FAMILY_CALLBACK evidence=OBSERVED"
1324,2553,GUEST_INDIRECT_CALL,"[GUEST_INDIRECT_CALL] module_id=3 pc=0x30E1B0 target=0x305E19 arg0=0x1E209 arg1=0x0"
1325,2554,GUEST_INDIRECT_CALL,"[GUEST_INDIRECT_CALL] module_id=3 pc=0x305E32 target=0x304569 arg0=0x10133 arg1=0x1E205"
1326,2555,JJFB_EXTCHUNK_SLOT_CALL,"[JJFB_EXTCHUNK_SLOT_CALL] off=0x28 pc=0x280058 r0=0x10133 r1=0x1E205 r2=0x0 r3=0x0 r4=0x10133 ret=0x0 evidence=TARGET_OBSERVED"
1327,2556,CALLBACK_FRAME,"[CALLBACK_FRAME] boundary=FAMILY_HANDLER_LEAVE handler=0x30D311 request_id=48 end_class=REACHED_STOP reached_stop=1 pc_after=0x80000 cfn_path=PLATFORM_FAMILY_CALLBACK evidence=OBSERVED"
1328,2560,PLATFORM_FAMILY_EVENT,"[PLATFORM_FAMILY_EVENT] op=DELIVER_DONE ok=1 ret=0 end=stop_at_base end_class=REACHED_STOP reached_stop=1 handler=0x30D311 pc_after=0x80000 stop=0x80000 lr_after=0x304599 lim=5000000 evidence=OBSERVED"
1329,2562,EMU_NEST,"[EMU_NEST] op=FAMILY_DRAIN_LEAVE depth=0 site=drain_family_events evidence=OBSERVED"
1330,2563,PLATFORM_TIMER,"[PLATFORM_TIMER] op=FIRE_DONE ret=0 evidence=DOCUMENTED"
1331,2564,PLATFORM_TIMER,"[PLATFORM_TIMER] op=FIRE_DONE via=host_loop evidence=DOCUMENTED"
1332,2565,PLATFORM_TIMER,"[PLATFORM_TIMER] op=FIRE_CB interval=50 evidence=DOCUMENTED"
1333,2566,PLATFORM_TIMER,"[PLATFORM_TIMER] op=FIRE_DUE via=host_loop evidence=DOCUMENTED"
1334,2567,PLATFORM_TIMER,"[PLATFORM_TIMER] op=FIRE_ENTER evidence=DOCUMENTED"
1335,2568,PLATFORM_TIMER,"[PLATFORM_TIMER] op=FIRE_LOCKED evidence=DOCUMENTED"
1336,2570,JJFB_LIFECYCLE,"[JJFB_LIFECYCLE] op=FIRE tick=49 handler=0x30631D r0=0 r1=0 r9=0x2B1868 owner=robotol.ext evidence=CROSS_TARGET+docs/06"
1337,2572,CALLBACK_FRAME_ENTER,"[CALLBACK_FRAME_ENTER] seq=49 frame_token=210456568605 handler=0x30631D r9=0x2B1868 stop_sentinel=0x80000 run_id=p17_hit1_20260801_144222_15364 evidence=OBSERVED"
1338,2581,GUEST_INDIRECT_CALL,"[GUEST_INDIRECT_CALL] module_id=3 pc=0x30667A target=0x304569 arg0=0x1E209 arg1=0x9"
1339,2582,PLATFORM_FAMILY_EVENT,"[PLATFORM_FAMILY_EVENT] op=SUPPRESS event=0x1E209 app=0x9 note=ffp_identity evidence=OBSERVED"
1340,2583,PLATFORM_FAMILY_EVENT,"[PLATFORM_FAMILY_EVENT] op=DEFER_DRAIN_TO_MAP_REDIRECT event=0x1E209 app=0x9 note=avoid_nested_emu_inside_map_func evidence=OBSERVED"
1341,2584,JJFB_EXTCHUNK_SLOT_CALL,"[JJFB_EXTCHUNK_SLOT_CALL] off=0x28 pc=0x280058 r0=0x1E209 r1=0x9 r2=0x0 r3=0x0 r4=0x1E209 ret=0x0 evidence=TARGET_OBSERVED"
1342,2585,GUEST_INDIRECT_CALL,"[GUEST_INDIRECT_CALL] module_id=3 pc=0x306762 target=0x2F9975 arg0=0x0 arg1=0x0"
1343,2589,CALLBACK_FRAME_RESTORE_BEGIN,"[CALLBACK_FRAME_RESTORE_BEGIN] seq=49 saved_r9=0x0 frame_token=210456568605 run_id=p17_hit1_20260801_144222_15364 evidence=OBSERVED"
1344,2591,CALLBACK_FRAME_RESTORE_COMPLETE,"[CALLBACK_FRAME_RESTORE_COMPLETE] seq=49 restored_r9=0x0 ok=1 frame_token=210456568605 run_id=p17_hit1_20260801_144222_15364 evidence=OBSERVED"
1345,2595,JJFB_LIFECYCLE,"[JJFB_LIFECYCLE] op=FIRE_DONE tick=49 ok=1 end=stop_at_base pc_after=0x80000 r0_after=0x0 r9_after=0x2B1868 sp_after=0x280000 uc_err=0 detail=- evidence=OBSERVED"
1346,2596,PLATFORM_TIMER,"[PLATFORM_TIMER] op=FIRE_DONE ret=0 evidence=DOCUMENTED"
1347,2597,PLATFORM_TIMER,"[PLATFORM_TIMER] op=FIRE_DONE via=host_loop evidence=DOCUMENTED"
1348,2598,PLATFORM_TIMER,"[PLATFORM_TIMER] op=FIRE_CB interval=50 evidence=DOCUMENTED"
1349,2599,PLATFORM_TIMER,"[PLATFORM_TIMER] op=FIRE_DUE via=host_loop evidence=DOCUMENTED"
1350,2600,PLATFORM_TIMER,"[PLATFORM_TIMER] op=FIRE_ENTER evidence=DOCUMENTED"
1351,2601,PLATFORM_TIMER,"[PLATFORM_TIMER] op=FIRE_LOCKED evidence=DOCUMENTED"
1352,2603,JJFB_LIFECYCLE,"[JJFB_LIFECYCLE] op=FIRE tick=50 handler=0x30631D r0=0 r1=0 r9=0x2B1868 owner=robotol.ext evidence=CROSS_TARGET+docs/06"
1353,2605,CALLBACK_FRAME_ENTER,"[CALLBACK_FRAME_ENTER] seq=50 frame_token=214751535901 handler=0x30631D r9=0x2B1868 stop_sentinel=0x80000 run_id=p17_hit1_20260801_144222_15364 evidence=OBSERVED"
1354,2614,GUEST_INDIRECT_CALL,"[GUEST_INDIRECT_CALL] module_id=3 pc=0x30667A target=0x304569 arg0=0x1E209 arg1=0x9"
1355,2615,PLATFORM_FAMILY_EVENT,"[PLATFORM_FAMILY_EVENT] op=SUPPRESS event=0x1E209 app=0x9 note=ffp_identity evidence=OBSERVED"
1356,2616,PLATFORM_FAMILY_EVENT,"[PLATFORM_FAMILY_EVENT] op=DEFER_DRAIN_TO_MAP_REDIRECT event=0x1E209 app=0x9 note=avoid_nested_emu_inside_map_func evidence=OBSERVED"
1357,2617,JJFB_EXTCHUNK_SLOT_CALL,"[JJFB_EXTCHUNK_SLOT_CALL] off=0x28 pc=0x280058 r0=0x1E209 r1=0x9 r2=0x0 r3=0x0 r4=0x1E209 ret=0x0 evidence=TARGET_OBSERVED"
1358,2618,GUEST_INDIRECT_CALL,"[GUEST_INDIRECT_CALL] module_id=3 pc=0x306762 target=0x2F9975 arg0=0x0 arg1=0x0"
1359,2622,CALLBACK_FRAME_RESTORE_BEGIN,"[CALLBACK_FRAME_RESTORE_BEGIN] seq=50 saved_r9=0x0 frame_token=214751535901 run_id=p17_hit1_20260801_144222_15364 evidence=OBSERVED"
1360,2624,CALLBACK_FRAME_RESTORE_COMPLETE,"[CALLBACK_FRAME_RESTORE_COMPLETE] seq=50 restored_r9=0x0 ok=1 frame_token=214751535901 run_id=p17_hit1_20260801_144222_15364 evidence=OBSERVED"
1361,2626,SCHEDULER_NATURAL_CALLBACK,"[SCHEDULER_NATURAL_CALLBACK] owner_module=robotol.ext source=PLATFORM_TIMER forced=no handler=0x30631D ret=0 guest_entered=yes run_id=p17_hit1_20260801_144222_15364 evidence=OBSERVED"
1362,2627,JJFB_LIFECYCLE,"[JJFB_LIFECYCLE] op=FIRE_DONE tick=50 ok=1 end=stop_at_base pc_after=0x80000 r0_after=0x0 r9_after=0x2B1868 sp_after=0x280000 uc_err=0 detail=- evidence=OBSERVED"
1363,2628,TIMER_CADENCE_VERDICT,"[TIMER_CADENCE_VERDICT] verdict=TIMER_CADENCE_VALID deliveries=50 duplicates=0 max_outstanding=1 run_id=p17_hit1_20260801_144222_15364 evidence=OBSERVED"
1364,2629,PLATFORM_TIMER,"[PLATFORM_TIMER] op=FIRE_DONE ret=0 evidence=DOCUMENTED"
1365,2630,PLATFORM_TIMER,"[PLATFORM_TIMER] op=FIRE_DONE via=host_loop evidence=DOCUMENTED"
1366,2631,PLATFORM_TIMER,"[PLATFORM_TIMER] op=FIRE_CB interval=50 evidence=DOCUMENTED"
1367,2632,PLATFORM_TIMER,"[PLATFORM_TIMER] op=FIRE_DUE via=host_loop evidence=DOCUMENTED"
1368,2633,PLATFORM_TIMER,"[PLATFORM_TIMER] op=FIRE_ENTER evidence=DOCUMENTED"
1369,2634,PLATFORM_TIMER,"[PLATFORM_TIMER] op=FIRE_LOCKED evidence=DOCUMENTED"
1370,2636,JJFB_LIFECYCLE,"[JJFB_LIFECYCLE] op=FIRE tick=51 handler=0x30631D r0=0 r1=0 r9=0x2B1868 owner=robotol.ext evidence=CROSS_TARGET+docs/06"
1371,2638,CALLBACK_FRAME_ENTER,"[CALLBACK_FRAME_ENTER] seq=51 frame_token=219046503197 handler=0x30631D r9=0x2B1868 stop_sentinel=0x80000 run_id=p17_hit1_20260801_144222_15364 evidence=OBSERVED"
1372,2647,GUEST_INDIRECT_CALL,"[GUEST_INDIRECT_CALL] module_id=3 pc=0x30667A target=0x304569 arg0=0x1E209 arg1=0x9"
1373,2648,PLATFORM_FAMILY_EVENT,"[PLATFORM_FAMILY_EVENT] op=SUPPRESS event=0x1E209 app=0x9 note=ffp_identity evidence=OBSERVED"
1374,2649,PLATFORM_FAMILY_EVENT,"[PLATFORM_FAMILY_EVENT] op=DEFER_DRAIN_TO_MAP_REDIRECT event=0x1E209 app=0x9 note=avoid_nested_emu_inside_map_func evidence=OBSERVED"
1375,2650,JJFB_EXTCHUNK_SLOT_CALL,"[JJFB_EXTCHUNK_SLOT_CALL] off=0x28 pc=0x280058 r0=0x1E209 r1=0x9 r2=0x0 r3=0x0 r4=0x1E209 ret=0x0 evidence=TARGET_OBSERVED"
1376,2651,GUEST_INDIRECT_CALL,"[GUEST_INDIRECT_CALL] module_id=3 pc=0x306762 target=0x2F9975 arg0=0x0 arg1=0x0"
1377,2655,CALLBACK_FRAME_RESTORE_BEGIN,"[CALLBACK_FRAME_RESTORE_BEGIN] seq=51 saved_r9=0x0 frame_token=219046503197 run_id=p17_hit1_20260801_144222_15364 evidence=OBSERVED"
1378,2657,CALLBACK_FRAME_RESTORE_COMPLETE,"[CALLBACK_FRAME_RESTORE_COMPLETE] seq=51 restored_r9=0x0 ok=1 frame_token=219046503197 run_id=p17_hit1_20260801_144222_15364 evidence=OBSERVED"
1379,2659,SCHEDULER_NATURAL_CALLBACK,"[SCHEDULER_NATURAL_CALLBACK] owner_module=robotol.ext source=PLATFORM_TIMER forced=no handler=0x30631D ret=0 guest_entered=yes run_id=p17_hit1_20260801_144222_15364 evidence=OBSERVED"
1380,2660,JJFB_LIFECYCLE,"[JJFB_LIFECYCLE] op=FIRE_DONE tick=51 ok=1 end=stop_at_base pc_after=0x80000 r0_after=0x0 r9_after=0x2B1868 sp_after=0x280000 uc_err=0 detail=- evidence=OBSERVED"
1381,2661,PLATFORM_TIMER,"[PLATFORM_TIMER] op=FIRE_DONE ret=0 evidence=DOCUMENTED"
1382,2662,PLATFORM_TIMER,"[PLATFORM_TIMER] op=FIRE_DONE via=host_loop evidence=DOCUMENTED"
1383,2663,PLATFORM_TIMER,"[PLATFORM_TIMER] op=FIRE_CB interval=50 evidence=DOCUMENTED"
1384,2664,PLATFORM_TIMER,"[PLATFORM_TIMER] op=FIRE_DUE via=host_loop evidence=DOCUMENTED"
1385,2665,PLATFORM_TIMER,"[PLATFORM_TIMER] op=FIRE_ENTER evidence=DOCUMENTED"
1386,2666,PLATFORM_TIMER,"[PLATFORM_TIMER] op=FIRE_LOCKED evidence=DOCUMENTED"
1387,2668,JJFB_LIFECYCLE,"[JJFB_LIFECYCLE] op=FIRE tick=52 handler=0x30631D r0=0 r1=0 r9=0x2B1868 owner=robotol.ext evidence=CROSS_TARGET+docs/06"
1388,2670,CALLBACK_FRAME_ENTER,"[CALLBACK_FRAME_ENTER] seq=52 frame_token=223341470493 handler=0x30631D r9=0x2B1868 stop_sentinel=0x80000 run_id=p17_hit1_20260801_144222_15364 evidence=OBSERVED"
1389,2679,GUEST_INDIRECT_CALL,"[GUEST_INDIRECT_CALL] module_id=3 pc=0x30667A target=0x304569 arg0=0x1E209 arg1=0x9"
1390,2680,PLATFORM_FAMILY_EVENT,"[PLATFORM_FAMILY_EVENT] op=SUPPRESS event=0x1E209 app=0x9 note=ffp_identity evidence=OBSERVED"
1391,2681,PLATFORM_FAMILY_EVENT,"[PLATFORM_FAMILY_EVENT] op=DEFER_DRAIN_TO_MAP_REDIRECT event=0x1E209 app=0x9 note=avoid_nested_emu_inside_map_func evidence=OBSERVED"
1392,2682,JJFB_EXTCHUNK_SLOT_CALL,"[JJFB_EXTCHUNK_SLOT_CALL] off=0x28 pc=0x280058 r0=0x1E209 r1=0x9 r2=0x0 r3=0x0 r4=0x1E209 ret=0x0 evidence=TARGET_OBSERVED"
1393,2683,GUEST_INDIRECT_CALL,"[GUEST_INDIRECT_CALL] module_id=3 pc=0x306762 target=0x2F9975 arg0=0x0 arg1=0x0"
1394,2687,CALLBACK_FRAME_RESTORE_BEGIN,"[CALLBACK_FRAME_RESTORE_BEGIN] seq=52 saved_r9=0x0 frame_token=223341470493 run_id=p17_hit1_20260801_144222_15364 evidence=OBSERVED"
1395,2689,CALLBACK_FRAME_RESTORE_COMPLETE,"[CALLBACK_FRAME_RESTORE_COMPLETE] seq=52 restored_r9=0x0 ok=1 frame_token=223341470493 run_id=p17_hit1_20260801_144222_15364 evidence=OBSERVED"
1396,2691,SCHEDULER_NATURAL_CALLBACK,"[SCHEDULER_NATURAL_CALLBACK] owner_module=robotol.ext source=PLATFORM_TIMER forced=no handler=0x30631D ret=0 guest_entered=yes run_id=p17_hit1_20260801_144222_15364 evidence=OBSERVED"
1397,2692,JJFB_LIFECYCLE,"[JJFB_LIFECYCLE] op=FIRE_DONE tick=52 ok=1 end=stop_at_base pc_after=0x80000 r0_after=0x0 r9_after=0x2B1868 sp_after=0x280000 uc_err=0 detail=- evidence=OBSERVED"
1398,2693,PLATFORM_TIMER,"[PLATFORM_TIMER] op=FIRE_DONE ret=0 evidence=DOCUMENTED"
1399,2694,PLATFORM_TIMER,"[PLATFORM_TIMER] op=FIRE_DONE via=host_loop evidence=DOCUMENTED"
1400,2695,PLATFORM_TIMER,"[PLATFORM_TIMER] op=FIRE_CB interval=50 evidence=DOCUMENTED"
1401,2696,PLATFORM_TIMER,"[PLATFORM_TIMER] op=FIRE_DUE via=host_loop evidence=DOCUMENTED"
1402,2697,PLATFORM_TIMER,"[PLATFORM_TIMER] op=FIRE_ENTER evidence=DOCUMENTED"
1403,2698,PLATFORM_TIMER,"[PLATFORM_TIMER] op=FIRE_LOCKED evidence=DOCUMENTED"
1404,2700,JJFB_LIFECYCLE,"[JJFB_LIFECYCLE] op=FIRE tick=53 handler=0x30631D r0=0 r1=0 r9=0x2B1868 owner=robotol.ext evidence=CROSS_TARGET+docs/06"
1405,2702,CALLBACK_FRAME_ENTER,"[CALLBACK_FRAME_ENTER] seq=53 frame_token=227636437789 handler=0x30631D r9=0x2B1868 stop_sentinel=0x80000 run_id=p17_hit1_20260801_144222_15364 evidence=OBSERVED"
1406,2711,GUEST_INDIRECT_CALL,"[GUEST_INDIRECT_CALL] module_id=3 pc=0x30667A target=0x304569 arg0=0x1E209 arg1=0x9"
1407,2712,PLATFORM_FAMILY_EVENT,"[PLATFORM_FAMILY_EVENT] op=SUPPRESS event=0x1E209 app=0x9 note=ffp_identity evidence=OBSERVED"
1408,2713,PLATFORM_FAMILY_EVENT,"[PLATFORM_FAMILY_EVENT] op=DEFER_DRAIN_TO_MAP_REDIRECT event=0x1E209 app=0x9 note=avoid_nested_emu_inside_map_func evidence=OBSERVED"
1409,2714,JJFB_EXTCHUNK_SLOT_CALL,"[JJFB_EXTCHUNK_SLOT_CALL] off=0x28 pc=0x280058 r0=0x1E209 r1=0x9 r2=0x0 r3=0x0 r4=0x1E209 ret=0x0 evidence=TARGET_OBSERVED"
1410,2715,GUEST_INDIRECT_CALL,"[GUEST_INDIRECT_CALL] module_id=3 pc=0x306762 target=0x2F9975 arg0=0x0 arg1=0x0"
1411,2719,CALLBACK_FRAME_RESTORE_BEGIN,"[CALLBACK_FRAME_RESTORE_BEGIN] seq=53 saved_r9=0x0 frame_token=227636437789 run_id=p17_hit1_20260801_144222_15364 evidence=OBSERVED"
1412,2721,CALLBACK_FRAME_RESTORE_COMPLETE,"[CALLBACK_FRAME_RESTORE_COMPLETE] seq=53 restored_r9=0x0 ok=1 frame_token=227636437789 run_id=p17_hit1_20260801_144222_15364 evidence=OBSERVED"
1413,2723,SCHEDULER_NATURAL_CALLBACK,"[SCHEDULER_NATURAL_CALLBACK] owner_module=robotol.ext source=PLATFORM_TIMER forced=no handler=0x30631D ret=0 guest_entered=yes run_id=p17_hit1_20260801_144222_15364 evidence=OBSERVED"
1414,2724,JJFB_LIFECYCLE,"[JJFB_LIFECYCLE] op=FIRE_DONE tick=53 ok=1 end=stop_at_base pc_after=0x80000 r0_after=0x0 r9_after=0x2B1868 sp_after=0x280000 uc_err=0 detail=- evidence=OBSERVED"
1415,2725,PLATFORM_TIMER,"[PLATFORM_TIMER] op=FIRE_DONE ret=0 evidence=DOCUMENTED"
1416,2726,PLATFORM_TIMER,"[PLATFORM_TIMER] op=FIRE_DONE via=host_loop evidence=DOCUMENTED"
1417,2727,PLATFORM_TIMER,"[PLATFORM_TIMER] op=FIRE_CB interval=50 evidence=DOCUMENTED"
1418,2728,PLATFORM_TIMER,"[PLATFORM_TIMER] op=FIRE_DUE via=host_loop evidence=DOCUMENTED"
1419,2729,PLATFORM_TIMER,"[PLATFORM_TIMER] op=FIRE_ENTER evidence=DOCUMENTED"
1420,2730,PLATFORM_TIMER,"[PLATFORM_TIMER] op=FIRE_LOCKED evidence=DOCUMENTED"
1421,2732,JJFB_LIFECYCLE,"[JJFB_LIFECYCLE] op=FIRE tick=54 handler=0x30631D r0=0 r1=0 r9=0x2B1868 owner=robotol.ext evidence=CROSS_TARGET+docs/06"
1422,2734,CALLBACK_FRAME_ENTER,"[CALLBACK_FRAME_ENTER] seq=54 frame_token=231931405085 handler=0x30631D r9=0x2B1868 stop_sentinel=0x80000 run_id=p17_hit1_20260801_144222_15364 evidence=OBSERVED"
1423,2743,GUEST_INDIRECT_CALL,"[GUEST_INDIRECT_CALL] module_id=3 pc=0x30667A target=0x304569 arg0=0x1E209 arg1=0x9"
1424,2744,PLATFORM_FAMILY_EVENT,"[PLATFORM_FAMILY_EVENT] op=SUPPRESS event=0x1E209 app=0x9 note=ffp_identity evidence=OBSERVED"
1425,2745,PLATFORM_FAMILY_EVENT,"[PLATFORM_FAMILY_EVENT] op=DEFER_DRAIN_TO_MAP_REDIRECT event=0x1E209 app=0x9 note=avoid_nested_emu_inside_map_func evidence=OBSERVED"
1426,2746,JJFB_EXTCHUNK_SLOT_CALL,"[JJFB_EXTCHUNK_SLOT_CALL] off=0x28 pc=0x280058 r0=0x1E209 r1=0x9 r2=0x0 r3=0x0 r4=0x1E209 ret=0x0 evidence=TARGET_OBSERVED"
1427,2747,GUEST_INDIRECT_CALL,"[GUEST_INDIRECT_CALL] module_id=3 pc=0x306762 target=0x2F9975 arg0=0x0 arg1=0x0"
1428,2751,CALLBACK_FRAME_RESTORE_BEGIN,"[CALLBACK_FRAME_RESTORE_BEGIN] seq=54 saved_r9=0x0 frame_token=231931405085 run_id=p17_hit1_20260801_144222_15364 evidence=OBSERVED"
1429,2753,CALLBACK_FRAME_RESTORE_COMPLETE,"[CALLBACK_FRAME_RESTORE_COMPLETE] seq=54 restored_r9=0x0 ok=1 frame_token=231931405085 run_id=p17_hit1_20260801_144222_15364 evidence=OBSERVED"
1430,2755,SCHEDULER_NATURAL_CALLBACK,"[SCHEDULER_NATURAL_CALLBACK] owner_module=robotol.ext source=PLATFORM_TIMER forced=no handler=0x30631D ret=0 guest_entered=yes run_id=p17_hit1_20260801_144222_15364 evidence=OBSERVED"
1431,2756,JJFB_LIFECYCLE,"[JJFB_LIFECYCLE] op=FIRE_DONE tick=54 ok=1 end=stop_at_base pc_after=0x80000 r0_after=0x0 r9_after=0x2B1868 sp_after=0x280000 uc_err=0 detail=- evidence=OBSERVED"
1432,2757,PLATFORM_TIMER,"[PLATFORM_TIMER] op=FIRE_DONE ret=0 evidence=DOCUMENTED"
1433,2758,PLATFORM_TIMER,"[PLATFORM_TIMER] op=FIRE_DONE via=host_loop evidence=DOCUMENTED"
1434,2759,PLATFORM_TIMER,"[PLATFORM_TIMER] op=FIRE_CB interval=50 evidence=DOCUMENTED"
1435,2760,PLATFORM_TIMER,"[PLATFORM_TIMER] op=FIRE_DUE via=host_loop evidence=DOCUMENTED"
1436,2761,PLATFORM_TIMER,"[PLATFORM_TIMER] op=FIRE_ENTER evidence=DOCUMENTED"
1437,2762,PLATFORM_TIMER,"[PLATFORM_TIMER] op=FIRE_LOCKED evidence=DOCUMENTED"
1438,2764,JJFB_LIFECYCLE,"[JJFB_LIFECYCLE] op=FIRE tick=55 handler=0x30631D r0=0 r1=0 r9=0x2B1868 owner=robotol.ext evidence=CROSS_TARGET+docs/06"
1439,2766,CALLBACK_FRAME_ENTER,"[CALLBACK_FRAME_ENTER] seq=55 frame_token=236226372381 handler=0x30631D r9=0x2B1868 stop_sentinel=0x80000 run_id=p17_hit1_20260801_144222_15364 evidence=OBSERVED"
1440,2775,GUEST_INDIRECT_CALL,"[GUEST_INDIRECT_CALL] module_id=3 pc=0x30667A target=0x304569 arg0=0x1E209 arg1=0x9"
1441,2776,PLATFORM_FAMILY_EVENT,"[PLATFORM_FAMILY_EVENT] op=SUPPRESS event=0x1E209 app=0x9 note=ffp_identity evidence=OBSERVED"
1442,2777,PLATFORM_FAMILY_EVENT,"[PLATFORM_FAMILY_EVENT] op=DEFER_DRAIN_TO_MAP_REDIRECT event=0x1E209 app=0x9 note=avoid_nested_emu_inside_map_func evidence=OBSERVED"
1443,2778,JJFB_EXTCHUNK_SLOT_CALL,"[JJFB_EXTCHUNK_SLOT_CALL] off=0x28 pc=0x280058 r0=0x1E209 r1=0x9 r2=0x0 r3=0x0 r4=0x1E209 ret=0x0 evidence=TARGET_OBSERVED"
1444,2779,GUEST_INDIRECT_CALL,"[GUEST_INDIRECT_CALL] module_id=3 pc=0x306762 target=0x2F9975 arg0=0x0 arg1=0x0"
1445,2783,CALLBACK_FRAME_RESTORE_BEGIN,"[CALLBACK_FRAME_RESTORE_BEGIN] seq=55 saved_r9=0x0 frame_token=236226372381 run_id=p17_hit1_20260801_144222_15364 evidence=OBSERVED"
1446,2785,CALLBACK_FRAME_RESTORE_COMPLETE,"[CALLBACK_FRAME_RESTORE_COMPLETE] seq=55 restored_r9=0x0 ok=1 frame_token=236226372381 run_id=p17_hit1_20260801_144222_15364 evidence=OBSERVED"
1447,2787,SCHEDULER_NATURAL_CALLBACK,"[SCHEDULER_NATURAL_CALLBACK] owner_module=robotol.ext source=PLATFORM_TIMER forced=no handler=0x30631D ret=0 guest_entered=yes run_id=p17_hit1_20260801_144222_15364 evidence=OBSERVED"
1448,2788,JJFB_LIFECYCLE,"[JJFB_LIFECYCLE] op=FIRE_DONE tick=55 ok=1 end=stop_at_base pc_after=0x80000 r0_after=0x0 r9_after=0x2B1868 sp_after=0x280000 uc_err=0 detail=- evidence=OBSERVED"
1449,2789,PLATFORM_TIMER,"[PLATFORM_TIMER] op=FIRE_DONE ret=0 evidence=DOCUMENTED"
1450,2790,PLATFORM_TIMER,"[PLATFORM_TIMER] op=FIRE_DONE via=host_loop evidence=DOCUMENTED"
1451,2791,PLATFORM_TIMER,"[PLATFORM_TIMER] op=FIRE_CB interval=50 evidence=DOCUMENTED"
1452,2792,PLATFORM_TIMER,"[PLATFORM_TIMER] op=FIRE_DUE via=host_loop evidence=DOCUMENTED"
1453,2793,PLATFORM_TIMER,"[PLATFORM_TIMER] op=FIRE_ENTER evidence=DOCUMENTED"
1454,2794,PLATFORM_TIMER,"[PLATFORM_TIMER] op=FIRE_LOCKED evidence=DOCUMENTED"
1455,2796,JJFB_LIFECYCLE,"[JJFB_LIFECYCLE] op=FIRE tick=56 handler=0x30631D r0=0 r1=0 r9=0x2B1868 owner=robotol.ext evidence=CROSS_TARGET+docs/06"
1456,2798,CALLBACK_FRAME_ENTER,"[CALLBACK_FRAME_ENTER] seq=56 frame_token=240521339677 handler=0x30631D r9=0x2B1868 stop_sentinel=0x80000 run_id=p17_hit1_20260801_144222_15364 evidence=OBSERVED"
1457,2807,GUEST_INDIRECT_CALL,"[GUEST_INDIRECT_CALL] module_id=3 pc=0x30667A target=0x304569 arg0=0x1E209 arg1=0x9"
1458,2808,PLATFORM_FAMILY_EVENT,"[PLATFORM_FAMILY_EVENT] op=SUPPRESS event=0x1E209 app=0x9 note=ffp_identity evidence=OBSERVED"
1459,2809,PLATFORM_FAMILY_EVENT,"[PLATFORM_FAMILY_EVENT] op=DEFER_DRAIN_TO_MAP_REDIRECT event=0x1E209 app=0x9 note=avoid_nested_emu_inside_map_func evidence=OBSERVED"
1460,2810,JJFB_EXTCHUNK_SLOT_CALL,"[JJFB_EXTCHUNK_SLOT_CALL] off=0x28 pc=0x280058 r0=0x1E209 r1=0x9 r2=0x0 r3=0x0 r4=0x1E209 ret=0x0 evidence=TARGET_OBSERVED"
1461,2811,GUEST_INDIRECT_CALL,"[GUEST_INDIRECT_CALL] module_id=3 pc=0x306762 target=0x2F9975 arg0=0x0 arg1=0x0"
1462,2815,CALLBACK_FRAME_RESTORE_BEGIN,"[CALLBACK_FRAME_RESTORE_BEGIN] seq=56 saved_r9=0x0 frame_token=240521339677 run_id=p17_hit1_20260801_144222_15364 evidence=OBSERVED"
1463,2817,CALLBACK_FRAME_RESTORE_COMPLETE,"[CALLBACK_FRAME_RESTORE_COMPLETE] seq=56 restored_r9=0x0 ok=1 frame_token=240521339677 run_id=p17_hit1_20260801_144222_15364 evidence=OBSERVED"
1464,2819,SCHEDULER_NATURAL_CALLBACK,"[SCHEDULER_NATURAL_CALLBACK] owner_module=robotol.ext source=PLATFORM_TIMER forced=no handler=0x30631D ret=0 guest_entered=yes run_id=p17_hit1_20260801_144222_15364 evidence=OBSERVED"
1465,2820,JJFB_LIFECYCLE,"[JJFB_LIFECYCLE] op=FIRE_DONE tick=56 ok=1 end=stop_at_base pc_after=0x80000 r0_after=0x0 r9_after=0x2B1868 sp_after=0x280000 uc_err=0 detail=- evidence=OBSERVED"
1466,2821,PLATFORM_TIMER,"[PLATFORM_TIMER] op=FIRE_DONE ret=0 evidence=DOCUMENTED"
1467,2822,PLATFORM_TIMER,"[PLATFORM_TIMER] op=FIRE_DONE via=host_loop evidence=DOCUMENTED"
1468,2823,PLATFORM_TIMER,"[PLATFORM_TIMER] op=FIRE_CB interval=50 evidence=DOCUMENTED"
1469,2824,PLATFORM_TIMER,"[PLATFORM_TIMER] op=FIRE_DUE via=host_loop evidence=DOCUMENTED"
1470,2825,PLATFORM_TIMER,"[PLATFORM_TIMER] op=FIRE_ENTER evidence=DOCUMENTED"
1471,2826,PLATFORM_TIMER,"[PLATFORM_TIMER] op=FIRE_LOCKED evidence=DOCUMENTED"
1472,2828,JJFB_LIFECYCLE,"[JJFB_LIFECYCLE] op=FIRE tick=57 handler=0x30631D r0=0 r1=0 r9=0x2B1868 owner=robotol.ext evidence=CROSS_TARGET+docs/06"
1473,2830,CALLBACK_FRAME_ENTER,"[CALLBACK_FRAME_ENTER] seq=57 frame_token=244816306973 handler=0x30631D r9=0x2B1868 stop_sentinel=0x80000 run_id=p17_hit1_20260801_144222_15364 evidence=OBSERVED"
1474,2839,GUEST_INDIRECT_CALL,"[GUEST_INDIRECT_CALL] module_id=3 pc=0x30667A target=0x304569 arg0=0x1E209 arg1=0x9"
1475,2840,PLATFORM_FAMILY_EVENT,"[PLATFORM_FAMILY_EVENT] op=SUPPRESS event=0x1E209 app=0x9 note=ffp_identity evidence=OBSERVED"
1476,2841,PLATFORM_FAMILY_EVENT,"[PLATFORM_FAMILY_EVENT] op=DEFER_DRAIN_TO_MAP_REDIRECT event=0x1E209 app=0x9 note=avoid_nested_emu_inside_map_func evidence=OBSERVED"
1477,2842,JJFB_EXTCHUNK_SLOT_CALL,"[JJFB_EXTCHUNK_SLOT_CALL] off=0x28 pc=0x280058 r0=0x1E209 r1=0x9 r2=0x0 r3=0x0 r4=0x1E209 ret=0x0 evidence=TARGET_OBSERVED"
1478,2843,GUEST_INDIRECT_CALL,"[GUEST_INDIRECT_CALL] module_id=3 pc=0x306762 target=0x2F9975 arg0=0x0 arg1=0x0"
1479,2847,CALLBACK_FRAME_RESTORE_BEGIN,"[CALLBACK_FRAME_RESTORE_BEGIN] seq=57 saved_r9=0x0 frame_token=244816306973 run_id=p17_hit1_20260801_144222_15364 evidence=OBSERVED"
1480,2849,CALLBACK_FRAME_RESTORE_COMPLETE,"[CALLBACK_FRAME_RESTORE_COMPLETE] seq=57 restored_r9=0x0 ok=1 frame_token=244816306973 run_id=p17_hit1_20260801_144222_15364 evidence=OBSERVED"
1481,2851,SCHEDULER_NATURAL_CALLBACK,"[SCHEDULER_NATURAL_CALLBACK] owner_module=robotol.ext source=PLATFORM_TIMER forced=no handler=0x30631D ret=0 guest_entered=yes run_id=p17_hit1_20260801_144222_15364 evidence=OBSERVED"
1482,2852,JJFB_LIFECYCLE,"[JJFB_LIFECYCLE] op=FIRE_DONE tick=57 ok=1 end=stop_at_base pc_after=0x80000 r0_after=0x0 r9_after=0x2B1868 sp_after=0x280000 uc_err=0 detail=- evidence=OBSERVED"
1483,2853,PLATFORM_TIMER,"[PLATFORM_TIMER] op=FIRE_DONE ret=0 evidence=DOCUMENTED"
1484,2854,PLATFORM_TIMER,"[PLATFORM_TIMER] op=FIRE_DONE via=host_loop evidence=DOCUMENTED"
1485,2855,PLATFORM_TIMER,"[PLATFORM_TIMER] op=FIRE_CB interval=50 evidence=DOCUMENTED"
1486,2856,PLATFORM_TIMER,"[PLATFORM_TIMER] op=FIRE_DUE via=host_loop evidence=DOCUMENTED"
1487,2857,PLATFORM_TIMER,"[PLATFORM_TIMER] op=FIRE_ENTER evidence=DOCUMENTED"
1488,2858,PLATFORM_TIMER,"[PLATFORM_TIMER] op=FIRE_LOCKED evidence=DOCUMENTED"
1489,2860,JJFB_LIFECYCLE,"[JJFB_LIFECYCLE] op=FIRE tick=58 handler=0x30631D r0=0 r1=0 r9=0x2B1868 owner=robotol.ext evidence=CROSS_TARGET+docs/06"
1490,2862,CALLBACK_FRAME_ENTER,"[CALLBACK_FRAME_ENTER] seq=58 frame_token=249111274269 handler=0x30631D r9=0x2B1868 stop_sentinel=0x80000 run_id=p17_hit1_20260801_144222_15364 evidence=OBSERVED"
1491,2871,GUEST_INDIRECT_CALL,"[GUEST_INDIRECT_CALL] module_id=3 pc=0x30667A target=0x304569 arg0=0x1E209 arg1=0x9"
1492,2872,PLATFORM_FAMILY_EVENT,"[PLATFORM_FAMILY_EVENT] op=SUPPRESS event=0x1E209 app=0x9 note=ffp_identity evidence=OBSERVED"
1493,2873,PLATFORM_FAMILY_EVENT,"[PLATFORM_FAMILY_EVENT] op=DEFER_DRAIN_TO_MAP_REDIRECT event=0x1E209 app=0x9 note=avoid_nested_emu_inside_map_func evidence=OBSERVED"
1494,2874,JJFB_EXTCHUNK_SLOT_CALL,"[JJFB_EXTCHUNK_SLOT_CALL] off=0x28 pc=0x280058 r0=0x1E209 r1=0x9 r2=0x0 r3=0x0 r4=0x1E209 ret=0x0 evidence=TARGET_OBSERVED"
1495,2875,GUEST_INDIRECT_CALL,"[GUEST_INDIRECT_CALL] module_id=3 pc=0x306762 target=0x2F9975 arg0=0x0 arg1=0x0"
1496,2879,CALLBACK_FRAME_RESTORE_BEGIN,"[CALLBACK_FRAME_RESTORE_BEGIN] seq=58 saved_r9=0x0 frame_token=249111274269 run_id=p17_hit1_20260801_144222_15364 evidence=OBSERVED"
1497,2881,CALLBACK_FRAME_RESTORE_COMPLETE,"[CALLBACK_FRAME_RESTORE_COMPLETE] seq=58 restored_r9=0x0 ok=1 frame_token=249111274269 run_id=p17_hit1_20260801_144222_15364 evidence=OBSERVED"
1498,2883,SCHEDULER_NATURAL_CALLBACK,"[SCHEDULER_NATURAL_CALLBACK] owner_module=robotol.ext source=PLATFORM_TIMER forced=no handler=0x30631D ret=0 guest_entered=yes run_id=p17_hit1_20260801_144222_15364 evidence=OBSERVED"
1499,2884,JJFB_LIFECYCLE,"[JJFB_LIFECYCLE] op=FIRE_DONE tick=58 ok=1 end=stop_at_base pc_after=0x80000 r0_after=0x0 r9_after=0x2B1868 sp_after=0x280000 uc_err=0 detail=- evidence=OBSERVED"
1500,2885,PLATFORM_TIMER,"[PLATFORM_TIMER] op=FIRE_DONE ret=0 evidence=DOCUMENTED"
1501,2886,PLATFORM_TIMER,"[PLATFORM_TIMER] op=FIRE_DONE via=host_loop evidence=DOCUMENTED"
1502,2887,PLATFORM_TIMER,"[PLATFORM_TIMER] op=FIRE_CB interval=50 evidence=DOCUMENTED"
1503,2888,PLATFORM_TIMER,"[PLATFORM_TIMER] op=FIRE_DUE via=host_loop evidence=DOCUMENTED"
1504,2889,PLATFORM_TIMER,"[PLATFORM_TIMER] op=FIRE_ENTER evidence=DOCUMENTED"
1505,2890,PLATFORM_TIMER,"[PLATFORM_TIMER] op=FIRE_LOCKED evidence=DOCUMENTED"
1506,2892,JJFB_LIFECYCLE,"[JJFB_LIFECYCLE] op=FIRE tick=59 handler=0x30631D r0=0 r1=0 r9=0x2B1868 owner=robotol.ext evidence=CROSS_TARGET+docs/06"
1507,2894,CALLBACK_FRAME_ENTER,"[CALLBACK_FRAME_ENTER] seq=59 frame_token=253406241565 handler=0x30631D r9=0x2B1868 stop_sentinel=0x80000 run_id=p17_hit1_20260801_144222_15364 evidence=OBSERVED"
1508,2903,GUEST_INDIRECT_CALL,"[GUEST_INDIRECT_CALL] module_id=3 pc=0x30667A target=0x304569 arg0=0x1E209 arg1=0x9"
1509,2904,PLATFORM_FAMILY_EVENT,"[PLATFORM_FAMILY_EVENT] op=SUPPRESS event=0x1E209 app=0x9 note=ffp_identity evidence=OBSERVED"
1510,2905,PLATFORM_FAMILY_EVENT,"[PLATFORM_FAMILY_EVENT] op=DEFER_DRAIN_TO_MAP_REDIRECT event=0x1E209 app=0x9 note=avoid_nested_emu_inside_map_func evidence=OBSERVED"
1511,2906,JJFB_EXTCHUNK_SLOT_CALL,"[JJFB_EXTCHUNK_SLOT_CALL] off=0x28 pc=0x280058 r0=0x1E209 r1=0x9 r2=0x0 r3=0x0 r4=0x1E209 ret=0x0 evidence=TARGET_OBSERVED"
1512,2907,GUEST_INDIRECT_CALL,"[GUEST_INDIRECT_CALL] module_id=3 pc=0x306762 target=0x2F9975 arg0=0x0 arg1=0x0"
1513,2911,CALLBACK_FRAME_RESTORE_BEGIN,"[CALLBACK_FRAME_RESTORE_BEGIN] seq=59 saved_r9=0x0 frame_token=253406241565 run_id=p17_hit1_20260801_144222_15364 evidence=OBSERVED"
1514,2913,CALLBACK_FRAME_RESTORE_COMPLETE,"[CALLBACK_FRAME_RESTORE_COMPLETE] seq=59 restored_r9=0x0 ok=1 frame_token=253406241565 run_id=p17_hit1_20260801_144222_15364 evidence=OBSERVED"
1515,2915,SCHEDULER_NATURAL_CALLBACK,"[SCHEDULER_NATURAL_CALLBACK] owner_module=robotol.ext source=PLATFORM_TIMER forced=no handler=0x30631D ret=0 guest_entered=yes run_id=p17_hit1_20260801_144222_15364 evidence=OBSERVED"
1516,2916,JJFB_LIFECYCLE,"[JJFB_LIFECYCLE] op=FIRE_DONE tick=59 ok=1 end=stop_at_base pc_after=0x80000 r0_after=0x0 r9_after=0x2B1868 sp_after=0x280000 uc_err=0 detail=- evidence=OBSERVED"
1517,2917,PLATFORM_TIMER,"[PLATFORM_TIMER] op=FIRE_DONE ret=0 evidence=DOCUMENTED"
1518,2918,PLATFORM_TIMER,"[PLATFORM_TIMER] op=FIRE_DONE via=host_loop evidence=DOCUMENTED"
1519,2919,PLATFORM_TIMER,"[PLATFORM_TIMER] op=FIRE_CB interval=50 evidence=DOCUMENTED"
1520,2920,PLATFORM_TIMER,"[PLATFORM_TIMER] op=FIRE_DUE via=host_loop evidence=DOCUMENTED"
1521,2921,PLATFORM_TIMER,"[PLATFORM_TIMER] op=FIRE_ENTER evidence=DOCUMENTED"
1522,2922,PLATFORM_TIMER,"[PLATFORM_TIMER] op=FIRE_LOCKED evidence=DOCUMENTED"
1523,2924,JJFB_LIFECYCLE,"[JJFB_LIFECYCLE] op=FIRE tick=60 handler=0x30631D r0=0 r1=0 r9=0x2B1868 owner=robotol.ext evidence=CROSS_TARGET+docs/06"
1524,2926,CALLBACK_FRAME_ENTER,"[CALLBACK_FRAME_ENTER] seq=60 frame_token=257701208861 handler=0x30631D r9=0x2B1868 stop_sentinel=0x80000 run_id=p17_hit1_20260801_144222_15364 evidence=OBSERVED"
1525,2935,GUEST_INDIRECT_CALL,"[GUEST_INDIRECT_CALL] module_id=3 pc=0x30667A target=0x304569 arg0=0x1E209 arg1=0x9"
1526,2936,PLATFORM_FAMILY_EVENT,"[PLATFORM_FAMILY_EVENT] op=SUPPRESS event=0x1E209 app=0x9 note=ffp_identity evidence=OBSERVED"
1527,2937,PLATFORM_FAMILY_EVENT,"[PLATFORM_FAMILY_EVENT] op=DEFER_DRAIN_TO_MAP_REDIRECT event=0x1E209 app=0x9 note=avoid_nested_emu_inside_map_func evidence=OBSERVED"
1528,2938,JJFB_EXTCHUNK_SLOT_CALL,"[JJFB_EXTCHUNK_SLOT_CALL] off=0x28 pc=0x280058 r0=0x1E209 r1=0x9 r2=0x0 r3=0x0 r4=0x1E209 ret=0x0 evidence=TARGET_OBSERVED"
1529,2939,GUEST_INDIRECT_CALL,"[GUEST_INDIRECT_CALL] module_id=3 pc=0x306762 target=0x2F9975 arg0=0x0 arg1=0x0"
1530,2943,CALLBACK_FRAME_RESTORE_BEGIN,"[CALLBACK_FRAME_RESTORE_BEGIN] seq=60 saved_r9=0x0 frame_token=257701208861 run_id=p17_hit1_20260801_144222_15364 evidence=OBSERVED"
1531,2945,CALLBACK_FRAME_RESTORE_COMPLETE,"[CALLBACK_FRAME_RESTORE_COMPLETE] seq=60 restored_r9=0x0 ok=1 frame_token=257701208861 run_id=p17_hit1_20260801_144222_15364 evidence=OBSERVED"
1532,2947,SCHEDULER_NATURAL_CALLBACK,"[SCHEDULER_NATURAL_CALLBACK] owner_module=robotol.ext source=PLATFORM_TIMER forced=no handler=0x30631D ret=0 guest_entered=yes run_id=p17_hit1_20260801_144222_15364 evidence=OBSERVED"
1533,2948,JJFB_LIFECYCLE,"[JJFB_LIFECYCLE] op=FIRE_DONE tick=60 ok=1 end=stop_at_base pc_after=0x80000 r0_after=0x0 r9_after=0x2B1868 sp_after=0x280000 uc_err=0 detail=- evidence=OBSERVED"
1534,2949,TIMER_CADENCE_VERDICT,"[TIMER_CADENCE_VERDICT] verdict=TIMER_CADENCE_VALID deliveries=60 duplicates=0 max_outstanding=1 run_id=p17_hit1_20260801_144222_15364 evidence=OBSERVED"
1535,2950,PLATFORM_TIMER,"[PLATFORM_TIMER] op=FIRE_DONE ret=0 evidence=DOCUMENTED"
1536,2951,PLATFORM_TIMER,"[PLATFORM_TIMER] op=FIRE_DONE via=host_loop evidence=DOCUMENTED"
1537,2952,PLATFORM_TIMER,"[PLATFORM_TIMER] op=FIRE_CB interval=50 evidence=DOCUMENTED"
1538,2953,PLATFORM_TIMER,"[PLATFORM_TIMER] op=FIRE_DUE via=host_loop evidence=DOCUMENTED"
1539,2954,PLATFORM_TIMER,"[PLATFORM_TIMER] op=FIRE_ENTER evidence=DOCUMENTED"
1540,2955,PLATFORM_TIMER,"[PLATFORM_TIMER] op=FIRE_LOCKED evidence=DOCUMENTED"
1541,2957,JJFB_LIFECYCLE,"[JJFB_LIFECYCLE] op=FIRE tick=61 handler=0x30631D r0=0 r1=0 r9=0x2B1868 owner=robotol.ext evidence=CROSS_TARGET+docs/06"
1542,2959,CALLBACK_FRAME_ENTER,"[CALLBACK_FRAME_ENTER] seq=61 frame_token=261996176157 handler=0x30631D r9=0x2B1868 stop_sentinel=0x80000 run_id=p17_hit1_20260801_144222_15364 evidence=OBSERVED"
1543,2968,GUEST_INDIRECT_CALL,"[GUEST_INDIRECT_CALL] module_id=3 pc=0x30667A target=0x304569 arg0=0x1E209 arg1=0x9"
1544,2969,PLATFORM_FAMILY_EVENT,"[PLATFORM_FAMILY_EVENT] op=SUPPRESS event=0x1E209 app=0x9 note=ffp_identity evidence=OBSERVED"
1545,2970,PLATFORM_FAMILY_EVENT,"[PLATFORM_FAMILY_EVENT] op=DEFER_DRAIN_TO_MAP_REDIRECT event=0x1E209 app=0x9 note=avoid_nested_emu_inside_map_func evidence=OBSERVED"
1546,2971,JJFB_EXTCHUNK_SLOT_CALL,"[JJFB_EXTCHUNK_SLOT_CALL] off=0x28 pc=0x280058 r0=0x1E209 r1=0x9 r2=0x0 r3=0x0 r4=0x1E209 ret=0x0 evidence=TARGET_OBSERVED"
1547,2972,GUEST_INDIRECT_CALL,"[GUEST_INDIRECT_CALL] module_id=3 pc=0x306762 target=0x2F9975 arg0=0x0 arg1=0x0"
1548,2976,CALLBACK_FRAME_RESTORE_BEGIN,"[CALLBACK_FRAME_RESTORE_BEGIN] seq=61 saved_r9=0x0 frame_token=261996176157 run_id=p17_hit1_20260801_144222_15364 evidence=OBSERVED"
1549,2978,CALLBACK_FRAME_RESTORE_COMPLETE,"[CALLBACK_FRAME_RESTORE_COMPLETE] seq=61 restored_r9=0x0 ok=1 frame_token=261996176157 run_id=p17_hit1_20260801_144222_15364 evidence=OBSERVED"
1550,2980,SCHEDULER_NATURAL_CALLBACK,"[SCHEDULER_NATURAL_CALLBACK] owner_module=robotol.ext source=PLATFORM_TIMER forced=no handler=0x30631D ret=0 guest_entered=yes run_id=p17_hit1_20260801_144222_15364 evidence=OBSERVED"
1551,2981,JJFB_LIFECYCLE,"[JJFB_LIFECYCLE] op=FIRE_DONE tick=61 ok=1 end=stop_at_base pc_after=0x80000 r0_after=0x0 r9_after=0x2B1868 sp_after=0x280000 uc_err=0 detail=- evidence=OBSERVED"
1552,2982,PLATFORM_TIMER,"[PLATFORM_TIMER] op=FIRE_DONE ret=0 evidence=DOCUMENTED"
1553,2983,PLATFORM_TIMER,"[PLATFORM_TIMER] op=FIRE_DONE via=host_loop evidence=DOCUMENTED"
1554,2984,PLATFORM_TIMER,"[PLATFORM_TIMER] op=FIRE_CB interval=50 evidence=DOCUMENTED"
1555,2985,PLATFORM_TIMER,"[PLATFORM_TIMER] op=FIRE_DUE via=host_loop evidence=DOCUMENTED"
1556,2986,PLATFORM_TIMER,"[PLATFORM_TIMER] op=FIRE_ENTER evidence=DOCUMENTED"
1557,2987,PLATFORM_TIMER,"[PLATFORM_TIMER] op=FIRE_LOCKED evidence=DOCUMENTED"
1558,2989,JJFB_LIFECYCLE,"[JJFB_LIFECYCLE] op=FIRE tick=62 handler=0x30631D r0=0 r1=0 r9=0x2B1868 owner=robotol.ext evidence=CROSS_TARGET+docs/06"
1559,2991,CALLBACK_FRAME_ENTER,"[CALLBACK_FRAME_ENTER] seq=62 frame_token=266291143453 handler=0x30631D r9=0x2B1868 stop_sentinel=0x80000 run_id=p17_hit1_20260801_144222_15364 evidence=OBSERVED"
1560,3000,GUEST_INDIRECT_CALL,"[GUEST_INDIRECT_CALL] module_id=3 pc=0x30667A target=0x304569 arg0=0x1E209 arg1=0x9"
1561,3001,PLATFORM_FAMILY_EVENT,"[PLATFORM_FAMILY_EVENT] op=SUPPRESS event=0x1E209 app=0x9 note=ffp_identity evidence=OBSERVED"
1562,3002,PLATFORM_FAMILY_EVENT,"[PLATFORM_FAMILY_EVENT] op=DEFER_DRAIN_TO_MAP_REDIRECT event=0x1E209 app=0x9 note=avoid_nested_emu_inside_map_func evidence=OBSERVED"
1563,3003,JJFB_EXTCHUNK_SLOT_CALL,"[JJFB_EXTCHUNK_SLOT_CALL] off=0x28 pc=0x280058 r0=0x1E209 r1=0x9 r2=0x0 r3=0x0 r4=0x1E209 ret=0x0 evidence=TARGET_OBSERVED"
1564,3004,GUEST_INDIRECT_CALL,"[GUEST_INDIRECT_CALL] module_id=3 pc=0x306762 target=0x2F9975 arg0=0x0 arg1=0x0"
1565,3008,CALLBACK_FRAME_RESTORE_BEGIN,"[CALLBACK_FRAME_RESTORE_BEGIN] seq=62 saved_r9=0x0 frame_token=266291143453 run_id=p17_hit1_20260801_144222_15364 evidence=OBSERVED"
1566,3010,CALLBACK_FRAME_RESTORE_COMPLETE,"[CALLBACK_FRAME_RESTORE_COMPLETE] seq=62 restored_r9=0x0 ok=1 frame_token=266291143453 run_id=p17_hit1_20260801_144222_15364 evidence=OBSERVED"
1567,3012,SCHEDULER_NATURAL_CALLBACK,"[SCHEDULER_NATURAL_CALLBACK] owner_module=robotol.ext source=PLATFORM_TIMER forced=no handler=0x30631D ret=0 guest_entered=yes run_id=p17_hit1_20260801_144222_15364 evidence=OBSERVED"
1568,3013,JJFB_LIFECYCLE,"[JJFB_LIFECYCLE] op=FIRE_DONE tick=62 ok=1 end=stop_at_base pc_after=0x80000 r0_after=0x0 r9_after=0x2B1868 sp_after=0x280000 uc_err=0 detail=- evidence=OBSERVED"
1569,3014,PLATFORM_TIMER,"[PLATFORM_TIMER] op=FIRE_DONE ret=0 evidence=DOCUMENTED"
1570,3015,PLATFORM_TIMER,"[PLATFORM_TIMER] op=FIRE_DONE via=host_loop evidence=DOCUMENTED"
1571,3016,PLATFORM_TIMER,"[PLATFORM_TIMER] op=FIRE_CB interval=50 evidence=DOCUMENTED"
1572,3017,PLATFORM_TIMER,"[PLATFORM_TIMER] op=FIRE_DUE via=host_loop evidence=DOCUMENTED"
1573,3018,PLATFORM_TIMER,"[PLATFORM_TIMER] op=FIRE_ENTER evidence=DOCUMENTED"
1574,3019,PLATFORM_TIMER,"[PLATFORM_TIMER] op=FIRE_LOCKED evidence=DOCUMENTED"
1575,3021,JJFB_LIFECYCLE,"[JJFB_LIFECYCLE] op=FIRE tick=63 handler=0x30631D r0=0 r1=0 r9=0x2B1868 owner=robotol.ext evidence=CROSS_TARGET+docs/06"
1576,3023,CALLBACK_FRAME_ENTER,"[CALLBACK_FRAME_ENTER] seq=63 frame_token=270586110749 handler=0x30631D r9=0x2B1868 stop_sentinel=0x80000 run_id=p17_hit1_20260801_144222_15364 evidence=OBSERVED"
1577,3032,GUEST_INDIRECT_CALL,"[GUEST_INDIRECT_CALL] module_id=3 pc=0x30667A target=0x304569 arg0=0x1E209 arg1=0x9"
1578,3033,PLATFORM_FAMILY_EVENT,"[PLATFORM_FAMILY_EVENT] op=SUPPRESS event=0x1E209 app=0x9 note=ffp_identity evidence=OBSERVED"
1579,3034,PLATFORM_FAMILY_EVENT,"[PLATFORM_FAMILY_EVENT] op=DEFER_DRAIN_TO_MAP_REDIRECT event=0x1E209 app=0x9 note=avoid_nested_emu_inside_map_func evidence=OBSERVED"
1580,3035,JJFB_EXTCHUNK_SLOT_CALL,"[JJFB_EXTCHUNK_SLOT_CALL] off=0x28 pc=0x280058 r0=0x1E209 r1=0x9 r2=0x0 r3=0x0 r4=0x1E209 ret=0x0 evidence=TARGET_OBSERVED"
1581,3036,GUEST_INDIRECT_CALL,"[GUEST_INDIRECT_CALL] module_id=3 pc=0x306762 target=0x2F9975 arg0=0x0 arg1=0x0"
1582,3040,CALLBACK_FRAME_RESTORE_BEGIN,"[CALLBACK_FRAME_RESTORE_BEGIN] seq=63 saved_r9=0x0 frame_token=270586110749 run_id=p17_hit1_20260801_144222_15364 evidence=OBSERVED"
1583,3042,CALLBACK_FRAME_RESTORE_COMPLETE,"[CALLBACK_FRAME_RESTORE_COMPLETE] seq=63 restored_r9=0x0 ok=1 frame_token=270586110749 run_id=p17_hit1_20260801_144222_15364 evidence=OBSERVED"
1584,3044,SCHEDULER_NATURAL_CALLBACK,"[SCHEDULER_NATURAL_CALLBACK] owner_module=robotol.ext source=PLATFORM_TIMER forced=no handler=0x30631D ret=0 guest_entered=yes run_id=p17_hit1_20260801_144222_15364 evidence=OBSERVED"
1585,3045,JJFB_LIFECYCLE,"[JJFB_LIFECYCLE] op=FIRE_DONE tick=63 ok=1 end=stop_at_base pc_after=0x80000 r0_after=0x0 r9_after=0x2B1868 sp_after=0x280000 uc_err=0 detail=- evidence=OBSERVED"
1586,3046,PLATFORM_TIMER,"[PLATFORM_TIMER] op=FIRE_DONE ret=0 evidence=DOCUMENTED"
1587,3047,PLATFORM_TIMER,"[PLATFORM_TIMER] op=FIRE_DONE via=host_loop evidence=DOCUMENTED"
1588,3048,PLATFORM_TIMER,"[PLATFORM_TIMER] op=FIRE_CB interval=50 evidence=DOCUMENTED"
1589,3049,PLATFORM_TIMER,"[PLATFORM_TIMER] op=FIRE_DUE via=host_loop evidence=DOCUMENTED"
1590,3050,PLATFORM_TIMER,"[PLATFORM_TIMER] op=FIRE_ENTER evidence=DOCUMENTED"
1591,3051,PLATFORM_TIMER,"[PLATFORM_TIMER] op=FIRE_LOCKED evidence=DOCUMENTED"
1592,3053,JJFB_LIFECYCLE,"[JJFB_LIFECYCLE] op=FIRE tick=64 handler=0x30631D r0=0 r1=0 r9=0x2B1868 owner=robotol.ext evidence=CROSS_TARGET+docs/06"
1593,3055,CALLBACK_FRAME_ENTER,"[CALLBACK_FRAME_ENTER] seq=64 frame_token=274881078045 handler=0x30631D r9=0x2B1868 stop_sentinel=0x80000 run_id=p17_hit1_20260801_144222_15364 evidence=OBSERVED"
1594,3064,GUEST_INDIRECT_CALL,"[GUEST_INDIRECT_CALL] module_id=3 pc=0x30667A target=0x304569 arg0=0x1E209 arg1=0x9"
1595,3065,PLATFORM_FAMILY_EVENT,"[PLATFORM_FAMILY_EVENT] op=SUPPRESS event=0x1E209 app=0x9 note=ffp_identity evidence=OBSERVED"
1596,3066,PLATFORM_FAMILY_EVENT,"[PLATFORM_FAMILY_EVENT] op=DEFER_DRAIN_TO_MAP_REDIRECT event=0x1E209 app=0x9 note=avoid_nested_emu_inside_map_func evidence=OBSERVED"
1597,3067,JJFB_EXTCHUNK_SLOT_CALL,"[JJFB_EXTCHUNK_SLOT_CALL] off=0x28 pc=0x280058 r0=0x1E209 r1=0x9 r2=0x0 r3=0x0 r4=0x1E209 ret=0x0 evidence=TARGET_OBSERVED"
1598,3068,GUEST_INDIRECT_CALL,"[GUEST_INDIRECT_CALL] module_id=3 pc=0x306762 target=0x2F9975 arg0=0x0 arg1=0x0"
1599,3072,CALLBACK_FRAME_RESTORE_BEGIN,"[CALLBACK_FRAME_RESTORE_BEGIN] seq=64 saved_r9=0x0 frame_token=274881078045 run_id=p17_hit1_20260801_144222_15364 evidence=OBSERVED"
1600,3074,CALLBACK_FRAME_RESTORE_COMPLETE,"[CALLBACK_FRAME_RESTORE_COMPLETE] seq=64 restored_r9=0x0 ok=1 frame_token=274881078045 run_id=p17_hit1_20260801_144222_15364 evidence=OBSERVED"
1601,3076,SCHEDULER_NATURAL_CALLBACK,"[SCHEDULER_NATURAL_CALLBACK] owner_module=robotol.ext source=PLATFORM_TIMER forced=no handler=0x30631D ret=0 guest_entered=yes run_id=p17_hit1_20260801_144222_15364 evidence=OBSERVED"
1602,3077,JJFB_LIFECYCLE,"[JJFB_LIFECYCLE] op=FIRE_DONE tick=64 ok=1 end=stop_at_base pc_after=0x80000 r0_after=0x0 r9_after=0x2B1868 sp_after=0x280000 uc_err=0 detail=- evidence=OBSERVED"
1603,3078,PLATFORM_TIMER,"[PLATFORM_TIMER] op=FIRE_DONE ret=0 evidence=DOCUMENTED"
1604,3079,PLATFORM_TIMER,"[PLATFORM_TIMER] op=FIRE_DONE via=host_loop evidence=DOCUMENTED"
1605,3080,PLATFORM_TIMER,"[PLATFORM_TIMER] op=FIRE_CB interval=50 evidence=DOCUMENTED"
1606,3081,PLATFORM_TIMER,"[PLATFORM_TIMER] op=FIRE_DUE via=host_loop evidence=DOCUMENTED"
1607,3082,PLATFORM_TIMER,"[PLATFORM_TIMER] op=FIRE_ENTER evidence=DOCUMENTED"
1608,3083,PLATFORM_TIMER,"[PLATFORM_TIMER] op=FIRE_LOCKED evidence=DOCUMENTED"
1609,3085,JJFB_LIFECYCLE,"[JJFB_LIFECYCLE] op=FIRE tick=65 handler=0x30631D r0=0 r1=0 r9=0x2B1868 owner=robotol.ext evidence=CROSS_TARGET+docs/06"
1610,3087,CALLBACK_FRAME_ENTER,"[CALLBACK_FRAME_ENTER] seq=65 frame_token=279176045341 handler=0x30631D r9=0x2B1868 stop_sentinel=0x80000 run_id=p17_hit1_20260801_144222_15364 evidence=OBSERVED"
1611,3096,GUEST_INDIRECT_CALL,"[GUEST_INDIRECT_CALL] module_id=3 pc=0x30667A target=0x304569 arg0=0x1E209 arg1=0x9"
1612,3097,PLATFORM_FAMILY_EVENT,"[PLATFORM_FAMILY_EVENT] op=SUPPRESS event=0x1E209 app=0x9 note=ffp_identity evidence=OBSERVED"
1613,3098,PLATFORM_FAMILY_EVENT,"[PLATFORM_FAMILY_EVENT] op=DEFER_DRAIN_TO_MAP_REDIRECT event=0x1E209 app=0x9 note=avoid_nested_emu_inside_map_func evidence=OBSERVED"
1614,3099,JJFB_EXTCHUNK_SLOT_CALL,"[JJFB_EXTCHUNK_SLOT_CALL] off=0x28 pc=0x280058 r0=0x1E209 r1=0x9 r2=0x0 r3=0x0 r4=0x1E209 ret=0x0 evidence=TARGET_OBSERVED"
1615,3100,GUEST_INDIRECT_CALL,"[GUEST_INDIRECT_CALL] module_id=3 pc=0x306762 target=0x2F9975 arg0=0x0 arg1=0x0"
1616,3104,CALLBACK_FRAME_RESTORE_BEGIN,"[CALLBACK_FRAME_RESTORE_BEGIN] seq=65 saved_r9=0x0 frame_token=279176045341 run_id=p17_hit1_20260801_144222_15364 evidence=OBSERVED"
1617,3106,CALLBACK_FRAME_RESTORE_COMPLETE,"[CALLBACK_FRAME_RESTORE_COMPLETE] seq=65 restored_r9=0x0 ok=1 frame_token=279176045341 run_id=p17_hit1_20260801_144222_15364 evidence=OBSERVED"
1618,3108,SCHEDULER_NATURAL_CALLBACK,"[SCHEDULER_NATURAL_CALLBACK] owner_module=robotol.ext source=PLATFORM_TIMER forced=no handler=0x30631D ret=0 guest_entered=yes run_id=p17_hit1_20260801_144222_15364 evidence=OBSERVED"
1619,3109,JJFB_LIFECYCLE,"[JJFB_LIFECYCLE] op=FIRE_DONE tick=65 ok=1 end=stop_at_base pc_after=0x80000 r0_after=0x0 r9_after=0x2B1868 sp_after=0x280000 uc_err=0 detail=- evidence=OBSERVED"
1620,3110,PLATFORM_TIMER,"[PLATFORM_TIMER] op=FIRE_DONE ret=0 evidence=DOCUMENTED"
1621,3111,PLATFORM_TIMER,"[PLATFORM_TIMER] op=FIRE_DONE via=host_loop evidence=DOCUMENTED"
1622,3112,PLATFORM_TIMER,"[PLATFORM_TIMER] op=FIRE_CB interval=50 evidence=DOCUMENTED"
1623,3113,PLATFORM_TIMER,"[PLATFORM_TIMER] op=FIRE_DUE via=host_loop evidence=DOCUMENTED"
1624,3114,PLATFORM_TIMER,"[PLATFORM_TIMER] op=FIRE_ENTER evidence=DOCUMENTED"
1625,3115,PLATFORM_TIMER,"[PLATFORM_TIMER] op=FIRE_LOCKED evidence=DOCUMENTED"
1626,3117,JJFB_LIFECYCLE,"[JJFB_LIFECYCLE] op=FIRE tick=66 handler=0x30631D r0=0 r1=0 r9=0x2B1868 owner=robotol.ext evidence=CROSS_TARGET+docs/06"
1627,3119,CALLBACK_FRAME_ENTER,"[CALLBACK_FRAME_ENTER] seq=66 frame_token=283471012637 handler=0x30631D r9=0x2B1868 stop_sentinel=0x80000 run_id=p17_hit1_20260801_144222_15364 evidence=OBSERVED"
1628,3128,GUEST_INDIRECT_CALL,"[GUEST_INDIRECT_CALL] module_id=3 pc=0x30667A target=0x304569 arg0=0x1E209 arg1=0x9"
1629,3129,PLATFORM_FAMILY_EVENT,"[PLATFORM_FAMILY_EVENT] op=SUPPRESS event=0x1E209 app=0x9 note=ffp_identity evidence=OBSERVED"
1630,3130,PLATFORM_FAMILY_EVENT,"[PLATFORM_FAMILY_EVENT] op=DEFER_DRAIN_TO_MAP_REDIRECT event=0x1E209 app=0x9 note=avoid_nested_emu_inside_map_func evidence=OBSERVED"
1631,3131,JJFB_EXTCHUNK_SLOT_CALL,"[JJFB_EXTCHUNK_SLOT_CALL] off=0x28 pc=0x280058 r0=0x1E209 r1=0x9 r2=0x0 r3=0x0 r4=0x1E209 ret=0x0 evidence=TARGET_OBSERVED"
1632,3132,GUEST_INDIRECT_CALL,"[GUEST_INDIRECT_CALL] module_id=3 pc=0x306762 target=0x2F9975 arg0=0x0 arg1=0x0"
1633,3136,CALLBACK_FRAME_RESTORE_BEGIN,"[CALLBACK_FRAME_RESTORE_BEGIN] seq=66 saved_r9=0x0 frame_token=283471012637 run_id=p17_hit1_20260801_144222_15364 evidence=OBSERVED"
1634,3138,CALLBACK_FRAME_RESTORE_COMPLETE,"[CALLBACK_FRAME_RESTORE_COMPLETE] seq=66 restored_r9=0x0 ok=1 frame_token=283471012637 run_id=p17_hit1_20260801_144222_15364 evidence=OBSERVED"
1635,3140,SCHEDULER_NATURAL_CALLBACK,"[SCHEDULER_NATURAL_CALLBACK] owner_module=robotol.ext source=PLATFORM_TIMER forced=no handler=0x30631D ret=0 guest_entered=yes run_id=p17_hit1_20260801_144222_15364 evidence=OBSERVED"
1636,3141,JJFB_LIFECYCLE,"[JJFB_LIFECYCLE] op=FIRE_DONE tick=66 ok=1 end=stop_at_base pc_after=0x80000 r0_after=0x0 r9_after=0x2B1868 sp_after=0x280000 uc_err=0 detail=- evidence=OBSERVED"
1637,3142,PLATFORM_TIMER,"[PLATFORM_TIMER] op=FIRE_DONE ret=0 evidence=DOCUMENTED"
1638,3143,PLATFORM_TIMER,"[PLATFORM_TIMER] op=FIRE_DONE via=host_loop evidence=DOCUMENTED"
1639,3144,PLATFORM_TIMER,"[PLATFORM_TIMER] op=FIRE_CB interval=50 evidence=DOCUMENTED"
1640,3145,PLATFORM_TIMER,"[PLATFORM_TIMER] op=FIRE_DUE via=host_loop evidence=DOCUMENTED"
1641,3146,PLATFORM_TIMER,"[PLATFORM_TIMER] op=FIRE_ENTER evidence=DOCUMENTED"
1642,3147,PLATFORM_TIMER,"[PLATFORM_TIMER] op=FIRE_LOCKED evidence=DOCUMENTED"
1643,3149,JJFB_LIFECYCLE,"[JJFB_LIFECYCLE] op=FIRE tick=67 handler=0x30631D r0=0 r1=0 r9=0x2B1868 owner=robotol.ext evidence=CROSS_TARGET+docs/06"
1644,3151,CALLBACK_FRAME_ENTER,"[CALLBACK_FRAME_ENTER] seq=67 frame_token=287765979933 handler=0x30631D r9=0x2B1868 stop_sentinel=0x80000 run_id=p17_hit1_20260801_144222_15364 evidence=OBSERVED"
1645,3160,GUEST_INDIRECT_CALL,"[GUEST_INDIRECT_CALL] module_id=3 pc=0x30667A target=0x304569 arg0=0x1E209 arg1=0x9"
1646,3161,PLATFORM_FAMILY_EVENT,"[PLATFORM_FAMILY_EVENT] op=SUPPRESS event=0x1E209 app=0x9 note=ffp_identity evidence=OBSERVED"
1647,3162,PLATFORM_FAMILY_EVENT,"[PLATFORM_FAMILY_EVENT] op=DEFER_DRAIN_TO_MAP_REDIRECT event=0x1E209 app=0x9 note=avoid_nested_emu_inside_map_func evidence=OBSERVED"
1648,3163,JJFB_EXTCHUNK_SLOT_CALL,"[JJFB_EXTCHUNK_SLOT_CALL] off=0x28 pc=0x280058 r0=0x1E209 r1=0x9 r2=0x0 r3=0x0 r4=0x1E209 ret=0x0 evidence=TARGET_OBSERVED"
1649,3164,GUEST_INDIRECT_CALL,"[GUEST_INDIRECT_CALL] module_id=3 pc=0x306762 target=0x2F9975 arg0=0x0 arg1=0x0"
1650,3168,CALLBACK_FRAME_RESTORE_BEGIN,"[CALLBACK_FRAME_RESTORE_BEGIN] seq=67 saved_r9=0x0 frame_token=287765979933 run_id=p17_hit1_20260801_144222_15364 evidence=OBSERVED"
1651,3170,CALLBACK_FRAME_RESTORE_COMPLETE,"[CALLBACK_FRAME_RESTORE_COMPLETE] seq=67 restored_r9=0x0 ok=1 frame_token=287765979933 run_id=p17_hit1_20260801_144222_15364 evidence=OBSERVED"
1652,3172,SCHEDULER_NATURAL_CALLBACK,"[SCHEDULER_NATURAL_CALLBACK] owner_module=robotol.ext source=PLATFORM_TIMER forced=no handler=0x30631D ret=0 guest_entered=yes run_id=p17_hit1_20260801_144222_15364 evidence=OBSERVED"
1653,3173,JJFB_LIFECYCLE,"[JJFB_LIFECYCLE] op=FIRE_DONE tick=67 ok=1 end=stop_at_base pc_after=0x80000 r0_after=0x0 r9_after=0x2B1868 sp_after=0x280000 uc_err=0 detail=- evidence=OBSERVED"
1654,3174,PLATFORM_TIMER,"[PLATFORM_TIMER] op=FIRE_DONE ret=0 evidence=DOCUMENTED"
1655,3175,PLATFORM_TIMER,"[PLATFORM_TIMER] op=FIRE_DONE via=host_loop evidence=DOCUMENTED"
1656,3176,PLATFORM_TIMER,"[PLATFORM_TIMER] op=FIRE_CB interval=50 evidence=DOCUMENTED"
1657,3177,PLATFORM_TIMER,"[PLATFORM_TIMER] op=FIRE_DUE via=host_loop evidence=DOCUMENTED"
1658,3178,PLATFORM_TIMER,"[PLATFORM_TIMER] op=FIRE_ENTER evidence=DOCUMENTED"
1659,3179,PLATFORM_TIMER,"[PLATFORM_TIMER] op=FIRE_LOCKED evidence=DOCUMENTED"
1660,3181,JJFB_LIFECYCLE,"[JJFB_LIFECYCLE] op=FIRE tick=68 handler=0x30631D r0=0 r1=0 r9=0x2B1868 owner=robotol.ext evidence=CROSS_TARGET+docs/06"
1661,3183,CALLBACK_FRAME_ENTER,"[CALLBACK_FRAME_ENTER] seq=68 frame_token=292060947229 handler=0x30631D r9=0x2B1868 stop_sentinel=0x80000 run_id=p17_hit1_20260801_144222_15364 evidence=OBSERVED"
1662,3192,GUEST_INDIRECT_CALL,"[GUEST_INDIRECT_CALL] module_id=3 pc=0x30667A target=0x304569 arg0=0x1E209 arg1=0x9"
1663,3193,PLATFORM_FAMILY_EVENT,"[PLATFORM_FAMILY_EVENT] op=SUPPRESS event=0x1E209 app=0x9 note=ffp_identity evidence=OBSERVED"
1664,3194,PLATFORM_FAMILY_EVENT,"[PLATFORM_FAMILY_EVENT] op=DEFER_DRAIN_TO_MAP_REDIRECT event=0x1E209 app=0x9 note=avoid_nested_emu_inside_map_func evidence=OBSERVED"
1665,3195,JJFB_EXTCHUNK_SLOT_CALL,"[JJFB_EXTCHUNK_SLOT_CALL] off=0x28 pc=0x280058 r0=0x1E209 r1=0x9 r2=0x0 r3=0x0 r4=0x1E209 ret=0x0 evidence=TARGET_OBSERVED"
1666,3196,GUEST_INDIRECT_CALL,"[GUEST_INDIRECT_CALL] module_id=3 pc=0x306762 target=0x2F9975 arg0=0x0 arg1=0x0"
1667,3200,CALLBACK_FRAME_RESTORE_BEGIN,"[CALLBACK_FRAME_RESTORE_BEGIN] seq=68 saved_r9=0x0 frame_token=292060947229 run_id=p17_hit1_20260801_144222_15364 evidence=OBSERVED"
1668,3202,CALLBACK_FRAME_RESTORE_COMPLETE,"[CALLBACK_FRAME_RESTORE_COMPLETE] seq=68 restored_r9=0x0 ok=1 frame_token=292060947229 run_id=p17_hit1_20260801_144222_15364 evidence=OBSERVED"
1669,3204,SCHEDULER_NATURAL_CALLBACK,"[SCHEDULER_NATURAL_CALLBACK] owner_module=robotol.ext source=PLATFORM_TIMER forced=no handler=0x30631D ret=0 guest_entered=yes run_id=p17_hit1_20260801_144222_15364 evidence=OBSERVED"
1670,3205,JJFB_LIFECYCLE,"[JJFB_LIFECYCLE] op=FIRE_DONE tick=68 ok=1 end=stop_at_base pc_after=0x80000 r0_after=0x0 r9_after=0x2B1868 sp_after=0x280000 uc_err=0 detail=- evidence=OBSERVED"
1671,3206,PLATFORM_TIMER,"[PLATFORM_TIMER] op=FIRE_DONE ret=0 evidence=DOCUMENTED"
1672,3207,PLATFORM_TIMER,"[PLATFORM_TIMER] op=FIRE_DONE via=host_loop evidence=DOCUMENTED"
1673,3208,PLATFORM_TIMER,"[PLATFORM_TIMER] op=FIRE_CB interval=50 evidence=DOCUMENTED"
1674,3209,PLATFORM_TIMER,"[PLATFORM_TIMER] op=FIRE_DUE via=host_loop evidence=DOCUMENTED"
1675,3210,PLATFORM_TIMER,"[PLATFORM_TIMER] op=FIRE_ENTER evidence=DOCUMENTED"
1676,3211,PLATFORM_TIMER,"[PLATFORM_TIMER] op=FIRE_LOCKED evidence=DOCUMENTED"
1677,3213,JJFB_LIFECYCLE,"[JJFB_LIFECYCLE] op=FIRE tick=69 handler=0x30631D r0=0 r1=0 r9=0x2B1868 owner=robotol.ext evidence=CROSS_TARGET+docs/06"
1678,3215,CALLBACK_FRAME_ENTER,"[CALLBACK_FRAME_ENTER] seq=69 frame_token=296355914525 handler=0x30631D r9=0x2B1868 stop_sentinel=0x80000 run_id=p17_hit1_20260801_144222_15364 evidence=OBSERVED"
1679,3224,GUEST_INDIRECT_CALL,"[GUEST_INDIRECT_CALL] module_id=3 pc=0x30667A target=0x304569 arg0=0x1E209 arg1=0x9"
1680,3225,PLATFORM_FAMILY_EVENT,"[PLATFORM_FAMILY_EVENT] op=SUPPRESS event=0x1E209 app=0x9 note=ffp_identity evidence=OBSERVED"
1681,3226,PLATFORM_FAMILY_EVENT,"[PLATFORM_FAMILY_EVENT] op=DEFER_DRAIN_TO_MAP_REDIRECT event=0x1E209 app=0x9 note=avoid_nested_emu_inside_map_func evidence=OBSERVED"
1682,3227,JJFB_EXTCHUNK_SLOT_CALL,"[JJFB_EXTCHUNK_SLOT_CALL] off=0x28 pc=0x280058 r0=0x1E209 r1=0x9 r2=0x0 r3=0x0 r4=0x1E209 ret=0x0 evidence=TARGET_OBSERVED"
1683,3228,GUEST_INDIRECT_CALL,"[GUEST_INDIRECT_CALL] module_id=3 pc=0x306762 target=0x2F9975 arg0=0x0 arg1=0x0"
1684,3232,CALLBACK_FRAME_RESTORE_BEGIN,"[CALLBACK_FRAME_RESTORE_BEGIN] seq=69 saved_r9=0x0 frame_token=296355914525 run_id=p17_hit1_20260801_144222_15364 evidence=OBSERVED"
1685,3234,CALLBACK_FRAME_RESTORE_COMPLETE,"[CALLBACK_FRAME_RESTORE_COMPLETE] seq=69 restored_r9=0x0 ok=1 frame_token=296355914525 run_id=p17_hit1_20260801_144222_15364 evidence=OBSERVED"
1686,3236,SCHEDULER_NATURAL_CALLBACK,"[SCHEDULER_NATURAL_CALLBACK] owner_module=robotol.ext source=PLATFORM_TIMER forced=no handler=0x30631D ret=0 guest_entered=yes run_id=p17_hit1_20260801_144222_15364 evidence=OBSERVED"
1687,3237,JJFB_LIFECYCLE,"[JJFB_LIFECYCLE] op=FIRE_DONE tick=69 ok=1 end=stop_at_base pc_after=0x80000 r0_after=0x0 r9_after=0x2B1868 sp_after=0x280000 uc_err=0 detail=- evidence=OBSERVED"
1688,3238,PLATFORM_TIMER,"[PLATFORM_TIMER] op=FIRE_DONE ret=0 evidence=DOCUMENTED"
1689,3239,PLATFORM_TIMER,"[PLATFORM_TIMER] op=FIRE_DONE via=host_loop evidence=DOCUMENTED"
1690,3240,PLATFORM_TIMER,"[PLATFORM_TIMER] op=FIRE_CB interval=50 evidence=DOCUMENTED"
1691,3241,PLATFORM_TIMER,"[PLATFORM_TIMER] op=FIRE_DUE via=host_loop evidence=DOCUMENTED"
1692,3242,PLATFORM_TIMER,"[PLATFORM_TIMER] op=FIRE_ENTER evidence=DOCUMENTED"
1693,3243,PLATFORM_TIMER,"[PLATFORM_TIMER] op=FIRE_LOCKED evidence=DOCUMENTED"
1694,3245,JJFB_LIFECYCLE,"[JJFB_LIFECYCLE] op=FIRE tick=70 handler=0x30631D r0=0 r1=0 r9=0x2B1868 owner=robotol.ext evidence=CROSS_TARGET+docs/06"
1695,3247,CALLBACK_FRAME_ENTER,"[CALLBACK_FRAME_ENTER] seq=70 frame_token=300650881821 handler=0x30631D r9=0x2B1868 stop_sentinel=0x80000 run_id=p17_hit1_20260801_144222_15364 evidence=OBSERVED"
1696,3256,GUEST_INDIRECT_CALL,"[GUEST_INDIRECT_CALL] module_id=3 pc=0x30667A target=0x304569 arg0=0x1E209 arg1=0x9"
1697,3257,PLATFORM_FAMILY_EVENT,"[PLATFORM_FAMILY_EVENT] op=SUPPRESS event=0x1E209 app=0x9 note=ffp_identity evidence=OBSERVED"
1698,3258,PLATFORM_FAMILY_EVENT,"[PLATFORM_FAMILY_EVENT] op=DEFER_DRAIN_TO_MAP_REDIRECT event=0x1E209 app=0x9 note=avoid_nested_emu_inside_map_func evidence=OBSERVED"
1699,3259,JJFB_EXTCHUNK_SLOT_CALL,"[JJFB_EXTCHUNK_SLOT_CALL] off=0x28 pc=0x280058 r0=0x1E209 r1=0x9 r2=0x0 r3=0x0 r4=0x1E209 ret=0x0 evidence=TARGET_OBSERVED"
1700,3260,GUEST_INDIRECT_CALL,"[GUEST_INDIRECT_CALL] module_id=3 pc=0x306762 target=0x2F9975 arg0=0x0 arg1=0x0"
1701,3264,CALLBACK_FRAME_RESTORE_BEGIN,"[CALLBACK_FRAME_RESTORE_BEGIN] seq=70 saved_r9=0x0 frame_token=300650881821 run_id=p17_hit1_20260801_144222_15364 evidence=OBSERVED"
1702,3266,CALLBACK_FRAME_RESTORE_COMPLETE,"[CALLBACK_FRAME_RESTORE_COMPLETE] seq=70 restored_r9=0x0 ok=1 frame_token=300650881821 run_id=p17_hit1_20260801_144222_15364 evidence=OBSERVED"
1703,3268,SCHEDULER_NATURAL_CALLBACK,"[SCHEDULER_NATURAL_CALLBACK] owner_module=robotol.ext source=PLATFORM_TIMER forced=no handler=0x30631D ret=0 guest_entered=yes run_id=p17_hit1_20260801_144222_15364 evidence=OBSERVED"
1704,3269,JJFB_LIFECYCLE,"[JJFB_LIFECYCLE] op=FIRE_DONE tick=70 ok=1 end=stop_at_base pc_after=0x80000 r0_after=0x0 r9_after=0x2B1868 sp_after=0x280000 uc_err=0 detail=- evidence=OBSERVED"
1705,3270,TIMER_CADENCE_VERDICT,"[TIMER_CADENCE_VERDICT] verdict=TIMER_CADENCE_VALID deliveries=70 duplicates=0 max_outstanding=1 run_id=p17_hit1_20260801_144222_15364 evidence=OBSERVED"
1706,3271,PLATFORM_TIMER,"[PLATFORM_TIMER] op=FIRE_DONE ret=0 evidence=DOCUMENTED"
1707,3272,PLATFORM_TIMER,"[PLATFORM_TIMER] op=FIRE_DONE via=host_loop evidence=DOCUMENTED"
1708,3273,PLATFORM_TIMER,"[PLATFORM_TIMER] op=FIRE_CB interval=50 evidence=DOCUMENTED"
1709,3274,PLATFORM_TIMER,"[PLATFORM_TIMER] op=FIRE_DUE via=host_loop evidence=DOCUMENTED"
1710,3275,PLATFORM_TIMER,"[PLATFORM_TIMER] op=FIRE_ENTER evidence=DOCUMENTED"
1711,3276,PLATFORM_TIMER,"[PLATFORM_TIMER] op=FIRE_LOCKED evidence=DOCUMENTED"
1712,3278,JJFB_LIFECYCLE,"[JJFB_LIFECYCLE] op=FIRE tick=71 handler=0x30631D r0=0 r1=0 r9=0x2B1868 owner=robotol.ext evidence=CROSS_TARGET+docs/06"
1713,3280,CALLBACK_FRAME_ENTER,"[CALLBACK_FRAME_ENTER] seq=71 frame_token=304945849117 handler=0x30631D r9=0x2B1868 stop_sentinel=0x80000 run_id=p17_hit1_20260801_144222_15364 evidence=OBSERVED"
1714,3289,GUEST_INDIRECT_CALL,"[GUEST_INDIRECT_CALL] module_id=3 pc=0x30667A target=0x304569 arg0=0x1E209 arg1=0x9"
1715,3290,PLATFORM_FAMILY_EVENT,"[PLATFORM_FAMILY_EVENT] op=SUPPRESS event=0x1E209 app=0x9 note=ffp_identity evidence=OBSERVED"
1716,3291,PLATFORM_FAMILY_EVENT,"[PLATFORM_FAMILY_EVENT] op=DEFER_DRAIN_TO_MAP_REDIRECT event=0x1E209 app=0x9 note=avoid_nested_emu_inside_map_func evidence=OBSERVED"
1717,3292,JJFB_EXTCHUNK_SLOT_CALL,"[JJFB_EXTCHUNK_SLOT_CALL] off=0x28 pc=0x280058 r0=0x1E209 r1=0x9 r2=0x0 r3=0x0 r4=0x1E209 ret=0x0 evidence=TARGET_OBSERVED"
1718,3293,GUEST_INDIRECT_CALL,"[GUEST_INDIRECT_CALL] module_id=3 pc=0x306762 target=0x2F9975 arg0=0x0 arg1=0x0"
1719,3297,CALLBACK_FRAME_RESTORE_BEGIN,"[CALLBACK_FRAME_RESTORE_BEGIN] seq=71 saved_r9=0x0 frame_token=304945849117 run_id=p17_hit1_20260801_144222_15364 evidence=OBSERVED"
1720,3299,CALLBACK_FRAME_RESTORE_COMPLETE,"[CALLBACK_FRAME_RESTORE_COMPLETE] seq=71 restored_r9=0x0 ok=1 frame_token=304945849117 run_id=p17_hit1_20260801_144222_15364 evidence=OBSERVED"
1721,3301,SCHEDULER_NATURAL_CALLBACK,"[SCHEDULER_NATURAL_CALLBACK] owner_module=robotol.ext source=PLATFORM_TIMER forced=no handler=0x30631D ret=0 guest_entered=yes run_id=p17_hit1_20260801_144222_15364 evidence=OBSERVED"
1722,3302,JJFB_LIFECYCLE,"[JJFB_LIFECYCLE] op=FIRE_DONE tick=71 ok=1 end=stop_at_base pc_after=0x80000 r0_after=0x0 r9_after=0x2B1868 sp_after=0x280000 uc_err=0 detail=- evidence=OBSERVED"
1723,3303,PLATFORM_TIMER,"[PLATFORM_TIMER] op=FIRE_DONE ret=0 evidence=DOCUMENTED"
1724,3304,PLATFORM_TIMER,"[PLATFORM_TIMER] op=FIRE_DONE via=host_loop evidence=DOCUMENTED"
1725,3305,PLATFORM_TIMER,"[PLATFORM_TIMER] op=FIRE_CB interval=50 evidence=DOCUMENTED"
1726,3306,PLATFORM_TIMER,"[PLATFORM_TIMER] op=FIRE_DUE via=host_loop evidence=DOCUMENTED"
1727,3307,PLATFORM_TIMER,"[PLATFORM_TIMER] op=FIRE_ENTER evidence=DOCUMENTED"
1728,3308,PLATFORM_TIMER,"[PLATFORM_TIMER] op=FIRE_LOCKED evidence=DOCUMENTED"
1729,3310,JJFB_LIFECYCLE,"[JJFB_LIFECYCLE] op=FIRE tick=72 handler=0x30631D r0=0 r1=0 r9=0x2B1868 owner=robotol.ext evidence=CROSS_TARGET+docs/06"
1730,3312,CALLBACK_FRAME_ENTER,"[CALLBACK_FRAME_ENTER] seq=72 frame_token=309240816413 handler=0x30631D r9=0x2B1868 stop_sentinel=0x80000 run_id=p17_hit1_20260801_144222_15364 evidence=OBSERVED"
1731,3321,GUEST_INDIRECT_CALL,"[GUEST_INDIRECT_CALL] module_id=3 pc=0x30667A target=0x304569 arg0=0x1E209 arg1=0x9"
1732,3322,PLATFORM_FAMILY_EVENT,"[PLATFORM_FAMILY_EVENT] op=SUPPRESS event=0x1E209 app=0x9 note=ffp_identity evidence=OBSERVED"
1733,3323,PLATFORM_FAMILY_EVENT,"[PLATFORM_FAMILY_EVENT] op=DEFER_DRAIN_TO_MAP_REDIRECT event=0x1E209 app=0x9 note=avoid_nested_emu_inside_map_func evidence=OBSERVED"
1734,3324,JJFB_EXTCHUNK_SLOT_CALL,"[JJFB_EXTCHUNK_SLOT_CALL] off=0x28 pc=0x280058 r0=0x1E209 r1=0x9 r2=0x0 r3=0x0 r4=0x1E209 ret=0x0 evidence=TARGET_OBSERVED"
1735,3325,GUEST_INDIRECT_CALL,"[GUEST_INDIRECT_CALL] module_id=3 pc=0x306762 target=0x2F9975 arg0=0x0 arg1=0x0"
1736,3329,CALLBACK_FRAME_RESTORE_BEGIN,"[CALLBACK_FRAME_RESTORE_BEGIN] seq=72 saved_r9=0x0 frame_token=309240816413 run_id=p17_hit1_20260801_144222_15364 evidence=OBSERVED"
1737,3331,CALLBACK_FRAME_RESTORE_COMPLETE,"[CALLBACK_FRAME_RESTORE_COMPLETE] seq=72 restored_r9=0x0 ok=1 frame_token=309240816413 run_id=p17_hit1_20260801_144222_15364 evidence=OBSERVED"
1738,3333,SCHEDULER_NATURAL_CALLBACK,"[SCHEDULER_NATURAL_CALLBACK] owner_module=robotol.ext source=PLATFORM_TIMER forced=no handler=0x30631D ret=0 guest_entered=yes run_id=p17_hit1_20260801_144222_15364 evidence=OBSERVED"
1739,3334,JJFB_LIFECYCLE,"[JJFB_LIFECYCLE] op=FIRE_DONE tick=72 ok=1 end=stop_at_base pc_after=0x80000 r0_after=0x0 r9_after=0x2B1868 sp_after=0x280000 uc_err=0 detail=- evidence=OBSERVED"
1740,3335,PLATFORM_TIMER,"[PLATFORM_TIMER] op=FIRE_DONE ret=0 evidence=DOCUMENTED"
1741,3336,PLATFORM_TIMER,"[PLATFORM_TIMER] op=FIRE_DONE via=host_loop evidence=DOCUMENTED"
1742,3337,PLATFORM_TIMER,"[PLATFORM_TIMER] op=FIRE_CB interval=50 evidence=DOCUMENTED"
1743,3338,PLATFORM_TIMER,"[PLATFORM_TIMER] op=FIRE_DUE via=host_loop evidence=DOCUMENTED"
1744,3339,PLATFORM_TIMER,"[PLATFORM_TIMER] op=FIRE_ENTER evidence=DOCUMENTED"
1745,3340,PLATFORM_TIMER,"[PLATFORM_TIMER] op=FIRE_LOCKED evidence=DOCUMENTED"
1746,3342,JJFB_LIFECYCLE,"[JJFB_LIFECYCLE] op=FIRE tick=73 handler=0x30631D r0=0 r1=0 r9=0x2B1868 owner=robotol.ext evidence=CROSS_TARGET+docs/06"
1747,3344,CALLBACK_FRAME_ENTER,"[CALLBACK_FRAME_ENTER] seq=73 frame_token=313535783709 handler=0x30631D r9=0x2B1868 stop_sentinel=0x80000 run_id=p17_hit1_20260801_144222_15364 evidence=OBSERVED"
1748,3353,GUEST_INDIRECT_CALL,"[GUEST_INDIRECT_CALL] module_id=3 pc=0x30667A target=0x304569 arg0=0x1E209 arg1=0x9"
1749,3354,PLATFORM_FAMILY_EVENT,"[PLATFORM_FAMILY_EVENT] op=SUPPRESS event=0x1E209 app=0x9 note=ffp_identity evidence=OBSERVED"
1750,3355,PLATFORM_FAMILY_EVENT,"[PLATFORM_FAMILY_EVENT] op=DEFER_DRAIN_TO_MAP_REDIRECT event=0x1E209 app=0x9 note=avoid_nested_emu_inside_map_func evidence=OBSERVED"
1751,3356,JJFB_EXTCHUNK_SLOT_CALL,"[JJFB_EXTCHUNK_SLOT_CALL] off=0x28 pc=0x280058 r0=0x1E209 r1=0x9 r2=0x0 r3=0x0 r4=0x1E209 ret=0x0 evidence=TARGET_OBSERVED"
1752,3357,GUEST_INDIRECT_CALL,"[GUEST_INDIRECT_CALL] module_id=3 pc=0x306762 target=0x2F9975 arg0=0x0 arg1=0x0"
1753,3361,CALLBACK_FRAME_RESTORE_BEGIN,"[CALLBACK_FRAME_RESTORE_BEGIN] seq=73 saved_r9=0x0 frame_token=313535783709 run_id=p17_hit1_20260801_144222_15364 evidence=OBSERVED"
1754,3363,CALLBACK_FRAME_RESTORE_COMPLETE,"[CALLBACK_FRAME_RESTORE_COMPLETE] seq=73 restored_r9=0x0 ok=1 frame_token=313535783709 run_id=p17_hit1_20260801_144222_15364 evidence=OBSERVED"
1755,3365,SCHEDULER_NATURAL_CALLBACK,"[SCHEDULER_NATURAL_CALLBACK] owner_module=robotol.ext source=PLATFORM_TIMER forced=no handler=0x30631D ret=0 guest_entered=yes run_id=p17_hit1_20260801_144222_15364 evidence=OBSERVED"
1756,3366,JJFB_LIFECYCLE,"[JJFB_LIFECYCLE] op=FIRE_DONE tick=73 ok=1 end=stop_at_base pc_after=0x80000 r0_after=0x0 r9_after=0x2B1868 sp_after=0x280000 uc_err=0 detail=- evidence=OBSERVED"
1757,3367,PLATFORM_TIMER,"[PLATFORM_TIMER] op=FIRE_DONE ret=0 evidence=DOCUMENTED"
1758,3368,PLATFORM_TIMER,"[PLATFORM_TIMER] op=FIRE_DONE via=host_loop evidence=DOCUMENTED"
1759,3369,PLATFORM_TIMER,"[PLATFORM_TIMER] op=FIRE_CB interval=50 evidence=DOCUMENTED"
1760,3370,PLATFORM_TIMER,"[PLATFORM_TIMER] op=FIRE_DUE via=host_loop evidence=DOCUMENTED"
1761,3371,PLATFORM_TIMER,"[PLATFORM_TIMER] op=FIRE_ENTER evidence=DOCUMENTED"
1762,3372,PLATFORM_TIMER,"[PLATFORM_TIMER] op=FIRE_LOCKED evidence=DOCUMENTED"
1763,3374,JJFB_LIFECYCLE,"[JJFB_LIFECYCLE] op=FIRE tick=74 handler=0x30631D r0=0 r1=0 r9=0x2B1868 owner=robotol.ext evidence=CROSS_TARGET+docs/06"
1764,3376,CALLBACK_FRAME_ENTER,"[CALLBACK_FRAME_ENTER] seq=74 frame_token=317830751005 handler=0x30631D r9=0x2B1868 stop_sentinel=0x80000 run_id=p17_hit1_20260801_144222_15364 evidence=OBSERVED"
1765,3385,GUEST_INDIRECT_CALL,"[GUEST_INDIRECT_CALL] module_id=3 pc=0x30667A target=0x304569 arg0=0x1E209 arg1=0x9"
1766,3386,PLATFORM_FAMILY_EVENT,"[PLATFORM_FAMILY_EVENT] op=SUPPRESS event=0x1E209 app=0x9 note=ffp_identity evidence=OBSERVED"
1767,3387,PLATFORM_FAMILY_EVENT,"[PLATFORM_FAMILY_EVENT] op=DEFER_DRAIN_TO_MAP_REDIRECT event=0x1E209 app=0x9 note=avoid_nested_emu_inside_map_func evidence=OBSERVED"
1768,3388,JJFB_EXTCHUNK_SLOT_CALL,"[JJFB_EXTCHUNK_SLOT_CALL] off=0x28 pc=0x280058 r0=0x1E209 r1=0x9 r2=0x0 r3=0x0 r4=0x1E209 ret=0x0 evidence=TARGET_OBSERVED"
1769,3389,GUEST_INDIRECT_CALL,"[GUEST_INDIRECT_CALL] module_id=3 pc=0x306762 target=0x2F9975 arg0=0x0 arg1=0x0"
1770,3393,CALLBACK_FRAME_RESTORE_BEGIN,"[CALLBACK_FRAME_RESTORE_BEGIN] seq=74 saved_r9=0x0 frame_token=317830751005 run_id=p17_hit1_20260801_144222_15364 evidence=OBSERVED"
1771,3395,CALLBACK_FRAME_RESTORE_COMPLETE,"[CALLBACK_FRAME_RESTORE_COMPLETE] seq=74 restored_r9=0x0 ok=1 frame_token=317830751005 run_id=p17_hit1_20260801_144222_15364 evidence=OBSERVED"
1772,3397,SCHEDULER_NATURAL_CALLBACK,"[SCHEDULER_NATURAL_CALLBACK] owner_module=robotol.ext source=PLATFORM_TIMER forced=no handler=0x30631D ret=0 guest_entered=yes run_id=p17_hit1_20260801_144222_15364 evidence=OBSERVED"
1773,3398,JJFB_LIFECYCLE,"[JJFB_LIFECYCLE] op=FIRE_DONE tick=74 ok=1 end=stop_at_base pc_after=0x80000 r0_after=0x0 r9_after=0x2B1868 sp_after=0x280000 uc_err=0 detail=- evidence=OBSERVED"
1774,3399,PLATFORM_TIMER,"[PLATFORM_TIMER] op=FIRE_DONE ret=0 evidence=DOCUMENTED"
1775,3400,PLATFORM_TIMER,"[PLATFORM_TIMER] op=FIRE_DONE via=host_loop evidence=DOCUMENTED"
1776,3401,PLATFORM_TIMER,"[PLATFORM_TIMER] op=FIRE_CB interval=50 evidence=DOCUMENTED"
1777,3402,PLATFORM_TIMER,"[PLATFORM_TIMER] op=FIRE_DUE via=host_loop evidence=DOCUMENTED"
1778,3403,PLATFORM_TIMER,"[PLATFORM_TIMER] op=FIRE_ENTER evidence=DOCUMENTED"
1779,3404,PLATFORM_TIMER,"[PLATFORM_TIMER] op=FIRE_LOCKED evidence=DOCUMENTED"
1780,3406,JJFB_LIFECYCLE,"[JJFB_LIFECYCLE] op=FIRE tick=75 handler=0x30631D r0=0 r1=0 r9=0x2B1868 owner=robotol.ext evidence=CROSS_TARGET+docs/06"
1781,3408,CALLBACK_FRAME_ENTER,"[CALLBACK_FRAME_ENTER] seq=75 frame_token=322125718301 handler=0x30631D r9=0x2B1868 stop_sentinel=0x80000 run_id=p17_hit1_20260801_144222_15364 evidence=OBSERVED"
1782,3417,GUEST_INDIRECT_CALL,"[GUEST_INDIRECT_CALL] module_id=3 pc=0x30667A target=0x304569 arg0=0x1E209 arg1=0x9"
1783,3418,PLATFORM_FAMILY_EVENT,"[PLATFORM_FAMILY_EVENT] op=SUPPRESS event=0x1E209 app=0x9 note=ffp_identity evidence=OBSERVED"
1784,3419,PLATFORM_FAMILY_EVENT,"[PLATFORM_FAMILY_EVENT] op=DEFER_DRAIN_TO_MAP_REDIRECT event=0x1E209 app=0x9 note=avoid_nested_emu_inside_map_func evidence=OBSERVED"
1785,3420,JJFB_EXTCHUNK_SLOT_CALL,"[JJFB_EXTCHUNK_SLOT_CALL] off=0x28 pc=0x280058 r0=0x1E209 r1=0x9 r2=0x0 r3=0x0 r4=0x1E209 ret=0x0 evidence=TARGET_OBSERVED"
1786,3421,GUEST_INDIRECT_CALL,"[GUEST_INDIRECT_CALL] module_id=3 pc=0x306762 target=0x2F9975 arg0=0x0 arg1=0x0"
1787,3425,CALLBACK_FRAME_RESTORE_BEGIN,"[CALLBACK_FRAME_RESTORE_BEGIN] seq=75 saved_r9=0x0 frame_token=322125718301 run_id=p17_hit1_20260801_144222_15364 evidence=OBSERVED"
1788,3427,CALLBACK_FRAME_RESTORE_COMPLETE,"[CALLBACK_FRAME_RESTORE_COMPLETE] seq=75 restored_r9=0x0 ok=1 frame_token=322125718301 run_id=p17_hit1_20260801_144222_15364 evidence=OBSERVED"
1789,3429,SCHEDULER_NATURAL_CALLBACK,"[SCHEDULER_NATURAL_CALLBACK] owner_module=robotol.ext source=PLATFORM_TIMER forced=no handler=0x30631D ret=0 guest_entered=yes run_id=p17_hit1_20260801_144222_15364 evidence=OBSERVED"
1790,3430,JJFB_LIFECYCLE,"[JJFB_LIFECYCLE] op=FIRE_DONE tick=75 ok=1 end=stop_at_base pc_after=0x80000 r0_after=0x0 r9_after=0x2B1868 sp_after=0x280000 uc_err=0 detail=- evidence=OBSERVED"
1791,3431,PLATFORM_TIMER,"[PLATFORM_TIMER] op=FIRE_DONE ret=0 evidence=DOCUMENTED"
1792,3432,PLATFORM_TIMER,"[PLATFORM_TIMER] op=FIRE_DONE via=host_loop evidence=DOCUMENTED"
1793,3433,PLATFORM_TIMER,"[PLATFORM_TIMER] op=FIRE_CB interval=50 evidence=DOCUMENTED"
1794,3434,PLATFORM_TIMER,"[PLATFORM_TIMER] op=FIRE_DUE via=host_loop evidence=DOCUMENTED"
1795,3435,PLATFORM_TIMER,"[PLATFORM_TIMER] op=FIRE_ENTER evidence=DOCUMENTED"
1796,3436,PLATFORM_TIMER,"[PLATFORM_TIMER] op=FIRE_LOCKED evidence=DOCUMENTED"
1797,3438,JJFB_LIFECYCLE,"[JJFB_LIFECYCLE] op=FIRE tick=76 handler=0x30631D r0=0 r1=0 r9=0x2B1868 owner=robotol.ext evidence=CROSS_TARGET+docs/06"
1798,3440,CALLBACK_FRAME_ENTER,"[CALLBACK_FRAME_ENTER] seq=76 frame_token=326420685597 handler=0x30631D r9=0x2B1868 stop_sentinel=0x80000 run_id=p17_hit1_20260801_144222_15364 evidence=OBSERVED"
1799,3449,GUEST_INDIRECT_CALL,"[GUEST_INDIRECT_CALL] module_id=3 pc=0x30667A target=0x304569 arg0=0x1E209 arg1=0x9"
1800,3450,PLATFORM_FAMILY_EVENT,"[PLATFORM_FAMILY_EVENT] op=SUPPRESS event=0x1E209 app=0x9 note=ffp_identity evidence=OBSERVED"
1801,3451,PLATFORM_FAMILY_EVENT,"[PLATFORM_FAMILY_EVENT] op=DEFER_DRAIN_TO_MAP_REDIRECT event=0x1E209 app=0x9 note=avoid_nested_emu_inside_map_func evidence=OBSERVED"
1802,3452,JJFB_EXTCHUNK_SLOT_CALL,"[JJFB_EXTCHUNK_SLOT_CALL] off=0x28 pc=0x280058 r0=0x1E209 r1=0x9 r2=0x0 r3=0x0 r4=0x1E209 ret=0x0 evidence=TARGET_OBSERVED"
1803,3453,GUEST_INDIRECT_CALL,"[GUEST_INDIRECT_CALL] module_id=3 pc=0x306762 target=0x2F9975 arg0=0x0 arg1=0x0"
1804,3457,CALLBACK_FRAME_RESTORE_BEGIN,"[CALLBACK_FRAME_RESTORE_BEGIN] seq=76 saved_r9=0x0 frame_token=326420685597 run_id=p17_hit1_20260801_144222_15364 evidence=OBSERVED"
1805,3459,CALLBACK_FRAME_RESTORE_COMPLETE,"[CALLBACK_FRAME_RESTORE_COMPLETE] seq=76 restored_r9=0x0 ok=1 frame_token=326420685597 run_id=p17_hit1_20260801_144222_15364 evidence=OBSERVED"
1806,3461,SCHEDULER_NATURAL_CALLBACK,"[SCHEDULER_NATURAL_CALLBACK] owner_module=robotol.ext source=PLATFORM_TIMER forced=no handler=0x30631D ret=0 guest_entered=yes run_id=p17_hit1_20260801_144222_15364 evidence=OBSERVED"
1807,3462,JJFB_LIFECYCLE,"[JJFB_LIFECYCLE] op=FIRE_DONE tick=76 ok=1 end=stop_at_base pc_after=0x80000 r0_after=0x0 r9_after=0x2B1868 sp_after=0x280000 uc_err=0 detail=- evidence=OBSERVED"
1808,3463,PLATFORM_TIMER,"[PLATFORM_TIMER] op=FIRE_DONE ret=0 evidence=DOCUMENTED"
1809,3464,PLATFORM_TIMER,"[PLATFORM_TIMER] op=FIRE_DONE via=host_loop evidence=DOCUMENTED"
1810,3465,PLATFORM_TIMER,"[PLATFORM_TIMER] op=FIRE_CB interval=50 evidence=DOCUMENTED"
1811,3466,PLATFORM_TIMER,"[PLATFORM_TIMER] op=FIRE_DUE via=host_loop evidence=DOCUMENTED"
1812,3467,PLATFORM_TIMER,"[PLATFORM_TIMER] op=FIRE_ENTER evidence=DOCUMENTED"
1813,3468,PLATFORM_TIMER,"[PLATFORM_TIMER] op=FIRE_LOCKED evidence=DOCUMENTED"
1814,3470,JJFB_LIFECYCLE,"[JJFB_LIFECYCLE] op=FIRE tick=77 handler=0x30631D r0=0 r1=0 r9=0x2B1868 owner=robotol.ext evidence=CROSS_TARGET+docs/06"
1815,3472,CALLBACK_FRAME_ENTER,"[CALLBACK_FRAME_ENTER] seq=77 frame_token=330715652893 handler=0x30631D r9=0x2B1868 stop_sentinel=0x80000 run_id=p17_hit1_20260801_144222_15364 evidence=OBSERVED"
1816,3481,GUEST_INDIRECT_CALL,"[GUEST_INDIRECT_CALL] module_id=3 pc=0x30667A target=0x304569 arg0=0x1E209 arg1=0x9"
1817,3482,PLATFORM_FAMILY_EVENT,"[PLATFORM_FAMILY_EVENT] op=SUPPRESS event=0x1E209 app=0x9 note=ffp_identity evidence=OBSERVED"
1818,3483,PLATFORM_FAMILY_EVENT,"[PLATFORM_FAMILY_EVENT] op=DEFER_DRAIN_TO_MAP_REDIRECT event=0x1E209 app=0x9 note=avoid_nested_emu_inside_map_func evidence=OBSERVED"
1819,3484,JJFB_EXTCHUNK_SLOT_CALL,"[JJFB_EXTCHUNK_SLOT_CALL] off=0x28 pc=0x280058 r0=0x1E209 r1=0x9 r2=0x0 r3=0x0 r4=0x1E209 ret=0x0 evidence=TARGET_OBSERVED"
1820,3485,GUEST_INDIRECT_CALL,"[GUEST_INDIRECT_CALL] module_id=3 pc=0x306762 target=0x2F9975 arg0=0x0 arg1=0x0"
1821,3489,CALLBACK_FRAME_RESTORE_BEGIN,"[CALLBACK_FRAME_RESTORE_BEGIN] seq=77 saved_r9=0x0 frame_token=330715652893 run_id=p17_hit1_20260801_144222_15364 evidence=OBSERVED"
1822,3491,CALLBACK_FRAME_RESTORE_COMPLETE,"[CALLBACK_FRAME_RESTORE_COMPLETE] seq=77 restored_r9=0x0 ok=1 frame_token=330715652893 run_id=p17_hit1_20260801_144222_15364 evidence=OBSERVED"
1823,3493,SCHEDULER_NATURAL_CALLBACK,"[SCHEDULER_NATURAL_CALLBACK] owner_module=robotol.ext source=PLATFORM_TIMER forced=no handler=0x30631D ret=0 guest_entered=yes run_id=p17_hit1_20260801_144222_15364 evidence=OBSERVED"
1824,3494,JJFB_LIFECYCLE,"[JJFB_LIFECYCLE] op=FIRE_DONE tick=77 ok=1 end=stop_at_base pc_after=0x80000 r0_after=0x0 r9_after=0x2B1868 sp_after=0x280000 uc_err=0 detail=- evidence=OBSERVED"
1825,3495,PLATFORM_TIMER,"[PLATFORM_TIMER] op=FIRE_DONE ret=0 evidence=DOCUMENTED"
1826,3496,PLATFORM_TIMER,"[PLATFORM_TIMER] op=FIRE_DONE via=host_loop evidence=DOCUMENTED"
1827,3497,PLATFORM_TIMER,"[PLATFORM_TIMER] op=FIRE_CB interval=50 evidence=DOCUMENTED"
1828,3498,PLATFORM_TIMER,"[PLATFORM_TIMER] op=FIRE_DUE via=host_loop evidence=DOCUMENTED"
1829,3499,PLATFORM_TIMER,"[PLATFORM_TIMER] op=FIRE_ENTER evidence=DOCUMENTED"
1830,3500,PLATFORM_TIMER,"[PLATFORM_TIMER] op=FIRE_LOCKED evidence=DOCUMENTED"
1831,3502,JJFB_LIFECYCLE,"[JJFB_LIFECYCLE] op=FIRE tick=78 handler=0x30631D r0=0 r1=0 r9=0x2B1868 owner=robotol.ext evidence=CROSS_TARGET+docs/06"
1832,3504,CALLBACK_FRAME_ENTER,"[CALLBACK_FRAME_ENTER] seq=78 frame_token=335010620189 handler=0x30631D r9=0x2B1868 stop_sentinel=0x80000 run_id=p17_hit1_20260801_144222_15364 evidence=OBSERVED"
1833,3513,GUEST_INDIRECT_CALL,"[GUEST_INDIRECT_CALL] module_id=3 pc=0x30667A target=0x304569 arg0=0x1E209 arg1=0x9"
1834,3514,PLATFORM_FAMILY_EVENT,"[PLATFORM_FAMILY_EVENT] op=SUPPRESS event=0x1E209 app=0x9 note=ffp_identity evidence=OBSERVED"
1835,3515,PLATFORM_FAMILY_EVENT,"[PLATFORM_FAMILY_EVENT] op=DEFER_DRAIN_TO_MAP_REDIRECT event=0x1E209 app=0x9 note=avoid_nested_emu_inside_map_func evidence=OBSERVED"
1836,3516,JJFB_EXTCHUNK_SLOT_CALL,"[JJFB_EXTCHUNK_SLOT_CALL] off=0x28 pc=0x280058 r0=0x1E209 r1=0x9 r2=0x0 r3=0x0 r4=0x1E209 ret=0x0 evidence=TARGET_OBSERVED"
1837,3517,GUEST_INDIRECT_CALL,"[GUEST_INDIRECT_CALL] module_id=3 pc=0x306762 target=0x2F9975 arg0=0x0 arg1=0x0"
1838,3521,CALLBACK_FRAME_RESTORE_BEGIN,"[CALLBACK_FRAME_RESTORE_BEGIN] seq=78 saved_r9=0x0 frame_token=335010620189 run_id=p17_hit1_20260801_144222_15364 evidence=OBSERVED"
1839,3523,CALLBACK_FRAME_RESTORE_COMPLETE,"[CALLBACK_FRAME_RESTORE_COMPLETE] seq=78 restored_r9=0x0 ok=1 frame_token=335010620189 run_id=p17_hit1_20260801_144222_15364 evidence=OBSERVED"
1840,3525,SCHEDULER_NATURAL_CALLBACK,"[SCHEDULER_NATURAL_CALLBACK] owner_module=robotol.ext source=PLATFORM_TIMER forced=no handler=0x30631D ret=0 guest_entered=yes run_id=p17_hit1_20260801_144222_15364 evidence=OBSERVED"
1841,3526,JJFB_LIFECYCLE,"[JJFB_LIFECYCLE] op=FIRE_DONE tick=78 ok=1 end=stop_at_base pc_after=0x80000 r0_after=0x0 r9_after=0x2B1868 sp_after=0x280000 uc_err=0 detail=- evidence=OBSERVED"
1842,3527,PLATFORM_TIMER,"[PLATFORM_TIMER] op=FIRE_DONE ret=0 evidence=DOCUMENTED"
1843,3528,PLATFORM_TIMER,"[PLATFORM_TIMER] op=FIRE_DONE via=host_loop evidence=DOCUMENTED"
1844,3529,PLATFORM_TIMER,"[PLATFORM_TIMER] op=FIRE_CB interval=50 evidence=DOCUMENTED"
1845,3530,PLATFORM_TIMER,"[PLATFORM_TIMER] op=FIRE_DUE via=host_loop evidence=DOCUMENTED"
1846,3531,PLATFORM_TIMER,"[PLATFORM_TIMER] op=FIRE_ENTER evidence=DOCUMENTED"
1847,3532,PLATFORM_TIMER,"[PLATFORM_TIMER] op=FIRE_LOCKED evidence=DOCUMENTED"
1848,3534,JJFB_LIFECYCLE,"[JJFB_LIFECYCLE] op=FIRE tick=79 handler=0x30631D r0=0 r1=0 r9=0x2B1868 owner=robotol.ext evidence=CROSS_TARGET+docs/06"
1849,3536,CALLBACK_FRAME_ENTER,"[CALLBACK_FRAME_ENTER] seq=79 frame_token=339305587485 handler=0x30631D r9=0x2B1868 stop_sentinel=0x80000 run_id=p17_hit1_20260801_144222_15364 evidence=OBSERVED"
1850,3545,GUEST_INDIRECT_CALL,"[GUEST_INDIRECT_CALL] module_id=3 pc=0x30667A target=0x304569 arg0=0x1E209 arg1=0x9"
1851,3546,PLATFORM_FAMILY_EVENT,"[PLATFORM_FAMILY_EVENT] op=SUPPRESS event=0x1E209 app=0x9 note=ffp_identity evidence=OBSERVED"
1852,3547,PLATFORM_FAMILY_EVENT,"[PLATFORM_FAMILY_EVENT] op=DEFER_DRAIN_TO_MAP_REDIRECT event=0x1E209 app=0x9 note=avoid_nested_emu_inside_map_func evidence=OBSERVED"
1853,3548,JJFB_EXTCHUNK_SLOT_CALL,"[JJFB_EXTCHUNK_SLOT_CALL] off=0x28 pc=0x280058 r0=0x1E209 r1=0x9 r2=0x0 r3=0x0 r4=0x1E209 ret=0x0 evidence=TARGET_OBSERVED"
1854,3549,GUEST_INDIRECT_CALL,"[GUEST_INDIRECT_CALL] module_id=3 pc=0x306762 target=0x2F9975 arg0=0x0 arg1=0x0"
1855,3553,CALLBACK_FRAME_RESTORE_BEGIN,"[CALLBACK_FRAME_RESTORE_BEGIN] seq=79 saved_r9=0x0 frame_token=339305587485 run_id=p17_hit1_20260801_144222_15364 evidence=OBSERVED"
1856,3555,CALLBACK_FRAME_RESTORE_COMPLETE,"[CALLBACK_FRAME_RESTORE_COMPLETE] seq=79 restored_r9=0x0 ok=1 frame_token=339305587485 run_id=p17_hit1_20260801_144222_15364 evidence=OBSERVED"
1857,3557,SCHEDULER_NATURAL_CALLBACK,"[SCHEDULER_NATURAL_CALLBACK] owner_module=robotol.ext source=PLATFORM_TIMER forced=no handler=0x30631D ret=0 guest_entered=yes run_id=p17_hit1_20260801_144222_15364 evidence=OBSERVED"
1858,3558,JJFB_LIFECYCLE,"[JJFB_LIFECYCLE] op=FIRE_DONE tick=79 ok=1 end=stop_at_base pc_after=0x80000 r0_after=0x0 r9_after=0x2B1868 sp_after=0x280000 uc_err=0 detail=- evidence=OBSERVED"
1859,3559,PLATFORM_TIMER,"[PLATFORM_TIMER] op=FIRE_DONE ret=0 evidence=DOCUMENTED"
1860,3560,PLATFORM_TIMER,"[PLATFORM_TIMER] op=FIRE_DONE via=host_loop evidence=DOCUMENTED"
1861,3561,PLATFORM_TIMER,"[PLATFORM_TIMER] op=FIRE_CB interval=50 evidence=DOCUMENTED"
1862,3562,PLATFORM_TIMER,"[PLATFORM_TIMER] op=FIRE_DUE via=host_loop evidence=DOCUMENTED"
1863,3563,PLATFORM_TIMER,"[PLATFORM_TIMER] op=FIRE_ENTER evidence=DOCUMENTED"
1864,3564,PLATFORM_TIMER,"[PLATFORM_TIMER] op=FIRE_LOCKED evidence=DOCUMENTED"
1865,3566,JJFB_LIFECYCLE,"[JJFB_LIFECYCLE] op=FIRE tick=80 handler=0x30631D r0=0 r1=0 r9=0x2B1868 owner=robotol.ext evidence=CROSS_TARGET+docs/06"
1866,3568,CALLBACK_FRAME_ENTER,"[CALLBACK_FRAME_ENTER] seq=80 frame_token=343600554781 handler=0x30631D r9=0x2B1868 stop_sentinel=0x80000 run_id=p17_hit1_20260801_144222_15364 evidence=OBSERVED"
1867,3577,GUEST_INDIRECT_CALL,"[GUEST_INDIRECT_CALL] module_id=3 pc=0x30667A target=0x304569 arg0=0x1E209 arg1=0x9"
1868,3578,PLATFORM_FAMILY_EVENT,"[PLATFORM_FAMILY_EVENT] op=SUPPRESS event=0x1E209 app=0x9 note=ffp_identity evidence=OBSERVED"
1869,3579,PLATFORM_FAMILY_EVENT,"[PLATFORM_FAMILY_EVENT] op=DEFER_DRAIN_TO_MAP_REDIRECT event=0x1E209 app=0x9 note=avoid_nested_emu_inside_map_func evidence=OBSERVED"
1870,3580,JJFB_EXTCHUNK_SLOT_CALL,"[JJFB_EXTCHUNK_SLOT_CALL] off=0x28 pc=0x280058 r0=0x1E209 r1=0x9 r2=0x0 r3=0x0 r4=0x1E209 ret=0x0 evidence=TARGET_OBSERVED"
1871,3581,GUEST_INDIRECT_CALL,"[GUEST_INDIRECT_CALL] module_id=3 pc=0x306762 target=0x2F9975 arg0=0x0 arg1=0x0"
1872,3585,CALLBACK_FRAME_RESTORE_BEGIN,"[CALLBACK_FRAME_RESTORE_BEGIN] seq=80 saved_r9=0x0 frame_token=343600554781 run_id=p17_hit1_20260801_144222_15364 evidence=OBSERVED"
1873,3587,CALLBACK_FRAME_RESTORE_COMPLETE,"[CALLBACK_FRAME_RESTORE_COMPLETE] seq=80 restored_r9=0x0 ok=1 frame_token=343600554781 run_id=p17_hit1_20260801_144222_15364 evidence=OBSERVED"
1874,3589,SCHEDULER_NATURAL_CALLBACK,"[SCHEDULER_NATURAL_CALLBACK] owner_module=robotol.ext source=PLATFORM_TIMER forced=no handler=0x30631D ret=0 guest_entered=yes run_id=p17_hit1_20260801_144222_15364 evidence=OBSERVED"
1875,3590,JJFB_LIFECYCLE,"[JJFB_LIFECYCLE] op=FIRE_DONE tick=80 ok=1 end=stop_at_base pc_after=0x80000 r0_after=0x0 r9_after=0x2B1868 sp_after=0x280000 uc_err=0 detail=- evidence=OBSERVED"
1876,3591,TIMER_CADENCE_VERDICT,"[TIMER_CADENCE_VERDICT] verdict=TIMER_CADENCE_VALID deliveries=80 duplicates=0 max_outstanding=1 run_id=p17_hit1_20260801_144222_15364 evidence=OBSERVED"
1877,3592,PLATFORM_TIMER,"[PLATFORM_TIMER] op=FIRE_DONE ret=0 evidence=DOCUMENTED"
1878,3593,PLATFORM_TIMER,"[PLATFORM_TIMER] op=FIRE_DONE via=host_loop evidence=DOCUMENTED"
1879,3594,PLATFORM_TIMER,"[PLATFORM_TIMER] op=FIRE_CB interval=50 evidence=DOCUMENTED"
1880,3595,PLATFORM_TIMER,"[PLATFORM_TIMER] op=FIRE_DUE via=host_loop evidence=DOCUMENTED"
1881,3596,PLATFORM_TIMER,"[PLATFORM_TIMER] op=FIRE_ENTER evidence=DOCUMENTED"
1882,3597,PLATFORM_TIMER,"[PLATFORM_TIMER] op=FIRE_LOCKED evidence=DOCUMENTED"
1883,3599,JJFB_LIFECYCLE,"[JJFB_LIFECYCLE] op=FIRE tick=81 handler=0x30631D r0=0 r1=0 r9=0x2B1868 owner=robotol.ext evidence=CROSS_TARGET+docs/06"
1884,3601,CALLBACK_FRAME_ENTER,"[CALLBACK_FRAME_ENTER] seq=81 frame_token=347895522077 handler=0x30631D r9=0x2B1868 stop_sentinel=0x80000 run_id=p17_hit1_20260801_144222_15364 evidence=OBSERVED"
1885,3610,GUEST_INDIRECT_CALL,"[GUEST_INDIRECT_CALL] module_id=3 pc=0x30667A target=0x304569 arg0=0x1E209 arg1=0x9"
1886,3611,PLATFORM_FAMILY_EVENT,"[PLATFORM_FAMILY_EVENT] op=SUPPRESS event=0x1E209 app=0x9 note=ffp_identity evidence=OBSERVED"
1887,3612,PLATFORM_FAMILY_EVENT,"[PLATFORM_FAMILY_EVENT] op=DEFER_DRAIN_TO_MAP_REDIRECT event=0x1E209 app=0x9 note=avoid_nested_emu_inside_map_func evidence=OBSERVED"
1888,3613,JJFB_EXTCHUNK_SLOT_CALL,"[JJFB_EXTCHUNK_SLOT_CALL] off=0x28 pc=0x280058 r0=0x1E209 r1=0x9 r2=0x0 r3=0x0 r4=0x1E209 ret=0x0 evidence=TARGET_OBSERVED"
1889,3614,GUEST_INDIRECT_CALL,"[GUEST_INDIRECT_CALL] module_id=3 pc=0x306762 target=0x2F9975 arg0=0x0 arg1=0x0"
1890,3618,CALLBACK_FRAME_RESTORE_BEGIN,"[CALLBACK_FRAME_RESTORE_BEGIN] seq=81 saved_r9=0x0 frame_token=347895522077 run_id=p17_hit1_20260801_144222_15364 evidence=OBSERVED"
1891,3620,CALLBACK_FRAME_RESTORE_COMPLETE,"[CALLBACK_FRAME_RESTORE_COMPLETE] seq=81 restored_r9=0x0 ok=1 frame_token=347895522077 run_id=p17_hit1_20260801_144222_15364 evidence=OBSERVED"
1892,3622,SCHEDULER_NATURAL_CALLBACK,"[SCHEDULER_NATURAL_CALLBACK] owner_module=robotol.ext source=PLATFORM_TIMER forced=no handler=0x30631D ret=0 guest_entered=yes run_id=p17_hit1_20260801_144222_15364 evidence=OBSERVED"
1893,3623,JJFB_LIFECYCLE,"[JJFB_LIFECYCLE] op=FIRE_DONE tick=81 ok=1 end=stop_at_base pc_after=0x80000 r0_after=0x0 r9_after=0x2B1868 sp_after=0x280000 uc_err=0 detail=- evidence=OBSERVED"
1894,3624,PLATFORM_TIMER,"[PLATFORM_TIMER] op=FIRE_DONE ret=0 evidence=DOCUMENTED"
1895,3625,PLATFORM_TIMER,"[PLATFORM_TIMER] op=FIRE_DONE via=host_loop evidence=DOCUMENTED"
1896,3626,PLATFORM_TIMER,"[PLATFORM_TIMER] op=FIRE_CB interval=50 evidence=DOCUMENTED"
1897,3627,PLATFORM_TIMER,"[PLATFORM_TIMER] op=FIRE_DUE via=host_loop evidence=DOCUMENTED"
1898,3628,PLATFORM_TIMER,"[PLATFORM_TIMER] op=FIRE_ENTER evidence=DOCUMENTED"
1899,3629,PLATFORM_TIMER,"[PLATFORM_TIMER] op=FIRE_LOCKED evidence=DOCUMENTED"
1900,3631,JJFB_LIFECYCLE,"[JJFB_LIFECYCLE] op=FIRE tick=82 handler=0x30631D r0=0 r1=0 r9=0x2B1868 owner=robotol.ext evidence=CROSS_TARGET+docs/06"
1901,3633,CALLBACK_FRAME_ENTER,"[CALLBACK_FRAME_ENTER] seq=82 frame_token=352190489373 handler=0x30631D r9=0x2B1868 stop_sentinel=0x80000 run_id=p17_hit1_20260801_144222_15364 evidence=OBSERVED"
1902,3642,GUEST_INDIRECT_CALL,"[GUEST_INDIRECT_CALL] module_id=3 pc=0x30667A target=0x304569 arg0=0x1E209 arg1=0x9"
1903,3643,PLATFORM_FAMILY_EVENT,"[PLATFORM_FAMILY_EVENT] op=SUPPRESS event=0x1E209 app=0x9 note=ffp_identity evidence=OBSERVED"
1904,3644,PLATFORM_FAMILY_EVENT,"[PLATFORM_FAMILY_EVENT] op=DEFER_DRAIN_TO_MAP_REDIRECT event=0x1E209 app=0x9 note=avoid_nested_emu_inside_map_func evidence=OBSERVED"
1905,3645,JJFB_EXTCHUNK_SLOT_CALL,"[JJFB_EXTCHUNK_SLOT_CALL] off=0x28 pc=0x280058 r0=0x1E209 r1=0x9 r2=0x0 r3=0x0 r4=0x1E209 ret=0x0 evidence=TARGET_OBSERVED"
1906,3646,GUEST_INDIRECT_CALL,"[GUEST_INDIRECT_CALL] module_id=3 pc=0x306762 target=0x2F9975 arg0=0x0 arg1=0x0"
1907,3650,CALLBACK_FRAME_RESTORE_BEGIN,"[CALLBACK_FRAME_RESTORE_BEGIN] seq=82 saved_r9=0x0 frame_token=352190489373 run_id=p17_hit1_20260801_144222_15364 evidence=OBSERVED"
1908,3652,CALLBACK_FRAME_RESTORE_COMPLETE,"[CALLBACK_FRAME_RESTORE_COMPLETE] seq=82 restored_r9=0x0 ok=1 frame_token=352190489373 run_id=p17_hit1_20260801_144222_15364 evidence=OBSERVED"
1909,3654,SCHEDULER_NATURAL_CALLBACK,"[SCHEDULER_NATURAL_CALLBACK] owner_module=robotol.ext source=PLATFORM_TIMER forced=no handler=0x30631D ret=0 guest_entered=yes run_id=p17_hit1_20260801_144222_15364 evidence=OBSERVED"
1910,3655,JJFB_LIFECYCLE,"[JJFB_LIFECYCLE] op=FIRE_DONE tick=82 ok=1 end=stop_at_base pc_after=0x80000 r0_after=0x0 r9_after=0x2B1868 sp_after=0x280000 uc_err=0 detail=- evidence=OBSERVED"
1911,3656,PLATFORM_TIMER,"[PLATFORM_TIMER] op=FIRE_DONE ret=0 evidence=DOCUMENTED"
1912,3657,PLATFORM_TIMER,"[PLATFORM_TIMER] op=FIRE_DONE via=host_loop evidence=DOCUMENTED"
1913,3658,PLATFORM_TIMER,"[PLATFORM_TIMER] op=FIRE_CB interval=50 evidence=DOCUMENTED"
1914,3659,PLATFORM_TIMER,"[PLATFORM_TIMER] op=FIRE_DUE via=host_loop evidence=DOCUMENTED"
1915,3660,PLATFORM_TIMER,"[PLATFORM_TIMER] op=FIRE_ENTER evidence=DOCUMENTED"
1916,3661,PLATFORM_TIMER,"[PLATFORM_TIMER] op=FIRE_LOCKED evidence=DOCUMENTED"
1917,3663,JJFB_LIFECYCLE,"[JJFB_LIFECYCLE] op=FIRE tick=83 handler=0x30631D r0=0 r1=0 r9=0x2B1868 owner=robotol.ext evidence=CROSS_TARGET+docs/06"
1918,3665,CALLBACK_FRAME_ENTER,"[CALLBACK_FRAME_ENTER] seq=83 frame_token=356485456669 handler=0x30631D r9=0x2B1868 stop_sentinel=0x80000 run_id=p17_hit1_20260801_144222_15364 evidence=OBSERVED"
1919,3674,GUEST_INDIRECT_CALL,"[GUEST_INDIRECT_CALL] module_id=3 pc=0x30667A target=0x304569 arg0=0x1E209 arg1=0x9"
1920,3675,PLATFORM_FAMILY_EVENT,"[PLATFORM_FAMILY_EVENT] op=SUPPRESS event=0x1E209 app=0x9 note=ffp_identity evidence=OBSERVED"
1921,3676,PLATFORM_FAMILY_EVENT,"[PLATFORM_FAMILY_EVENT] op=DEFER_DRAIN_TO_MAP_REDIRECT event=0x1E209 app=0x9 note=avoid_nested_emu_inside_map_func evidence=OBSERVED"
1922,3677,JJFB_EXTCHUNK_SLOT_CALL,"[JJFB_EXTCHUNK_SLOT_CALL] off=0x28 pc=0x280058 r0=0x1E209 r1=0x9 r2=0x0 r3=0x0 r4=0x1E209 ret=0x0 evidence=TARGET_OBSERVED"
1923,3678,GUEST_INDIRECT_CALL,"[GUEST_INDIRECT_CALL] module_id=3 pc=0x306762 target=0x2F9975 arg0=0x0 arg1=0x0"
1924,3682,CALLBACK_FRAME_RESTORE_BEGIN,"[CALLBACK_FRAME_RESTORE_BEGIN] seq=83 saved_r9=0x0 frame_token=356485456669 run_id=p17_hit1_20260801_144222_15364 evidence=OBSERVED"
1925,3684,CALLBACK_FRAME_RESTORE_COMPLETE,"[CALLBACK_FRAME_RESTORE_COMPLETE] seq=83 restored_r9=0x0 ok=1 frame_token=356485456669 run_id=p17_hit1_20260801_144222_15364 evidence=OBSERVED"
1926,3686,SCHEDULER_NATURAL_CALLBACK,"[SCHEDULER_NATURAL_CALLBACK] owner_module=robotol.ext source=PLATFORM_TIMER forced=no handler=0x30631D ret=0 guest_entered=yes run_id=p17_hit1_20260801_144222_15364 evidence=OBSERVED"
1927,3687,JJFB_LIFECYCLE,"[JJFB_LIFECYCLE] op=FIRE_DONE tick=83 ok=1 end=stop_at_base pc_after=0x80000 r0_after=0x0 r9_after=0x2B1868 sp_after=0x280000 uc_err=0 detail=- evidence=OBSERVED"
1928,3688,PLATFORM_TIMER,"[PLATFORM_TIMER] op=FIRE_DONE ret=0 evidence=DOCUMENTED"
1929,3689,PLATFORM_TIMER,"[PLATFORM_TIMER] op=FIRE_DONE via=host_loop evidence=DOCUMENTED"
1930,3690,PLATFORM_TIMER,"[PLATFORM_TIMER] op=FIRE_CB interval=50 evidence=DOCUMENTED"
1931,3691,PLATFORM_TIMER,"[PLATFORM_TIMER] op=FIRE_DUE via=host_loop evidence=DOCUMENTED"
1932,3692,PLATFORM_TIMER,"[PLATFORM_TIMER] op=FIRE_ENTER evidence=DOCUMENTED"
1933,3693,PLATFORM_TIMER,"[PLATFORM_TIMER] op=FIRE_LOCKED evidence=DOCUMENTED"
1934,3695,JJFB_LIFECYCLE,"[JJFB_LIFECYCLE] op=FIRE tick=84 handler=0x30631D r0=0 r1=0 r9=0x2B1868 owner=robotol.ext evidence=CROSS_TARGET+docs/06"
1935,3697,CALLBACK_FRAME_ENTER,"[CALLBACK_FRAME_ENTER] seq=84 frame_token=360780423965 handler=0x30631D r9=0x2B1868 stop_sentinel=0x80000 run_id=p17_hit1_20260801_144222_15364 evidence=OBSERVED"
1936,3706,GUEST_INDIRECT_CALL,"[GUEST_INDIRECT_CALL] module_id=3 pc=0x30667A target=0x304569 arg0=0x1E209 arg1=0x9"
1937,3707,PLATFORM_FAMILY_EVENT,"[PLATFORM_FAMILY_EVENT] op=SUPPRESS event=0x1E209 app=0x9 note=ffp_identity evidence=OBSERVED"
1938,3708,PLATFORM_FAMILY_EVENT,"[PLATFORM_FAMILY_EVENT] op=DEFER_DRAIN_TO_MAP_REDIRECT event=0x1E209 app=0x9 note=avoid_nested_emu_inside_map_func evidence=OBSERVED"
1939,3709,JJFB_EXTCHUNK_SLOT_CALL,"[JJFB_EXTCHUNK_SLOT_CALL] off=0x28 pc=0x280058 r0=0x1E209 r1=0x9 r2=0x0 r3=0x0 r4=0x1E209 ret=0x0 evidence=TARGET_OBSERVED"
1940,3710,GUEST_INDIRECT_CALL,"[GUEST_INDIRECT_CALL] module_id=3 pc=0x306762 target=0x2F9975 arg0=0x0 arg1=0x0"
1941,3714,CALLBACK_FRAME_RESTORE_BEGIN,"[CALLBACK_FRAME_RESTORE_BEGIN] seq=84 saved_r9=0x0 frame_token=360780423965 run_id=p17_hit1_20260801_144222_15364 evidence=OBSERVED"
1942,3716,CALLBACK_FRAME_RESTORE_COMPLETE,"[CALLBACK_FRAME_RESTORE_COMPLETE] seq=84 restored_r9=0x0 ok=1 frame_token=360780423965 run_id=p17_hit1_20260801_144222_15364 evidence=OBSERVED"
1943,3718,SCHEDULER_NATURAL_CALLBACK,"[SCHEDULER_NATURAL_CALLBACK] owner_module=robotol.ext source=PLATFORM_TIMER forced=no handler=0x30631D ret=0 guest_entered=yes run_id=p17_hit1_20260801_144222_15364 evidence=OBSERVED"
1944,3719,JJFB_LIFECYCLE,"[JJFB_LIFECYCLE] op=FIRE_DONE tick=84 ok=1 end=stop_at_base pc_after=0x80000 r0_after=0x0 r9_after=0x2B1868 sp_after=0x280000 uc_err=0 detail=- evidence=OBSERVED"
1945,3720,PLATFORM_TIMER,"[PLATFORM_TIMER] op=FIRE_DONE ret=0 evidence=DOCUMENTED"
1946,3721,PLATFORM_TIMER,"[PLATFORM_TIMER] op=FIRE_DONE via=host_loop evidence=DOCUMENTED"
1947,3722,PLATFORM_TIMER,"[PLATFORM_TIMER] op=FIRE_CB interval=50 evidence=DOCUMENTED"
1948,3723,PLATFORM_TIMER,"[PLATFORM_TIMER] op=FIRE_DUE via=host_loop evidence=DOCUMENTED"
1949,3724,PLATFORM_TIMER,"[PLATFORM_TIMER] op=FIRE_ENTER evidence=DOCUMENTED"
1950,3725,PLATFORM_TIMER,"[PLATFORM_TIMER] op=FIRE_LOCKED evidence=DOCUMENTED"
1951,3727,JJFB_LIFECYCLE,"[JJFB_LIFECYCLE] op=FIRE tick=85 handler=0x30631D r0=0 r1=0 r9=0x2B1868 owner=robotol.ext evidence=CROSS_TARGET+docs/06"
1952,3729,CALLBACK_FRAME_ENTER,"[CALLBACK_FRAME_ENTER] seq=85 frame_token=365075391261 handler=0x30631D r9=0x2B1868 stop_sentinel=0x80000 run_id=p17_hit1_20260801_144222_15364 evidence=OBSERVED"
1953,3738,GUEST_INDIRECT_CALL,"[GUEST_INDIRECT_CALL] module_id=3 pc=0x30667A target=0x304569 arg0=0x1E209 arg1=0x9"
1954,3739,PLATFORM_FAMILY_EVENT,"[PLATFORM_FAMILY_EVENT] op=SUPPRESS event=0x1E209 app=0x9 note=ffp_identity evidence=OBSERVED"
1955,3740,PLATFORM_FAMILY_EVENT,"[PLATFORM_FAMILY_EVENT] op=DEFER_DRAIN_TO_MAP_REDIRECT event=0x1E209 app=0x9 note=avoid_nested_emu_inside_map_func evidence=OBSERVED"
1956,3741,JJFB_EXTCHUNK_SLOT_CALL,"[JJFB_EXTCHUNK_SLOT_CALL] off=0x28 pc=0x280058 r0=0x1E209 r1=0x9 r2=0x0 r3=0x0 r4=0x1E209 ret=0x0 evidence=TARGET_OBSERVED"
1957,3742,GUEST_INDIRECT_CALL,"[GUEST_INDIRECT_CALL] module_id=3 pc=0x306762 target=0x2F9975 arg0=0x0 arg1=0x0"
1958,3746,CALLBACK_FRAME_RESTORE_BEGIN,"[CALLBACK_FRAME_RESTORE_BEGIN] seq=85 saved_r9=0x0 frame_token=365075391261 run_id=p17_hit1_20260801_144222_15364 evidence=OBSERVED"
1959,3748,CALLBACK_FRAME_RESTORE_COMPLETE,"[CALLBACK_FRAME_RESTORE_COMPLETE] seq=85 restored_r9=0x0 ok=1 frame_token=365075391261 run_id=p17_hit1_20260801_144222_15364 evidence=OBSERVED"
1960,3750,SCHEDULER_NATURAL_CALLBACK,"[SCHEDULER_NATURAL_CALLBACK] owner_module=robotol.ext source=PLATFORM_TIMER forced=no handler=0x30631D ret=0 guest_entered=yes run_id=p17_hit1_20260801_144222_15364 evidence=OBSERVED"
1961,3751,JJFB_LIFECYCLE,"[JJFB_LIFECYCLE] op=FIRE_DONE tick=85 ok=1 end=stop_at_base pc_after=0x80000 r0_after=0x0 r9_after=0x2B1868 sp_after=0x280000 uc_err=0 detail=- evidence=OBSERVED"
1962,3752,PLATFORM_TIMER,"[PLATFORM_TIMER] op=FIRE_DONE ret=0 evidence=DOCUMENTED"
1963,3753,PLATFORM_TIMER,"[PLATFORM_TIMER] op=FIRE_DONE via=host_loop evidence=DOCUMENTED"
1964,3754,PLATFORM_TIMER,"[PLATFORM_TIMER] op=FIRE_CB interval=50 evidence=DOCUMENTED"
1965,3755,PLATFORM_TIMER,"[PLATFORM_TIMER] op=FIRE_DUE via=host_loop evidence=DOCUMENTED"
1966,3756,PLATFORM_TIMER,"[PLATFORM_TIMER] op=FIRE_ENTER evidence=DOCUMENTED"
1967,3757,PLATFORM_TIMER,"[PLATFORM_TIMER] op=FIRE_LOCKED evidence=DOCUMENTED"
1968,3759,JJFB_LIFECYCLE,"[JJFB_LIFECYCLE] op=FIRE tick=86 handler=0x30631D r0=0 r1=0 r9=0x2B1868 owner=robotol.ext evidence=CROSS_TARGET+docs/06"
1969,3761,CALLBACK_FRAME_ENTER,"[CALLBACK_FRAME_ENTER] seq=86 frame_token=369370358557 handler=0x30631D r9=0x2B1868 stop_sentinel=0x80000 run_id=p17_hit1_20260801_144222_15364 evidence=OBSERVED"
1970,3770,GUEST_INDIRECT_CALL,"[GUEST_INDIRECT_CALL] module_id=3 pc=0x30667A target=0x304569 arg0=0x1E209 arg1=0x9"
1971,3771,PLATFORM_FAMILY_EVENT,"[PLATFORM_FAMILY_EVENT] op=SUPPRESS event=0x1E209 app=0x9 note=ffp_identity evidence=OBSERVED"
1972,3772,PLATFORM_FAMILY_EVENT,"[PLATFORM_FAMILY_EVENT] op=DEFER_DRAIN_TO_MAP_REDIRECT event=0x1E209 app=0x9 note=avoid_nested_emu_inside_map_func evidence=OBSERVED"
1973,3773,JJFB_EXTCHUNK_SLOT_CALL,"[JJFB_EXTCHUNK_SLOT_CALL] off=0x28 pc=0x280058 r0=0x1E209 r1=0x9 r2=0x0 r3=0x0 r4=0x1E209 ret=0x0 evidence=TARGET_OBSERVED"
1974,3774,GUEST_INDIRECT_CALL,"[GUEST_INDIRECT_CALL] module_id=3 pc=0x306762 target=0x2F9975 arg0=0x0 arg1=0x0"
1975,3778,CALLBACK_FRAME_RESTORE_BEGIN,"[CALLBACK_FRAME_RESTORE_BEGIN] seq=86 saved_r9=0x0 frame_token=369370358557 run_id=p17_hit1_20260801_144222_15364 evidence=OBSERVED"
1976,3780,CALLBACK_FRAME_RESTORE_COMPLETE,"[CALLBACK_FRAME_RESTORE_COMPLETE] seq=86 restored_r9=0x0 ok=1 frame_token=369370358557 run_id=p17_hit1_20260801_144222_15364 evidence=OBSERVED"
1977,3782,SCHEDULER_NATURAL_CALLBACK,"[SCHEDULER_NATURAL_CALLBACK] owner_module=robotol.ext source=PLATFORM_TIMER forced=no handler=0x30631D ret=0 guest_entered=yes run_id=p17_hit1_20260801_144222_15364 evidence=OBSERVED"
1978,3783,JJFB_LIFECYCLE,"[JJFB_LIFECYCLE] op=FIRE_DONE tick=86 ok=1 end=stop_at_base pc_after=0x80000 r0_after=0x0 r9_after=0x2B1868 sp_after=0x280000 uc_err=0 detail=- evidence=OBSERVED"
1979,3784,PLATFORM_TIMER,"[PLATFORM_TIMER] op=FIRE_DONE ret=0 evidence=DOCUMENTED"
1980,3785,PLATFORM_TIMER,"[PLATFORM_TIMER] op=FIRE_DONE via=host_loop evidence=DOCUMENTED"
1981,3786,PLATFORM_TIMER,"[PLATFORM_TIMER] op=FIRE_CB interval=50 evidence=DOCUMENTED"
1982,3787,PLATFORM_TIMER,"[PLATFORM_TIMER] op=FIRE_DUE via=host_loop evidence=DOCUMENTED"
1983,3788,PLATFORM_TIMER,"[PLATFORM_TIMER] op=FIRE_ENTER evidence=DOCUMENTED"
1984,3789,PLATFORM_TIMER,"[PLATFORM_TIMER] op=FIRE_LOCKED evidence=DOCUMENTED"
1985,3791,JJFB_LIFECYCLE,"[JJFB_LIFECYCLE] op=FIRE tick=87 handler=0x30631D r0=0 r1=0 r9=0x2B1868 owner=robotol.ext evidence=CROSS_TARGET+docs/06"
1986,3793,CALLBACK_FRAME_ENTER,"[CALLBACK_FRAME_ENTER] seq=87 frame_token=373665325853 handler=0x30631D r9=0x2B1868 stop_sentinel=0x80000 run_id=p17_hit1_20260801_144222_15364 evidence=OBSERVED"
1987,3802,GUEST_INDIRECT_CALL,"[GUEST_INDIRECT_CALL] module_id=3 pc=0x30667A target=0x304569 arg0=0x1E209 arg1=0x9"
1988,3803,PLATFORM_FAMILY_EVENT,"[PLATFORM_FAMILY_EVENT] op=SUPPRESS event=0x1E209 app=0x9 note=ffp_identity evidence=OBSERVED"
1989,3804,PLATFORM_FAMILY_EVENT,"[PLATFORM_FAMILY_EVENT] op=DEFER_DRAIN_TO_MAP_REDIRECT event=0x1E209 app=0x9 note=avoid_nested_emu_inside_map_func evidence=OBSERVED"
1990,3805,JJFB_EXTCHUNK_SLOT_CALL,"[JJFB_EXTCHUNK_SLOT_CALL] off=0x28 pc=0x280058 r0=0x1E209 r1=0x9 r2=0x0 r3=0x0 r4=0x1E209 ret=0x0 evidence=TARGET_OBSERVED"
1991,3806,GUEST_INDIRECT_CALL,"[GUEST_INDIRECT_CALL] module_id=3 pc=0x306762 target=0x2F9975 arg0=0x0 arg1=0x0"
1992,3810,CALLBACK_FRAME_RESTORE_BEGIN,"[CALLBACK_FRAME_RESTORE_BEGIN] seq=87 saved_r9=0x0 frame_token=373665325853 run_id=p17_hit1_20260801_144222_15364 evidence=OBSERVED"
1993,3812,CALLBACK_FRAME_RESTORE_COMPLETE,"[CALLBACK_FRAME_RESTORE_COMPLETE] seq=87 restored_r9=0x0 ok=1 frame_token=373665325853 run_id=p17_hit1_20260801_144222_15364 evidence=OBSERVED"
1994,3814,SCHEDULER_NATURAL_CALLBACK,"[SCHEDULER_NATURAL_CALLBACK] owner_module=robotol.ext source=PLATFORM_TIMER forced=no handler=0x30631D ret=0 guest_entered=yes run_id=p17_hit1_20260801_144222_15364 evidence=OBSERVED"
1995,3815,JJFB_LIFECYCLE,"[JJFB_LIFECYCLE] op=FIRE_DONE tick=87 ok=1 end=stop_at_base pc_after=0x80000 r0_after=0x0 r9_after=0x2B1868 sp_after=0x280000 uc_err=0 detail=- evidence=OBSERVED"
1996,3816,PLATFORM_TIMER,"[PLATFORM_TIMER] op=FIRE_DONE ret=0 evidence=DOCUMENTED"
1997,3817,PLATFORM_TIMER,"[PLATFORM_TIMER] op=FIRE_DONE via=host_loop evidence=DOCUMENTED"
1998,3818,PLATFORM_TIMER,"[PLATFORM_TIMER] op=FIRE_CB interval=50 evidence=DOCUMENTED"
1999,3819,PLATFORM_TIMER,"[PLATFORM_TIMER] op=FIRE_DUE via=host_loop evidence=DOCUMENTED"
2000,3820,PLATFORM_TIMER,"[PLATFORM_TIMER] op=FIRE_ENTER evidence=DOCUMENTED"
2001,3821,PLATFORM_TIMER,"[PLATFORM_TIMER] op=FIRE_LOCKED evidence=DOCUMENTED"
2002,3823,JJFB_LIFECYCLE,"[JJFB_LIFECYCLE] op=FIRE tick=88 handler=0x30631D r0=0 r1=0 r9=0x2B1868 owner=robotol.ext evidence=CROSS_TARGET+docs/06"
2003,3825,CALLBACK_FRAME_ENTER,"[CALLBACK_FRAME_ENTER] seq=88 frame_token=377960293149 handler=0x30631D r9=0x2B1868 stop_sentinel=0x80000 run_id=p17_hit1_20260801_144222_15364 evidence=OBSERVED"
2004,3834,GUEST_INDIRECT_CALL,"[GUEST_INDIRECT_CALL] module_id=3 pc=0x30667A target=0x304569 arg0=0x1E209 arg1=0x9"
2005,3835,PLATFORM_FAMILY_EVENT,"[PLATFORM_FAMILY_EVENT] op=SUPPRESS event=0x1E209 app=0x9 note=ffp_identity evidence=OBSERVED"
2006,3836,PLATFORM_FAMILY_EVENT,"[PLATFORM_FAMILY_EVENT] op=DEFER_DRAIN_TO_MAP_REDIRECT event=0x1E209 app=0x9 note=avoid_nested_emu_inside_map_func evidence=OBSERVED"
2007,3837,JJFB_EXTCHUNK_SLOT_CALL,"[JJFB_EXTCHUNK_SLOT_CALL] off=0x28 pc=0x280058 r0=0x1E209 r1=0x9 r2=0x0 r3=0x0 r4=0x1E209 ret=0x0 evidence=TARGET_OBSERVED"
2008,3838,GUEST_INDIRECT_CALL,"[GUEST_INDIRECT_CALL] module_id=3 pc=0x306762 target=0x2F9975 arg0=0x0 arg1=0x0"
2009,3842,CALLBACK_FRAME_RESTORE_BEGIN,"[CALLBACK_FRAME_RESTORE_BEGIN] seq=88 saved_r9=0x0 frame_token=377960293149 run_id=p17_hit1_20260801_144222_15364 evidence=OBSERVED"
2010,3844,CALLBACK_FRAME_RESTORE_COMPLETE,"[CALLBACK_FRAME_RESTORE_COMPLETE] seq=88 restored_r9=0x0 ok=1 frame_token=377960293149 run_id=p17_hit1_20260801_144222_15364 evidence=OBSERVED"
2011,3846,SCHEDULER_NATURAL_CALLBACK,"[SCHEDULER_NATURAL_CALLBACK] owner_module=robotol.ext source=PLATFORM_TIMER forced=no handler=0x30631D ret=0 guest_entered=yes run_id=p17_hit1_20260801_144222_15364 evidence=OBSERVED"
2012,3847,JJFB_LIFECYCLE,"[JJFB_LIFECYCLE] op=FIRE_DONE tick=88 ok=1 end=stop_at_base pc_after=0x80000 r0_after=0x0 r9_after=0x2B1868 sp_after=0x280000 uc_err=0 detail=- evidence=OBSERVED"
2013,3848,PLATFORM_TIMER,"[PLATFORM_TIMER] op=FIRE_DONE ret=0 evidence=DOCUMENTED"
2014,3849,PLATFORM_TIMER,"[PLATFORM_TIMER] op=FIRE_DONE via=host_loop evidence=DOCUMENTED"
2015,3850,PLATFORM_TIMER,"[PLATFORM_TIMER] op=FIRE_CB interval=50 evidence=DOCUMENTED"
2016,3851,PLATFORM_TIMER,"[PLATFORM_TIMER] op=FIRE_DUE via=host_loop evidence=DOCUMENTED"
2017,3852,PLATFORM_TIMER,"[PLATFORM_TIMER] op=FIRE_ENTER evidence=DOCUMENTED"
2018,3853,PLATFORM_TIMER,"[PLATFORM_TIMER] op=FIRE_LOCKED evidence=DOCUMENTED"
2019,3855,JJFB_LIFECYCLE,"[JJFB_LIFECYCLE] op=FIRE tick=89 handler=0x30631D r0=0 r1=0 r9=0x2B1868 owner=robotol.ext evidence=CROSS_TARGET+docs/06"
2020,3857,CALLBACK_FRAME_ENTER,"[CALLBACK_FRAME_ENTER] seq=89 frame_token=382255260445 handler=0x30631D r9=0x2B1868 stop_sentinel=0x80000 run_id=p17_hit1_20260801_144222_15364 evidence=OBSERVED"
2021,3866,GUEST_INDIRECT_CALL,"[GUEST_INDIRECT_CALL] module_id=3 pc=0x30667A target=0x304569 arg0=0x1E209 arg1=0x9"
2022,3867,PLATFORM_FAMILY_EVENT,"[PLATFORM_FAMILY_EVENT] op=SUPPRESS event=0x1E209 app=0x9 note=ffp_identity evidence=OBSERVED"
2023,3868,PLATFORM_FAMILY_EVENT,"[PLATFORM_FAMILY_EVENT] op=DEFER_DRAIN_TO_MAP_REDIRECT event=0x1E209 app=0x9 note=avoid_nested_emu_inside_map_func evidence=OBSERVED"
2024,3869,JJFB_EXTCHUNK_SLOT_CALL,"[JJFB_EXTCHUNK_SLOT_CALL] off=0x28 pc=0x280058 r0=0x1E209 r1=0x9 r2=0x0 r3=0x0 r4=0x1E209 ret=0x0 evidence=TARGET_OBSERVED"
2025,3870,GUEST_INDIRECT_CALL,"[GUEST_INDIRECT_CALL] module_id=3 pc=0x306762 target=0x2F9975 arg0=0x0 arg1=0x0"
2026,3874,CALLBACK_FRAME_RESTORE_BEGIN,"[CALLBACK_FRAME_RESTORE_BEGIN] seq=89 saved_r9=0x0 frame_token=382255260445 run_id=p17_hit1_20260801_144222_15364 evidence=OBSERVED"
2027,3876,CALLBACK_FRAME_RESTORE_COMPLETE,"[CALLBACK_FRAME_RESTORE_COMPLETE] seq=89 restored_r9=0x0 ok=1 frame_token=382255260445 run_id=p17_hit1_20260801_144222_15364 evidence=OBSERVED"
2028,3878,SCHEDULER_NATURAL_CALLBACK,"[SCHEDULER_NATURAL_CALLBACK] owner_module=robotol.ext source=PLATFORM_TIMER forced=no handler=0x30631D ret=0 guest_entered=yes run_id=p17_hit1_20260801_144222_15364 evidence=OBSERVED"
2029,3879,JJFB_LIFECYCLE,"[JJFB_LIFECYCLE] op=FIRE_DONE tick=89 ok=1 end=stop_at_base pc_after=0x80000 r0_after=0x0 r9_after=0x2B1868 sp_after=0x280000 uc_err=0 detail=- evidence=OBSERVED"
2030,3880,PLATFORM_TIMER,"[PLATFORM_TIMER] op=FIRE_DONE ret=0 evidence=DOCUMENTED"
2031,3881,PLATFORM_TIMER,"[PLATFORM_TIMER] op=FIRE_DONE via=host_loop evidence=DOCUMENTED"
2032,3882,PLATFORM_TIMER,"[PLATFORM_TIMER] op=FIRE_CB interval=50 evidence=DOCUMENTED"
2033,3883,PLATFORM_TIMER,"[PLATFORM_TIMER] op=FIRE_DUE via=host_loop evidence=DOCUMENTED"
2034,3884,PLATFORM_TIMER,"[PLATFORM_TIMER] op=FIRE_ENTER evidence=DOCUMENTED"
2035,3885,PLATFORM_TIMER,"[PLATFORM_TIMER] op=FIRE_LOCKED evidence=DOCUMENTED"
2036,3887,JJFB_LIFECYCLE,"[JJFB_LIFECYCLE] op=FIRE tick=90 handler=0x30631D r0=0 r1=0 r9=0x2B1868 owner=robotol.ext evidence=CROSS_TARGET+docs/06"
2037,3889,CALLBACK_FRAME_ENTER,"[CALLBACK_FRAME_ENTER] seq=90 frame_token=386550227741 handler=0x30631D r9=0x2B1868 stop_sentinel=0x80000 run_id=p17_hit1_20260801_144222_15364 evidence=OBSERVED"
2038,3898,GUEST_INDIRECT_CALL,"[GUEST_INDIRECT_CALL] module_id=3 pc=0x30667A target=0x304569 arg0=0x1E209 arg1=0x9"
2039,3899,PLATFORM_FAMILY_EVENT,"[PLATFORM_FAMILY_EVENT] op=SUPPRESS event=0x1E209 app=0x9 note=ffp_identity evidence=OBSERVED"
2040,3900,PLATFORM_FAMILY_EVENT,"[PLATFORM_FAMILY_EVENT] op=DEFER_DRAIN_TO_MAP_REDIRECT event=0x1E209 app=0x9 note=avoid_nested_emu_inside_map_func evidence=OBSERVED"
2041,3901,JJFB_EXTCHUNK_SLOT_CALL,"[JJFB_EXTCHUNK_SLOT_CALL] off=0x28 pc=0x280058 r0=0x1E209 r1=0x9 r2=0x0 r3=0x0 r4=0x1E209 ret=0x0 evidence=TARGET_OBSERVED"
2042,3902,GUEST_INDIRECT_CALL,"[GUEST_INDIRECT_CALL] module_id=3 pc=0x306762 target=0x2F9975 arg0=0x0 arg1=0x0"
2043,3906,CALLBACK_FRAME_RESTORE_BEGIN,"[CALLBACK_FRAME_RESTORE_BEGIN] seq=90 saved_r9=0x0 frame_token=386550227741 run_id=p17_hit1_20260801_144222_15364 evidence=OBSERVED"
2044,3908,CALLBACK_FRAME_RESTORE_COMPLETE,"[CALLBACK_FRAME_RESTORE_COMPLETE] seq=90 restored_r9=0x0 ok=1 frame_token=386550227741 run_id=p17_hit1_20260801_144222_15364 evidence=OBSERVED"
2045,3910,SCHEDULER_NATURAL_CALLBACK,"[SCHEDULER_NATURAL_CALLBACK] owner_module=robotol.ext source=PLATFORM_TIMER forced=no handler=0x30631D ret=0 guest_entered=yes run_id=p17_hit1_20260801_144222_15364 evidence=OBSERVED"
2046,3911,JJFB_LIFECYCLE,"[JJFB_LIFECYCLE] op=FIRE_DONE tick=90 ok=1 end=stop_at_base pc_after=0x80000 r0_after=0x0 r9_after=0x2B1868 sp_after=0x280000 uc_err=0 detail=- evidence=OBSERVED"
2047,3912,TIMER_CADENCE_VERDICT,"[TIMER_CADENCE_VERDICT] verdict=TIMER_CADENCE_VALID deliveries=90 duplicates=0 max_outstanding=1 run_id=p17_hit1_20260801_144222_15364 evidence=OBSERVED"
2048,3913,PLATFORM_TIMER,"[PLATFORM_TIMER] op=FIRE_DONE ret=0 evidence=DOCUMENTED"
2049,3914,PLATFORM_TIMER,"[PLATFORM_TIMER] op=FIRE_DONE via=host_loop evidence=DOCUMENTED"
2050,3915,PLATFORM_TIMER,"[PLATFORM_TIMER] op=FIRE_CB interval=50 evidence=DOCUMENTED"
2051,3916,PLATFORM_TIMER,"[PLATFORM_TIMER] op=FIRE_DUE via=host_loop evidence=DOCUMENTED"
2052,3917,PLATFORM_TIMER,"[PLATFORM_TIMER] op=FIRE_ENTER evidence=DOCUMENTED"
2053,3918,PLATFORM_TIMER,"[PLATFORM_TIMER] op=FIRE_LOCKED evidence=DOCUMENTED"
2054,3920,JJFB_LIFECYCLE,"[JJFB_LIFECYCLE] op=FIRE tick=91 handler=0x30631D r0=0 r1=0 r9=0x2B1868 owner=robotol.ext evidence=CROSS_TARGET+docs/06"
2055,3922,CALLBACK_FRAME_ENTER,"[CALLBACK_FRAME_ENTER] seq=91 frame_token=390845195037 handler=0x30631D r9=0x2B1868 stop_sentinel=0x80000 run_id=p17_hit1_20260801_144222_15364 evidence=OBSERVED"
2056,3931,GUEST_INDIRECT_CALL,"[GUEST_INDIRECT_CALL] module_id=3 pc=0x30667A target=0x304569 arg0=0x1E209 arg1=0x9"
2057,3932,PLATFORM_FAMILY_EVENT,"[PLATFORM_FAMILY_EVENT] op=SUPPRESS event=0x1E209 app=0x9 note=ffp_identity evidence=OBSERVED"
2058,3933,PLATFORM_FAMILY_EVENT,"[PLATFORM_FAMILY_EVENT] op=DEFER_DRAIN_TO_MAP_REDIRECT event=0x1E209 app=0x9 note=avoid_nested_emu_inside_map_func evidence=OBSERVED"
2059,3934,JJFB_EXTCHUNK_SLOT_CALL,"[JJFB_EXTCHUNK_SLOT_CALL] off=0x28 pc=0x280058 r0=0x1E209 r1=0x9 r2=0x0 r3=0x0 r4=0x1E209 ret=0x0 evidence=TARGET_OBSERVED"
2060,3935,GUEST_INDIRECT_CALL,"[GUEST_INDIRECT_CALL] module_id=3 pc=0x306762 target=0x2F9975 arg0=0x0 arg1=0x0"
2061,3939,CALLBACK_FRAME_RESTORE_BEGIN,"[CALLBACK_FRAME_RESTORE_BEGIN] seq=91 saved_r9=0x0 frame_token=390845195037 run_id=p17_hit1_20260801_144222_15364 evidence=OBSERVED"
2062,3941,CALLBACK_FRAME_RESTORE_COMPLETE,"[CALLBACK_FRAME_RESTORE_COMPLETE] seq=91 restored_r9=0x0 ok=1 frame_token=390845195037 run_id=p17_hit1_20260801_144222_15364 evidence=OBSERVED"
2063,3943,SCHEDULER_NATURAL_CALLBACK,"[SCHEDULER_NATURAL_CALLBACK] owner_module=robotol.ext source=PLATFORM_TIMER forced=no handler=0x30631D ret=0 guest_entered=yes run_id=p17_hit1_20260801_144222_15364 evidence=OBSERVED"
2064,3944,JJFB_LIFECYCLE,"[JJFB_LIFECYCLE] op=FIRE_DONE tick=91 ok=1 end=stop_at_base pc_after=0x80000 r0_after=0x0 r9_after=0x2B1868 sp_after=0x280000 uc_err=0 detail=- evidence=OBSERVED"
2065,3945,PLATFORM_TIMER,"[PLATFORM_TIMER] op=FIRE_DONE ret=0 evidence=DOCUMENTED"
2066,3946,PLATFORM_TIMER,"[PLATFORM_TIMER] op=FIRE_DONE via=host_loop evidence=DOCUMENTED"
2067,3947,PLATFORM_TIMER,"[PLATFORM_TIMER] op=FIRE_CB interval=50 evidence=DOCUMENTED"
2068,3948,PLATFORM_TIMER,"[PLATFORM_TIMER] op=FIRE_DUE via=host_loop evidence=DOCUMENTED"
2069,3949,PLATFORM_TIMER,"[PLATFORM_TIMER] op=FIRE_ENTER evidence=DOCUMENTED"
2070,3950,PLATFORM_TIMER,"[PLATFORM_TIMER] op=FIRE_LOCKED evidence=DOCUMENTED"
2071,3952,JJFB_LIFECYCLE,"[JJFB_LIFECYCLE] op=FIRE tick=92 handler=0x30631D r0=0 r1=0 r9=0x2B1868 owner=robotol.ext evidence=CROSS_TARGET+docs/06"
2072,3954,CALLBACK_FRAME_ENTER,"[CALLBACK_FRAME_ENTER] seq=92 frame_token=395140162333 handler=0x30631D r9=0x2B1868 stop_sentinel=0x80000 run_id=p17_hit1_20260801_144222_15364 evidence=OBSERVED"
2073,3963,GUEST_INDIRECT_CALL,"[GUEST_INDIRECT_CALL] module_id=3 pc=0x30667A target=0x304569 arg0=0x1E209 arg1=0x9"
2074,3964,PLATFORM_FAMILY_EVENT,"[PLATFORM_FAMILY_EVENT] op=SUPPRESS event=0x1E209 app=0x9 note=ffp_identity evidence=OBSERVED"
2075,3965,PLATFORM_FAMILY_EVENT,"[PLATFORM_FAMILY_EVENT] op=DEFER_DRAIN_TO_MAP_REDIRECT event=0x1E209 app=0x9 note=avoid_nested_emu_inside_map_func evidence=OBSERVED"
2076,3966,JJFB_EXTCHUNK_SLOT_CALL,"[JJFB_EXTCHUNK_SLOT_CALL] off=0x28 pc=0x280058 r0=0x1E209 r1=0x9 r2=0x0 r3=0x0 r4=0x1E209 ret=0x0 evidence=TARGET_OBSERVED"
2077,3967,GUEST_INDIRECT_CALL,"[GUEST_INDIRECT_CALL] module_id=3 pc=0x306762 target=0x2F9975 arg0=0x0 arg1=0x0"
2078,3971,CALLBACK_FRAME_RESTORE_BEGIN,"[CALLBACK_FRAME_RESTORE_BEGIN] seq=92 saved_r9=0x0 frame_token=395140162333 run_id=p17_hit1_20260801_144222_15364 evidence=OBSERVED"
2079,3973,CALLBACK_FRAME_RESTORE_COMPLETE,"[CALLBACK_FRAME_RESTORE_COMPLETE] seq=92 restored_r9=0x0 ok=1 frame_token=395140162333 run_id=p17_hit1_20260801_144222_15364 evidence=OBSERVED"
2080,3975,SCHEDULER_NATURAL_CALLBACK,"[SCHEDULER_NATURAL_CALLBACK] owner_module=robotol.ext source=PLATFORM_TIMER forced=no handler=0x30631D ret=0 guest_entered=yes run_id=p17_hit1_20260801_144222_15364 evidence=OBSERVED"
2081,3976,JJFB_LIFECYCLE,"[JJFB_LIFECYCLE] op=FIRE_DONE tick=92 ok=1 end=stop_at_base pc_after=0x80000 r0_after=0x0 r9_after=0x2B1868 sp_after=0x280000 uc_err=0 detail=- evidence=OBSERVED"
2082,3977,PLATFORM_TIMER,"[PLATFORM_TIMER] op=FIRE_DONE ret=0 evidence=DOCUMENTED"
2083,3978,PLATFORM_TIMER,"[PLATFORM_TIMER] op=FIRE_DONE via=host_loop evidence=DOCUMENTED"
2084,3979,PLATFORM_TIMER,"[PLATFORM_TIMER] op=FIRE_CB interval=50 evidence=DOCUMENTED"
2085,3980,PLATFORM_TIMER,"[PLATFORM_TIMER] op=FIRE_DUE via=host_loop evidence=DOCUMENTED"
2086,3981,PLATFORM_TIMER,"[PLATFORM_TIMER] op=FIRE_ENTER evidence=DOCUMENTED"
2087,3982,PLATFORM_TIMER,"[PLATFORM_TIMER] op=FIRE_LOCKED evidence=DOCUMENTED"
2088,3984,JJFB_LIFECYCLE,"[JJFB_LIFECYCLE] op=FIRE tick=93 handler=0x30631D r0=0 r1=0 r9=0x2B1868 owner=robotol.ext evidence=CROSS_TARGET+docs/06"
2089,3986,CALLBACK_FRAME_ENTER,"[CALLBACK_FRAME_ENTER] seq=93 frame_token=399435129629 handler=0x30631D r9=0x2B1868 stop_sentinel=0x80000 run_id=p17_hit1_20260801_144222_15364 evidence=OBSERVED"
2090,3995,GUEST_INDIRECT_CALL,"[GUEST_INDIRECT_CALL] module_id=3 pc=0x30667A target=0x304569 arg0=0x1E209 arg1=0x9"
2091,3996,PLATFORM_FAMILY_EVENT,"[PLATFORM_FAMILY_EVENT] op=SUPPRESS event=0x1E209 app=0x9 note=ffp_identity evidence=OBSERVED"
2092,3997,PLATFORM_FAMILY_EVENT,"[PLATFORM_FAMILY_EVENT] op=DEFER_DRAIN_TO_MAP_REDIRECT event=0x1E209 app=0x9 note=avoid_nested_emu_inside_map_func evidence=OBSERVED"
2093,3998,JJFB_EXTCHUNK_SLOT_CALL,"[JJFB_EXTCHUNK_SLOT_CALL] off=0x28 pc=0x280058 r0=0x1E209 r1=0x9 r2=0x0 r3=0x0 r4=0x1E209 ret=0x0 evidence=TARGET_OBSERVED"
2094,3999,GUEST_INDIRECT_CALL,"[GUEST_INDIRECT_CALL] module_id=3 pc=0x306762 target=0x2F9975 arg0=0x0 arg1=0x0"
