seq,pc,off,insn,desc,r0,r1,r2,r3,r4,r5,r6,r7,r8,r9,r10,r11,r12,sp,lr,cpsr,note,mem
1,0x86E5C,0x0,0xE8BD8038,"LDMFD sp!,{..pc} list=0x8038",0x2,0x2ACA14,0x2ACA0C,0x3,0x2A8264,0x321,0x2ADF7C,0x2AF90C,0x2AC9E4,0x280400,0x0,0x68,0x2E3099,0x27F968,0x89C30,0x600001D3,"","R:0x27F968/4"
2,0x97970,0x0,0xE5941008,"LDR r1,[r4,#0x8]",0x2,0x2ACA14,0x2ACA0C,0xC,0x2A8264,0x2AC9E4,0x2ADF7C,0x2AF90C,0x2AC9E4,0x280400,0x0,0x68,0x2E3099,0x27F978,0x89C30,0x600001D3,"","R:0x2A826C/4"
3,0x97974,0x0,0xE28DD008,"w=0xE28DD008",0x2,0x2ACA14,0x2ACA0C,0xC,0x2A8264,0x2AC9E4,0x2ADF7C,0x2AF90C,0x2AC9E4,0x280400,0x0,0x68,0x2E3099,0x27F978,0x89C30,0x600001D3,"",""
4,0x97978,0x0,0xE0410180,"SUB r0,r1,r0,LSL#3",0x2,0x2ACA14,0x2ACA0C,0xC,0x2A8264,0x2AC9E4,0x2ADF7C,0x2AF90C,0x2AC9E4,0x280400,0x0,0x68,0x2E3099,0x27F980,0x89C30,0x600001D3,"",""
5,0x9797C,0x0,0xE8BD8DF0,"LDMFD sp!,{..pc} list=0x8DF0",0x2ACA04,0x2ACA14,0x2ACA0C,0xC,0x2A8264,0x2AC9E4,0x2ADF7C,0x2AF90C,0x2AC9E4,0x280400,0x0,0x68,0x2E3099,0x27F980,0x89C30,0x600001D3,"","R:0x27F980/4"
6,0x9D098,0x0,0xE3500000,"CMP r0,#0x0",0x2ACA04,0x2ACA14,0x2ACA0C,0xC,0x2A8264,0x2020059,0x2ADF7C,0x2AF90C,0x2AC9E4,0x280400,0x0,0x2A83C4,0x2E3099,0x27F9A0,0x89C30,0x600001D3,"",""
7,0x9D09C,0x0,0x0A000014,"Bcond 0x9D0F4",0x2ACA04,0x2ACA14,0x2ACA0C,0xC,0x2A8264,0x2020059,0x2ADF7C,0x2AF90C,0x2AC9E4,0x280400,0x0,0x2A83C4,0x2E3099,0x27F9A0,0x89C30,0x200001D3,"",""
8,0x9D0A0,0x0,0xE5941008,"LDR r1,[r4,#0x8]",0x2ACA04,0x2ACA14,0x2ACA0C,0xC,0x2A8264,0x2020059,0x2ADF7C,0x2AF90C,0x2AC9E4,0x280400,0x0,0x2A83C4,0x2E3099,0x27F9A0,0x89C30,0x200001D3,"","R:0x2A826C/4"
9,0x9D0A4,0x0,0xE1510000,"w=0xE1510000",0x2ACA04,0x2ACA14,0x2ACA0C,0xC,0x2A8264,0x2020059,0x2ADF7C,0x2AF90C,0x2AC9E4,0x280400,0x0,0x2A83C4,0x2E3099,0x27F9A0,0x89C30,0x200001D3,"",""
10,0x9D0A8,0x0,0x2A000008,"Bcond 0x9D0D0",0x2ACA04,0x2ACA14,0x2ACA0C,0xC,0x2A8264,0x2020059,0x2ADF7C,0x2AF90C,0x2AC9E4,0x280400,0x0,0x2A83C4,0x2E3099,0x27F9A0,0x89C30,0x200001D3,"",""
11,0x9D0D0,0x0,0xE1A02000,"MOV r2,r0",0x2ACA04,0x2ACA14,0x2ACA0C,0xC,0x2A8264,0x2020059,0x2ADF7C,0x2AF90C,0x2AC9E4,0x280400,0x0,0x2A83C4,0x2E3099,0x27F9A0,0x89C30,0x200001D3,"",""
12,0x9D0D4,0x0,0xE1A00004,"MOV r0,r4",0x2ACA04,0x2ACA14,0x2ACA04,0xC,0x2A8264,0x2020059,0x2ADF7C,0x2AF90C,0x2AC9E4,0x280400,0x0,0x2A83C4,0x2E3099,0x27F9A0,0x89C30,0x200001D3,"",""
13,0x9D0D8,0x0,0xE1A0100A,"MOV r1,r10",0x2A8264,0x2ACA14,0x2ACA04,0xC,0x2A8264,0x2020059,0x2ADF7C,0x2AF90C,0x2AC9E4,0x280400,0x0,0x2A83C4,0x2E3099,0x27F9A0,0x89C30,0x200001D3,"",""
14,0x9D0DC,0x0,0xEBFFE8F9,"BL 0x974C8",0x2A8264,0x0,0x2ACA04,0xC,0x2A8264,0x2020059,0x2ADF7C,0x2AF90C,0x2AC9E4,0x280400,0x0,0x2A83C4,0x2E3099,0x27F9A0,0x89C30,0x200001D3,"",""
15,0x974C8,0x0,0xE92D4070,"STMFD sp!,{..} list=0x4070",0x2A8264,0x0,0x2ACA04,0xC,0x2A8264,0x2020059,0x2ADF7C,0x2AF90C,0x2AC9E4,0x280400,0x0,0x2A83C4,0x2E3099,0x27F9A0,0x9D0E0,0x200001D3,"","W:0x27F990/4"
16,0x974CC,0x0,0xE1A04000,"MOV r4,r0",0x2A8264,0x0,0x2ACA04,0xC,0x2A8264,0x2020059,0x2ADF7C,0x2AF90C,0x2AC9E4,0x280400,0x0,0x2A83C4,0x2E3099,0x27F990,0x9D0E0,0x200001D3,"",""
17,0x974D0,0x0,0xE5D00030,"LDRB r0,[r0,#0x30]",0x2A8264,0x0,0x2ACA04,0xC,0x2A8264,0x2020059,0x2ADF7C,0x2AF90C,0x2AC9E4,0x280400,0x0,0x2A83C4,0x2E3099,0x27F990,0x9D0E0,0x200001D3,"","R:0x2A8294/1"
18,0x974D4,0x0,0xE1A05001,"MOV r5,r1",0x0,0x0,0x2ACA04,0xC,0x2A8264,0x2020059,0x2ADF7C,0x2AF90C,0x2AC9E4,0x280400,0x0,0x2A83C4,0x2E3099,0x27F990,0x9D0E0,0x200001D3,"",""
19,0x974D8,0x0,0xE3100002,"TST r0,#0x2",0x0,0x0,0x2ACA04,0xC,0x2A8264,0x0,0x2ADF7C,0x2AF90C,0x2AC9E4,0x280400,0x0,0x2A83C4,0x2E3099,0x27F990,0x9D0E0,0x200001D3,"",""
20,0x974DC,0x0,0x0A000016,"Bcond 0x9753C",0x0,0x0,0x2ACA04,0xC,0x2A8264,0x0,0x2ADF7C,0x2AF90C,0x2AC9E4,0x280400,0x0,0x2A83C4,0x2E3099,0x27F990,0x9D0E0,0x600001D3,"",""
21,0x9753C,0x0,0xE5941014,"LDR r1,[r4,#0x14]",0x0,0x0,0x2ACA04,0xC,0x2A8264,0x0,0x2ADF7C,0x2AF90C,0x2AC9E4,0x280400,0x0,0x2A83C4,0x2E3099,0x27F990,0x9D0E0,0x600001D3,"","R:0x2A8278/4"
22,0x97540,0x0,0xE594000C,"LDR r0,[r4,#0xC]",0x0,0x2A84E4,0x2ACA04,0xC,0x2A8264,0x0,0x2ADF7C,0x2AF90C,0x2AC9E4,0x280400,0x0,0x2A83C4,0x2E3099,0x27F990,0x9D0E0,0x600001D3,"","R:0x2A8270/4"
23,0x97544,0x0,0xE2411018,"w=0xE2411018",0x2AC9EC,0x2A84E4,0x2ACA04,0xC,0x2A8264,0x0,0x2ADF7C,0x2AF90C,0x2AC9E4,0x280400,0x0,0x2A83C4,0x2E3099,0x27F990,0x9D0E0,0x600001D3,"",""
24,0x97548,0x0,0xE5841014,"STR r1,[r4,#0x14]",0x2AC9EC,0x2A84CC,0x2ACA04,0xC,0x2A8264,0x0,0x2ADF7C,0x2AF90C,0x2AC9E4,0x280400,0x0,0x2A83C4,0x2E3099,0x27F990,0x9D0E0,0x600001D3,"","W:0x2A8278/4"
25,0x9754C,0x0,0xE5911000,"w=0xE5911000",0x2AC9EC,0x2A84CC,0x2ACA04,0xC,0x2A8264,0x0,0x2ADF7C,0x2AF90C,0x2AC9E4,0x280400,0x0,0x2A83C4,0x2E3099,0x27F990,0x9D0E0,0x600001D3,"","R:0x2A84CC/4"
26,0x97550,0x0,0xE2400008,"w=0xE2400008",0x2AC9EC,0x2AC9D4,0x2ACA04,0xC,0x2A8264,0x0,0x2ADF7C,0x2AF90C,0x2AC9E4,0x280400,0x0,0x2A83C4,0x2E3099,0x27F990,0x9D0E0,0x600001D3,"",""
27,0x97554,0x0,0xE584100C,"STR r1,[r4,#0xC]",0x2AC9E4,0x2AC9D4,0x2ACA04,0xC,0x2A8264,0x0,0x2ADF7C,0x2AF90C,0x2AC9E4,0x280400,0x0,0x2A83C4,0x2E3099,0x27F990,0x9D0E0,0x600001D3,"","W:0x2A8270/4"
28,0x97558,0x0,0xEA000008,"Bcond 0x97580",0x2AC9E4,0x2AC9D4,0x2ACA04,0xC,0x2A8264,0x0,0x2ADF7C,0x2AF90C,0x2AC9E4,0x280400,0x0,0x2A83C4,0x2E3099,0x27F990,0x9D0E0,0x600001D3,"",""
29,0x97580,0x0,0xE3550000,"CMP r5,#0x0",0x2AC9E4,0x2AC9D4,0x2ACA04,0xC,0x2A8264,0x0,0x2ADF7C,0x2AF90C,0x2AC9E4,0x280400,0x0,0x2A83C4,0x2E3099,0x27F990,0x9D0E0,0x600001D3,"",""
30,0x97584,0x0,0x15941008,"w=0x15941008",0x2AC9E4,0x2AC9D4,0x2ACA04,0xC,0x2A8264,0x0,0x2ADF7C,0x2AF90C,0x2AC9E4,0x280400,0x0,0x2A83C4,0x2E3099,0x27F990,0x9D0E0,0x600001D3,"",""
31,0x97588,0x0,0x11510002,"w=0x11510002",0x2AC9E4,0x2AC9D4,0x2ACA04,0xC,0x2A8264,0x0,0x2ADF7C,0x2AF90C,0x2AC9E4,0x280400,0x0,0x2A83C4,0x2E3099,0x27F990,0x9D0E0,0x600001D3,"",""
32,0x9758C,0x0,0x8AFFFFF2,"Bcond 0x9755C",0x2AC9E4,0x2AC9D4,0x2ACA04,0xC,0x2A8264,0x0,0x2ADF7C,0x2AF90C,0x2AC9E4,0x280400,0x0,0x2A83C4,0x2E3099,0x27F990,0x9D0E0,0x600001D3,"",""
33,0x97590,0x0,0xE2452001,"w=0xE2452001",0x2AC9E4,0x2AC9D4,0x2ACA04,0xC,0x2A8264,0x0,0x2ADF7C,0x2AF90C,0x2AC9E4,0x280400,0x0,0x2A83C4,0x2E3099,0x27F990,0x9D0E0,0x600001D3,"",""
34,0x97594,0x0,0xE3550000,"CMP r5,#0x0",0x2AC9E4,0x2AC9D4,0xFFFFFFFF,0xC,0x2A8264,0x0,0x2ADF7C,0x2AF90C,0x2AC9E4,0x280400,0x0,0x2A83C4,0x2E3099,0x27F990,0x9D0E0,0x600001D3,"",""
35,0x97598,0x0,0xDA000005,"Bcond 0x975B4",0x2AC9E4,0x2AC9D4,0xFFFFFFFF,0xC,0x2A8264,0x0,0x2ADF7C,0x2AF90C,0x2AC9E4,0x280400,0x0,0x2A83C4,0x2E3099,0x27F990,0x9D0E0,0x600001D3,"",""
36,0x975B4,0x0,0xE5840008,"STR r0,[r4,#0x8]",0x2AC9E4,0x2AC9D4,0xFFFFFFFF,0xC,0x2A8264,0x0,0x2ADF7C,0x2AF90C,0x2AC9E4,0x280400,0x0,0x2A83C4,0x2E3099,0x27F990,0x9D0E0,0x600001D3,"","W:0x2A826C/4"
37,0x975B8,0x0,0xE8BD8070,"LDMFD sp!,{..pc} list=0x8070",0x2AC9E4,0x2AC9D4,0xFFFFFFFF,0xC,0x2A8264,0x0,0x2ADF7C,0x2AF90C,0x2AC9E4,0x280400,0x0,0x2A83C4,0x2E3099,0x27F990,0x9D0E0,0x600001D3,"","R:0x27F990/4"
38,0x9D0E0,0x0,0xE35A0000,"w=0xE35A0000",0x2AC9E4,0x2AC9D4,0xFFFFFFFF,0xC,0x2A8264,0x2020059,0x2ADF7C,0x2AF90C,0x2AC9E4,0x280400,0x0,0x2A83C4,0x2E3099,0x27F9A0,0x9D0E0,0x600001D3,"",""
39,0x9D0E4,0x0,0xA5940014,"w=0xA5940014",0x2AC9E4,0x2AC9D4,0xFFFFFFFF,0xC,0x2A8264,0x2020059,0x2ADF7C,0x2AF90C,0x2AC9E4,0x280400,0x0,0x2A83C4,0x2E3099,0x27F9A0,0x9D0E0,0x600001D3,"","R:0x2A8278/4"
40,0x9D0E8,0x0,0xA5900004,"w=0xA5900004",0x2A84CC,0x2AC9D4,0xFFFFFFFF,0xC,0x2A8264,0x2020059,0x2ADF7C,0x2AF90C,0x2AC9E4,0x280400,0x0,0x2A83C4,0x2E3099,0x27F9A0,0x9D0E0,0x600001D3,"","R:0x2A84D0/4"
41,0x9D0EC,0x0,0xA5840008,"w=0xA5840008",0x2ACA1C,0x2AC9D4,0xFFFFFFFF,0xC,0x2A8264,0x2020059,0x2ADF7C,0x2AF90C,0x2AC9E4,0x280400,0x0,0x2A83C4,0x2E3099,0x27F9A0,0x9D0E0,0x600001D3,"","W:0x2A826C/4"
42,0x9D0F0,0x0,0xEAFFFCC4,"Bcond 0x9C408",0x2ACA1C,0x2AC9D4,0xFFFFFFFF,0xC,0x2A8264,0x2020059,0x2ADF7C,0x2AF90C,0x2AC9E4,0x280400,0x0,0x2A83C4,0x2E3099,0x27F9A0,0x9D0E0,0x600001D3,"",""
43,0x9C408,0x0,0xE59D000C,"LDR r0,[sp,#0xC]",0x2ACA1C,0x2AC9D4,0xFFFFFFFF,0xC,0x2A8264,0x2020059,0x2ADF7C,0x2AF90C,0x2AC9E4,0x280400,0x0,0x2A83C4,0x2E3099,0x27F9A0,0x9D0E0,0x600001D3,"","R:0x27F9AC/4"
44,0x9C40C,0x0,0xE4905004,"w=0xE4905004",0x2AF8F8,0x2AC9D4,0xFFFFFFFF,0xC,0x2A8264,0x2020059,0x2ADF7C,0x2AF90C,0x2AC9E4,0x280400,0x0,0x2A83C4,0x2E3099,0x27F9A0,0x9D0E0,0x600001D3,"","R:0x2AF8F8/4"
45,0x9C410,0x0,0xE58D000C,"STR r0,[sp,#0xC]",0x2AF8FC,0x2AC9D4,0xFFFFFFFF,0xC,0x2A8264,0x800054,0x2ADF7C,0x2AF90C,0x2AC9E4,0x280400,0x0,0x2A83C4,0x2E3099,0x27F9A0,0x9D0E0,0x600001D3,"","W:0x27F9AC/4"
46,0x9C414,0x0,0xE5D40030,"w=0xE5D40030",0x2AF8FC,0x2AC9D4,0xFFFFFFFF,0xC,0x2A8264,0x800054,0x2ADF7C,0x2AF90C,0x2AC9E4,0x280400,0x0,0x2A83C4,0x2E3099,0x27F9A0,0x9D0E0,0x600001D3,"","R:0x2A8294/1"
47,0x9C418,0x0,0xE310000C,"TST r0,#0xC",0x0,0x2AC9D4,0xFFFFFFFF,0xC,0x2A8264,0x800054,0x2ADF7C,0x2AF90C,0x2AC9E4,0x280400,0x0,0x2A83C4,0x2E3099,0x27F9A0,0x9D0E0,0x600001D3,"",""
48,0x9C41C,0x0,0x0A000052,"Bcond 0x9C56C",0x0,0x2AC9D4,0xFFFFFFFF,0xC,0x2A8264,0x800054,0x2ADF7C,0x2AF90C,0x2AC9E4,0x280400,0x0,0x2A83C4,0x2E3099,0x27F9A0,0x9D0E0,0x600001D3,"",""
49,0x9C56C,0x0,0xE594A00C,"LDR r10,[r4,#0xC]",0x0,0x2AC9D4,0xFFFFFFFF,0xC,0x2A8264,0x800054,0x2ADF7C,0x2AF90C,0x2AC9E4,0x280400,0x0,0x2A83C4,0x2E3099,0x27F9A0,0x9D0E0,0x600001D3,"","R:0x2A8270/4"
50,0x9C570,0x0,0xE1A00C25,"w=0xE1A00C25",0x0,0x2AC9D4,0xFFFFFFFF,0xC,0x2A8264,0x800054,0x2ADF7C,0x2AF90C,0x2AC9E4,0x280400,0x2AC9D4,0x2A83C4,0x2E3099,0x27F9A0,0x9D0E0,0x600001D3,"",""
51,0x9C574,0x0,0xE08A8180,"w=0xE08A8180",0x0,0x2AC9D4,0xFFFFFFFF,0xC,0x2A8264,0x800054,0x2ADF7C,0x2AF90C,0x2AC9E4,0x280400,0x2AC9D4,0x2A83C4,0x2E3099,0x27F9A0,0x9D0E0,0x600001D3,"",""
52,0x9C578,0x0,0xE205003F,"w=0xE205003F",0x0,0x2AC9D4,0xFFFFFFFF,0xC,0x2A8264,0x800054,0x2ADF7C,0x2AF90C,0x2AC9D4,0x280400,0x2AC9D4,0x2A83C4,0x2E3099,0x27F9A0,0x9D0E0,0x600001D3,"",""
53,0x9C57C,0x0,0xE3500026,"CMP r0,#0x26",0x14,0x2AC9D4,0xFFFFFFFF,0xC,0x2A8264,0x800054,0x2ADF7C,0x2AF90C,0x2AC9D4,0x280400,0x2AC9D4,0x2A83C4,0x2E3099,0x27F9A0,0x9D0E0,0x600001D3,"",""
54,0x9C580,0x0,0x908FF100,"w=0x908FF100",0x14,0x2AC9D4,0xFFFFFFFF,0xC,0x2A8264,0x800054,0x2ADF7C,0x2AF90C,0x2AC9D4,0x280400,0x2AC9D4,0x2A83C4,0x2E3099,0x27F9A0,0x9D0E0,0x800001D3,"",""
55,0x9C5D8,0x0,0xEA0001D8,"Bcond 0x9CD40",0x14,0x2AC9D4,0xFFFFFFFF,0xC,0x2A8264,0x800054,0x2ADF7C,0x2AF90C,0x2AC9D4,0x280400,0x2AC9D4,0x2A83C4,0x2E3099,0x27F9A0,0x9D0E0,0x800001D3,"",""
56,0x9CD40,0x0,0xE59F07E0,"LDR r0,[pc,#0x7E0]",0x14,0x2AC9D4,0xFFFFFFFF,0xC,0x2A8264,0x800054,0x2ADF7C,0x2AF90C,0x2AC9D4,0x280400,0x2AC9D4,0x2A83C4,0x2E3099,0x27F9A0,0x9D0E0,0x800001D3,"","R:0x9D528/4"
57,0x9CD44,0x0,0xE59D100C,"LDR r1,[sp,#0xC]",0xFFFFC,0x2AC9D4,0xFFFFFFFF,0xC,0x2A8264,0x800054,0x2ADF7C,0x2AF90C,0x2AC9D4,0x280400,0x2AC9D4,0x2A83C4,0x2E3099,0x27F9A0,0x9D0E0,0x800001D3,"","R:0x27F9AC/4"
58,0x9CD48,0x0,0xE0000225,"w=0xE0000225",0xFFFFC,0x2AF8FC,0xFFFFFFFF,0xC,0x2A8264,0x800054,0x2ADF7C,0x2AF90C,0x2AC9D4,0x280400,0x2AC9D4,0x2A83C4,0x2E3099,0x27F9A0,0x9D0E0,0x800001D3,"",""
59,0x9CD4C,0x0,0xE0800001,"w=0xE0800001",0x80004,0x2AF8FC,0xFFFFFFFF,0xC,0x2A8264,0x800054,0x2ADF7C,0x2AF90C,0x2AC9D4,0x280400,0x2AC9D4,0x2A83C4,0x2E3099,0x27F9A0,0x9D0E0,0x800001D3,"",""
60,0x9CD50,0x0,0xE59F17D4,"LDR r1,[pc,#0x7D4]",0x32F900,0x2AF8FC,0xFFFFFFFF,0xC,0x2A8264,0x800054,0x2ADF7C,0x2AF90C,0x2AC9D4,0x280400,0x2AC9D4,0x2A83C4,0x2E3099,0x27F9A0,0x9D0E0,0x800001D3,"","R:0x9D52C/4"
61,0x9CD54,0x0,0xE0800001,"w=0xE0800001",0x32F900,0xFFF80004,0xFFFFFFFF,0xC,0x2A8264,0x800054,0x2ADF7C,0x2AF90C,0x2AC9D4,0x280400,0x2AC9D4,0x2A83C4,0x2E3099,0x27F9A0,0x9D0E0,0x800001D3,"",""
62,0x9CD58,0x0,0xE58D000C,"STR r0,[sp,#0xC]",0x2AF904,0xFFF80004,0xFFFFFFFF,0xC,0x2A8264,0x800054,0x2ADF7C,0x2AF90C,0x2AC9D4,0x280400,0x2AC9D4,0x2A83C4,0x2E3099,0x27F9A0,0x9D0E0,0x800001D3,"","W:0x27F9AC/4"
63,0x9CD5C,0x0,0xEAFFFDA9,"Bcond 0x9C408",0x2AF904,0xFFF80004,0xFFFFFFFF,0xC,0x2A8264,0x800054,0x2ADF7C,0x2AF90C,0x2AC9D4,0x280400,0x2AC9D4,0x2A83C4,0x2E3099,0x27F9A0,0x9D0E0,0x800001D3,"",""
64,0x9C408,0x0,0xE59D000C,"LDR r0,[sp,#0xC]",0x2AF904,0xFFF80004,0xFFFFFFFF,0xC,0x2A8264,0x800054,0x2ADF7C,0x2AF90C,0x2AC9D4,0x280400,0x2AC9D4,0x2A83C4,0x2E3099,0x27F9A0,0x9D0E0,0x800001D3,"","R:0x27F9AC/4"
65,0x9C40C,0x0,0xE4905004,"w=0xE4905004",0x2AF904,0xFFF80004,0xFFFFFFFF,0xC,0x2A8264,0x800054,0x2ADF7C,0x2AF90C,0x2AC9D4,0x280400,0x2AC9D4,0x2A83C4,0x2E3099,0x27F9A0,0x9D0E0,0x800001D3,"","R:0x2AF904/4"
66,0x9C410,0x0,0xE58D000C,"STR r0,[sp,#0xC]",0x2AF908,0xFFF80004,0xFFFFFFFF,0xC,0x2A8264,0x801B,0x2ADF7C,0x2AF90C,0x2AC9D4,0x280400,0x2AC9D4,0x2A83C4,0x2E3099,0x27F9A0,0x9D0E0,0x800001D3,"","W:0x27F9AC/4"
67,0x9C414,0x0,0xE5D40030,"w=0xE5D40030",0x2AF908,0xFFF80004,0xFFFFFFFF,0xC,0x2A8264,0x801B,0x2ADF7C,0x2AF90C,0x2AC9D4,0x280400,0x2AC9D4,0x2A83C4,0x2E3099,0x27F9A0,0x9D0E0,0x800001D3,"","R:0x2A8294/1"
68,0x9C418,0x0,0xE310000C,"TST r0,#0xC",0x0,0xFFF80004,0xFFFFFFFF,0xC,0x2A8264,0x801B,0x2ADF7C,0x2AF90C,0x2AC9D4,0x280400,0x2AC9D4,0x2A83C4,0x2E3099,0x27F9A0,0x9D0E0,0x800001D3,"",""
69,0x9C41C,0x0,0x0A000052,"Bcond 0x9C56C",0x0,0xFFF80004,0xFFFFFFFF,0xC,0x2A8264,0x801B,0x2ADF7C,0x2AF90C,0x2AC9D4,0x280400,0x2AC9D4,0x2A83C4,0x2E3099,0x27F9A0,0x9D0E0,0x400001D3,"",""
70,0x9C56C,0x0,0xE594A00C,"LDR r10,[r4,#0xC]",0x0,0xFFF80004,0xFFFFFFFF,0xC,0x2A8264,0x801B,0x2ADF7C,0x2AF90C,0x2AC9D4,0x280400,0x2AC9D4,0x2A83C4,0x2E3099,0x27F9A0,0x9D0E0,0x400001D3,"","R:0x2A8270/4"
71,0x9C570,0x0,0xE1A00C25,"w=0xE1A00C25",0x0,0xFFF80004,0xFFFFFFFF,0xC,0x2A8264,0x801B,0x2ADF7C,0x2AF90C,0x2AC9D4,0x280400,0x2AC9D4,0x2A83C4,0x2E3099,0x27F9A0,0x9D0E0,0x400001D3,"",""
72,0x9C574,0x0,0xE08A8180,"w=0xE08A8180",0x0,0xFFF80004,0xFFFFFFFF,0xC,0x2A8264,0x801B,0x2ADF7C,0x2AF90C,0x2AC9D4,0x280400,0x2AC9D4,0x2A83C4,0x2E3099,0x27F9A0,0x9D0E0,0x400001D3,"",""
73,0x9C578,0x0,0xE205003F,"w=0xE205003F",0x0,0xFFF80004,0xFFFFFFFF,0xC,0x2A8264,0x801B,0x2ADF7C,0x2AF90C,0x2AC9D4,0x280400,0x2AC9D4,0x2A83C4,0x2E3099,0x27F9A0,0x9D0E0,0x400001D3,"",""
74,0x9C57C,0x0,0xE3500026,"CMP r0,#0x26",0x1B,0xFFF80004,0xFFFFFFFF,0xC,0x2A8264,0x801B,0x2ADF7C,0x2AF90C,0x2AC9D4,0x280400,0x2AC9D4,0x2A83C4,0x2E3099,0x27F9A0,0x9D0E0,0x400001D3,"",""
75,0x9C580,0x0,0x908FF100,"w=0x908FF100",0x1B,0xFFF80004,0xFFFFFFFF,0xC,0x2A8264,0x801B,0x2ADF7C,0x2AF90C,0x2AC9D4,0x280400,0x2AC9D4,0x2A83C4,0x2E3099,0x27F9A0,0x9D0E0,0x800001D3,"",""
76,0x9C5F4,0x0,0xEA0002F4,"Bcond 0x9D1CC",0x1B,0xFFF80004,0xFFFFFFFF,0xC,0x2A8264,0x801B,0x2ADF7C,0x2AF90C,0x2AC9D4,0x280400,0x2AC9D4,0x2A83C4,0x2E3099,0x27F9A0,0x9D0E0,0x800001D3,"",""
77,0x9D1CC,0x0,0xE5940014,"LDR r0,[r4,#0x14]",0x1B,0xFFF80004,0xFFFFFFFF,0xC,0x2A8264,0x801B,0x2ADF7C,0x2AF90C,0x2AC9D4,0x280400,0x2AC9D4,0x2A83C4,0x2E3099,0x27F9A0,0x9D0E0,0x800001D3,"","R:0x2A8278/4"
78,0x9D1D0,0x0,0xE2406018,"w=0xE2406018",0x2A84CC,0xFFF80004,0xFFFFFFFF,0xC,0x2A8264,0x801B,0x2ADF7C,0x2AF90C,0x2AC9D4,0x280400,0x2AC9D4,0x2A83C4,0x2E3099,0x27F9A0,0x9D0E0,0x800001D3,"",""
79,0x9D1D4,0x0,0xE1A00405,"w=0xE1A00405",0x2A84CC,0xFFF80004,0xFFFFFFFF,0xC,0x2A8264,0x801B,0x2A84B4,0x2AF90C,0x2AC9D4,0x280400,0x2AC9D4,0x2A83C4,0x2E3099,0x27F9A0,0x9D0E0,0x800001D3,"",""
80,0x9D1D8,0x0,0xE1B00BA0,"w=0xE1B00BA0",0x801B00,0xFFF80004,0xFFFFFFFF,0xC,0x2A8264,0x801B,0x2A84B4,0x2AF90C,0x2AC9D4,0x280400,0x2AC9D4,0x2A83C4,0x2E3099,0x27F9A0,0x9D0E0,0x800001D3,"",""
81,0x9D1DC,0x0,0x10880180,"w=0x10880180",0x1,0xFFF80004,0xFFFFFFFF,0xC,0x2A8264,0x801B,0x2A84B4,0x2AF90C,0x2AC9D4,0x280400,0x2AC9D4,0x2A83C4,0x2E3099,0x27F9A0,0x9D0E0,0x1D3,"",""
82,0x9D1E0,0x0,0x12400008,"w=0x12400008",0x2AC9DC,0xFFF80004,0xFFFFFFFF,0xC,0x2A8264,0x801B,0x2A84B4,0x2AF90C,0x2AC9D4,0x280400,0x2AC9D4,0x2A83C4,0x2E3099,0x27F9A0,0x9D0E0,0x1D3,"",""
83,0x9D1E4,0x0,0x15840008,"w=0x15840008",0x2AC9D4,0xFFF80004,0xFFFFFFFF,0xC,0x2A8264,0x801B,0x2A84B4,0x2AF90C,0x2AC9D4,0x280400,0x2AC9D4,0x2A83C4,0x2E3099,0x27F9A0,0x9D0E0,0x1D3,"","W:0x2A826C/4"
84,0x9D1E8,0x0,0xE5940048,"LDR r0,[r4,#0x48]",0x2AC9D4,0xFFF80004,0xFFFFFFFF,0xC,0x2A8264,0x801B,0x2A84B4,0x2AF90C,0x2AC9D4,0x280400,0x2AC9D4,0x2A83C4,0x2E3099,0x27F9A0,0x9D0E0,0x1D3,"","R:0x2A82AC/4"
85,0x9D1EC,0x0,0xE3500000,"CMP r0,#0x0",0x0,0xFFF80004,0xFFFFFFFF,0xC,0x2A8264,0x801B,0x2A84B4,0x2AF90C,0x2AC9D4,0x280400,0x2AC9D4,0x2A83C4,0x2E3099,0x27F9A0,0x9D0E0,0x1D3,"",""
86,0x9D1F0,0x0,0x11A0100A,"w=0x11A0100A",0x0,0xFFF80004,0xFFFFFFFF,0xC,0x2A8264,0x801B,0x2A84B4,0x2AF90C,0x2AC9D4,0x280400,0x2AC9D4,0x2A83C4,0x2E3099,0x27F9A0,0x9D0E0,0x600001D3,"",""
87,0x9D1F4,0x0,0x11A00004,"w=0x11A00004",0x0,0xFFF80004,0xFFFFFFFF,0xC,0x2A8264,0x801B,0x2A84B4,0x2AF90C,0x2AC9D4,0x280400,0x2AC9D4,0x2A83C4,0x2E3099,0x27F9A0,0x9D0E0,0x600001D3,"",""
88,0x9D1F8,0x0,0x1BFFEABD,"BL 0x97CF4",0x0,0xFFF80004,0xFFFFFFFF,0xC,0x2A8264,0x801B,0x2A84B4,0x2AF90C,0x2AC9D4,0x280400,0x2AC9D4,0x2A83C4,0x2E3099,0x27F9A0,0x9D0E0,0x600001D3,"",""
89,0x9D1FC,0x0,0xE5941014,"LDR r1,[r4,#0x14]",0x0,0xFFF80004,0xFFFFFFFF,0xC,0x2A8264,0x801B,0x2A84B4,0x2AF90C,0x2AC9D4,0x280400,0x2AC9D4,0x2A83C4,0x2E3099,0x27F9A0,0x9D0E0,0x600001D3,"","R:0x2A8278/4"
90,0x9D200,0x0,0xE3A00008,"w=0xE3A00008",0x0,0x2A84CC,0xFFFFFFFF,0xC,0x2A8264,0x801B,0x2A84B4,0x2AF90C,0x2AC9D4,0x280400,0x2AC9D4,0x2A83C4,0x2E3099,0x27F9A0,0x9D0E0,0x600001D3,"",""
91,0x9D204,0x0,0xE5810008,"w=0xE5810008",0x8,0x2A84CC,0xFFFFFFFF,0xC,0x2A8264,0x801B,0x2A84B4,0x2AF90C,0x2AC9D4,0x280400,0x2AC9D4,0x2A83C4,0x2E3099,0x27F9A0,0x9D0E0,0x600001D3,"","W:0x2A84D4/4"
92,0x9D208,0x0,0xE59D000C,"LDR r0,[sp,#0xC]",0x8,0x2A84CC,0xFFFFFFFF,0xC,0x2A8264,0x801B,0x2A84B4,0x2AF90C,0x2AC9D4,0x280400,0x2AC9D4,0x2A83C4,0x2E3099,0x27F9A0,0x9D0E0,0x600001D3,"","R:0x27F9AC/4"
93,0x9D20C,0x0,0xE5941014,"LDR r1,[r4,#0x14]",0x2AF908,0x2A84CC,0xFFFFFFFF,0xC,0x2A8264,0x801B,0x2A84B4,0x2AF90C,0x2AC9D4,0x280400,0x2AC9D4,0x2A83C4,0x2E3099,0x27F9A0,0x9D0E0,0x600001D3,"","R:0x2A8278/4"
94,0x9D210,0x0,0xE581000C,"w=0xE581000C",0x2AF908,0x2A84CC,0xFFFFFFFF,0xC,0x2A8264,0x801B,0x2A84B4,0x2AF90C,0x2AC9D4,0x280400,0x2AC9D4,0x2A83C4,0x2E3099,0x27F9A0,0x9D0E0,0x600001D3,"","W:0x2A84D8/4"
95,0x9D214,0x0,0xE5960008,"w=0xE5960008",0x2AF908,0x2A84CC,0xFFFFFFFF,0xC,0x2A8264,0x801B,0x2A84B4,0x2AF90C,0x2AC9D4,0x280400,0x2AC9D4,0x2A83C4,0x2E3099,0x27F9A0,0x9D0E0,0x600001D3,"","R:0x2A84BC/4"
96,0x9D218,0x0,0xE3100004,"TST r0,#0x4",0x1,0x2A84CC,0xFFFFFFFF,0xC,0x2A8264,0x801B,0x2A84B4,0x2AF90C,0x2AC9D4,0x280400,0x2AC9D4,0x2A83C4,0x2E3099,0x27F9A0,0x9D0E0,0x600001D3,"",""
97,0x9D21C,0x0,0x01A00008,"w=0x01A00008",0x1,0x2A84CC,0xFFFFFFFF,0xC,0x2A8264,0x801B,0x2A84B4,0x2AF90C,0x2AC9D4,0x280400,0x2AC9D4,0x2A83C4,0x2E3099,0x27F9A0,0x9D0E0,0x600001D3,"",""
98,0x9D220,0x0,0x028DD010,"w=0x028DD010",0x2AC9D4,0x2A84CC,0xFFFFFFFF,0xC,0x2A8264,0x801B,0x2A84B4,0x2AF90C,0x2AC9D4,0x280400,0x2AC9D4,0x2A83C4,0x2E3099,0x27F9A0,0x9D0E0,0x600001D3,"",""
99,0x9D224,0x0,0x08BD8DF0,"LDMFD sp!,{..pc} list=0x8DF0",0x2AC9D4,0x2A84CC,0xFFFFFFFF,0xC,0x2A8264,0x801B,0x2A84B4,0x2AF90C,0x2AC9D4,0x280400,0x2AC9D4,0x2A83C4,0x2E3099,0x27F9B0,0x9D0E0,0x600001D3,"","R:0x27F9B0/4"
100,0x972BC,0x0,0xE1A02000,"MOV r2,r0",0x2AC9D4,0x2A84CC,0xFFFFFFFF,0xC,0x2A8264,0x2A839C,0xFFFFFFFF,0x0,0x0,0x280400,0x1,0x0,0x2E3099,0x27F9D0,0x9D0E0,0x600001D3,"",""
101,0x972C0,0x0,0xE1A00004,"MOV r0,r4",0x2AC9D4,0x2A84CC,0x2AC9D4,0xC,0x2A8264,0x2A839C,0xFFFFFFFF,0x0,0x0,0x280400,0x1,0x0,0x2E3099,0x27F9D0,0x9D0E0,0x600001D3,"",""
102,0x972C4,0x0,0xE1A01006,"MOV r1,r6",0x2A8264,0x2A84CC,0x2AC9D4,0xC,0x2A8264,0x2A839C,0xFFFFFFFF,0x0,0x0,0x280400,0x1,0x0,0x2E3099,0x27F9D0,0x9D0E0,0x600001D3,"",""
103,0x972C8,0x0,0xEB00007E,"BL 0x974C8",0x2A8264,0xFFFFFFFF,0x2AC9D4,0xC,0x2A8264,0x2A839C,0xFFFFFFFF,0x0,0x0,0x280400,0x1,0x0,0x2E3099,0x27F9D0,0x9D0E0,0x600001D3,"",""
104,0x974C8,0x0,0xE92D4070,"STMFD sp!,{..} list=0x4070",0x2A8264,0xFFFFFFFF,0x2AC9D4,0xC,0x2A8264,0x2A839C,0xFFFFFFFF,0x0,0x0,0x280400,0x1,0x0,0x2E3099,0x27F9D0,0x972CC,0x600001D3,"","W:0x27F9C0/4"
105,0x974CC,0x0,0xE1A04000,"MOV r4,r0",0x2A8264,0xFFFFFFFF,0x2AC9D4,0xC,0x2A8264,0x2A839C,0xFFFFFFFF,0x0,0x0,0x280400,0x1,0x0,0x2E3099,0x27F9C0,0x972CC,0x600001D3,"",""
106,0x974D0,0x0,0xE5D00030,"LDRB r0,[r0,#0x30]",0x2A8264,0xFFFFFFFF,0x2AC9D4,0xC,0x2A8264,0x2A839C,0xFFFFFFFF,0x0,0x0,0x280400,0x1,0x0,0x2E3099,0x27F9C0,0x972CC,0x600001D3,"","R:0x2A8294/1"
107,0x974D4,0x0,0xE1A05001,"MOV r5,r1",0x0,0xFFFFFFFF,0x2AC9D4,0xC,0x2A8264,0x2A839C,0xFFFFFFFF,0x0,0x0,0x280400,0x1,0x0,0x2E3099,0x27F9C0,0x972CC,0x600001D3,"",""
108,0x974D8,0x0,0xE3100002,"TST r0,#0x2",0x0,0xFFFFFFFF,0x2AC9D4,0xC,0x2A8264,0xFFFFFFFF,0xFFFFFFFF,0x0,0x0,0x280400,0x1,0x0,0x2E3099,0x27F9C0,0x972CC,0x600001D3,"",""
109,0x974DC,0x0,0x0A000016,"Bcond 0x9753C",0x0,0xFFFFFFFF,0x2AC9D4,0xC,0x2A8264,0xFFFFFFFF,0xFFFFFFFF,0x0,0x0,0x280400,0x1,0x0,0x2E3099,0x27F9C0,0x972CC,0x600001D3,"",""
110,0x9753C,0x0,0xE5941014,"LDR r1,[r4,#0x14]",0x0,0xFFFFFFFF,0x2AC9D4,0xC,0x2A8264,0xFFFFFFFF,0xFFFFFFFF,0x0,0x0,0x280400,0x1,0x0,0x2E3099,0x27F9C0,0x972CC,0x600001D3,"","R:0x2A8278/4"
111,0x97540,0x0,0xE594000C,"LDR r0,[r4,#0xC]",0x0,0x2A84CC,0x2AC9D4,0xC,0x2A8264,0xFFFFFFFF,0xFFFFFFFF,0x0,0x0,0x280400,0x1,0x0,0x2E3099,0x27F9C0,0x972CC,0x600001D3,"","R:0x2A8270/4"
112,0x97544,0x0,0xE2411018,"w=0xE2411018",0x2AC9D4,0x2A84CC,0x2AC9D4,0xC,0x2A8264,0xFFFFFFFF,0xFFFFFFFF,0x0,0x0,0x280400,0x1,0x0,0x2E3099,0x27F9C0,0x972CC,0x600001D3,"",""
113,0x97548,0x0,0xE5841014,"STR r1,[r4,#0x14]",0x2AC9D4,0x2A84B4,0x2AC9D4,0xC,0x2A8264,0xFFFFFFFF,0xFFFFFFFF,0x0,0x0,0x280400,0x1,0x0,0x2E3099,0x27F9C0,0x972CC,0x600001D3,"","W:0x2A8278/4"
114,0x9754C,0x0,0xE5911000,"w=0xE5911000",0x2AC9D4,0x2A84B4,0x2AC9D4,0xC,0x2A8264,0xFFFFFFFF,0xFFFFFFFF,0x0,0x0,0x280400,0x1,0x0,0x2E3099,0x27F9C0,0x972CC,0x600001D3,"","R:0x2A84B4/4"
115,0x97550,0x0,0xE2400008,"w=0xE2400008",0x2AC9D4,0x2AC984,0x2AC9D4,0xC,0x2A8264,0xFFFFFFFF,0xFFFFFFFF,0x0,0x0,0x280400,0x1,0x0,0x2E3099,0x27F9C0,0x972CC,0x600001D3,"",""
116,0x97554,0x0,0xE584100C,"STR r1,[r4,#0xC]",0x2AC9CC,0x2AC984,0x2AC9D4,0xC,0x2A8264,0xFFFFFFFF,0xFFFFFFFF,0x0,0x0,0x280400,0x1,0x0,0x2E3099,0x27F9C0,0x972CC,0x600001D3,"","W:0x2A8270/4"
117,0x97558,0x0,0xEA000008,"Bcond 0x97580",0x2AC9CC,0x2AC984,0x2AC9D4,0xC,0x2A8264,0xFFFFFFFF,0xFFFFFFFF,0x0,0x0,0x280400,0x1,0x0,0x2E3099,0x27F9C0,0x972CC,0x600001D3,"",""
118,0x97580,0x0,0xE3550000,"CMP r5,#0x0",0x2AC9CC,0x2AC984,0x2AC9D4,0xC,0x2A8264,0xFFFFFFFF,0xFFFFFFFF,0x0,0x0,0x280400,0x1,0x0,0x2E3099,0x27F9C0,0x972CC,0x600001D3,"",""
119,0x97584,0x0,0x15941008,"w=0x15941008",0x2AC9CC,0x2AC984,0x2AC9D4,0xC,0x2A8264,0xFFFFFFFF,0xFFFFFFFF,0x0,0x0,0x280400,0x1,0x0,0x2E3099,0x27F9C0,0x972CC,0xA00001D3,"","R:0x2A826C/4"
120,0x97588,0x0,0x11510002,"w=0x11510002",0x2AC9CC,0x2AC9D4,0x2AC9D4,0xC,0x2A8264,0xFFFFFFFF,0xFFFFFFFF,0x0,0x0,0x280400,0x1,0x0,0x2E3099,0x27F9C0,0x972CC,0xA00001D3,"",""
121,0x9758C,0x0,0x8AFFFFF2,"Bcond 0x9755C",0x2AC9CC,0x2AC9D4,0x2AC9D4,0xC,0x2A8264,0xFFFFFFFF,0xFFFFFFFF,0x0,0x0,0x280400,0x1,0x0,0x2E3099,0x27F9C0,0x972CC,0x600001D3,"",""
122,0x97590,0x0,0xE2452001,"w=0xE2452001",0x2AC9CC,0x2AC9D4,0x2AC9D4,0xC,0x2A8264,0xFFFFFFFF,0xFFFFFFFF,0x0,0x0,0x280400,0x1,0x0,0x2E3099,0x27F9C0,0x972CC,0x600001D3,"",""
123,0x97594,0x0,0xE3550000,"CMP r5,#0x0",0x2AC9CC,0x2AC9D4,0xFFFFFFFE,0xC,0x2A8264,0xFFFFFFFF,0xFFFFFFFF,0x0,0x0,0x280400,0x1,0x0,0x2E3099,0x27F9C0,0x972CC,0x600001D3,"",""
124,0x97598,0x0,0xDA000005,"Bcond 0x975B4",0x2AC9CC,0x2AC9D4,0xFFFFFFFE,0xC,0x2A8264,0xFFFFFFFF,0xFFFFFFFF,0x0,0x0,0x280400,0x1,0x0,0x2E3099,0x27F9C0,0x972CC,0xA00001D3,"",""
125,0x975B4,0x0,0xE5840008,"STR r0,[r4,#0x8]",0x2AC9CC,0x2AC9D4,0xFFFFFFFE,0xC,0x2A8264,0xFFFFFFFF,0xFFFFFFFF,0x0,0x0,0x280400,0x1,0x0,0x2E3099,0x27F9C0,0x972CC,0xA00001D3,"","W:0x2A826C/4"
126,0x975B8,0x0,0xE8BD8070,"LDMFD sp!,{..pc} list=0x8070",0x2AC9CC,0x2AC9D4,0xFFFFFFFE,0xC,0x2A8264,0xFFFFFFFF,0xFFFFFFFF,0x0,0x0,0x280400,0x1,0x0,0x2E3099,0x27F9C0,0x972CC,0xA00001D3,"","R:0x27F9C0/4"
127,0x972CC,0x0,0xE1D402BE,"w=0xE1D402BE",0x2AC9CC,0x2AC9D4,0xFFFFFFFE,0xC,0x2A8264,0x2A839C,0xFFFFFFFF,0x0,0x0,0x280400,0x1,0x0,0x2E3099,0x27F9D0,0x972CC,0xA00001D3,"","R:0x2A8292/2"
128,0x972D0,0x0,0xE2400001,"w=0xE2400001",0x1,0x2AC9D4,0xFFFFFFFE,0xC,0x2A8264,0x2A839C,0xFFFFFFFF,0x0,0x0,0x280400,0x1,0x0,0x2E3099,0x27F9D0,0x972CC,0xA00001D3,"",""
129,0x972D4,0x0,0xE1C402BE,"w=0xE1C402BE",0x0,0x2AC9D4,0xFFFFFFFE,0xC,0x2A8264,0x2A839C,0xFFFFFFFF,0x0,0x0,0x280400,0x1,0x0,0x2E3099,0x27F9D0,0x972CC,0xA00001D3,"","W:0x2A8292/2"
130,0x972D8,0x0,0xE5940010,"LDR r0,[r4,#0x10]",0x0,0x2AC9D4,0xFFFFFFFE,0xC,0x2A8264,0x2A839C,0xFFFFFFFF,0x0,0x0,0x280400,0x1,0x0,0x2E3099,0x27F9D0,0x972CC,0xA00001D3,"","R:0x2A8274/4"
131,0x972DC,0x0,0xE5901024,"w=0xE5901024",0x2A82BC,0x2AC9D4,0xFFFFFFFE,0xC,0x2A8264,0x2A839C,0xFFFFFFFF,0x0,0x0,0x280400,0x1,0x0,0x2E3099,0x27F9D0,0x972CC,0xA00001D3,"","R:0x2A82E0/4"
132,0x972E0,0x0,0xE5900020,"w=0xE5900020",0x2A82BC,0x1DA7B,0xFFFFFFFE,0xC,0x2A8264,0x2A839C,0xFFFFFFFF,0x0,0x0,0x280400,0x1,0x0,0x2E3099,0x27F9D0,0x972CC,0xA00001D3,"","R:0x2A82DC/4"
133,0x972E4,0x0,0xE1510000,"w=0xE1510000",0x3B1EC,0x1DA7B,0xFFFFFFFE,0xC,0x2A8264,0x2A839C,0xFFFFFFFF,0x0,0x0,0x280400,0x1,0x0,0x2E3099,0x27F9D0,0x972CC,0xA00001D3,"",""
134,0x972E8,0x0,0x21A00004,"w=0x21A00004",0x3B1EC,0x1DA7B,0xFFFFFFFE,0xC,0x2A8264,0x2A839C,0xFFFFFFFF,0x0,0x0,0x280400,0x1,0x0,0x2E3099,0x27F9D0,0x972CC,0x800001D3,"",""
135,0x972EC,0x0,0x28BD4070,"w=0x28BD4070",0x3B1EC,0x1DA7B,0xFFFFFFFE,0xC,0x2A8264,0x2A839C,0xFFFFFFFF,0x0,0x0,0x280400,0x1,0x0,0x2E3099,0x27F9D0,0x972CC,0x800001D3,"",""
136,0x972F0,0x0,0x2AFFFEF5,"Bcond 0x96ECC",0x3B1EC,0x1DA7B,0xFFFFFFFE,0xC,0x2A8264,0x2A839C,0xFFFFFFFF,0x0,0x0,0x280400,0x1,0x0,0x2E3099,0x27F9D0,0x972CC,0x800001D3,"",""
137,0x972F4,0x0,0xE8BD8070,"LDMFD sp!,{..pc} list=0x8070",0x3B1EC,0x1DA7B,0xFFFFFFFE,0xC,0x2A8264,0x2A839C,0xFFFFFFFF,0x0,0x0,0x280400,0x1,0x0,0x2E3099,0x27F9D0,0x972CC,0x800001D3,"","R:0x27F9D0/4"
138,0x97A54,0x0,0xE59D0000,"LDR r0,[sp,#0x0]",0x3B1EC,0x1DA7B,0xFFFFFFFE,0xC,0x2A8264,0x910D4,0x27FAA0,0x0,0x0,0x280400,0x1,0x0,0x2E3099,0x27F9E0,0x972CC,0x800001D3,"","R:0x27F9E0/4"
139,0x97A58,0x0,0xE5840050,"STR r0,[r4,#0x50]",0x0,0x1DA7B,0xFFFFFFFE,0xC,0x2A8264,0x910D4,0x27FAA0,0x0,0x0,0x280400,0x1,0x0,0x2E3099,0x27F9E0,0x972CC,0x800001D3,"","W:0x2A82B4/4"
140,0x97A5C,0x0,0xE59D0084,"LDR r0,[sp,#0x84]",0x0,0x1DA7B,0xFFFFFFFE,0xC,0x2A8264,0x910D4,0x27FAA0,0x0,0x0,0x280400,0x1,0x0,0x2E3099,0x27F9E0,0x972CC,0x800001D3,"","R:0x27FA64/4"
141,0x97A60,0x0,0xE28DD088,"w=0xE28DD088",0x0,0x1DA7B,0xFFFFFFFE,0xC,0x2A8264,0x910D4,0x27FAA0,0x0,0x0,0x280400,0x1,0x0,0x2E3099,0x27F9E0,0x972CC,0x800001D3,"",""
142,0x97A64,0x0,0xE8BD8070,"LDMFD sp!,{..pc} list=0x8070",0x0,0x1DA7B,0xFFFFFFFE,0xC,0x2A8264,0x910D4,0x27FAA0,0x0,0x0,0x280400,0x1,0x0,0x2E3099,0x27FA68,0x972CC,0x800001D3,"","R:0x27FA68/4"
143,0x97428,0x0,0xE1B05000,"w=0xE1B05000",0x0,0x1DA7B,0xFFFFFFFE,0xC,0x2A8264,0x0,0x50,0x0,0x0,0x280400,0x1,0x0,0x2E3099,0x27FA78,0x972CC,0x800001D3,"",""
144,0x9742C,0x0,0x0A000021,"Bcond 0x974B8",0x0,0x1DA7B,0xFFFFFFFE,0xC,0x2A8264,0x0,0x50,0x0,0x0,0x280400,0x1,0x0,0x2E3099,0x27FA78,0x972CC,0x400001D3,"",""
145,0x974B8,0x0,0xE1A00005,"MOV r0,r5",0x0,0x1DA7B,0xFFFFFFFE,0xC,0x2A8264,0x0,0x50,0x0,0x0,0x280400,0x1,0x0,0x2E3099,0x27FA78,0x972CC,0x400001D3,"",""
146,0x974BC,0x0,0xE584B054,"STR r11,[r4,#0x54]",0x0,0x1DA7B,0xFFFFFFFE,0xC,0x2A8264,0x0,0x50,0x0,0x0,0x280400,0x1,0x0,0x2E3099,0x27FA78,0x972CC,0x400001D3,"","W:0x2A82B8/4"
147,0x974C0,0x0,0xE8BD8DF0,"LDMFD sp!,{..pc} list=0x8DF0",0x0,0x1DA7B,0xFFFFFFFE,0xC,0x2A8264,0x0,0x50,0x0,0x0,0x280400,0x1,0x0,0x2E3099,0x27FA78,0x972CC,0x400001D3,"","R:0x27FA78/4"
148,0xA5560,0x0,0xE28DD010,"w=0xE28DD010",0x0,0x1DA7B,0xFFFFFFFE,0xC,0x2A8264,0x0,0xFFFFFFFF,0x86E14,0x86620,0x280400,0x8669C,0x84780,0x2E3099,0x27FA98,0x972CC,0x400001D3,"",""
149,0xA5564,0x0,0xE8BD8070,"LDMFD sp!,{..pc} list=0x8070",0x0,0x1DA7B,0xFFFFFFFE,0xC,0x2A8264,0x0,0xFFFFFFFF,0x86E14,0x86620,0x280400,0x8669C,0x84780,0x2E3099,0x27FAA8,0x972CC,0x400001D3,"","R:0x27FAA8/4"
150,0x8CE5C,0x0,0xE3500000,"CMP r0,#0x0",0x0,0x1DA7B,0xFFFFFFFE,0xC,0x280600,0x282380,0xFFFFD8EF,0x86E14,0x86620,0x280400,0x8669C,0x84780,0x2E3099,0x27FAB8,0x972CC,0x400001D3,"",""
151,0x8CE60,0x0,0x0A00002B,"Bcond 0x8CF14",0x0,0x1DA7B,0xFFFFFFFE,0xC,0x280600,0x282380,0xFFFFD8EF,0x86E14,0x86620,0x280400,0x8669C,0x84780,0x2E3099,0x27FAB8,0x972CC,0x600001D3,"",""
152,0x8CF14,0x0,0xE3A00000,"w=0xE3A00000",0x0,0x1DA7B,0xFFFFFFFE,0xC,0x280600,0x282380,0xFFFFD8EF,0x86E14,0x86620,0x280400,0x8669C,0x84780,0x2E3099,0x27FAB8,0x972CC,0x600001D3,"",""
153,0x8CF18,0x0,0xE8BD8038,"LDMFD sp!,{..pc} list=0x8038",0x0,0x1DA7B,0xFFFFFFFE,0xC,0x280600,0x282380,0xFFFFD8EF,0x86E14,0x86620,0x280400,0x8669C,0x84780,0x2E3099,0x27FAB8,0x972CC,0x600001D3,"","R:0x27FAB8/4"
154,0xA4B94,0x0,0xE1A00004,"MOV r0,r4",0x0,0x1DA7B,0xFFFFFFFE,0x2AEBA4,0x0,0x282380,0xFFFFD8EF,0x86E14,0x86620,0x280400,0x8669C,0x84780,0x2E3099,0x27FAC8,0x972CC,0x600001D3,"",""
155,0xA4B98,0x0,0xE8BD8010,"LDMFD sp!,{..pc} list=0x8010",0x0,0x1DA7B,0xFFFFFFFE,0x2AEBA4,0x0,0x282380,0xFFFFD8EF,0x86E14,0x86620,0x280400,0x8669C,0x84780,0x2E3099,0x27FAC8,0x972CC,0x600001D3,"","R:0x27FAC8/4"
156,0x8C740,0x0,0xE3500000,"CMP r0,#0x0",0x0,0x1DA7B,0xFFFFFFFE,0x2AEBA4,0x280600,0x282380,0xFFFFD8EF,0x86E14,0x86620,0x280400,0x8669C,0x84780,0x2E3099,0x27FAD0,0x972CC,0x600001D3,"",""
157,0x8C744,0x0,0x0A000010,"Bcond 0x8C78C",0x0,0x1DA7B,0xFFFFFFFE,0x2AEBA4,0x280600,0x282380,0xFFFFD8EF,0x86E14,0x86620,0x280400,0x8669C,0x84780,0x2E3099,0x27FAD0,0x972CC,0x600001D3,"",""
158,0x8C78C,0x0,0xE59F0064,"LDR r0,[pc,#0x64]",0x0,0x1DA7B,0xFFFFFFFE,0x2AEBA4,0x280600,0x282380,0xFFFFD8EF,0x86E14,0x86620,0x280400,0x8669C,0x84780,0x2E3099,0x27FAD0,0x972CC,0x600001D3,"","R:0x8C7F8/4"
159,0x8C790,0x0,0xE08F0000,"w=0xE08F0000",0x21CD0,0x1DA7B,0xFFFFFFFE,0x2AEBA4,0x280600,0x282380,0xFFFFD8EF,0x86E14,0x86620,0x280400,0x8669C,0x84780,0x2E3099,0x27FAD0,0x972CC,0x600001D3,"",""
160,0x8C794,0x0,0xE5951000,"w=0xE5951000",0xAE468,0x1DA7B,0xFFFFFFFE,0x2AEBA4,0x280600,0x282380,0xFFFFD8EF,0x86E14,0x86620,0x280400,0x8669C,0x84780,0x2E3099,0x27FAD0,0x972CC,0x600001D3,"","R:0x282380/4"
161,0x8C798,0x0,0xEB005757,"BL 0xA24FC",0xAE468,0x3BBE08,0xFFFFFFFE,0x2AEBA4,0x280600,0x282380,0xFFFFD8EF,0x86E14,0x86620,0x280400,0x8669C,0x84780,0x2E3099,0x27FAD0,0x972CC,0x600001D3,"",""
162,0xA24FC,0x0,0xE92D000F,"STMFD sp!,{..} list=0xF",0xAE468,0x3BBE08,0xFFFFFFFE,0x2AEBA4,0x280600,0x282380,0xFFFFD8EF,0x86E14,0x86620,0x280400,0x8669C,0x84780,0x2E3099,0x27FAD0,0x8C79C,0x600001D3,"","W:0x27FAC0/4"
163,0xA2500,0x0,0xE92D4010,"STMFD sp!,{..} list=0x4010",0xAE468,0x3BBE08,0xFFFFFFFE,0x2AEBA4,0x280600,0x282380,0xFFFFD8EF,0x86E14,0x86620,0x280400,0x8669C,0x84780,0x2E3099,0x27FAC0,0x8C79C,0x600001D3,"","W:0x27FAB8/4"
164,0xA2504,0x0,0xE24DDF82,"w=0xE24DDF82",0xAE468,0x3BBE08,0xFFFFFFFE,0x2AEBA4,0x280600,0x282380,0xFFFFD8EF,0x86E14,0x86620,0x280400,0x8669C,0x84780,0x2E3099,0x27FAB8,0x8C79C,0x600001D3,"",""
165,0xA2508,0x0,0xE28D0F85,"w=0xE28D0F85",0xAE468,0x3BBE08,0xFFFFFFFE,0x2AEBA4,0x280600,0x282380,0xFFFFD8EF,0x86E14,0x86620,0x280400,0x8669C,0x84780,0x2E3099,0x27F8B0,0x8C79C,0x600001D3,"",""
166,0xA250C,0x0,0xE58D0004,"STR r0,[sp,#0x4]",0x27FAC4,0x3BBE08,0xFFFFFFFE,0x2AEBA4,0x280600,0x282380,0xFFFFD8EF,0x86E14,0x86620,0x280400,0x8669C,0x84780,0x2E3099,0x27F8B0,0x8C79C,0x600001D3,"","W:0x27F8B4/4"
167,0xA2510,0x0,0xE28D4008,"w=0xE28D4008",0x27FAC4,0x3BBE08,0xFFFFFFFE,0x2AEBA4,0x280600,0x282380,0xFFFFD8EF,0x86E14,0x86620,0x280400,0x8669C,0x84780,0x2E3099,0x27F8B0,0x8C79C,0x600001D3,"",""
168,0xA2514,0x0,0xE1A00004,"MOV r0,r4",0x27FAC4,0x3BBE08,0xFFFFFFFE,0x2AEBA4,0x27F8B8,0x282380,0xFFFFD8EF,0x86E14,0x86620,0x280400,0x8669C,0x84780,0x2E3099,0x27F8B0,0x8C79C,0x600001D3,"",""
169,0xA2518,0x0,0xE28D3004,"w=0xE28D3004",0x27F8B8,0x3BBE08,0xFFFFFFFE,0x2AEBA4,0x27F8B8,0x282380,0xFFFFD8EF,0x86E14,0x86620,0x280400,0x8669C,0x84780,0x2E3099,0x27F8B0,0x8C79C,0x600001D3,"",""
170,0xA251C,0x0,0xE59D2210,"LDR r2,[sp,#0x210]",0x27F8B8,0x3BBE08,0xFFFFFFFE,0x27F8B4,0x27F8B8,0x282380,0xFFFFD8EF,0x86E14,0x86620,0x280400,0x8669C,0x84780,0x2E3099,0x27F8B0,0x8C79C,0x600001D3,"","R:0x27FAC0/4"
171,0xA2520,0x0,0xE3A01F80,"w=0xE3A01F80",0x27F8B8,0x3BBE08,0xAE468,0x27F8B4,0x27F8B8,0x282380,0xFFFFD8EF,0x86E14,0x86620,0x280400,0x8669C,0x84780,0x2E3099,0x27F8B0,0x8C79C,0x600001D3,"",""
172,0xA2524,0x0,0xEB002A87,"BL 0xACF48",0x27F8B8,0x200,0xAE468,0x27F8B4,0x27F8B8,0x282380,0xFFFFD8EF,0x86E14,0x86620,0x280400,0x8669C,0x84780,0x2E3099,0x27F8B0,0x8C79C,0x600001D3,"",""
173,0xACF48,0x0,0xE92D4008,"STMFD sp!,{..} list=0x4008",0x27F8B8,0x200,0xAE468,0x27F8B4,0x27F8B8,0x282380,0xFFFFD8EF,0x86E14,0x86620,0x280400,0x8669C,0x84780,0x2E3099,0x27F8B0,0xA2528,0x600001D3,"","W:0x27F8A8/4"
174,0xACF4C,0x0,0xE58D3000,"STR r3,[sp,#0x0]",0x27F8B8,0x200,0xAE468,0x27F8B4,0x27F8B8,0x282380,0xFFFFD8EF,0x86E14,0x86620,0x280400,0x8669C,0x84780,0x2E3099,0x27F8A8,0xA2528,0x600001D3,"","W:0x27F8A8/4"
175,0xACF50,0x0,0xE1A03002,"MOV r3,r2",0x27F8B8,0x200,0xAE468,0x27F8B4,0x27F8B8,0x282380,0xFFFFD8EF,0x86E14,0x86620,0x280400,0x8669C,0x84780,0x2E3099,0x27F8A8,0xA2528,0x600001D3,"",""
176,0xACF54,0x0,0xE1A02001,"MOV r2,r1",0x27F8B8,0x200,0xAE468,0xAE468,0x27F8B8,0x282380,0xFFFFD8EF,0x86E14,0x86620,0x280400,0x8669C,0x84780,0x2E3099,0x27F8A8,0xA2528,0x600001D3,"",""
177,0xACF58,0x0,0xE1A01000,"MOV r1,r0",0x27F8B8,0x200,0x200,0xAE468,0x27F8B8,0x282380,0xFFFFD8EF,0x86E14,0x86620,0x280400,0x8669C,0x84780,0x2E3099,0x27F8A8,0xA2528,0x600001D3,"",""
178,0xACF5C,0x0,0xE59F0008,"LDR r0,[pc,#0x8]",0x27F8B8,0x27F8B8,0x200,0xAE468,0x27F8B8,0x282380,0xFFFFD8EF,0x86E14,0x86620,0x280400,0x8669C,0x84780,0x2E3099,0x27F8A8,0xA2528,0x600001D3,"","R:0xACF6C/4"
179,0xACF60,0x0,0xE08F0000,"w=0xE08F0000",0xFFFE1990,0x27F8B8,0x200,0xAE468,0x27F8B8,0x282380,0xFFFFD8EF,0x86E14,0x86620,0x280400,0x8669C,0x84780,0x2E3099,0x27F8A8,0xA2528,0x600001D3,"",""
180,0xACF64,0x0,0xEBFF8667,"BL 0x8E908",0x8E8F8,0x27F8B8,0x200,0xAE468,0x27F8B8,0x282380,0xFFFFD8EF,0x86E14,0x86620,0x280400,0x8669C,0x84780,0x2E3099,0x27F8A8,0xA2528,0x600001D3,"",""
181,0x8E908,0x0,0xE92D4DF0,"STMFD sp!,{..} list=0x4DF0",0x8E8F8,0x27F8B8,0x200,0xAE468,0x27F8B8,0x282380,0xFFFFD8EF,0x86E14,0x86620,0x280400,0x8669C,0x84780,0x2E3099,0x27F8A8,0xACF68,0x600001D3,"","W:0x27F888/4"
182,0x8E90C,0x0,0xE24DD040,"w=0xE24DD040",0x8E8F8,0x27F8B8,0x200,0xAE468,0x27F8B8,0x282380,0xFFFFD8EF,0x86E14,0x86620,0x280400,0x8669C,0x84780,0x2E3099,0x27F888,0xACF68,0x600001D3,"",""
183,0x8E910,0x0,0xE1A0A000,"MOV r10,r0",0x8E8F8,0x27F8B8,0x200,0xAE468,0x27F8B8,0x282380,0xFFFFD8EF,0x86E14,0x86620,0x280400,0x8669C,0x84780,0x2E3099,0x27F848,0xACF68,0x600001D3,"",""
184,0x8E914,0x0,0xE59D7060,"LDR r7,[sp,#0x60]",0x8E8F8,0x27F8B8,0x200,0xAE468,0x27F8B8,0x282380,0xFFFFD8EF,0x86E14,0x86620,0x280400,0x8E8F8,0x84780,0x2E3099,0x27F848,0xACF68,0x600001D3,"","R:0x27F8A8/4"
185,0x8E918,0x0,0xE1B0B001,"w=0xE1B0B001",0x8E8F8,0x27F8B8,0x200,0xAE468,0x27F8B8,0x282380,0xFFFFD8EF,0x27F8B4,0x86620,0x280400,0x8E8F8,0x84780,0x2E3099,0x27F848,0xACF68,0x600001D3,"",""
186,0x8E91C,0x0,0xE1A04003,"MOV r4,r3",0x8E8F8,0x27F8B8,0x200,0xAE468,0x27F8B8,0x282380,0xFFFFD8EF,0x27F8B4,0x86620,0x280400,0x8E8F8,0x27F8B8,0x2E3099,0x27F848,0xACF68,0x200001D3,"",""
187,0x8E920,0x0,0xE5D40000,"w=0xE5D40000",0x8E8F8,0x27F8B8,0x200,0xAE468,0xAE468,0x282380,0xFFFFD8EF,0x27F8B4,0x86620,0x280400,0x8E8F8,0x27F8B8,0x2E3099,0x27F848,0xACF68,0x200001D3,"","R:0xAE468/1"
188,0x8E924,0x0,0x059FA694,"w=0x059FA694",0x41,0x27F8B8,0x200,0xAE468,0xAE468,0x282380,0xFFFFD8EF,0x27F8B4,0x86620,0x280400,0x8E8F8,0x27F8B8,0x2E3099,0x27F848,0xACF68,0x200001D3,"",""
189,0x8E928,0x0,0xE1A08002,"MOV r8,r2",0x41,0x27F8B8,0x200,0xAE468,0xAE468,0x282380,0xFFFFD8EF,0x27F8B4,0x86620,0x280400,0x8E8F8,0x27F8B8,0x2E3099,0x27F848,0xACF68,0x200001D3,"",""
190,0x8E92C,0x0,0x008FA00A,"w=0x008FA00A",0x41,0x27F8B8,0x200,0xAE468,0xAE468,0x282380,0xFFFFD8EF,0x27F8B4,0x200,0x280400,0x8E8F8,0x27F8B8,0x2E3099,0x27F848,0xACF68,0x200001D3,"",""
191,0x8E930,0x0,0xE3500000,"CMP r0,#0x0",0x41,0x27F8B8,0x200,0xAE468,0xAE468,0x282380,0xFFFFD8EF,0x27F8B4,0x200,0x280400,0x8E8F8,0x27F8B8,0x2E3099,0x27F848,0xACF68,0x200001D3,"",""
192,0x8E934,0x0,0xE3A06000,"w=0xE3A06000",0x41,0x27F8B8,0x200,0xAE468,0xAE468,0x282380,0xFFFFD8EF,0x27F8B4,0x200,0x280400,0x8E8F8,0x27F8B8,0x2E3099,0x27F848,0xACF68,0x200001D3,"",""
193,0x8E938,0x0,0x0A00020C,"Bcond 0x8F170",0x41,0x27F8B8,0x200,0xAE468,0xAE468,0x282380,0x0,0x27F8B4,0x200,0x280400,0x8E8F8,0x27F8B8,0x2E3099,0x27F848,0xACF68,0x200001D3,"",""
194,0x8E93C,0x0,0xE5D40000,"w=0xE5D40000",0x41,0x27F8B8,0x200,0xAE468,0xAE468,0x282380,0x0,0x27F8B4,0x200,0x280400,0x8E8F8,0x27F8B8,0x2E3099,0x27F848,0xACF68,0x200001D3,"","R:0xAE468/1"
195,0x8E940,0x0,0xE3500025,"CMP r0,#0x25",0x41,0x27F8B8,0x200,0xAE468,0xAE468,0x282380,0x0,0x27F8B4,0x200,0x280400,0x8E8F8,0x27F8B8,0x2E3099,0x27F848,0xACF68,0x200001D3,"",""
196,0x8E944,0x0,0x0A000006,"Bcond 0x8E964",0x41,0x27F8B8,0x200,0xAE468,0xAE468,0x282380,0x0,0x27F8B4,0x200,0x280400,0x8E8F8,0x27F8B8,0x2E3099,0x27F848,0xACF68,0x200001D3,"",""
197,0x8E948,0x0,0xE1A02006,"MOV r2,r6",0x41,0x27F8B8,0x200,0xAE468,0xAE468,0x282380,0x0,0x27F8B4,0x200,0x280400,0x8E8F8,0x27F8B8,0x2E3099,0x27F848,0xACF68,0x200001D3,"",""
198,0x8E94C,0x0,0xE2866001,"w=0xE2866001",0x41,0x27F8B8,0x0,0xAE468,0xAE468,0x282380,0x0,0x27F8B4,0x200,0x280400,0x8E8F8,0x27F8B8,0x2E3099,0x27F848,0xACF68,0x200001D3,"",""
199,0x8E950,0x0,0xE1A03008,"MOV r3,r8",0x41,0x27F8B8,0x0,0xAE468,0xAE468,0x282380,0x1,0x27F8B4,0x200,0x280400,0x8E8F8,0x27F8B8,0x2E3099,0x27F848,0xACF68,0x200001D3,"",""
200,0x8E954,0x0,0xE1A0100B,"MOV r1,r11",0x41,0x27F8B8,0x0,0x200,0xAE468,0x282380,0x1,0x27F8B4,0x200,0x280400,0x8E8F8,0x27F8B8,0x2E3099,0x27F848,0xACF68,0x200001D3,"",""
201,0x8E958,0x0,0xE12FFF3A,"BLX r10",0x41,0x27F8B8,0x0,0x200,0xAE468,0x282380,0x1,0x27F8B4,0x200,0x280400,0x8E8F8,0x27F8B8,0x2E3099,0x27F848,0xACF68,0x200001D3,"",""
202,0x8E8F8,0x0,0xE1520003,"w=0xE1520003",0x41,0x27F8B8,0x0,0x200,0xAE468,0x282380,0x1,0x27F8B4,0x200,0x280400,0x8E8F8,0x27F8B8,0x2E3099,0x27F848,0x8E95C,0x200001D3,"",""
203,0x8E8FC,0x0,0x37C10002,"w=0x37C10002",0x41,0x27F8B8,0x0,0x200,0xAE468,0x282380,0x1,0x27F8B4,0x200,0x280400,0x8E8F8,0x27F8B8,0x2E3099,0x27F848,0x8E95C,0x800001D3,"","W:0x27F8B8/1"
204,0x8E900,0x0,0xE12FFF1E,"BX r14",0x41,0x27F8B8,0x0,0x200,0xAE468,0x282380,0x1,0x27F8B4,0x200,0x280400,0x8E8F8,0x27F8B8,0x2E3099,0x27F848,0x8E95C,0x800001D3,"",""
205,0x8E95C,0x0,0xE2844001,"w=0xE2844001",0x41,0x27F8B8,0x0,0x200,0xAE468,0x282380,0x1,0x27F8B4,0x200,0x280400,0x8E8F8,0x27F8B8,0x2E3099,0x27F848,0x8E95C,0x800001D3,"",""
206,0x8E960,0x0,0xEA0001FF,"Bcond 0x8F164",0x41,0x27F8B8,0x0,0x200,0xAE469,0x282380,0x1,0x27F8B4,0x200,0x280400,0x8E8F8,0x27F8B8,0x2E3099,0x27F848,0x8E95C,0x800001D3,"",""
207,0x8F164,0x0,0xE5D40000,"w=0xE5D40000",0x41,0x27F8B8,0x0,0x200,0xAE469,0x282380,0x1,0x27F8B4,0x200,0x280400,0x8E8F8,0x27F8B8,0x2E3099,0x27F848,0x8E95C,0x800001D3,"","R:0xAE469/1"
208,0x8F168,0x0,0xE3500000,"CMP r0,#0x0",0x66,0x27F8B8,0x0,0x200,0xAE469,0x282380,0x1,0x27F8B4,0x200,0x280400,0x8E8F8,0x27F8B8,0x2E3099,0x27F848,0x8E95C,0x800001D3,"",""
209,0x8F16C,0x0,0x1AFFFDF2,"Bcond 0x8E93C",0x66,0x27F8B8,0x0,0x200,0xAE469,0x282380,0x1,0x27F8B4,0x200,0x280400,0x8E8F8,0x27F8B8,0x2E3099,0x27F848,0x8E95C,0x200001D3,"",""
210,0x8E93C,0x0,0xE5D40000,"w=0xE5D40000",0x66,0x27F8B8,0x0,0x200,0xAE469,0x282380,0x1,0x27F8B4,0x200,0x280400,0x8E8F8,0x27F8B8,0x2E3099,0x27F848,0x8E95C,0x200001D3,"","R:0xAE469/1"
211,0x8E940,0x0,0xE3500025,"CMP r0,#0x25",0x66,0x27F8B8,0x0,0x200,0xAE469,0x282380,0x1,0x27F8B4,0x200,0x280400,0x8E8F8,0x27F8B8,0x2E3099,0x27F848,0x8E95C,0x200001D3,"",""
212,0x8E944,0x0,0x0A000006,"Bcond 0x8E964",0x66,0x27F8B8,0x0,0x200,0xAE469,0x282380,0x1,0x27F8B4,0x200,0x280400,0x8E8F8,0x27F8B8,0x2E3099,0x27F848,0x8E95C,0x200001D3,"",""
213,0x8E948,0x0,0xE1A02006,"MOV r2,r6",0x66,0x27F8B8,0x0,0x200,0xAE469,0x282380,0x1,0x27F8B4,0x200,0x280400,0x8E8F8,0x27F8B8,0x2E3099,0x27F848,0x8E95C,0x200001D3,"",""
214,0x8E94C,0x0,0xE2866001,"w=0xE2866001",0x66,0x27F8B8,0x1,0x200,0xAE469,0x282380,0x1,0x27F8B4,0x200,0x280400,0x8E8F8,0x27F8B8,0x2E3099,0x27F848,0x8E95C,0x200001D3,"",""
215,0x8E950,0x0,0xE1A03008,"MOV r3,r8",0x66,0x27F8B8,0x1,0x200,0xAE469,0x282380,0x2,0x27F8B4,0x200,0x280400,0x8E8F8,0x27F8B8,0x2E3099,0x27F848,0x8E95C,0x200001D3,"",""
216,0x8E954,0x0,0xE1A0100B,"MOV r1,r11",0x66,0x27F8B8,0x1,0x200,0xAE469,0x282380,0x2,0x27F8B4,0x200,0x280400,0x8E8F8,0x27F8B8,0x2E3099,0x27F848,0x8E95C,0x200001D3,"",""
217,0x8E958,0x0,0xE12FFF3A,"BLX r10",0x66,0x27F8B8,0x1,0x200,0xAE469,0x282380,0x2,0x27F8B4,0x200,0x280400,0x8E8F8,0x27F8B8,0x2E3099,0x27F848,0x8E95C,0x200001D3,"",""
218,0x8E8F8,0x0,0xE1520003,"w=0xE1520003",0x66,0x27F8B8,0x1,0x200,0xAE469,0x282380,0x2,0x27F8B4,0x200,0x280400,0x8E8F8,0x27F8B8,0x2E3099,0x27F848,0x8E95C,0x200001D3,"",""
219,0x8E8FC,0x0,0x37C10002,"w=0x37C10002",0x66,0x27F8B8,0x1,0x200,0xAE469,0x282380,0x2,0x27F8B4,0x200,0x280400,0x8E8F8,0x27F8B8,0x2E3099,0x27F848,0x8E95C,0x800001D3,"","W:0x27F8B9/1"
220,0x8E900,0x0,0xE12FFF1E,"BX r14",0x66,0x27F8B8,0x1,0x200,0xAE469,0x282380,0x2,0x27F8B4,0x200,0x280400,0x8E8F8,0x27F8B8,0x2E3099,0x27F848,0x8E95C,0x800001D3,"",""
221,0x8E95C,0x0,0xE2844001,"w=0xE2844001",0x66,0x27F8B8,0x1,0x200,0xAE469,0x282380,0x2,0x27F8B4,0x200,0x280400,0x8E8F8,0x27F8B8,0x2E3099,0x27F848,0x8E95C,0x800001D3,"",""
222,0x8E960,0x0,0xEA0001FF,"Bcond 0x8F164",0x66,0x27F8B8,0x1,0x200,0xAE46A,0x282380,0x2,0x27F8B4,0x200,0x280400,0x8E8F8,0x27F8B8,0x2E3099,0x27F848,0x8E95C,0x800001D3,"",""
223,0x8F164,0x0,0xE5D40000,"w=0xE5D40000",0x66,0x27F8B8,0x1,0x200,0xAE46A,0x282380,0x2,0x27F8B4,0x200,0x280400,0x8E8F8,0x27F8B8,0x2E3099,0x27F848,0x8E95C,0x800001D3,"","R:0xAE46A/1"
224,0x8F168,0x0,0xE3500000,"CMP r0,#0x0",0x74,0x27F8B8,0x1,0x200,0xAE46A,0x282380,0x2,0x27F8B4,0x200,0x280400,0x8E8F8,0x27F8B8,0x2E3099,0x27F848,0x8E95C,0x800001D3,"",""
225,0x8F16C,0x0,0x1AFFFDF2,"Bcond 0x8E93C",0x74,0x27F8B8,0x1,0x200,0xAE46A,0x282380,0x2,0x27F8B4,0x200,0x280400,0x8E8F8,0x27F8B8,0x2E3099,0x27F848,0x8E95C,0x200001D3,"",""
226,0x8E93C,0x0,0xE5D40000,"w=0xE5D40000",0x74,0x27F8B8,0x1,0x200,0xAE46A,0x282380,0x2,0x27F8B4,0x200,0x280400,0x8E8F8,0x27F8B8,0x2E3099,0x27F848,0x8E95C,0x200001D3,"","R:0xAE46A/1"
227,0x8E940,0x0,0xE3500025,"CMP r0,#0x25",0x74,0x27F8B8,0x1,0x200,0xAE46A,0x282380,0x2,0x27F8B4,0x200,0x280400,0x8E8F8,0x27F8B8,0x2E3099,0x27F848,0x8E95C,0x200001D3,"",""
228,0x8E944,0x0,0x0A000006,"Bcond 0x8E964",0x74,0x27F8B8,0x1,0x200,0xAE46A,0x282380,0x2,0x27F8B4,0x200,0x280400,0x8E8F8,0x27F8B8,0x2E3099,0x27F848,0x8E95C,0x200001D3,"",""
229,0x8E948,0x0,0xE1A02006,"MOV r2,r6",0x74,0x27F8B8,0x1,0x200,0xAE46A,0x282380,0x2,0x27F8B4,0x200,0x280400,0x8E8F8,0x27F8B8,0x2E3099,0x27F848,0x8E95C,0x200001D3,"",""
230,0x8E94C,0x0,0xE2866001,"w=0xE2866001",0x74,0x27F8B8,0x2,0x200,0xAE46A,0x282380,0x2,0x27F8B4,0x200,0x280400,0x8E8F8,0x27F8B8,0x2E3099,0x27F848,0x8E95C,0x200001D3,"",""
231,0x8E950,0x0,0xE1A03008,"MOV r3,r8",0x74,0x27F8B8,0x2,0x200,0xAE46A,0x282380,0x3,0x27F8B4,0x200,0x280400,0x8E8F8,0x27F8B8,0x2E3099,0x27F848,0x8E95C,0x200001D3,"",""
232,0x8E954,0x0,0xE1A0100B,"MOV r1,r11",0x74,0x27F8B8,0x2,0x200,0xAE46A,0x282380,0x3,0x27F8B4,0x200,0x280400,0x8E8F8,0x27F8B8,0x2E3099,0x27F848,0x8E95C,0x200001D3,"",""
233,0x8E958,0x0,0xE12FFF3A,"BLX r10",0x74,0x27F8B8,0x2,0x200,0xAE46A,0x282380,0x3,0x27F8B4,0x200,0x280400,0x8E8F8,0x27F8B8,0x2E3099,0x27F848,0x8E95C,0x200001D3,"",""
234,0x8E8F8,0x0,0xE1520003,"w=0xE1520003",0x74,0x27F8B8,0x2,0x200,0xAE46A,0x282380,0x3,0x27F8B4,0x200,0x280400,0x8E8F8,0x27F8B8,0x2E3099,0x27F848,0x8E95C,0x200001D3,"",""
235,0x8E8FC,0x0,0x37C10002,"w=0x37C10002",0x74,0x27F8B8,0x2,0x200,0xAE46A,0x282380,0x3,0x27F8B4,0x200,0x280400,0x8E8F8,0x27F8B8,0x2E3099,0x27F848,0x8E95C,0x800001D3,"","W:0x27F8BA/1"
236,0x8E900,0x0,0xE12FFF1E,"BX r14",0x74,0x27F8B8,0x2,0x200,0xAE46A,0x282380,0x3,0x27F8B4,0x200,0x280400,0x8E8F8,0x27F8B8,0x2E3099,0x27F848,0x8E95C,0x800001D3,"",""
237,0x8E95C,0x0,0xE2844001,"w=0xE2844001",0x74,0x27F8B8,0x2,0x200,0xAE46A,0x282380,0x3,0x27F8B4,0x200,0x280400,0x8E8F8,0x27F8B8,0x2E3099,0x27F848,0x8E95C,0x800001D3,"",""
238,0x8E960,0x0,0xEA0001FF,"Bcond 0x8F164",0x74,0x27F8B8,0x2,0x200,0xAE46B,0x282380,0x3,0x27F8B4,0x200,0x280400,0x8E8F8,0x27F8B8,0x2E3099,0x27F848,0x8E95C,0x800001D3,"",""
239,0x8F164,0x0,0xE5D40000,"w=0xE5D40000",0x74,0x27F8B8,0x2,0x200,0xAE46B,0x282380,0x3,0x27F8B4,0x200,0x280400,0x8E8F8,0x27F8B8,0x2E3099,0x27F848,0x8E95C,0x800001D3,"","R:0xAE46B/1"
240,0x8F168,0x0,0xE3500000,"CMP r0,#0x0",0x65,0x27F8B8,0x2,0x200,0xAE46B,0x282380,0x3,0x27F8B4,0x200,0x280400,0x8E8F8,0x27F8B8,0x2E3099,0x27F848,0x8E95C,0x800001D3,"",""
241,0x8F16C,0x0,0x1AFFFDF2,"Bcond 0x8E93C",0x65,0x27F8B8,0x2,0x200,0xAE46B,0x282380,0x3,0x27F8B4,0x200,0x280400,0x8E8F8,0x27F8B8,0x2E3099,0x27F848,0x8E95C,0x200001D3,"",""
242,0x8E93C,0x0,0xE5D40000,"w=0xE5D40000",0x65,0x27F8B8,0x2,0x200,0xAE46B,0x282380,0x3,0x27F8B4,0x200,0x280400,0x8E8F8,0x27F8B8,0x2E3099,0x27F848,0x8E95C,0x200001D3,"","R:0xAE46B/1"
243,0x8E940,0x0,0xE3500025,"CMP r0,#0x25",0x65,0x27F8B8,0x2,0x200,0xAE46B,0x282380,0x3,0x27F8B4,0x200,0x280400,0x8E8F8,0x27F8B8,0x2E3099,0x27F848,0x8E95C,0x200001D3,"",""
244,0x8E944,0x0,0x0A000006,"Bcond 0x8E964",0x65,0x27F8B8,0x2,0x200,0xAE46B,0x282380,0x3,0x27F8B4,0x200,0x280400,0x8E8F8,0x27F8B8,0x2E3099,0x27F848,0x8E95C,0x200001D3,"",""
245,0x8E948,0x0,0xE1A02006,"MOV r2,r6",0x65,0x27F8B8,0x2,0x200,0xAE46B,0x282380,0x3,0x27F8B4,0x200,0x280400,0x8E8F8,0x27F8B8,0x2E3099,0x27F848,0x8E95C,0x200001D3,"",""
246,0x8E94C,0x0,0xE2866001,"w=0xE2866001",0x65,0x27F8B8,0x3,0x200,0xAE46B,0x282380,0x3,0x27F8B4,0x200,0x280400,0x8E8F8,0x27F8B8,0x2E3099,0x27F848,0x8E95C,0x200001D3,"",""
247,0x8E950,0x0,0xE1A03008,"MOV r3,r8",0x65,0x27F8B8,0x3,0x200,0xAE46B,0x282380,0x4,0x27F8B4,0x200,0x280400,0x8E8F8,0x27F8B8,0x2E3099,0x27F848,0x8E95C,0x200001D3,"",""
248,0x8E954,0x0,0xE1A0100B,"MOV r1,r11",0x65,0x27F8B8,0x3,0x200,0xAE46B,0x282380,0x4,0x27F8B4,0x200,0x280400,0x8E8F8,0x27F8B8,0x2E3099,0x27F848,0x8E95C,0x200001D3,"",""
249,0x8E958,0x0,0xE12FFF3A,"BLX r10",0x65,0x27F8B8,0x3,0x200,0xAE46B,0x282380,0x4,0x27F8B4,0x200,0x280400,0x8E8F8,0x27F8B8,0x2E3099,0x27F848,0x8E95C,0x200001D3,"",""
250,0x8E8F8,0x0,0xE1520003,"w=0xE1520003",0x65,0x27F8B8,0x3,0x200,0xAE46B,0x282380,0x4,0x27F8B4,0x200,0x280400,0x8E8F8,0x27F8B8,0x2E3099,0x27F848,0x8E95C,0x200001D3,"",""
251,0x8E8FC,0x0,0x37C10002,"w=0x37C10002",0x65,0x27F8B8,0x3,0x200,0xAE46B,0x282380,0x4,0x27F8B4,0x200,0x280400,0x8E8F8,0x27F8B8,0x2E3099,0x27F848,0x8E95C,0x800001D3,"","W:0x27F8BB/1"
252,0x8E900,0x0,0xE12FFF1E,"BX r14",0x65,0x27F8B8,0x3,0x200,0xAE46B,0x282380,0x4,0x27F8B4,0x200,0x280400,0x8E8F8,0x27F8B8,0x2E3099,0x27F848,0x8E95C,0x800001D3,"",""
253,0x8E95C,0x0,0xE2844001,"w=0xE2844001",0x65,0x27F8B8,0x3,0x200,0xAE46B,0x282380,0x4,0x27F8B4,0x200,0x280400,0x8E8F8,0x27F8B8,0x2E3099,0x27F848,0x8E95C,0x800001D3,"",""
254,0x8E960,0x0,0xEA0001FF,"Bcond 0x8F164",0x65,0x27F8B8,0x3,0x200,0xAE46C,0x282380,0x4,0x27F8B4,0x200,0x280400,0x8E8F8,0x27F8B8,0x2E3099,0x27F848,0x8E95C,0x800001D3,"",""
255,0x8F164,0x0,0xE5D40000,"w=0xE5D40000",0x65,0x27F8B8,0x3,0x200,0xAE46C,0x282380,0x4,0x27F8B4,0x200,0x280400,0x8E8F8,0x27F8B8,0x2E3099,0x27F848,0x8E95C,0x800001D3,"","R:0xAE46C/1"
256,0x8F168,0x0,0xE3500000,"CMP r0,#0x0",0x72,0x27F8B8,0x3,0x200,0xAE46C,0x282380,0x4,0x27F8B4,0x200,0x280400,0x8E8F8,0x27F8B8,0x2E3099,0x27F848,0x8E95C,0x800001D3,"",""
257,0x8F16C,0x0,0x1AFFFDF2,"Bcond 0x8E93C",0x72,0x27F8B8,0x3,0x200,0xAE46C,0x282380,0x4,0x27F8B4,0x200,0x280400,0x8E8F8,0x27F8B8,0x2E3099,0x27F848,0x8E95C,0x200001D3,"",""
258,0x8E93C,0x0,0xE5D40000,"w=0xE5D40000",0x72,0x27F8B8,0x3,0x200,0xAE46C,0x282380,0x4,0x27F8B4,0x200,0x280400,0x8E8F8,0x27F8B8,0x2E3099,0x27F848,0x8E95C,0x200001D3,"","R:0xAE46C/1"
259,0x8E940,0x0,0xE3500025,"CMP r0,#0x25",0x72,0x27F8B8,0x3,0x200,0xAE46C,0x282380,0x4,0x27F8B4,0x200,0x280400,0x8E8F8,0x27F8B8,0x2E3099,0x27F848,0x8E95C,0x200001D3,"",""
260,0x8E944,0x0,0x0A000006,"Bcond 0x8E964",0x72,0x27F8B8,0x3,0x200,0xAE46C,0x282380,0x4,0x27F8B4,0x200,0x280400,0x8E8F8,0x27F8B8,0x2E3099,0x27F848,0x8E95C,0x200001D3,"",""
261,0x8E948,0x0,0xE1A02006,"MOV r2,r6",0x72,0x27F8B8,0x3,0x200,0xAE46C,0x282380,0x4,0x27F8B4,0x200,0x280400,0x8E8F8,0x27F8B8,0x2E3099,0x27F848,0x8E95C,0x200001D3,"",""
262,0x8E94C,0x0,0xE2866001,"w=0xE2866001",0x72,0x27F8B8,0x4,0x200,0xAE46C,0x282380,0x4,0x27F8B4,0x200,0x280400,0x8E8F8,0x27F8B8,0x2E3099,0x27F848,0x8E95C,0x200001D3,"",""
263,0x8E950,0x0,0xE1A03008,"MOV r3,r8",0x72,0x27F8B8,0x4,0x200,0xAE46C,0x282380,0x5,0x27F8B4,0x200,0x280400,0x8E8F8,0x27F8B8,0x2E3099,0x27F848,0x8E95C,0x200001D3,"",""
264,0x8E954,0x0,0xE1A0100B,"MOV r1,r11",0x72,0x27F8B8,0x4,0x200,0xAE46C,0x282380,0x5,0x27F8B4,0x200,0x280400,0x8E8F8,0x27F8B8,0x2E3099,0x27F848,0x8E95C,0x200001D3,"",""
265,0x8E958,0x0,0xE12FFF3A,"BLX r10",0x72,0x27F8B8,0x4,0x200,0xAE46C,0x282380,0x5,0x27F8B4,0x200,0x280400,0x8E8F8,0x27F8B8,0x2E3099,0x27F848,0x8E95C,0x200001D3,"",""
266,0x8E8F8,0x0,0xE1520003,"w=0xE1520003",0x72,0x27F8B8,0x4,0x200,0xAE46C,0x282380,0x5,0x27F8B4,0x200,0x280400,0x8E8F8,0x27F8B8,0x2E3099,0x27F848,0x8E95C,0x200001D3,"",""
267,0x8E8FC,0x0,0x37C10002,"w=0x37C10002",0x72,0x27F8B8,0x4,0x200,0xAE46C,0x282380,0x5,0x27F8B4,0x200,0x280400,0x8E8F8,0x27F8B8,0x2E3099,0x27F848,0x8E95C,0x800001D3,"","W:0x27F8BC/1"
268,0x8E900,0x0,0xE12FFF1E,"BX r14",0x72,0x27F8B8,0x4,0x200,0xAE46C,0x282380,0x5,0x27F8B4,0x200,0x280400,0x8E8F8,0x27F8B8,0x2E3099,0x27F848,0x8E95C,0x800001D3,"",""
269,0x8E95C,0x0,0xE2844001,"w=0xE2844001",0x72,0x27F8B8,0x4,0x200,0xAE46C,0x282380,0x5,0x27F8B4,0x200,0x280400,0x8E8F8,0x27F8B8,0x2E3099,0x27F848,0x8E95C,0x800001D3,"",""
270,0x8E960,0x0,0xEA0001FF,"Bcond 0x8F164",0x72,0x27F8B8,0x4,0x200,0xAE46D,0x282380,0x5,0x27F8B4,0x200,0x280400,0x8E8F8,0x27F8B8,0x2E3099,0x27F848,0x8E95C,0x800001D3,"",""
271,0x8F164,0x0,0xE5D40000,"w=0xE5D40000",0x72,0x27F8B8,0x4,0x200,0xAE46D,0x282380,0x5,0x27F8B4,0x200,0x280400,0x8E8F8,0x27F8B8,0x2E3099,0x27F848,0x8E95C,0x800001D3,"","R:0xAE46D/1"
272,0x8F168,0x0,0xE3500000,"CMP r0,#0x0",0x20,0x27F8B8,0x4,0x200,0xAE46D,0x282380,0x5,0x27F8B4,0x200,0x280400,0x8E8F8,0x27F8B8,0x2E3099,0x27F848,0x8E95C,0x800001D3,"",""
273,0x8F16C,0x0,0x1AFFFDF2,"Bcond 0x8E93C",0x20,0x27F8B8,0x4,0x200,0xAE46D,0x282380,0x5,0x27F8B4,0x200,0x280400,0x8E8F8,0x27F8B8,0x2E3099,0x27F848,0x8E95C,0x200001D3,"",""
274,0x8E93C,0x0,0xE5D40000,"w=0xE5D40000",0x20,0x27F8B8,0x4,0x200,0xAE46D,0x282380,0x5,0x27F8B4,0x200,0x280400,0x8E8F8,0x27F8B8,0x2E3099,0x27F848,0x8E95C,0x200001D3,"","R:0xAE46D/1"
275,0x8E940,0x0,0xE3500025,"CMP r0,#0x25",0x20,0x27F8B8,0x4,0x200,0xAE46D,0x282380,0x5,0x27F8B4,0x200,0x280400,0x8E8F8,0x27F8B8,0x2E3099,0x27F848,0x8E95C,0x200001D3,"",""
276,0x8E944,0x0,0x0A000006,"Bcond 0x8E964",0x20,0x27F8B8,0x4,0x200,0xAE46D,0x282380,0x5,0x27F8B4,0x200,0x280400,0x8E8F8,0x27F8B8,0x2E3099,0x27F848,0x8E95C,0x800001D3,"",""
277,0x8E948,0x0,0xE1A02006,"MOV r2,r6",0x20,0x27F8B8,0x4,0x200,0xAE46D,0x282380,0x5,0x27F8B4,0x200,0x280400,0x8E8F8,0x27F8B8,0x2E3099,0x27F848,0x8E95C,0x800001D3,"",""
278,0x8E94C,0x0,0xE2866001,"w=0xE2866001",0x20,0x27F8B8,0x5,0x200,0xAE46D,0x282380,0x5,0x27F8B4,0x200,0x280400,0x8E8F8,0x27F8B8,0x2E3099,0x27F848,0x8E95C,0x800001D3,"",""
279,0x8E950,0x0,0xE1A03008,"MOV r3,r8",0x20,0x27F8B8,0x5,0x200,0xAE46D,0x282380,0x6,0x27F8B4,0x200,0x280400,0x8E8F8,0x27F8B8,0x2E3099,0x27F848,0x8E95C,0x800001D3,"",""
280,0x8E954,0x0,0xE1A0100B,"MOV r1,r11",0x20,0x27F8B8,0x5,0x200,0xAE46D,0x282380,0x6,0x27F8B4,0x200,0x280400,0x8E8F8,0x27F8B8,0x2E3099,0x27F848,0x8E95C,0x800001D3,"",""
281,0x8E958,0x0,0xE12FFF3A,"BLX r10",0x20,0x27F8B8,0x5,0x200,0xAE46D,0x282380,0x6,0x27F8B4,0x200,0x280400,0x8E8F8,0x27F8B8,0x2E3099,0x27F848,0x8E95C,0x800001D3,"",""
282,0x8E8F8,0x0,0xE1520003,"w=0xE1520003",0x20,0x27F8B8,0x5,0x200,0xAE46D,0x282380,0x6,0x27F8B4,0x200,0x280400,0x8E8F8,0x27F8B8,0x2E3099,0x27F848,0x8E95C,0x800001D3,"",""
283,0x8E8FC,0x0,0x37C10002,"w=0x37C10002",0x20,0x27F8B8,0x5,0x200,0xAE46D,0x282380,0x6,0x27F8B4,0x200,0x280400,0x8E8F8,0x27F8B8,0x2E3099,0x27F848,0x8E95C,0x800001D3,"","W:0x27F8BD/1"
284,0x8E900,0x0,0xE12FFF1E,"BX r14",0x20,0x27F8B8,0x5,0x200,0xAE46D,0x282380,0x6,0x27F8B4,0x200,0x280400,0x8E8F8,0x27F8B8,0x2E3099,0x27F848,0x8E95C,0x800001D3,"",""
285,0x8E95C,0x0,0xE2844001,"w=0xE2844001",0x20,0x27F8B8,0x5,0x200,0xAE46D,0x282380,0x6,0x27F8B4,0x200,0x280400,0x8E8F8,0x27F8B8,0x2E3099,0x27F848,0x8E95C,0x800001D3,"",""
286,0x8E960,0x0,0xEA0001FF,"Bcond 0x8F164",0x20,0x27F8B8,0x5,0x200,0xAE46E,0x282380,0x6,0x27F8B4,0x200,0x280400,0x8E8F8,0x27F8B8,0x2E3099,0x27F848,0x8E95C,0x800001D3,"",""
287,0x8F164,0x0,0xE5D40000,"w=0xE5D40000",0x20,0x27F8B8,0x5,0x200,0xAE46E,0x282380,0x6,0x27F8B4,0x200,0x280400,0x8E8F8,0x27F8B8,0x2E3099,0x27F848,0x8E95C,0x800001D3,"","R:0xAE46E/1"
288,0x8F168,0x0,0xE3500000,"CMP r0,#0x0",0x61,0x27F8B8,0x5,0x200,0xAE46E,0x282380,0x6,0x27F8B4,0x200,0x280400,0x8E8F8,0x27F8B8,0x2E3099,0x27F848,0x8E95C,0x800001D3,"",""
289,0x8F16C,0x0,0x1AFFFDF2,"Bcond 0x8E93C",0x61,0x27F8B8,0x5,0x200,0xAE46E,0x282380,0x6,0x27F8B4,0x200,0x280400,0x8E8F8,0x27F8B8,0x2E3099,0x27F848,0x8E95C,0x200001D3,"",""
290,0x8E93C,0x0,0xE5D40000,"w=0xE5D40000",0x61,0x27F8B8,0x5,0x200,0xAE46E,0x282380,0x6,0x27F8B4,0x200,0x280400,0x8E8F8,0x27F8B8,0x2E3099,0x27F848,0x8E95C,0x200001D3,"","R:0xAE46E/1"
291,0x8E940,0x0,0xE3500025,"CMP r0,#0x25",0x61,0x27F8B8,0x5,0x200,0xAE46E,0x282380,0x6,0x27F8B4,0x200,0x280400,0x8E8F8,0x27F8B8,0x2E3099,0x27F848,0x8E95C,0x200001D3,"",""
292,0x8E944,0x0,0x0A000006,"Bcond 0x8E964",0x61,0x27F8B8,0x5,0x200,0xAE46E,0x282380,0x6,0x27F8B4,0x200,0x280400,0x8E8F8,0x27F8B8,0x2E3099,0x27F848,0x8E95C,0x200001D3,"",""
293,0x8E948,0x0,0xE1A02006,"MOV r2,r6",0x61,0x27F8B8,0x5,0x200,0xAE46E,0x282380,0x6,0x27F8B4,0x200,0x280400,0x8E8F8,0x27F8B8,0x2E3099,0x27F848,0x8E95C,0x200001D3,"",""
294,0x8E94C,0x0,0xE2866001,"w=0xE2866001",0x61,0x27F8B8,0x6,0x200,0xAE46E,0x282380,0x6,0x27F8B4,0x200,0x280400,0x8E8F8,0x27F8B8,0x2E3099,0x27F848,0x8E95C,0x200001D3,"",""
295,0x8E950,0x0,0xE1A03008,"MOV r3,r8",0x61,0x27F8B8,0x6,0x200,0xAE46E,0x282380,0x7,0x27F8B4,0x200,0x280400,0x8E8F8,0x27F8B8,0x2E3099,0x27F848,0x8E95C,0x200001D3,"",""
296,0x8E954,0x0,0xE1A0100B,"MOV r1,r11",0x61,0x27F8B8,0x6,0x200,0xAE46E,0x282380,0x7,0x27F8B4,0x200,0x280400,0x8E8F8,0x27F8B8,0x2E3099,0x27F848,0x8E95C,0x200001D3,"",""
297,0x8E958,0x0,0xE12FFF3A,"BLX r10",0x61,0x27F8B8,0x6,0x200,0xAE46E,0x282380,0x7,0x27F8B4,0x200,0x280400,0x8E8F8,0x27F8B8,0x2E3099,0x27F848,0x8E95C,0x200001D3,"",""
298,0x8E8F8,0x0,0xE1520003,"w=0xE1520003",0x61,0x27F8B8,0x6,0x200,0xAE46E,0x282380,0x7,0x27F8B4,0x200,0x280400,0x8E8F8,0x27F8B8,0x2E3099,0x27F848,0x8E95C,0x200001D3,"",""
299,0x8E8FC,0x0,0x37C10002,"w=0x37C10002",0x61,0x27F8B8,0x6,0x200,0xAE46E,0x282380,0x7,0x27F8B4,0x200,0x280400,0x8E8F8,0x27F8B8,0x2E3099,0x27F848,0x8E95C,0x800001D3,"","W:0x27F8BE/1"
300,0x8E900,0x0,0xE12FFF1E,"BX r14",0x61,0x27F8B8,0x6,0x200,0xAE46E,0x282380,0x7,0x27F8B4,0x200,0x280400,0x8E8F8,0x27F8B8,0x2E3099,0x27F848,0x8E95C,0x800001D3,"",""
301,0x8E95C,0x0,0xE2844001,"w=0xE2844001",0x61,0x27F8B8,0x6,0x200,0xAE46E,0x282380,0x7,0x27F8B4,0x200,0x280400,0x8E8F8,0x27F8B8,0x2E3099,0x27F848,0x8E95C,0x800001D3,"",""
302,0x8E960,0x0,0xEA0001FF,"Bcond 0x8F164",0x61,0x27F8B8,0x6,0x200,0xAE46F,0x282380,0x7,0x27F8B4,0x200,0x280400,0x8E8F8,0x27F8B8,0x2E3099,0x27F848,0x8E95C,0x800001D3,"",""
303,0x8F164,0x0,0xE5D40000,"w=0xE5D40000",0x61,0x27F8B8,0x6,0x200,0xAE46F,0x282380,0x7,0x27F8B4,0x200,0x280400,0x8E8F8,0x27F8B8,0x2E3099,0x27F848,0x8E95C,0x800001D3,"","R:0xAE46F/1"
304,0x8F168,0x0,0xE3500000,"CMP r0,#0x0",0x70,0x27F8B8,0x6,0x200,0xAE46F,0x282380,0x7,0x27F8B4,0x200,0x280400,0x8E8F8,0x27F8B8,0x2E3099,0x27F848,0x8E95C,0x800001D3,"",""
305,0x8F16C,0x0,0x1AFFFDF2,"Bcond 0x8E93C",0x70,0x27F8B8,0x6,0x200,0xAE46F,0x282380,0x7,0x27F8B4,0x200,0x280400,0x8E8F8,0x27F8B8,0x2E3099,0x27F848,0x8E95C,0x200001D3,"",""
306,0x8E93C,0x0,0xE5D40000,"w=0xE5D40000",0x70,0x27F8B8,0x6,0x200,0xAE46F,0x282380,0x7,0x27F8B4,0x200,0x280400,0x8E8F8,0x27F8B8,0x2E3099,0x27F848,0x8E95C,0x200001D3,"","R:0xAE46F/1"
307,0x8E940,0x0,0xE3500025,"CMP r0,#0x25",0x70,0x27F8B8,0x6,0x200,0xAE46F,0x282380,0x7,0x27F8B4,0x200,0x280400,0x8E8F8,0x27F8B8,0x2E3099,0x27F848,0x8E95C,0x200001D3,"",""
308,0x8E944,0x0,0x0A000006,"Bcond 0x8E964",0x70,0x27F8B8,0x6,0x200,0xAE46F,0x282380,0x7,0x27F8B4,0x200,0x280400,0x8E8F8,0x27F8B8,0x2E3099,0x27F848,0x8E95C,0x200001D3,"",""
309,0x8E948,0x0,0xE1A02006,"MOV r2,r6",0x70,0x27F8B8,0x6,0x200,0xAE46F,0x282380,0x7,0x27F8B4,0x200,0x280400,0x8E8F8,0x27F8B8,0x2E3099,0x27F848,0x8E95C,0x200001D3,"",""
310,0x8E94C,0x0,0xE2866001,"w=0xE2866001",0x70,0x27F8B8,0x7,0x200,0xAE46F,0x282380,0x7,0x27F8B4,0x200,0x280400,0x8E8F8,0x27F8B8,0x2E3099,0x27F848,0x8E95C,0x200001D3,"",""
311,0x8E950,0x0,0xE1A03008,"MOV r3,r8",0x70,0x27F8B8,0x7,0x200,0xAE46F,0x282380,0x8,0x27F8B4,0x200,0x280400,0x8E8F8,0x27F8B8,0x2E3099,0x27F848,0x8E95C,0x200001D3,"",""
312,0x8E954,0x0,0xE1A0100B,"MOV r1,r11",0x70,0x27F8B8,0x7,0x200,0xAE46F,0x282380,0x8,0x27F8B4,0x200,0x280400,0x8E8F8,0x27F8B8,0x2E3099,0x27F848,0x8E95C,0x200001D3,"",""
313,0x8E958,0x0,0xE12FFF3A,"BLX r10",0x70,0x27F8B8,0x7,0x200,0xAE46F,0x282380,0x8,0x27F8B4,0x200,0x280400,0x8E8F8,0x27F8B8,0x2E3099,0x27F848,0x8E95C,0x200001D3,"",""
314,0x8E8F8,0x0,0xE1520003,"w=0xE1520003",0x70,0x27F8B8,0x7,0x200,0xAE46F,0x282380,0x8,0x27F8B4,0x200,0x280400,0x8E8F8,0x27F8B8,0x2E3099,0x27F848,0x8E95C,0x200001D3,"",""
315,0x8E8FC,0x0,0x37C10002,"w=0x37C10002",0x70,0x27F8B8,0x7,0x200,0xAE46F,0x282380,0x8,0x27F8B4,0x200,0x280400,0x8E8F8,0x27F8B8,0x2E3099,0x27F848,0x8E95C,0x800001D3,"","W:0x27F8BF/1"
316,0x8E900,0x0,0xE12FFF1E,"BX r14",0x70,0x27F8B8,0x7,0x200,0xAE46F,0x282380,0x8,0x27F8B4,0x200,0x280400,0x8E8F8,0x27F8B8,0x2E3099,0x27F848,0x8E95C,0x800001D3,"",""
317,0x8E95C,0x0,0xE2844001,"w=0xE2844001",0x70,0x27F8B8,0x7,0x200,0xAE46F,0x282380,0x8,0x27F8B4,0x200,0x280400,0x8E8F8,0x27F8B8,0x2E3099,0x27F848,0x8E95C,0x800001D3,"",""
318,0x8E960,0x0,0xEA0001FF,"Bcond 0x8F164",0x70,0x27F8B8,0x7,0x200,0xAE470,0x282380,0x8,0x27F8B4,0x200,0x280400,0x8E8F8,0x27F8B8,0x2E3099,0x27F848,0x8E95C,0x800001D3,"",""
319,0x8F164,0x0,0xE5D40000,"w=0xE5D40000",0x70,0x27F8B8,0x7,0x200,0xAE470,0x282380,0x8,0x27F8B4,0x200,0x280400,0x8E8F8,0x27F8B8,0x2E3099,0x27F848,0x8E95C,0x800001D3,"","R:0xAE470/1"
320,0x8F168,0x0,0xE3500000,"CMP r0,#0x0",0x70,0x27F8B8,0x7,0x200,0xAE470,0x282380,0x8,0x27F8B4,0x200,0x280400,0x8E8F8,0x27F8B8,0x2E3099,0x27F848,0x8E95C,0x800001D3,"",""
321,0x8F16C,0x0,0x1AFFFDF2,"Bcond 0x8E93C",0x70,0x27F8B8,0x7,0x200,0xAE470,0x282380,0x8,0x27F8B4,0x200,0x280400,0x8E8F8,0x27F8B8,0x2E3099,0x27F848,0x8E95C,0x200001D3,"",""
322,0x8E93C,0x0,0xE5D40000,"w=0xE5D40000",0x70,0x27F8B8,0x7,0x200,0xAE470,0x282380,0x8,0x27F8B4,0x200,0x280400,0x8E8F8,0x27F8B8,0x2E3099,0x27F848,0x8E95C,0x200001D3,"","R:0xAE470/1"
323,0x8E940,0x0,0xE3500025,"CMP r0,#0x25",0x70,0x27F8B8,0x7,0x200,0xAE470,0x282380,0x8,0x27F8B4,0x200,0x280400,0x8E8F8,0x27F8B8,0x2E3099,0x27F848,0x8E95C,0x200001D3,"",""
324,0x8E944,0x0,0x0A000006,"Bcond 0x8E964",0x70,0x27F8B8,0x7,0x200,0xAE470,0x282380,0x8,0x27F8B4,0x200,0x280400,0x8E8F8,0x27F8B8,0x2E3099,0x27F848,0x8E95C,0x200001D3,"",""
325,0x8E948,0x0,0xE1A02006,"MOV r2,r6",0x70,0x27F8B8,0x7,0x200,0xAE470,0x282380,0x8,0x27F8B4,0x200,0x280400,0x8E8F8,0x27F8B8,0x2E3099,0x27F848,0x8E95C,0x200001D3,"",""
326,0x8E94C,0x0,0xE2866001,"w=0xE2866001",0x70,0x27F8B8,0x8,0x200,0xAE470,0x282380,0x8,0x27F8B4,0x200,0x280400,0x8E8F8,0x27F8B8,0x2E3099,0x27F848,0x8E95C,0x200001D3,"",""
327,0x8E950,0x0,0xE1A03008,"MOV r3,r8",0x70,0x27F8B8,0x8,0x200,0xAE470,0x282380,0x9,0x27F8B4,0x200,0x280400,0x8E8F8,0x27F8B8,0x2E3099,0x27F848,0x8E95C,0x200001D3,"",""
328,0x8E954,0x0,0xE1A0100B,"MOV r1,r11",0x70,0x27F8B8,0x8,0x200,0xAE470,0x282380,0x9,0x27F8B4,0x200,0x280400,0x8E8F8,0x27F8B8,0x2E3099,0x27F848,0x8E95C,0x200001D3,"",""
329,0x8E958,0x0,0xE12FFF3A,"BLX r10",0x70,0x27F8B8,0x8,0x200,0xAE470,0x282380,0x9,0x27F8B4,0x200,0x280400,0x8E8F8,0x27F8B8,0x2E3099,0x27F848,0x8E95C,0x200001D3,"",""
330,0x8E8F8,0x0,0xE1520003,"w=0xE1520003",0x70,0x27F8B8,0x8,0x200,0xAE470,0x282380,0x9,0x27F8B4,0x200,0x280400,0x8E8F8,0x27F8B8,0x2E3099,0x27F848,0x8E95C,0x200001D3,"",""
331,0x8E8FC,0x0,0x37C10002,"w=0x37C10002",0x70,0x27F8B8,0x8,0x200,0xAE470,0x282380,0x9,0x27F8B4,0x200,0x280400,0x8E8F8,0x27F8B8,0x2E3099,0x27F848,0x8E95C,0x800001D3,"","W:0x27F8C0/1"
332,0x8E900,0x0,0xE12FFF1E,"BX r14",0x70,0x27F8B8,0x8,0x200,0xAE470,0x282380,0x9,0x27F8B4,0x200,0x280400,0x8E8F8,0x27F8B8,0x2E3099,0x27F848,0x8E95C,0x800001D3,"",""
333,0x8E95C,0x0,0xE2844001,"w=0xE2844001",0x70,0x27F8B8,0x8,0x200,0xAE470,0x282380,0x9,0x27F8B4,0x200,0x280400,0x8E8F8,0x27F8B8,0x2E3099,0x27F848,0x8E95C,0x800001D3,"",""
334,0x8E960,0x0,0xEA0001FF,"Bcond 0x8F164",0x70,0x27F8B8,0x8,0x200,0xAE471,0x282380,0x9,0x27F8B4,0x200,0x280400,0x8E8F8,0x27F8B8,0x2E3099,0x27F848,0x8E95C,0x800001D3,"",""
335,0x8F164,0x0,0xE5D40000,"w=0xE5D40000",0x70,0x27F8B8,0x8,0x200,0xAE471,0x282380,0x9,0x27F8B4,0x200,0x280400,0x8E8F8,0x27F8B8,0x2E3099,0x27F848,0x8E95C,0x800001D3,"","R:0xAE471/1"
336,0x8F168,0x0,0xE3500000,"CMP r0,#0x0",0x20,0x27F8B8,0x8,0x200,0xAE471,0x282380,0x9,0x27F8B4,0x200,0x280400,0x8E8F8,0x27F8B8,0x2E3099,0x27F848,0x8E95C,0x800001D3,"",""
337,0x8F16C,0x0,0x1AFFFDF2,"Bcond 0x8E93C",0x20,0x27F8B8,0x8,0x200,0xAE471,0x282380,0x9,0x27F8B4,0x200,0x280400,0x8E8F8,0x27F8B8,0x2E3099,0x27F848,0x8E95C,0x200001D3,"",""
338,0x8E93C,0x0,0xE5D40000,"w=0xE5D40000",0x20,0x27F8B8,0x8,0x200,0xAE471,0x282380,0x9,0x27F8B4,0x200,0x280400,0x8E8F8,0x27F8B8,0x2E3099,0x27F848,0x8E95C,0x200001D3,"","R:0xAE471/1"
339,0x8E940,0x0,0xE3500025,"CMP r0,#0x25",0x20,0x27F8B8,0x8,0x200,0xAE471,0x282380,0x9,0x27F8B4,0x200,0x280400,0x8E8F8,0x27F8B8,0x2E3099,0x27F848,0x8E95C,0x200001D3,"",""
340,0x8E944,0x0,0x0A000006,"Bcond 0x8E964",0x20,0x27F8B8,0x8,0x200,0xAE471,0x282380,0x9,0x27F8B4,0x200,0x280400,0x8E8F8,0x27F8B8,0x2E3099,0x27F848,0x8E95C,0x800001D3,"",""
341,0x8E948,0x0,0xE1A02006,"MOV r2,r6",0x20,0x27F8B8,0x8,0x200,0xAE471,0x282380,0x9,0x27F8B4,0x200,0x280400,0x8E8F8,0x27F8B8,0x2E3099,0x27F848,0x8E95C,0x800001D3,"",""
342,0x8E94C,0x0,0xE2866001,"w=0xE2866001",0x20,0x27F8B8,0x9,0x200,0xAE471,0x282380,0x9,0x27F8B4,0x200,0x280400,0x8E8F8,0x27F8B8,0x2E3099,0x27F848,0x8E95C,0x800001D3,"",""
343,0x8E950,0x0,0xE1A03008,"MOV r3,r8",0x20,0x27F8B8,0x9,0x200,0xAE471,0x282380,0xA,0x27F8B4,0x200,0x280400,0x8E8F8,0x27F8B8,0x2E3099,0x27F848,0x8E95C,0x800001D3,"",""
344,0x8E954,0x0,0xE1A0100B,"MOV r1,r11",0x20,0x27F8B8,0x9,0x200,0xAE471,0x282380,0xA,0x27F8B4,0x200,0x280400,0x8E8F8,0x27F8B8,0x2E3099,0x27F848,0x8E95C,0x800001D3,"",""
345,0x8E958,0x0,0xE12FFF3A,"BLX r10",0x20,0x27F8B8,0x9,0x200,0xAE471,0x282380,0xA,0x27F8B4,0x200,0x280400,0x8E8F8,0x27F8B8,0x2E3099,0x27F848,0x8E95C,0x800001D3,"",""
346,0x8E8F8,0x0,0xE1520003,"w=0xE1520003",0x20,0x27F8B8,0x9,0x200,0xAE471,0x282380,0xA,0x27F8B4,0x200,0x280400,0x8E8F8,0x27F8B8,0x2E3099,0x27F848,0x8E95C,0x800001D3,"",""
347,0x8E8FC,0x0,0x37C10002,"w=0x37C10002",0x20,0x27F8B8,0x9,0x200,0xAE471,0x282380,0xA,0x27F8B4,0x200,0x280400,0x8E8F8,0x27F8B8,0x2E3099,0x27F848,0x8E95C,0x800001D3,"","W:0x27F8C1/1"
348,0x8E900,0x0,0xE12FFF1E,"BX r14",0x20,0x27F8B8,0x9,0x200,0xAE471,0x282380,0xA,0x27F8B4,0x200,0x280400,0x8E8F8,0x27F8B8,0x2E3099,0x27F848,0x8E95C,0x800001D3,"",""
349,0x8E95C,0x0,0xE2844001,"w=0xE2844001",0x20,0x27F8B8,0x9,0x200,0xAE471,0x282380,0xA,0x27F8B4,0x200,0x280400,0x8E8F8,0x27F8B8,0x2E3099,0x27F848,0x8E95C,0x800001D3,"",""
350,0x8E960,0x0,0xEA0001FF,"Bcond 0x8F164",0x20,0x27F8B8,0x9,0x200,0xAE472,0x282380,0xA,0x27F8B4,0x200,0x280400,0x8E8F8,0x27F8B8,0x2E3099,0x27F848,0x8E95C,0x800001D3,"",""
351,0x8F164,0x0,0xE5D40000,"w=0xE5D40000",0x20,0x27F8B8,0x9,0x200,0xAE472,0x282380,0xA,0x27F8B4,0x200,0x280400,0x8E8F8,0x27F8B8,0x2E3099,0x27F848,0x8E95C,0x800001D3,"","R:0xAE472/1"
352,0x8F168,0x0,0xE3500000,"CMP r0,#0x0",0x69,0x27F8B8,0x9,0x200,0xAE472,0x282380,0xA,0x27F8B4,0x200,0x280400,0x8E8F8,0x27F8B8,0x2E3099,0x27F848,0x8E95C,0x800001D3,"",""
353,0x8F16C,0x0,0x1AFFFDF2,"Bcond 0x8E93C",0x69,0x27F8B8,0x9,0x200,0xAE472,0x282380,0xA,0x27F8B4,0x200,0x280400,0x8E8F8,0x27F8B8,0x2E3099,0x27F848,0x8E95C,0x200001D3,"",""
354,0x8E93C,0x0,0xE5D40000,"w=0xE5D40000",0x69,0x27F8B8,0x9,0x200,0xAE472,0x282380,0xA,0x27F8B4,0x200,0x280400,0x8E8F8,0x27F8B8,0x2E3099,0x27F848,0x8E95C,0x200001D3,"","R:0xAE472/1"
355,0x8E940,0x0,0xE3500025,"CMP r0,#0x25",0x69,0x27F8B8,0x9,0x200,0xAE472,0x282380,0xA,0x27F8B4,0x200,0x280400,0x8E8F8,0x27F8B8,0x2E3099,0x27F848,0x8E95C,0x200001D3,"",""
356,0x8E944,0x0,0x0A000006,"Bcond 0x8E964",0x69,0x27F8B8,0x9,0x200,0xAE472,0x282380,0xA,0x27F8B4,0x200,0x280400,0x8E8F8,0x27F8B8,0x2E3099,0x27F848,0x8E95C,0x200001D3,"",""
357,0x8E948,0x0,0xE1A02006,"MOV r2,r6",0x69,0x27F8B8,0x9,0x200,0xAE472,0x282380,0xA,0x27F8B4,0x200,0x280400,0x8E8F8,0x27F8B8,0x2E3099,0x27F848,0x8E95C,0x200001D3,"",""
358,0x8E94C,0x0,0xE2866001,"w=0xE2866001",0x69,0x27F8B8,0xA,0x200,0xAE472,0x282380,0xA,0x27F8B4,0x200,0x280400,0x8E8F8,0x27F8B8,0x2E3099,0x27F848,0x8E95C,0x200001D3,"",""
359,0x8E950,0x0,0xE1A03008,"MOV r3,r8",0x69,0x27F8B8,0xA,0x200,0xAE472,0x282380,0xB,0x27F8B4,0x200,0x280400,0x8E8F8,0x27F8B8,0x2E3099,0x27F848,0x8E95C,0x200001D3,"",""
360,0x8E954,0x0,0xE1A0100B,"MOV r1,r11",0x69,0x27F8B8,0xA,0x200,0xAE472,0x282380,0xB,0x27F8B4,0x200,0x280400,0x8E8F8,0x27F8B8,0x2E3099,0x27F848,0x8E95C,0x200001D3,"",""
361,0x8E958,0x0,0xE12FFF3A,"BLX r10",0x69,0x27F8B8,0xA,0x200,0xAE472,0x282380,0xB,0x27F8B4,0x200,0x280400,0x8E8F8,0x27F8B8,0x2E3099,0x27F848,0x8E95C,0x200001D3,"",""
362,0x8E8F8,0x0,0xE1520003,"w=0xE1520003",0x69,0x27F8B8,0xA,0x200,0xAE472,0x282380,0xB,0x27F8B4,0x200,0x280400,0x8E8F8,0x27F8B8,0x2E3099,0x27F848,0x8E95C,0x200001D3,"",""
363,0x8E8FC,0x0,0x37C10002,"w=0x37C10002",0x69,0x27F8B8,0xA,0x200,0xAE472,0x282380,0xB,0x27F8B4,0x200,0x280400,0x8E8F8,0x27F8B8,0x2E3099,0x27F848,0x8E95C,0x800001D3,"","W:0x27F8C2/1"
364,0x8E900,0x0,0xE12FFF1E,"BX r14",0x69,0x27F8B8,0xA,0x200,0xAE472,0x282380,0xB,0x27F8B4,0x200,0x280400,0x8E8F8,0x27F8B8,0x2E3099,0x27F848,0x8E95C,0x800001D3,"",""
365,0x8E95C,0x0,0xE2844001,"w=0xE2844001",0x69,0x27F8B8,0xA,0x200,0xAE472,0x282380,0xB,0x27F8B4,0x200,0x280400,0x8E8F8,0x27F8B8,0x2E3099,0x27F848,0x8E95C,0x800001D3,"",""
366,0x8E960,0x0,0xEA0001FF,"Bcond 0x8F164",0x69,0x27F8B8,0xA,0x200,0xAE473,0x282380,0xB,0x27F8B4,0x200,0x280400,0x8E8F8,0x27F8B8,0x2E3099,0x27F848,0x8E95C,0x800001D3,"",""
367,0x8F164,0x0,0xE5D40000,"w=0xE5D40000",0x69,0x27F8B8,0xA,0x200,0xAE473,0x282380,0xB,0x27F8B4,0x200,0x280400,0x8E8F8,0x27F8B8,0x2E3099,0x27F848,0x8E95C,0x800001D3,"","R:0xAE473/1"
368,0x8F168,0x0,0xE3500000,"CMP r0,#0x0",0x6E,0x27F8B8,0xA,0x200,0xAE473,0x282380,0xB,0x27F8B4,0x200,0x280400,0x8E8F8,0x27F8B8,0x2E3099,0x27F848,0x8E95C,0x800001D3,"",""
369,0x8F16C,0x0,0x1AFFFDF2,"Bcond 0x8E93C",0x6E,0x27F8B8,0xA,0x200,0xAE473,0x282380,0xB,0x27F8B4,0x200,0x280400,0x8E8F8,0x27F8B8,0x2E3099,0x27F848,0x8E95C,0x200001D3,"",""
370,0x8E93C,0x0,0xE5D40000,"w=0xE5D40000",0x6E,0x27F8B8,0xA,0x200,0xAE473,0x282380,0xB,0x27F8B4,0x200,0x280400,0x8E8F8,0x27F8B8,0x2E3099,0x27F848,0x8E95C,0x200001D3,"","R:0xAE473/1"
371,0x8E940,0x0,0xE3500025,"CMP r0,#0x25",0x6E,0x27F8B8,0xA,0x200,0xAE473,0x282380,0xB,0x27F8B4,0x200,0x280400,0x8E8F8,0x27F8B8,0x2E3099,0x27F848,0x8E95C,0x200001D3,"",""
372,0x8E944,0x0,0x0A000006,"Bcond 0x8E964",0x6E,0x27F8B8,0xA,0x200,0xAE473,0x282380,0xB,0x27F8B4,0x200,0x280400,0x8E8F8,0x27F8B8,0x2E3099,0x27F848,0x8E95C,0x200001D3,"",""
373,0x8E948,0x0,0xE1A02006,"MOV r2,r6",0x6E,0x27F8B8,0xA,0x200,0xAE473,0x282380,0xB,0x27F8B4,0x200,0x280400,0x8E8F8,0x27F8B8,0x2E3099,0x27F848,0x8E95C,0x200001D3,"",""
374,0x8E94C,0x0,0xE2866001,"w=0xE2866001",0x6E,0x27F8B8,0xB,0x200,0xAE473,0x282380,0xB,0x27F8B4,0x200,0x280400,0x8E8F8,0x27F8B8,0x2E3099,0x27F848,0x8E95C,0x200001D3,"",""
375,0x8E950,0x0,0xE1A03008,"MOV r3,r8",0x6E,0x27F8B8,0xB,0x200,0xAE473,0x282380,0xC,0x27F8B4,0x200,0x280400,0x8E8F8,0x27F8B8,0x2E3099,0x27F848,0x8E95C,0x200001D3,"",""
376,0x8E954,0x0,0xE1A0100B,"MOV r1,r11",0x6E,0x27F8B8,0xB,0x200,0xAE473,0x282380,0xC,0x27F8B4,0x200,0x280400,0x8E8F8,0x27F8B8,0x2E3099,0x27F848,0x8E95C,0x200001D3,"",""
377,0x8E958,0x0,0xE12FFF3A,"BLX r10",0x6E,0x27F8B8,0xB,0x200,0xAE473,0x282380,0xC,0x27F8B4,0x200,0x280400,0x8E8F8,0x27F8B8,0x2E3099,0x27F848,0x8E95C,0x200001D3,"",""
378,0x8E8F8,0x0,0xE1520003,"w=0xE1520003",0x6E,0x27F8B8,0xB,0x200,0xAE473,0x282380,0xC,0x27F8B4,0x200,0x280400,0x8E8F8,0x27F8B8,0x2E3099,0x27F848,0x8E95C,0x200001D3,"",""
379,0x8E8FC,0x0,0x37C10002,"w=0x37C10002",0x6E,0x27F8B8,0xB,0x200,0xAE473,0x282380,0xC,0x27F8B4,0x200,0x280400,0x8E8F8,0x27F8B8,0x2E3099,0x27F848,0x8E95C,0x800001D3,"","W:0x27F8C3/1"
380,0x8E900,0x0,0xE12FFF1E,"BX r14",0x6E,0x27F8B8,0xB,0x200,0xAE473,0x282380,0xC,0x27F8B4,0x200,0x280400,0x8E8F8,0x27F8B8,0x2E3099,0x27F848,0x8E95C,0x800001D3,"",""
381,0x8E95C,0x0,0xE2844001,"w=0xE2844001",0x6E,0x27F8B8,0xB,0x200,0xAE473,0x282380,0xC,0x27F8B4,0x200,0x280400,0x8E8F8,0x27F8B8,0x2E3099,0x27F848,0x8E95C,0x800001D3,"",""
382,0x8E960,0x0,0xEA0001FF,"Bcond 0x8F164",0x6E,0x27F8B8,0xB,0x200,0xAE474,0x282380,0xC,0x27F8B4,0x200,0x280400,0x8E8F8,0x27F8B8,0x2E3099,0x27F848,0x8E95C,0x800001D3,"",""
383,0x8F164,0x0,0xE5D40000,"w=0xE5D40000",0x6E,0x27F8B8,0xB,0x200,0xAE474,0x282380,0xC,0x27F8B4,0x200,0x280400,0x8E8F8,0x27F8B8,0x2E3099,0x27F848,0x8E95C,0x800001D3,"","R:0xAE474/1"
384,0x8F168,0x0,0xE3500000,"CMP r0,#0x0",0x69,0x27F8B8,0xB,0x200,0xAE474,0x282380,0xC,0x27F8B4,0x200,0x280400,0x8E8F8,0x27F8B8,0x2E3099,0x27F848,0x8E95C,0x800001D3,"",""
385,0x8F16C,0x0,0x1AFFFDF2,"Bcond 0x8E93C",0x69,0x27F8B8,0xB,0x200,0xAE474,0x282380,0xC,0x27F8B4,0x200,0x280400,0x8E8F8,0x27F8B8,0x2E3099,0x27F848,0x8E95C,0x200001D3,"",""
386,0x8E93C,0x0,0xE5D40000,"w=0xE5D40000",0x69,0x27F8B8,0xB,0x200,0xAE474,0x282380,0xC,0x27F8B4,0x200,0x280400,0x8E8F8,0x27F8B8,0x2E3099,0x27F848,0x8E95C,0x200001D3,"","R:0xAE474/1"
387,0x8E940,0x0,0xE3500025,"CMP r0,#0x25",0x69,0x27F8B8,0xB,0x200,0xAE474,0x282380,0xC,0x27F8B4,0x200,0x280400,0x8E8F8,0x27F8B8,0x2E3099,0x27F848,0x8E95C,0x200001D3,"",""
388,0x8E944,0x0,0x0A000006,"Bcond 0x8E964",0x69,0x27F8B8,0xB,0x200,0xAE474,0x282380,0xC,0x27F8B4,0x200,0x280400,0x8E8F8,0x27F8B8,0x2E3099,0x27F848,0x8E95C,0x200001D3,"",""
389,0x8E948,0x0,0xE1A02006,"MOV r2,r6",0x69,0x27F8B8,0xB,0x200,0xAE474,0x282380,0xC,0x27F8B4,0x200,0x280400,0x8E8F8,0x27F8B8,0x2E3099,0x27F848,0x8E95C,0x200001D3,"",""
390,0x8E94C,0x0,0xE2866001,"w=0xE2866001",0x69,0x27F8B8,0xC,0x200,0xAE474,0x282380,0xC,0x27F8B4,0x200,0x280400,0x8E8F8,0x27F8B8,0x2E3099,0x27F848,0x8E95C,0x200001D3,"",""
391,0x8E950,0x0,0xE1A03008,"MOV r3,r8",0x69,0x27F8B8,0xC,0x200,0xAE474,0x282380,0xD,0x27F8B4,0x200,0x280400,0x8E8F8,0x27F8B8,0x2E3099,0x27F848,0x8E95C,0x200001D3,"",""
392,0x8E954,0x0,0xE1A0100B,"MOV r1,r11",0x69,0x27F8B8,0xC,0x200,0xAE474,0x282380,0xD,0x27F8B4,0x200,0x280400,0x8E8F8,0x27F8B8,0x2E3099,0x27F848,0x8E95C,0x200001D3,"",""
393,0x8E958,0x0,0xE12FFF3A,"BLX r10",0x69,0x27F8B8,0xC,0x200,0xAE474,0x282380,0xD,0x27F8B4,0x200,0x280400,0x8E8F8,0x27F8B8,0x2E3099,0x27F848,0x8E95C,0x200001D3,"",""
394,0x8E8F8,0x0,0xE1520003,"w=0xE1520003",0x69,0x27F8B8,0xC,0x200,0xAE474,0x282380,0xD,0x27F8B4,0x200,0x280400,0x8E8F8,0x27F8B8,0x2E3099,0x27F848,0x8E95C,0x200001D3,"",""
395,0x8E8FC,0x0,0x37C10002,"w=0x37C10002",0x69,0x27F8B8,0xC,0x200,0xAE474,0x282380,0xD,0x27F8B4,0x200,0x280400,0x8E8F8,0x27F8B8,0x2E3099,0x27F848,0x8E95C,0x800001D3,"","W:0x27F8C4/1"
396,0x8E900,0x0,0xE12FFF1E,"BX r14",0x69,0x27F8B8,0xC,0x200,0xAE474,0x282380,0xD,0x27F8B4,0x200,0x280400,0x8E8F8,0x27F8B8,0x2E3099,0x27F848,0x8E95C,0x800001D3,"",""
397,0x8E95C,0x0,0xE2844001,"w=0xE2844001",0x69,0x27F8B8,0xC,0x200,0xAE474,0x282380,0xD,0x27F8B4,0x200,0x280400,0x8E8F8,0x27F8B8,0x2E3099,0x27F848,0x8E95C,0x800001D3,"",""
398,0x8E960,0x0,0xEA0001FF,"Bcond 0x8F164",0x69,0x27F8B8,0xC,0x200,0xAE475,0x282380,0xD,0x27F8B4,0x200,0x280400,0x8E8F8,0x27F8B8,0x2E3099,0x27F848,0x8E95C,0x800001D3,"",""
399,0x8F164,0x0,0xE5D40000,"w=0xE5D40000",0x69,0x27F8B8,0xC,0x200,0xAE475,0x282380,0xD,0x27F8B4,0x200,0x280400,0x8E8F8,0x27F8B8,0x2E3099,0x27F848,0x8E95C,0x800001D3,"","R:0xAE475/1"
400,0x8F168,0x0,0xE3500000,"CMP r0,#0x0",0x74,0x27F8B8,0xC,0x200,0xAE475,0x282380,0xD,0x27F8B4,0x200,0x280400,0x8E8F8,0x27F8B8,0x2E3099,0x27F848,0x8E95C,0x800001D3,"",""
401,0x8F16C,0x0,0x1AFFFDF2,"Bcond 0x8E93C",0x74,0x27F8B8,0xC,0x200,0xAE475,0x282380,0xD,0x27F8B4,0x200,0x280400,0x8E8F8,0x27F8B8,0x2E3099,0x27F848,0x8E95C,0x200001D3,"",""
402,0x8E93C,0x0,0xE5D40000,"w=0xE5D40000",0x74,0x27F8B8,0xC,0x200,0xAE475,0x282380,0xD,0x27F8B4,0x200,0x280400,0x8E8F8,0x27F8B8,0x2E3099,0x27F848,0x8E95C,0x200001D3,"","R:0xAE475/1"
403,0x8E940,0x0,0xE3500025,"CMP r0,#0x25",0x74,0x27F8B8,0xC,0x200,0xAE475,0x282380,0xD,0x27F8B4,0x200,0x280400,0x8E8F8,0x27F8B8,0x2E3099,0x27F848,0x8E95C,0x200001D3,"",""
404,0x8E944,0x0,0x0A000006,"Bcond 0x8E964",0x74,0x27F8B8,0xC,0x200,0xAE475,0x282380,0xD,0x27F8B4,0x200,0x280400,0x8E8F8,0x27F8B8,0x2E3099,0x27F848,0x8E95C,0x200001D3,"",""
405,0x8E948,0x0,0xE1A02006,"MOV r2,r6",0x74,0x27F8B8,0xC,0x200,0xAE475,0x282380,0xD,0x27F8B4,0x200,0x280400,0x8E8F8,0x27F8B8,0x2E3099,0x27F848,0x8E95C,0x200001D3,"",""
406,0x8E94C,0x0,0xE2866001,"w=0xE2866001",0x74,0x27F8B8,0xD,0x200,0xAE475,0x282380,0xD,0x27F8B4,0x200,0x280400,0x8E8F8,0x27F8B8,0x2E3099,0x27F848,0x8E95C,0x200001D3,"",""
407,0x8E950,0x0,0xE1A03008,"MOV r3,r8",0x74,0x27F8B8,0xD,0x200,0xAE475,0x282380,0xE,0x27F8B4,0x200,0x280400,0x8E8F8,0x27F8B8,0x2E3099,0x27F848,0x8E95C,0x200001D3,"",""
408,0x8E954,0x0,0xE1A0100B,"MOV r1,r11",0x74,0x27F8B8,0xD,0x200,0xAE475,0x282380,0xE,0x27F8B4,0x200,0x280400,0x8E8F8,0x27F8B8,0x2E3099,0x27F848,0x8E95C,0x200001D3,"",""
409,0x8E958,0x0,0xE12FFF3A,"BLX r10",0x74,0x27F8B8,0xD,0x200,0xAE475,0x282380,0xE,0x27F8B4,0x200,0x280400,0x8E8F8,0x27F8B8,0x2E3099,0x27F848,0x8E95C,0x200001D3,"",""
410,0x8E8F8,0x0,0xE1520003,"w=0xE1520003",0x74,0x27F8B8,0xD,0x200,0xAE475,0x282380,0xE,0x27F8B4,0x200,0x280400,0x8E8F8,0x27F8B8,0x2E3099,0x27F848,0x8E95C,0x200001D3,"",""
411,0x8E8FC,0x0,0x37C10002,"w=0x37C10002",0x74,0x27F8B8,0xD,0x200,0xAE475,0x282380,0xE,0x27F8B4,0x200,0x280400,0x8E8F8,0x27F8B8,0x2E3099,0x27F848,0x8E95C,0x800001D3,"","W:0x27F8C5/1"
412,0x8E900,0x0,0xE12FFF1E,"BX r14",0x74,0x27F8B8,0xD,0x200,0xAE475,0x282380,0xE,0x27F8B4,0x200,0x280400,0x8E8F8,0x27F8B8,0x2E3099,0x27F848,0x8E95C,0x800001D3,"",""
413,0x8E95C,0x0,0xE2844001,"w=0xE2844001",0x74,0x27F8B8,0xD,0x200,0xAE475,0x282380,0xE,0x27F8B4,0x200,0x280400,0x8E8F8,0x27F8B8,0x2E3099,0x27F848,0x8E95C,0x800001D3,"",""
414,0x8E960,0x0,0xEA0001FF,"Bcond 0x8F164",0x74,0x27F8B8,0xD,0x200,0xAE476,0x282380,0xE,0x27F8B4,0x200,0x280400,0x8E8F8,0x27F8B8,0x2E3099,0x27F848,0x8E95C,0x800001D3,"",""
415,0x8F164,0x0,0xE5D40000,"w=0xE5D40000",0x74,0x27F8B8,0xD,0x200,0xAE476,0x282380,0xE,0x27F8B4,0x200,0x280400,0x8E8F8,0x27F8B8,0x2E3099,0x27F848,0x8E95C,0x800001D3,"","R:0xAE476/1"
416,0x8F168,0x0,0xE3500000,"CMP r0,#0x0",0x2C,0x27F8B8,0xD,0x200,0xAE476,0x282380,0xE,0x27F8B4,0x200,0x280400,0x8E8F8,0x27F8B8,0x2E3099,0x27F848,0x8E95C,0x800001D3,"",""
417,0x8F16C,0x0,0x1AFFFDF2,"Bcond 0x8E93C",0x2C,0x27F8B8,0xD,0x200,0xAE476,0x282380,0xE,0x27F8B4,0x200,0x280400,0x8E8F8,0x27F8B8,0x2E3099,0x27F848,0x8E95C,0x200001D3,"",""
418,0x8E93C,0x0,0xE5D40000,"w=0xE5D40000",0x2C,0x27F8B8,0xD,0x200,0xAE476,0x282380,0xE,0x27F8B4,0x200,0x280400,0x8E8F8,0x27F8B8,0x2E3099,0x27F848,0x8E95C,0x200001D3,"","R:0xAE476/1"
419,0x8E940,0x0,0xE3500025,"CMP r0,#0x25",0x2C,0x27F8B8,0xD,0x200,0xAE476,0x282380,0xE,0x27F8B4,0x200,0x280400,0x8E8F8,0x27F8B8,0x2E3099,0x27F848,0x8E95C,0x200001D3,"",""
420,0x8E944,0x0,0x0A000006,"Bcond 0x8E964",0x2C,0x27F8B8,0xD,0x200,0xAE476,0x282380,0xE,0x27F8B4,0x200,0x280400,0x8E8F8,0x27F8B8,0x2E3099,0x27F848,0x8E95C,0x200001D3,"",""
421,0x8E948,0x0,0xE1A02006,"MOV r2,r6",0x2C,0x27F8B8,0xD,0x200,0xAE476,0x282380,0xE,0x27F8B4,0x200,0x280400,0x8E8F8,0x27F8B8,0x2E3099,0x27F848,0x8E95C,0x200001D3,"",""
422,0x8E94C,0x0,0xE2866001,"w=0xE2866001",0x2C,0x27F8B8,0xE,0x200,0xAE476,0x282380,0xE,0x27F8B4,0x200,0x280400,0x8E8F8,0x27F8B8,0x2E3099,0x27F848,0x8E95C,0x200001D3,"",""
423,0x8E950,0x0,0xE1A03008,"MOV r3,r8",0x2C,0x27F8B8,0xE,0x200,0xAE476,0x282380,0xF,0x27F8B4,0x200,0x280400,0x8E8F8,0x27F8B8,0x2E3099,0x27F848,0x8E95C,0x200001D3,"",""
424,0x8E954,0x0,0xE1A0100B,"MOV r1,r11",0x2C,0x27F8B8,0xE,0x200,0xAE476,0x282380,0xF,0x27F8B4,0x200,0x280400,0x8E8F8,0x27F8B8,0x2E3099,0x27F848,0x8E95C,0x200001D3,"",""
425,0x8E958,0x0,0xE12FFF3A,"BLX r10",0x2C,0x27F8B8,0xE,0x200,0xAE476,0x282380,0xF,0x27F8B4,0x200,0x280400,0x8E8F8,0x27F8B8,0x2E3099,0x27F848,0x8E95C,0x200001D3,"",""
426,0x8E8F8,0x0,0xE1520003,"w=0xE1520003",0x2C,0x27F8B8,0xE,0x200,0xAE476,0x282380,0xF,0x27F8B4,0x200,0x280400,0x8E8F8,0x27F8B8,0x2E3099,0x27F848,0x8E95C,0x200001D3,"",""
427,0x8E8FC,0x0,0x37C10002,"w=0x37C10002",0x2C,0x27F8B8,0xE,0x200,0xAE476,0x282380,0xF,0x27F8B4,0x200,0x280400,0x8E8F8,0x27F8B8,0x2E3099,0x27F848,0x8E95C,0x800001D3,"","W:0x27F8C6/1"
428,0x8E900,0x0,0xE12FFF1E,"BX r14",0x2C,0x27F8B8,0xE,0x200,0xAE476,0x282380,0xF,0x27F8B4,0x200,0x280400,0x8E8F8,0x27F8B8,0x2E3099,0x27F848,0x8E95C,0x800001D3,"",""
429,0x8E95C,0x0,0xE2844001,"w=0xE2844001",0x2C,0x27F8B8,0xE,0x200,0xAE476,0x282380,0xF,0x27F8B4,0x200,0x280400,0x8E8F8,0x27F8B8,0x2E3099,0x27F848,0x8E95C,0x800001D3,"",""
430,0x8E960,0x0,0xEA0001FF,"Bcond 0x8F164",0x2C,0x27F8B8,0xE,0x200,0xAE477,0x282380,0xF,0x27F8B4,0x200,0x280400,0x8E8F8,0x27F8B8,0x2E3099,0x27F848,0x8E95C,0x800001D3,"",""
431,0x8F164,0x0,0xE5D40000,"w=0xE5D40000",0x2C,0x27F8B8,0xE,0x200,0xAE477,0x282380,0xF,0x27F8B4,0x200,0x280400,0x8E8F8,0x27F8B8,0x2E3099,0x27F848,0x8E95C,0x800001D3,"","R:0xAE477/1"
432,0x8F168,0x0,0xE3500000,"CMP r0,#0x0",0x20,0x27F8B8,0xE,0x200,0xAE477,0x282380,0xF,0x27F8B4,0x200,0x280400,0x8E8F8,0x27F8B8,0x2E3099,0x27F848,0x8E95C,0x800001D3,"",""
433,0x8F16C,0x0,0x1AFFFDF2,"Bcond 0x8E93C",0x20,0x27F8B8,0xE,0x200,0xAE477,0x282380,0xF,0x27F8B4,0x200,0x280400,0x8E8F8,0x27F8B8,0x2E3099,0x27F848,0x8E95C,0x200001D3,"",""
434,0x8E93C,0x0,0xE5D40000,"w=0xE5D40000",0x20,0x27F8B8,0xE,0x200,0xAE477,0x282380,0xF,0x27F8B4,0x200,0x280400,0x8E8F8,0x27F8B8,0x2E3099,0x27F848,0x8E95C,0x200001D3,"","R:0xAE477/1"
435,0x8E940,0x0,0xE3500025,"CMP r0,#0x25",0x20,0x27F8B8,0xE,0x200,0xAE477,0x282380,0xF,0x27F8B4,0x200,0x280400,0x8E8F8,0x27F8B8,0x2E3099,0x27F848,0x8E95C,0x200001D3,"",""
436,0x8E944,0x0,0x0A000006,"Bcond 0x8E964",0x20,0x27F8B8,0xE,0x200,0xAE477,0x282380,0xF,0x27F8B4,0x200,0x280400,0x8E8F8,0x27F8B8,0x2E3099,0x27F848,0x8E95C,0x800001D3,"",""
437,0x8E948,0x0,0xE1A02006,"MOV r2,r6",0x20,0x27F8B8,0xE,0x200,0xAE477,0x282380,0xF,0x27F8B4,0x200,0x280400,0x8E8F8,0x27F8B8,0x2E3099,0x27F848,0x8E95C,0x800001D3,"",""
438,0x8E94C,0x0,0xE2866001,"w=0xE2866001",0x20,0x27F8B8,0xF,0x200,0xAE477,0x282380,0xF,0x27F8B4,0x200,0x280400,0x8E8F8,0x27F8B8,0x2E3099,0x27F848,0x8E95C,0x800001D3,"",""
439,0x8E950,0x0,0xE1A03008,"MOV r3,r8",0x20,0x27F8B8,0xF,0x200,0xAE477,0x282380,0x10,0x27F8B4,0x200,0x280400,0x8E8F8,0x27F8B8,0x2E3099,0x27F848,0x8E95C,0x800001D3,"",""
440,0x8E954,0x0,0xE1A0100B,"MOV r1,r11",0x20,0x27F8B8,0xF,0x200,0xAE477,0x282380,0x10,0x27F8B4,0x200,0x280400,0x8E8F8,0x27F8B8,0x2E3099,0x27F848,0x8E95C,0x800001D3,"",""
441,0x8E958,0x0,0xE12FFF3A,"BLX r10",0x20,0x27F8B8,0xF,0x200,0xAE477,0x282380,0x10,0x27F8B4,0x200,0x280400,0x8E8F8,0x27F8B8,0x2E3099,0x27F848,0x8E95C,0x800001D3,"",""
442,0x8E8F8,0x0,0xE1520003,"w=0xE1520003",0x20,0x27F8B8,0xF,0x200,0xAE477,0x282380,0x10,0x27F8B4,0x200,0x280400,0x8E8F8,0x27F8B8,0x2E3099,0x27F848,0x8E95C,0x800001D3,"",""
443,0x8E8FC,0x0,0x37C10002,"w=0x37C10002",0x20,0x27F8B8,0xF,0x200,0xAE477,0x282380,0x10,0x27F8B4,0x200,0x280400,0x8E8F8,0x27F8B8,0x2E3099,0x27F848,0x8E95C,0x800001D3,"","W:0x27F8C7/1"
444,0x8E900,0x0,0xE12FFF1E,"BX r14",0x20,0x27F8B8,0xF,0x200,0xAE477,0x282380,0x10,0x27F8B4,0x200,0x280400,0x8E8F8,0x27F8B8,0x2E3099,0x27F848,0x8E95C,0x800001D3,"",""
445,0x8E95C,0x0,0xE2844001,"w=0xE2844001",0x20,0x27F8B8,0xF,0x200,0xAE477,0x282380,0x10,0x27F8B4,0x200,0x280400,0x8E8F8,0x27F8B8,0x2E3099,0x27F848,0x8E95C,0x800001D3,"",""
446,0x8E960,0x0,0xEA0001FF,"Bcond 0x8F164",0x20,0x27F8B8,0xF,0x200,0xAE478,0x282380,0x10,0x27F8B4,0x200,0x280400,0x8E8F8,0x27F8B8,0x2E3099,0x27F848,0x8E95C,0x800001D3,"",""
447,0x8F164,0x0,0xE5D40000,"w=0xE5D40000",0x20,0x27F8B8,0xF,0x200,0xAE478,0x282380,0x10,0x27F8B4,0x200,0x280400,0x8E8F8,0x27F8B8,0x2E3099,0x27F848,0x8E95C,0x800001D3,"","R:0xAE478/1"
448,0x8F168,0x0,0xE3500000,"CMP r0,#0x0",0x6D,0x27F8B8,0xF,0x200,0xAE478,0x282380,0x10,0x27F8B4,0x200,0x280400,0x8E8F8,0x27F8B8,0x2E3099,0x27F848,0x8E95C,0x800001D3,"",""
449,0x8F16C,0x0,0x1AFFFDF2,"Bcond 0x8E93C",0x6D,0x27F8B8,0xF,0x200,0xAE478,0x282380,0x10,0x27F8B4,0x200,0x280400,0x8E8F8,0x27F8B8,0x2E3099,0x27F848,0x8E95C,0x200001D3,"",""
450,0x8E93C,0x0,0xE5D40000,"w=0xE5D40000",0x6D,0x27F8B8,0xF,0x200,0xAE478,0x282380,0x10,0x27F8B4,0x200,0x280400,0x8E8F8,0x27F8B8,0x2E3099,0x27F848,0x8E95C,0x200001D3,"","R:0xAE478/1"
451,0x8E940,0x0,0xE3500025,"CMP r0,#0x25",0x6D,0x27F8B8,0xF,0x200,0xAE478,0x282380,0x10,0x27F8B4,0x200,0x280400,0x8E8F8,0x27F8B8,0x2E3099,0x27F848,0x8E95C,0x200001D3,"",""
452,0x8E944,0x0,0x0A000006,"Bcond 0x8E964",0x6D,0x27F8B8,0xF,0x200,0xAE478,0x282380,0x10,0x27F8B4,0x200,0x280400,0x8E8F8,0x27F8B8,0x2E3099,0x27F848,0x8E95C,0x200001D3,"",""
453,0x8E948,0x0,0xE1A02006,"MOV r2,r6",0x6D,0x27F8B8,0xF,0x200,0xAE478,0x282380,0x10,0x27F8B4,0x200,0x280400,0x8E8F8,0x27F8B8,0x2E3099,0x27F848,0x8E95C,0x200001D3,"",""
454,0x8E94C,0x0,0xE2866001,"w=0xE2866001",0x6D,0x27F8B8,0x10,0x200,0xAE478,0x282380,0x10,0x27F8B4,0x200,0x280400,0x8E8F8,0x27F8B8,0x2E3099,0x27F848,0x8E95C,0x200001D3,"",""
455,0x8E950,0x0,0xE1A03008,"MOV r3,r8",0x6D,0x27F8B8,0x10,0x200,0xAE478,0x282380,0x11,0x27F8B4,0x200,0x280400,0x8E8F8,0x27F8B8,0x2E3099,0x27F848,0x8E95C,0x200001D3,"",""
456,0x8E954,0x0,0xE1A0100B,"MOV r1,r11",0x6D,0x27F8B8,0x10,0x200,0xAE478,0x282380,0x11,0x27F8B4,0x200,0x280400,0x8E8F8,0x27F8B8,0x2E3099,0x27F848,0x8E95C,0x200001D3,"",""
457,0x8E958,0x0,0xE12FFF3A,"BLX r10",0x6D,0x27F8B8,0x10,0x200,0xAE478,0x282380,0x11,0x27F8B4,0x200,0x280400,0x8E8F8,0x27F8B8,0x2E3099,0x27F848,0x8E95C,0x200001D3,"",""
458,0x8E8F8,0x0,0xE1520003,"w=0xE1520003",0x6D,0x27F8B8,0x10,0x200,0xAE478,0x282380,0x11,0x27F8B4,0x200,0x280400,0x8E8F8,0x27F8B8,0x2E3099,0x27F848,0x8E95C,0x200001D3,"",""
459,0x8E8FC,0x0,0x37C10002,"w=0x37C10002",0x6D,0x27F8B8,0x10,0x200,0xAE478,0x282380,0x11,0x27F8B4,0x200,0x280400,0x8E8F8,0x27F8B8,0x2E3099,0x27F848,0x8E95C,0x800001D3,"","W:0x27F8C8/1"
460,0x8E900,0x0,0xE12FFF1E,"BX r14",0x6D,0x27F8B8,0x10,0x200,0xAE478,0x282380,0x11,0x27F8B4,0x200,0x280400,0x8E8F8,0x27F8B8,0x2E3099,0x27F848,0x8E95C,0x800001D3,"",""
461,0x8E95C,0x0,0xE2844001,"w=0xE2844001",0x6D,0x27F8B8,0x10,0x200,0xAE478,0x282380,0x11,0x27F8B4,0x200,0x280400,0x8E8F8,0x27F8B8,0x2E3099,0x27F848,0x8E95C,0x800001D3,"",""
462,0x8E960,0x0,0xEA0001FF,"Bcond 0x8F164",0x6D,0x27F8B8,0x10,0x200,0xAE479,0x282380,0x11,0x27F8B4,0x200,0x280400,0x8E8F8,0x27F8B8,0x2E3099,0x27F848,0x8E95C,0x800001D3,"",""
463,0x8F164,0x0,0xE5D40000,"w=0xE5D40000",0x6D,0x27F8B8,0x10,0x200,0xAE479,0x282380,0x11,0x27F8B4,0x200,0x280400,0x8E8F8,0x27F8B8,0x2E3099,0x27F848,0x8E95C,0x800001D3,"","R:0xAE479/1"
464,0x8F168,0x0,0xE3500000,"CMP r0,#0x0",0x65,0x27F8B8,0x10,0x200,0xAE479,0x282380,0x11,0x27F8B4,0x200,0x280400,0x8E8F8,0x27F8B8,0x2E3099,0x27F848,0x8E95C,0x800001D3,"",""
465,0x8F16C,0x0,0x1AFFFDF2,"Bcond 0x8E93C",0x65,0x27F8B8,0x10,0x200,0xAE479,0x282380,0x11,0x27F8B4,0x200,0x280400,0x8E8F8,0x27F8B8,0x2E3099,0x27F848,0x8E95C,0x200001D3,"",""
466,0x8E93C,0x0,0xE5D40000,"w=0xE5D40000",0x65,0x27F8B8,0x10,0x200,0xAE479,0x282380,0x11,0x27F8B4,0x200,0x280400,0x8E8F8,0x27F8B8,0x2E3099,0x27F848,0x8E95C,0x200001D3,"","R:0xAE479/1"
467,0x8E940,0x0,0xE3500025,"CMP r0,#0x25",0x65,0x27F8B8,0x10,0x200,0xAE479,0x282380,0x11,0x27F8B4,0x200,0x280400,0x8E8F8,0x27F8B8,0x2E3099,0x27F848,0x8E95C,0x200001D3,"",""
468,0x8E944,0x0,0x0A000006,"Bcond 0x8E964",0x65,0x27F8B8,0x10,0x200,0xAE479,0x282380,0x11,0x27F8B4,0x200,0x280400,0x8E8F8,0x27F8B8,0x2E3099,0x27F848,0x8E95C,0x200001D3,"",""
469,0x8E948,0x0,0xE1A02006,"MOV r2,r6",0x65,0x27F8B8,0x10,0x200,0xAE479,0x282380,0x11,0x27F8B4,0x200,0x280400,0x8E8F8,0x27F8B8,0x2E3099,0x27F848,0x8E95C,0x200001D3,"",""
470,0x8E94C,0x0,0xE2866001,"w=0xE2866001",0x65,0x27F8B8,0x11,0x200,0xAE479,0x282380,0x11,0x27F8B4,0x200,0x280400,0x8E8F8,0x27F8B8,0x2E3099,0x27F848,0x8E95C,0x200001D3,"",""
471,0x8E950,0x0,0xE1A03008,"MOV r3,r8",0x65,0x27F8B8,0x11,0x200,0xAE479,0x282380,0x12,0x27F8B4,0x200,0x280400,0x8E8F8,0x27F8B8,0x2E3099,0x27F848,0x8E95C,0x200001D3,"",""
472,0x8E954,0x0,0xE1A0100B,"MOV r1,r11",0x65,0x27F8B8,0x11,0x200,0xAE479,0x282380,0x12,0x27F8B4,0x200,0x280400,0x8E8F8,0x27F8B8,0x2E3099,0x27F848,0x8E95C,0x200001D3,"",""
473,0x8E958,0x0,0xE12FFF3A,"BLX r10",0x65,0x27F8B8,0x11,0x200,0xAE479,0x282380,0x12,0x27F8B4,0x200,0x280400,0x8E8F8,0x27F8B8,0x2E3099,0x27F848,0x8E95C,0x200001D3,"",""
474,0x8E8F8,0x0,0xE1520003,"w=0xE1520003",0x65,0x27F8B8,0x11,0x200,0xAE479,0x282380,0x12,0x27F8B4,0x200,0x280400,0x8E8F8,0x27F8B8,0x2E3099,0x27F848,0x8E95C,0x200001D3,"",""
475,0x8E8FC,0x0,0x37C10002,"w=0x37C10002",0x65,0x27F8B8,0x11,0x200,0xAE479,0x282380,0x12,0x27F8B4,0x200,0x280400,0x8E8F8,0x27F8B8,0x2E3099,0x27F848,0x8E95C,0x800001D3,"","W:0x27F8C9/1"
476,0x8E900,0x0,0xE12FFF1E,"BX r14",0x65,0x27F8B8,0x11,0x200,0xAE479,0x282380,0x12,0x27F8B4,0x200,0x280400,0x8E8F8,0x27F8B8,0x2E3099,0x27F848,0x8E95C,0x800001D3,"",""
477,0x8E95C,0x0,0xE2844001,"w=0xE2844001",0x65,0x27F8B8,0x11,0x200,0xAE479,0x282380,0x12,0x27F8B4,0x200,0x280400,0x8E8F8,0x27F8B8,0x2E3099,0x27F848,0x8E95C,0x800001D3,"",""
478,0x8E960,0x0,0xEA0001FF,"Bcond 0x8F164",0x65,0x27F8B8,0x11,0x200,0xAE47A,0x282380,0x12,0x27F8B4,0x200,0x280400,0x8E8F8,0x27F8B8,0x2E3099,0x27F848,0x8E95C,0x800001D3,"",""
479,0x8F164,0x0,0xE5D40000,"w=0xE5D40000",0x65,0x27F8B8,0x11,0x200,0xAE47A,0x282380,0x12,0x27F8B4,0x200,0x280400,0x8E8F8,0x27F8B8,0x2E3099,0x27F848,0x8E95C,0x800001D3,"","R:0xAE47A/1"
480,0x8F168,0x0,0xE3500000,"CMP r0,#0x0",0x6D,0x27F8B8,0x11,0x200,0xAE47A,0x282380,0x12,0x27F8B4,0x200,0x280400,0x8E8F8,0x27F8B8,0x2E3099,0x27F848,0x8E95C,0x800001D3,"",""
481,0x8F16C,0x0,0x1AFFFDF2,"Bcond 0x8E93C",0x6D,0x27F8B8,0x11,0x200,0xAE47A,0x282380,0x12,0x27F8B4,0x200,0x280400,0x8E8F8,0x27F8B8,0x2E3099,0x27F848,0x8E95C,0x200001D3,"",""
482,0x8E93C,0x0,0xE5D40000,"w=0xE5D40000",0x6D,0x27F8B8,0x11,0x200,0xAE47A,0x282380,0x12,0x27F8B4,0x200,0x280400,0x8E8F8,0x27F8B8,0x2E3099,0x27F848,0x8E95C,0x200001D3,"","R:0xAE47A/1"
483,0x8E940,0x0,0xE3500025,"CMP r0,#0x25",0x6D,0x27F8B8,0x11,0x200,0xAE47A,0x282380,0x12,0x27F8B4,0x200,0x280400,0x8E8F8,0x27F8B8,0x2E3099,0x27F848,0x8E95C,0x200001D3,"",""
484,0x8E944,0x0,0x0A000006,"Bcond 0x8E964",0x6D,0x27F8B8,0x11,0x200,0xAE47A,0x282380,0x12,0x27F8B4,0x200,0x280400,0x8E8F8,0x27F8B8,0x2E3099,0x27F848,0x8E95C,0x200001D3,"",""
485,0x8E948,0x0,0xE1A02006,"MOV r2,r6",0x6D,0x27F8B8,0x11,0x200,0xAE47A,0x282380,0x12,0x27F8B4,0x200,0x280400,0x8E8F8,0x27F8B8,0x2E3099,0x27F848,0x8E95C,0x200001D3,"",""
486,0x8E94C,0x0,0xE2866001,"w=0xE2866001",0x6D,0x27F8B8,0x12,0x200,0xAE47A,0x282380,0x12,0x27F8B4,0x200,0x280400,0x8E8F8,0x27F8B8,0x2E3099,0x27F848,0x8E95C,0x200001D3,"",""
487,0x8E950,0x0,0xE1A03008,"MOV r3,r8",0x6D,0x27F8B8,0x12,0x200,0xAE47A,0x282380,0x13,0x27F8B4,0x200,0x280400,0x8E8F8,0x27F8B8,0x2E3099,0x27F848,0x8E95C,0x200001D3,"",""
488,0x8E954,0x0,0xE1A0100B,"MOV r1,r11",0x6D,0x27F8B8,0x12,0x200,0xAE47A,0x282380,0x13,0x27F8B4,0x200,0x280400,0x8E8F8,0x27F8B8,0x2E3099,0x27F848,0x8E95C,0x200001D3,"",""
489,0x8E958,0x0,0xE12FFF3A,"BLX r10",0x6D,0x27F8B8,0x12,0x200,0xAE47A,0x282380,0x13,0x27F8B4,0x200,0x280400,0x8E8F8,0x27F8B8,0x2E3099,0x27F848,0x8E95C,0x200001D3,"",""
490,0x8E8F8,0x0,0xE1520003,"w=0xE1520003",0x6D,0x27F8B8,0x12,0x200,0xAE47A,0x282380,0x13,0x27F8B4,0x200,0x280400,0x8E8F8,0x27F8B8,0x2E3099,0x27F848,0x8E95C,0x200001D3,"",""
491,0x8E8FC,0x0,0x37C10002,"w=0x37C10002",0x6D,0x27F8B8,0x12,0x200,0xAE47A,0x282380,0x13,0x27F8B4,0x200,0x280400,0x8E8F8,0x27F8B8,0x2E3099,0x27F848,0x8E95C,0x800001D3,"","W:0x27F8CA/1"
492,0x8E900,0x0,0xE12FFF1E,"BX r14",0x6D,0x27F8B8,0x12,0x200,0xAE47A,0x282380,0x13,0x27F8B4,0x200,0x280400,0x8E8F8,0x27F8B8,0x2E3099,0x27F848,0x8E95C,0x800001D3,"",""
493,0x8E95C,0x0,0xE2844001,"w=0xE2844001",0x6D,0x27F8B8,0x12,0x200,0xAE47A,0x282380,0x13,0x27F8B4,0x200,0x280400,0x8E8F8,0x27F8B8,0x2E3099,0x27F848,0x8E95C,0x800001D3,"",""
494,0x8E960,0x0,0xEA0001FF,"Bcond 0x8F164",0x6D,0x27F8B8,0x12,0x200,0xAE47B,0x282380,0x13,0x27F8B4,0x200,0x280400,0x8E8F8,0x27F8B8,0x2E3099,0x27F848,0x8E95C,0x800001D3,"",""
495,0x8F164,0x0,0xE5D40000,"w=0xE5D40000",0x6D,0x27F8B8,0x12,0x200,0xAE47B,0x282380,0x13,0x27F8B4,0x200,0x280400,0x8E8F8,0x27F8B8,0x2E3099,0x27F848,0x8E95C,0x800001D3,"","R:0xAE47B/1"
496,0x8F168,0x0,0xE3500000,"CMP r0,#0x0",0x6F,0x27F8B8,0x12,0x200,0xAE47B,0x282380,0x13,0x27F8B4,0x200,0x280400,0x8E8F8,0x27F8B8,0x2E3099,0x27F848,0x8E95C,0x800001D3,"",""
497,0x8F16C,0x0,0x1AFFFDF2,"Bcond 0x8E93C",0x6F,0x27F8B8,0x12,0x200,0xAE47B,0x282380,0x13,0x27F8B4,0x200,0x280400,0x8E8F8,0x27F8B8,0x2E3099,0x27F848,0x8E95C,0x200001D3,"",""
498,0x8E93C,0x0,0xE5D40000,"w=0xE5D40000",0x6F,0x27F8B8,0x12,0x200,0xAE47B,0x282380,0x13,0x27F8B4,0x200,0x280400,0x8E8F8,0x27F8B8,0x2E3099,0x27F848,0x8E95C,0x200001D3,"","R:0xAE47B/1"
499,0x8E940,0x0,0xE3500025,"CMP r0,#0x25",0x6F,0x27F8B8,0x12,0x200,0xAE47B,0x282380,0x13,0x27F8B4,0x200,0x280400,0x8E8F8,0x27F8B8,0x2E3099,0x27F848,0x8E95C,0x200001D3,"",""
500,0x8E944,0x0,0x0A000006,"Bcond 0x8E964",0x6F,0x27F8B8,0x12,0x200,0xAE47B,0x282380,0x13,0x27F8B4,0x200,0x280400,0x8E8F8,0x27F8B8,0x2E3099,0x27F848,0x8E95C,0x200001D3,"",""
501,0x8E948,0x0,0xE1A02006,"MOV r2,r6",0x6F,0x27F8B8,0x12,0x200,0xAE47B,0x282380,0x13,0x27F8B4,0x200,0x280400,0x8E8F8,0x27F8B8,0x2E3099,0x27F848,0x8E95C,0x200001D3,"",""
502,0x8E94C,0x0,0xE2866001,"w=0xE2866001",0x6F,0x27F8B8,0x13,0x200,0xAE47B,0x282380,0x13,0x27F8B4,0x200,0x280400,0x8E8F8,0x27F8B8,0x2E3099,0x27F848,0x8E95C,0x200001D3,"",""
503,0x8E950,0x0,0xE1A03008,"MOV r3,r8",0x6F,0x27F8B8,0x13,0x200,0xAE47B,0x282380,0x14,0x27F8B4,0x200,0x280400,0x8E8F8,0x27F8B8,0x2E3099,0x27F848,0x8E95C,0x200001D3,"",""
504,0x8E954,0x0,0xE1A0100B,"MOV r1,r11",0x6F,0x27F8B8,0x13,0x200,0xAE47B,0x282380,0x14,0x27F8B4,0x200,0x280400,0x8E8F8,0x27F8B8,0x2E3099,0x27F848,0x8E95C,0x200001D3,"",""
505,0x8E958,0x0,0xE12FFF3A,"BLX r10",0x6F,0x27F8B8,0x13,0x200,0xAE47B,0x282380,0x14,0x27F8B4,0x200,0x280400,0x8E8F8,0x27F8B8,0x2E3099,0x27F848,0x8E95C,0x200001D3,"",""
506,0x8E8F8,0x0,0xE1520003,"w=0xE1520003",0x6F,0x27F8B8,0x13,0x200,0xAE47B,0x282380,0x14,0x27F8B4,0x200,0x280400,0x8E8F8,0x27F8B8,0x2E3099,0x27F848,0x8E95C,0x200001D3,"",""
507,0x8E8FC,0x0,0x37C10002,"w=0x37C10002",0x6F,0x27F8B8,0x13,0x200,0xAE47B,0x282380,0x14,0x27F8B4,0x200,0x280400,0x8E8F8,0x27F8B8,0x2E3099,0x27F848,0x8E95C,0x800001D3,"","W:0x27F8CB/1"
508,0x8E900,0x0,0xE12FFF1E,"BX r14",0x6F,0x27F8B8,0x13,0x200,0xAE47B,0x282380,0x14,0x27F8B4,0x200,0x280400,0x8E8F8,0x27F8B8,0x2E3099,0x27F848,0x8E95C,0x800001D3,"",""
509,0x8E95C,0x0,0xE2844001,"w=0xE2844001",0x6F,0x27F8B8,0x13,0x200,0xAE47B,0x282380,0x14,0x27F8B4,0x200,0x280400,0x8E8F8,0x27F8B8,0x2E3099,0x27F848,0x8E95C,0x800001D3,"",""
510,0x8E960,0x0,0xEA0001FF,"Bcond 0x8F164",0x6F,0x27F8B8,0x13,0x200,0xAE47C,0x282380,0x14,0x27F8B4,0x200,0x280400,0x8E8F8,0x27F8B8,0x2E3099,0x27F848,0x8E95C,0x800001D3,"",""
511,0x8F164,0x0,0xE5D40000,"w=0xE5D40000",0x6F,0x27F8B8,0x13,0x200,0xAE47C,0x282380,0x14,0x27F8B4,0x200,0x280400,0x8E8F8,0x27F8B8,0x2E3099,0x27F848,0x8E95C,0x800001D3,"","R:0xAE47C/1"
512,0x8F168,0x0,0xE3500000,"CMP r0,#0x0",0x72,0x27F8B8,0x13,0x200,0xAE47C,0x282380,0x14,0x27F8B4,0x200,0x280400,0x8E8F8,0x27F8B8,0x2E3099,0x27F848,0x8E95C,0x800001D3,"",""
513,0x8F16C,0x0,0x1AFFFDF2,"Bcond 0x8E93C",0x72,0x27F8B8,0x13,0x200,0xAE47C,0x282380,0x14,0x27F8B4,0x200,0x280400,0x8E8F8,0x27F8B8,0x2E3099,0x27F848,0x8E95C,0x200001D3,"",""
514,0x8E93C,0x0,0xE5D40000,"w=0xE5D40000",0x72,0x27F8B8,0x13,0x200,0xAE47C,0x282380,0x14,0x27F8B4,0x200,0x280400,0x8E8F8,0x27F8B8,0x2E3099,0x27F848,0x8E95C,0x200001D3,"","R:0xAE47C/1"
515,0x8E940,0x0,0xE3500025,"CMP r0,#0x25",0x72,0x27F8B8,0x13,0x200,0xAE47C,0x282380,0x14,0x27F8B4,0x200,0x280400,0x8E8F8,0x27F8B8,0x2E3099,0x27F848,0x8E95C,0x200001D3,"",""
516,0x8E944,0x0,0x0A000006,"Bcond 0x8E964",0x72,0x27F8B8,0x13,0x200,0xAE47C,0x282380,0x14,0x27F8B4,0x200,0x280400,0x8E8F8,0x27F8B8,0x2E3099,0x27F848,0x8E95C,0x200001D3,"",""
517,0x8E948,0x0,0xE1A02006,"MOV r2,r6",0x72,0x27F8B8,0x13,0x200,0xAE47C,0x282380,0x14,0x27F8B4,0x200,0x280400,0x8E8F8,0x27F8B8,0x2E3099,0x27F848,0x8E95C,0x200001D3,"",""
518,0x8E94C,0x0,0xE2866001,"w=0xE2866001",0x72,0x27F8B8,0x14,0x200,0xAE47C,0x282380,0x14,0x27F8B4,0x200,0x280400,0x8E8F8,0x27F8B8,0x2E3099,0x27F848,0x8E95C,0x200001D3,"",""
519,0x8E950,0x0,0xE1A03008,"MOV r3,r8",0x72,0x27F8B8,0x14,0x200,0xAE47C,0x282380,0x15,0x27F8B4,0x200,0x280400,0x8E8F8,0x27F8B8,0x2E3099,0x27F848,0x8E95C,0x200001D3,"",""
520,0x8E954,0x0,0xE1A0100B,"MOV r1,r11",0x72,0x27F8B8,0x14,0x200,0xAE47C,0x282380,0x15,0x27F8B4,0x200,0x280400,0x8E8F8,0x27F8B8,0x2E3099,0x27F848,0x8E95C,0x200001D3,"",""
521,0x8E958,0x0,0xE12FFF3A,"BLX r10",0x72,0x27F8B8,0x14,0x200,0xAE47C,0x282380,0x15,0x27F8B4,0x200,0x280400,0x8E8F8,0x27F8B8,0x2E3099,0x27F848,0x8E95C,0x200001D3,"",""
522,0x8E8F8,0x0,0xE1520003,"w=0xE1520003",0x72,0x27F8B8,0x14,0x200,0xAE47C,0x282380,0x15,0x27F8B4,0x200,0x280400,0x8E8F8,0x27F8B8,0x2E3099,0x27F848,0x8E95C,0x200001D3,"",""
523,0x8E8FC,0x0,0x37C10002,"w=0x37C10002",0x72,0x27F8B8,0x14,0x200,0xAE47C,0x282380,0x15,0x27F8B4,0x200,0x280400,0x8E8F8,0x27F8B8,0x2E3099,0x27F848,0x8E95C,0x800001D3,"","W:0x27F8CC/1"
524,0x8E900,0x0,0xE12FFF1E,"BX r14",0x72,0x27F8B8,0x14,0x200,0xAE47C,0x282380,0x15,0x27F8B4,0x200,0x280400,0x8E8F8,0x27F8B8,0x2E3099,0x27F848,0x8E95C,0x800001D3,"",""
525,0x8E95C,0x0,0xE2844001,"w=0xE2844001",0x72,0x27F8B8,0x14,0x200,0xAE47C,0x282380,0x15,0x27F8B4,0x200,0x280400,0x8E8F8,0x27F8B8,0x2E3099,0x27F848,0x8E95C,0x800001D3,"",""
526,0x8E960,0x0,0xEA0001FF,"Bcond 0x8F164",0x72,0x27F8B8,0x14,0x200,0xAE47D,0x282380,0x15,0x27F8B4,0x200,0x280400,0x8E8F8,0x27F8B8,0x2E3099,0x27F848,0x8E95C,0x800001D3,"",""
527,0x8F164,0x0,0xE5D40000,"w=0xE5D40000",0x72,0x27F8B8,0x14,0x200,0xAE47D,0x282380,0x15,0x27F8B4,0x200,0x280400,0x8E8F8,0x27F8B8,0x2E3099,0x27F848,0x8E95C,0x800001D3,"","R:0xAE47D/1"
528,0x8F168,0x0,0xE3500000,"CMP r0,#0x0",0x79,0x27F8B8,0x14,0x200,0xAE47D,0x282380,0x15,0x27F8B4,0x200,0x280400,0x8E8F8,0x27F8B8,0x2E3099,0x27F848,0x8E95C,0x800001D3,"",""
529,0x8F16C,0x0,0x1AFFFDF2,"Bcond 0x8E93C",0x79,0x27F8B8,0x14,0x200,0xAE47D,0x282380,0x15,0x27F8B4,0x200,0x280400,0x8E8F8,0x27F8B8,0x2E3099,0x27F848,0x8E95C,0x200001D3,"",""
530,0x8E93C,0x0,0xE5D40000,"w=0xE5D40000",0x79,0x27F8B8,0x14,0x200,0xAE47D,0x282380,0x15,0x27F8B4,0x200,0x280400,0x8E8F8,0x27F8B8,0x2E3099,0x27F848,0x8E95C,0x200001D3,"","R:0xAE47D/1"
531,0x8E940,0x0,0xE3500025,"CMP r0,#0x25",0x79,0x27F8B8,0x14,0x200,0xAE47D,0x282380,0x15,0x27F8B4,0x200,0x280400,0x8E8F8,0x27F8B8,0x2E3099,0x27F848,0x8E95C,0x200001D3,"",""
532,0x8E944,0x0,0x0A000006,"Bcond 0x8E964",0x79,0x27F8B8,0x14,0x200,0xAE47D,0x282380,0x15,0x27F8B4,0x200,0x280400,0x8E8F8,0x27F8B8,0x2E3099,0x27F848,0x8E95C,0x200001D3,"",""
533,0x8E948,0x0,0xE1A02006,"MOV r2,r6",0x79,0x27F8B8,0x14,0x200,0xAE47D,0x282380,0x15,0x27F8B4,0x200,0x280400,0x8E8F8,0x27F8B8,0x2E3099,0x27F848,0x8E95C,0x200001D3,"",""
534,0x8E94C,0x0,0xE2866001,"w=0xE2866001",0x79,0x27F8B8,0x15,0x200,0xAE47D,0x282380,0x15,0x27F8B4,0x200,0x280400,0x8E8F8,0x27F8B8,0x2E3099,0x27F848,0x8E95C,0x200001D3,"",""
535,0x8E950,0x0,0xE1A03008,"MOV r3,r8",0x79,0x27F8B8,0x15,0x200,0xAE47D,0x282380,0x16,0x27F8B4,0x200,0x280400,0x8E8F8,0x27F8B8,0x2E3099,0x27F848,0x8E95C,0x200001D3,"",""
536,0x8E954,0x0,0xE1A0100B,"MOV r1,r11",0x79,0x27F8B8,0x15,0x200,0xAE47D,0x282380,0x16,0x27F8B4,0x200,0x280400,0x8E8F8,0x27F8B8,0x2E3099,0x27F848,0x8E95C,0x200001D3,"",""
537,0x8E958,0x0,0xE12FFF3A,"BLX r10",0x79,0x27F8B8,0x15,0x200,0xAE47D,0x282380,0x16,0x27F8B4,0x200,0x280400,0x8E8F8,0x27F8B8,0x2E3099,0x27F848,0x8E95C,0x200001D3,"",""
538,0x8E8F8,0x0,0xE1520003,"w=0xE1520003",0x79,0x27F8B8,0x15,0x200,0xAE47D,0x282380,0x16,0x27F8B4,0x200,0x280400,0x8E8F8,0x27F8B8,0x2E3099,0x27F848,0x8E95C,0x200001D3,"",""
539,0x8E8FC,0x0,0x37C10002,"w=0x37C10002",0x79,0x27F8B8,0x15,0x200,0xAE47D,0x282380,0x16,0x27F8B4,0x200,0x280400,0x8E8F8,0x27F8B8,0x2E3099,0x27F848,0x8E95C,0x800001D3,"","W:0x27F8CD/1"
540,0x8E900,0x0,0xE12FFF1E,"BX r14",0x79,0x27F8B8,0x15,0x200,0xAE47D,0x282380,0x16,0x27F8B4,0x200,0x280400,0x8E8F8,0x27F8B8,0x2E3099,0x27F848,0x8E95C,0x800001D3,"",""
541,0x8E95C,0x0,0xE2844001,"w=0xE2844001",0x79,0x27F8B8,0x15,0x200,0xAE47D,0x282380,0x16,0x27F8B4,0x200,0x280400,0x8E8F8,0x27F8B8,0x2E3099,0x27F848,0x8E95C,0x800001D3,"",""
542,0x8E960,0x0,0xEA0001FF,"Bcond 0x8F164",0x79,0x27F8B8,0x15,0x200,0xAE47E,0x282380,0x16,0x27F8B4,0x200,0x280400,0x8E8F8,0x27F8B8,0x2E3099,0x27F848,0x8E95C,0x800001D3,"",""
543,0x8F164,0x0,0xE5D40000,"w=0xE5D40000",0x79,0x27F8B8,0x15,0x200,0xAE47E,0x282380,0x16,0x27F8B4,0x200,0x280400,0x8E8F8,0x27F8B8,0x2E3099,0x27F848,0x8E95C,0x800001D3,"","R:0xAE47E/1"
544,0x8F168,0x0,0xE3500000,"CMP r0,#0x0",0x20,0x27F8B8,0x15,0x200,0xAE47E,0x282380,0x16,0x27F8B4,0x200,0x280400,0x8E8F8,0x27F8B8,0x2E3099,0x27F848,0x8E95C,0x800001D3,"",""
545,0x8F16C,0x0,0x1AFFFDF2,"Bcond 0x8E93C",0x20,0x27F8B8,0x15,0x200,0xAE47E,0x282380,0x16,0x27F8B4,0x200,0x280400,0x8E8F8,0x27F8B8,0x2E3099,0x27F848,0x8E95C,0x200001D3,"",""
546,0x8E93C,0x0,0xE5D40000,"w=0xE5D40000",0x20,0x27F8B8,0x15,0x200,0xAE47E,0x282380,0x16,0x27F8B4,0x200,0x280400,0x8E8F8,0x27F8B8,0x2E3099,0x27F848,0x8E95C,0x200001D3,"","R:0xAE47E/1"
547,0x8E940,0x0,0xE3500025,"CMP r0,#0x25",0x20,0x27F8B8,0x15,0x200,0xAE47E,0x282380,0x16,0x27F8B4,0x200,0x280400,0x8E8F8,0x27F8B8,0x2E3099,0x27F848,0x8E95C,0x200001D3,"",""
548,0x8E944,0x0,0x0A000006,"Bcond 0x8E964",0x20,0x27F8B8,0x15,0x200,0xAE47E,0x282380,0x16,0x27F8B4,0x200,0x280400,0x8E8F8,0x27F8B8,0x2E3099,0x27F848,0x8E95C,0x800001D3,"",""
549,0x8E948,0x0,0xE1A02006,"MOV r2,r6",0x20,0x27F8B8,0x15,0x200,0xAE47E,0x282380,0x16,0x27F8B4,0x200,0x280400,0x8E8F8,0x27F8B8,0x2E3099,0x27F848,0x8E95C,0x800001D3,"",""
550,0x8E94C,0x0,0xE2866001,"w=0xE2866001",0x20,0x27F8B8,0x16,0x200,0xAE47E,0x282380,0x16,0x27F8B4,0x200,0x280400,0x8E8F8,0x27F8B8,0x2E3099,0x27F848,0x8E95C,0x800001D3,"",""
551,0x8E950,0x0,0xE1A03008,"MOV r3,r8",0x20,0x27F8B8,0x16,0x200,0xAE47E,0x282380,0x17,0x27F8B4,0x200,0x280400,0x8E8F8,0x27F8B8,0x2E3099,0x27F848,0x8E95C,0x800001D3,"",""
552,0x8E954,0x0,0xE1A0100B,"MOV r1,r11",0x20,0x27F8B8,0x16,0x200,0xAE47E,0x282380,0x17,0x27F8B4,0x200,0x280400,0x8E8F8,0x27F8B8,0x2E3099,0x27F848,0x8E95C,0x800001D3,"",""
553,0x8E958,0x0,0xE12FFF3A,"BLX r10",0x20,0x27F8B8,0x16,0x200,0xAE47E,0x282380,0x17,0x27F8B4,0x200,0x280400,0x8E8F8,0x27F8B8,0x2E3099,0x27F848,0x8E95C,0x800001D3,"",""
554,0x8E8F8,0x0,0xE1520003,"w=0xE1520003",0x20,0x27F8B8,0x16,0x200,0xAE47E,0x282380,0x17,0x27F8B4,0x200,0x280400,0x8E8F8,0x27F8B8,0x2E3099,0x27F848,0x8E95C,0x800001D3,"",""
555,0x8E8FC,0x0,0x37C10002,"w=0x37C10002",0x20,0x27F8B8,0x16,0x200,0xAE47E,0x282380,0x17,0x27F8B4,0x200,0x280400,0x8E8F8,0x27F8B8,0x2E3099,0x27F848,0x8E95C,0x800001D3,"","W:0x27F8CE/1"
556,0x8E900,0x0,0xE12FFF1E,"BX r14",0x20,0x27F8B8,0x16,0x200,0xAE47E,0x282380,0x17,0x27F8B4,0x200,0x280400,0x8E8F8,0x27F8B8,0x2E3099,0x27F848,0x8E95C,0x800001D3,"",""
557,0x8E95C,0x0,0xE2844001,"w=0xE2844001",0x20,0x27F8B8,0x16,0x200,0xAE47E,0x282380,0x17,0x27F8B4,0x200,0x280400,0x8E8F8,0x27F8B8,0x2E3099,0x27F848,0x8E95C,0x800001D3,"",""
558,0x8E960,0x0,0xEA0001FF,"Bcond 0x8F164",0x20,0x27F8B8,0x16,0x200,0xAE47F,0x282380,0x17,0x27F8B4,0x200,0x280400,0x8E8F8,0x27F8B8,0x2E3099,0x27F848,0x8E95C,0x800001D3,"",""
559,0x8F164,0x0,0xE5D40000,"w=0xE5D40000",0x20,0x27F8B8,0x16,0x200,0xAE47F,0x282380,0x17,0x27F8B4,0x200,0x280400,0x8E8F8,0x27F8B8,0x2E3099,0x27F848,0x8E95C,0x800001D3,"","R:0xAE47F/1"
560,0x8F168,0x0,0xE3500000,"CMP r0,#0x0",0x6C,0x27F8B8,0x16,0x200,0xAE47F,0x282380,0x17,0x27F8B4,0x200,0x280400,0x8E8F8,0x27F8B8,0x2E3099,0x27F848,0x8E95C,0x800001D3,"",""
561,0x8F16C,0x0,0x1AFFFDF2,"Bcond 0x8E93C",0x6C,0x27F8B8,0x16,0x200,0xAE47F,0x282380,0x17,0x27F8B4,0x200,0x280400,0x8E8F8,0x27F8B8,0x2E3099,0x27F848,0x8E95C,0x200001D3,"",""
562,0x8E93C,0x0,0xE5D40000,"w=0xE5D40000",0x6C,0x27F8B8,0x16,0x200,0xAE47F,0x282380,0x17,0x27F8B4,0x200,0x280400,0x8E8F8,0x27F8B8,0x2E3099,0x27F848,0x8E95C,0x200001D3,"","R:0xAE47F/1"
563,0x8E940,0x0,0xE3500025,"CMP r0,#0x25",0x6C,0x27F8B8,0x16,0x200,0xAE47F,0x282380,0x17,0x27F8B4,0x200,0x280400,0x8E8F8,0x27F8B8,0x2E3099,0x27F848,0x8E95C,0x200001D3,"",""
564,0x8E944,0x0,0x0A000006,"Bcond 0x8E964",0x6C,0x27F8B8,0x16,0x200,0xAE47F,0x282380,0x17,0x27F8B4,0x200,0x280400,0x8E8F8,0x27F8B8,0x2E3099,0x27F848,0x8E95C,0x200001D3,"",""
565,0x8E948,0x0,0xE1A02006,"MOV r2,r6",0x6C,0x27F8B8,0x16,0x200,0xAE47F,0x282380,0x17,0x27F8B4,0x200,0x280400,0x8E8F8,0x27F8B8,0x2E3099,0x27F848,0x8E95C,0x200001D3,"",""
566,0x8E94C,0x0,0xE2866001,"w=0xE2866001",0x6C,0x27F8B8,0x17,0x200,0xAE47F,0x282380,0x17,0x27F8B4,0x200,0x280400,0x8E8F8,0x27F8B8,0x2E3099,0x27F848,0x8E95C,0x200001D3,"",""
567,0x8E950,0x0,0xE1A03008,"MOV r3,r8",0x6C,0x27F8B8,0x17,0x200,0xAE47F,0x282380,0x18,0x27F8B4,0x200,0x280400,0x8E8F8,0x27F8B8,0x2E3099,0x27F848,0x8E95C,0x200001D3,"",""
568,0x8E954,0x0,0xE1A0100B,"MOV r1,r11",0x6C,0x27F8B8,0x17,0x200,0xAE47F,0x282380,0x18,0x27F8B4,0x200,0x280400,0x8E8F8,0x27F8B8,0x2E3099,0x27F848,0x8E95C,0x200001D3,"",""
569,0x8E958,0x0,0xE12FFF3A,"BLX r10",0x6C,0x27F8B8,0x17,0x200,0xAE47F,0x282380,0x18,0x27F8B4,0x200,0x280400,0x8E8F8,0x27F8B8,0x2E3099,0x27F848,0x8E95C,0x200001D3,"",""
570,0x8E8F8,0x0,0xE1520003,"w=0xE1520003",0x6C,0x27F8B8,0x17,0x200,0xAE47F,0x282380,0x18,0x27F8B4,0x200,0x280400,0x8E8F8,0x27F8B8,0x2E3099,0x27F848,0x8E95C,0x200001D3,"",""
571,0x8E8FC,0x0,0x37C10002,"w=0x37C10002",0x6C,0x27F8B8,0x17,0x200,0xAE47F,0x282380,0x18,0x27F8B4,0x200,0x280400,0x8E8F8,0x27F8B8,0x2E3099,0x27F848,0x8E95C,0x800001D3,"","W:0x27F8CF/1"
572,0x8E900,0x0,0xE12FFF1E,"BX r14",0x6C,0x27F8B8,0x17,0x200,0xAE47F,0x282380,0x18,0x27F8B4,0x200,0x280400,0x8E8F8,0x27F8B8,0x2E3099,0x27F848,0x8E95C,0x800001D3,"",""
573,0x8E95C,0x0,0xE2844001,"w=0xE2844001",0x6C,0x27F8B8,0x17,0x200,0xAE47F,0x282380,0x18,0x27F8B4,0x200,0x280400,0x8E8F8,0x27F8B8,0x2E3099,0x27F848,0x8E95C,0x800001D3,"",""
574,0x8E960,0x0,0xEA0001FF,"Bcond 0x8F164",0x6C,0x27F8B8,0x17,0x200,0xAE480,0x282380,0x18,0x27F8B4,0x200,0x280400,0x8E8F8,0x27F8B8,0x2E3099,0x27F848,0x8E95C,0x800001D3,"",""
575,0x8F164,0x0,0xE5D40000,"w=0xE5D40000",0x6C,0x27F8B8,0x17,0x200,0xAE480,0x282380,0x18,0x27F8B4,0x200,0x280400,0x8E8F8,0x27F8B8,0x2E3099,0x27F848,0x8E95C,0x800001D3,"","R:0xAE480/1"
576,0x8F168,0x0,0xE3500000,"CMP r0,#0x0",0x65,0x27F8B8,0x17,0x200,0xAE480,0x282380,0x18,0x27F8B4,0x200,0x280400,0x8E8F8,0x27F8B8,0x2E3099,0x27F848,0x8E95C,0x800001D3,"",""
577,0x8F16C,0x0,0x1AFFFDF2,"Bcond 0x8E93C",0x65,0x27F8B8,0x17,0x200,0xAE480,0x282380,0x18,0x27F8B4,0x200,0x280400,0x8E8F8,0x27F8B8,0x2E3099,0x27F848,0x8E95C,0x200001D3,"",""
578,0x8E93C,0x0,0xE5D40000,"w=0xE5D40000",0x65,0x27F8B8,0x17,0x200,0xAE480,0x282380,0x18,0x27F8B4,0x200,0x280400,0x8E8F8,0x27F8B8,0x2E3099,0x27F848,0x8E95C,0x200001D3,"","R:0xAE480/1"
579,0x8E940,0x0,0xE3500025,"CMP r0,#0x25",0x65,0x27F8B8,0x17,0x200,0xAE480,0x282380,0x18,0x27F8B4,0x200,0x280400,0x8E8F8,0x27F8B8,0x2E3099,0x27F848,0x8E95C,0x200001D3,"",""
580,0x8E944,0x0,0x0A000006,"Bcond 0x8E964",0x65,0x27F8B8,0x17,0x200,0xAE480,0x282380,0x18,0x27F8B4,0x200,0x280400,0x8E8F8,0x27F8B8,0x2E3099,0x27F848,0x8E95C,0x200001D3,"",""
581,0x8E948,0x0,0xE1A02006,"MOV r2,r6",0x65,0x27F8B8,0x17,0x200,0xAE480,0x282380,0x18,0x27F8B4,0x200,0x280400,0x8E8F8,0x27F8B8,0x2E3099,0x27F848,0x8E95C,0x200001D3,"",""
582,0x8E94C,0x0,0xE2866001,"w=0xE2866001",0x65,0x27F8B8,0x18,0x200,0xAE480,0x282380,0x18,0x27F8B4,0x200,0x280400,0x8E8F8,0x27F8B8,0x2E3099,0x27F848,0x8E95C,0x200001D3,"",""
583,0x8E950,0x0,0xE1A03008,"MOV r3,r8",0x65,0x27F8B8,0x18,0x200,0xAE480,0x282380,0x19,0x27F8B4,0x200,0x280400,0x8E8F8,0x27F8B8,0x2E3099,0x27F848,0x8E95C,0x200001D3,"",""
584,0x8E954,0x0,0xE1A0100B,"MOV r1,r11",0x65,0x27F8B8,0x18,0x200,0xAE480,0x282380,0x19,0x27F8B4,0x200,0x280400,0x8E8F8,0x27F8B8,0x2E3099,0x27F848,0x8E95C,0x200001D3,"",""
585,0x8E958,0x0,0xE12FFF3A,"BLX r10",0x65,0x27F8B8,0x18,0x200,0xAE480,0x282380,0x19,0x27F8B4,0x200,0x280400,0x8E8F8,0x27F8B8,0x2E3099,0x27F848,0x8E95C,0x200001D3,"",""
586,0x8E8F8,0x0,0xE1520003,"w=0xE1520003",0x65,0x27F8B8,0x18,0x200,0xAE480,0x282380,0x19,0x27F8B4,0x200,0x280400,0x8E8F8,0x27F8B8,0x2E3099,0x27F848,0x8E95C,0x200001D3,"",""
587,0x8E8FC,0x0,0x37C10002,"w=0x37C10002",0x65,0x27F8B8,0x18,0x200,0xAE480,0x282380,0x19,0x27F8B4,0x200,0x280400,0x8E8F8,0x27F8B8,0x2E3099,0x27F848,0x8E95C,0x800001D3,"","W:0x27F8D0/1"
588,0x8E900,0x0,0xE12FFF1E,"BX r14",0x65,0x27F8B8,0x18,0x200,0xAE480,0x282380,0x19,0x27F8B4,0x200,0x280400,0x8E8F8,0x27F8B8,0x2E3099,0x27F848,0x8E95C,0x800001D3,"",""
589,0x8E95C,0x0,0xE2844001,"w=0xE2844001",0x65,0x27F8B8,0x18,0x200,0xAE480,0x282380,0x19,0x27F8B4,0x200,0x280400,0x8E8F8,0x27F8B8,0x2E3099,0x27F848,0x8E95C,0x800001D3,"",""
590,0x8E960,0x0,0xEA0001FF,"Bcond 0x8F164",0x65,0x27F8B8,0x18,0x200,0xAE481,0x282380,0x19,0x27F8B4,0x200,0x280400,0x8E8F8,0x27F8B8,0x2E3099,0x27F848,0x8E95C,0x800001D3,"",""
591,0x8F164,0x0,0xE5D40000,"w=0xE5D40000",0x65,0x27F8B8,0x18,0x200,0xAE481,0x282380,0x19,0x27F8B4,0x200,0x280400,0x8E8F8,0x27F8B8,0x2E3099,0x27F848,0x8E95C,0x800001D3,"","R:0xAE481/1"
592,0x8F168,0x0,0xE3500000,"CMP r0,#0x0",0x66,0x27F8B8,0x18,0x200,0xAE481,0x282380,0x19,0x27F8B4,0x200,0x280400,0x8E8F8,0x27F8B8,0x2E3099,0x27F848,0x8E95C,0x800001D3,"",""
593,0x8F16C,0x0,0x1AFFFDF2,"Bcond 0x8E93C",0x66,0x27F8B8,0x18,0x200,0xAE481,0x282380,0x19,0x27F8B4,0x200,0x280400,0x8E8F8,0x27F8B8,0x2E3099,0x27F848,0x8E95C,0x200001D3,"",""
594,0x8E93C,0x0,0xE5D40000,"w=0xE5D40000",0x66,0x27F8B8,0x18,0x200,0xAE481,0x282380,0x19,0x27F8B4,0x200,0x280400,0x8E8F8,0x27F8B8,0x2E3099,0x27F848,0x8E95C,0x200001D3,"","R:0xAE481/1"
595,0x8E940,0x0,0xE3500025,"CMP r0,#0x25",0x66,0x27F8B8,0x18,0x200,0xAE481,0x282380,0x19,0x27F8B4,0x200,0x280400,0x8E8F8,0x27F8B8,0x2E3099,0x27F848,0x8E95C,0x200001D3,"",""
596,0x8E944,0x0,0x0A000006,"Bcond 0x8E964",0x66,0x27F8B8,0x18,0x200,0xAE481,0x282380,0x19,0x27F8B4,0x200,0x280400,0x8E8F8,0x27F8B8,0x2E3099,0x27F848,0x8E95C,0x200001D3,"",""
597,0x8E948,0x0,0xE1A02006,"MOV r2,r6",0x66,0x27F8B8,0x18,0x200,0xAE481,0x282380,0x19,0x27F8B4,0x200,0x280400,0x8E8F8,0x27F8B8,0x2E3099,0x27F848,0x8E95C,0x200001D3,"",""
598,0x8E94C,0x0,0xE2866001,"w=0xE2866001",0x66,0x27F8B8,0x19,0x200,0xAE481,0x282380,0x19,0x27F8B4,0x200,0x280400,0x8E8F8,0x27F8B8,0x2E3099,0x27F848,0x8E95C,0x200001D3,"",""
599,0x8E950,0x0,0xE1A03008,"MOV r3,r8",0x66,0x27F8B8,0x19,0x200,0xAE481,0x282380,0x1A,0x27F8B4,0x200,0x280400,0x8E8F8,0x27F8B8,0x2E3099,0x27F848,0x8E95C,0x200001D3,"",""
600,0x8E954,0x0,0xE1A0100B,"MOV r1,r11",0x66,0x27F8B8,0x19,0x200,0xAE481,0x282380,0x1A,0x27F8B4,0x200,0x280400,0x8E8F8,0x27F8B8,0x2E3099,0x27F848,0x8E95C,0x200001D3,"",""
601,0x8E958,0x0,0xE12FFF3A,"BLX r10",0x66,0x27F8B8,0x19,0x200,0xAE481,0x282380,0x1A,0x27F8B4,0x200,0x280400,0x8E8F8,0x27F8B8,0x2E3099,0x27F848,0x8E95C,0x200001D3,"",""
602,0x8E8F8,0x0,0xE1520003,"w=0xE1520003",0x66,0x27F8B8,0x19,0x200,0xAE481,0x282380,0x1A,0x27F8B4,0x200,0x280400,0x8E8F8,0x27F8B8,0x2E3099,0x27F848,0x8E95C,0x200001D3,"",""
603,0x8E8FC,0x0,0x37C10002,"w=0x37C10002",0x66,0x27F8B8,0x19,0x200,0xAE481,0x282380,0x1A,0x27F8B4,0x200,0x280400,0x8E8F8,0x27F8B8,0x2E3099,0x27F848,0x8E95C,0x800001D3,"","W:0x27F8D1/1"
604,0x8E900,0x0,0xE12FFF1E,"BX r14",0x66,0x27F8B8,0x19,0x200,0xAE481,0x282380,0x1A,0x27F8B4,0x200,0x280400,0x8E8F8,0x27F8B8,0x2E3099,0x27F848,0x8E95C,0x800001D3,"",""
605,0x8E95C,0x0,0xE2844001,"w=0xE2844001",0x66,0x27F8B8,0x19,0x200,0xAE481,0x282380,0x1A,0x27F8B4,0x200,0x280400,0x8E8F8,0x27F8B8,0x2E3099,0x27F848,0x8E95C,0x800001D3,"",""
606,0x8E960,0x0,0xEA0001FF,"Bcond 0x8F164",0x66,0x27F8B8,0x19,0x200,0xAE482,0x282380,0x1A,0x27F8B4,0x200,0x280400,0x8E8F8,0x27F8B8,0x2E3099,0x27F848,0x8E95C,0x800001D3,"",""
607,0x8F164,0x0,0xE5D40000,"w=0xE5D40000",0x66,0x27F8B8,0x19,0x200,0xAE482,0x282380,0x1A,0x27F8B4,0x200,0x280400,0x8E8F8,0x27F8B8,0x2E3099,0x27F848,0x8E95C,0x800001D3,"","R:0xAE482/1"
608,0x8F168,0x0,0xE3500000,"CMP r0,#0x0",0x74,0x27F8B8,0x19,0x200,0xAE482,0x282380,0x1A,0x27F8B4,0x200,0x280400,0x8E8F8,0x27F8B8,0x2E3099,0x27F848,0x8E95C,0x800001D3,"",""
609,0x8F16C,0x0,0x1AFFFDF2,"Bcond 0x8E93C",0x74,0x27F8B8,0x19,0x200,0xAE482,0x282380,0x1A,0x27F8B4,0x200,0x280400,0x8E8F8,0x27F8B8,0x2E3099,0x27F848,0x8E95C,0x200001D3,"",""
610,0x8E93C,0x0,0xE5D40000,"w=0xE5D40000",0x74,0x27F8B8,0x19,0x200,0xAE482,0x282380,0x1A,0x27F8B4,0x200,0x280400,0x8E8F8,0x27F8B8,0x2E3099,0x27F848,0x8E95C,0x200001D3,"","R:0xAE482/1"
611,0x8E940,0x0,0xE3500025,"CMP r0,#0x25",0x74,0x27F8B8,0x19,0x200,0xAE482,0x282380,0x1A,0x27F8B4,0x200,0x280400,0x8E8F8,0x27F8B8,0x2E3099,0x27F848,0x8E95C,0x200001D3,"",""
612,0x8E944,0x0,0x0A000006,"Bcond 0x8E964",0x74,0x27F8B8,0x19,0x200,0xAE482,0x282380,0x1A,0x27F8B4,0x200,0x280400,0x8E8F8,0x27F8B8,0x2E3099,0x27F848,0x8E95C,0x200001D3,"",""
613,0x8E948,0x0,0xE1A02006,"MOV r2,r6",0x74,0x27F8B8,0x19,0x200,0xAE482,0x282380,0x1A,0x27F8B4,0x200,0x280400,0x8E8F8,0x27F8B8,0x2E3099,0x27F848,0x8E95C,0x200001D3,"",""
614,0x8E94C,0x0,0xE2866001,"w=0xE2866001",0x74,0x27F8B8,0x1A,0x200,0xAE482,0x282380,0x1A,0x27F8B4,0x200,0x280400,0x8E8F8,0x27F8B8,0x2E3099,0x27F848,0x8E95C,0x200001D3,"",""
615,0x8E950,0x0,0xE1A03008,"MOV r3,r8",0x74,0x27F8B8,0x1A,0x200,0xAE482,0x282380,0x1B,0x27F8B4,0x200,0x280400,0x8E8F8,0x27F8B8,0x2E3099,0x27F848,0x8E95C,0x200001D3,"",""
616,0x8E954,0x0,0xE1A0100B,"MOV r1,r11",0x74,0x27F8B8,0x1A,0x200,0xAE482,0x282380,0x1B,0x27F8B4,0x200,0x280400,0x8E8F8,0x27F8B8,0x2E3099,0x27F848,0x8E95C,0x200001D3,"",""
617,0x8E958,0x0,0xE12FFF3A,"BLX r10",0x74,0x27F8B8,0x1A,0x200,0xAE482,0x282380,0x1B,0x27F8B4,0x200,0x280400,0x8E8F8,0x27F8B8,0x2E3099,0x27F848,0x8E95C,0x200001D3,"",""
618,0x8E8F8,0x0,0xE1520003,"w=0xE1520003",0x74,0x27F8B8,0x1A,0x200,0xAE482,0x282380,0x1B,0x27F8B4,0x200,0x280400,0x8E8F8,0x27F8B8,0x2E3099,0x27F848,0x8E95C,0x200001D3,"",""
619,0x8E8FC,0x0,0x37C10002,"w=0x37C10002",0x74,0x27F8B8,0x1A,0x200,0xAE482,0x282380,0x1B,0x27F8B4,0x200,0x280400,0x8E8F8,0x27F8B8,0x2E3099,0x27F848,0x8E95C,0x800001D3,"","W:0x27F8D2/1"
620,0x8E900,0x0,0xE12FFF1E,"BX r14",0x74,0x27F8B8,0x1A,0x200,0xAE482,0x282380,0x1B,0x27F8B4,0x200,0x280400,0x8E8F8,0x27F8B8,0x2E3099,0x27F848,0x8E95C,0x800001D3,"",""
621,0x8E95C,0x0,0xE2844001,"w=0xE2844001",0x74,0x27F8B8,0x1A,0x200,0xAE482,0x282380,0x1B,0x27F8B4,0x200,0x280400,0x8E8F8,0x27F8B8,0x2E3099,0x27F848,0x8E95C,0x800001D3,"",""
622,0x8E960,0x0,0xEA0001FF,"Bcond 0x8F164",0x74,0x27F8B8,0x1A,0x200,0xAE483,0x282380,0x1B,0x27F8B4,0x200,0x280400,0x8E8F8,0x27F8B8,0x2E3099,0x27F848,0x8E95C,0x800001D3,"",""
623,0x8F164,0x0,0xE5D40000,"w=0xE5D40000",0x74,0x27F8B8,0x1A,0x200,0xAE483,0x282380,0x1B,0x27F8B4,0x200,0x280400,0x8E8F8,0x27F8B8,0x2E3099,0x27F848,0x8E95C,0x800001D3,"","R:0xAE483/1"
624,0x8F168,0x0,0xE3500000,"CMP r0,#0x0",0x3A,0x27F8B8,0x1A,0x200,0xAE483,0x282380,0x1B,0x27F8B4,0x200,0x280400,0x8E8F8,0x27F8B8,0x2E3099,0x27F848,0x8E95C,0x800001D3,"",""
625,0x8F16C,0x0,0x1AFFFDF2,"Bcond 0x8E93C",0x3A,0x27F8B8,0x1A,0x200,0xAE483,0x282380,0x1B,0x27F8B4,0x200,0x280400,0x8E8F8,0x27F8B8,0x2E3099,0x27F848,0x8E95C,0x200001D3,"",""
626,0x8E93C,0x0,0xE5D40000,"w=0xE5D40000",0x3A,0x27F8B8,0x1A,0x200,0xAE483,0x282380,0x1B,0x27F8B4,0x200,0x280400,0x8E8F8,0x27F8B8,0x2E3099,0x27F848,0x8E95C,0x200001D3,"","R:0xAE483/1"
627,0x8E940,0x0,0xE3500025,"CMP r0,#0x25",0x3A,0x27F8B8,0x1A,0x200,0xAE483,0x282380,0x1B,0x27F8B4,0x200,0x280400,0x8E8F8,0x27F8B8,0x2E3099,0x27F848,0x8E95C,0x200001D3,"",""
628,0x8E944,0x0,0x0A000006,"Bcond 0x8E964",0x3A,0x27F8B8,0x1A,0x200,0xAE483,0x282380,0x1B,0x27F8B4,0x200,0x280400,0x8E8F8,0x27F8B8,0x2E3099,0x27F848,0x8E95C,0x200001D3,"",""
629,0x8E948,0x0,0xE1A02006,"MOV r2,r6",0x3A,0x27F8B8,0x1A,0x200,0xAE483,0x282380,0x1B,0x27F8B4,0x200,0x280400,0x8E8F8,0x27F8B8,0x2E3099,0x27F848,0x8E95C,0x200001D3,"",""
630,0x8E94C,0x0,0xE2866001,"w=0xE2866001",0x3A,0x27F8B8,0x1B,0x200,0xAE483,0x282380,0x1B,0x27F8B4,0x200,0x280400,0x8E8F8,0x27F8B8,0x2E3099,0x27F848,0x8E95C,0x200001D3,"",""
631,0x8E950,0x0,0xE1A03008,"MOV r3,r8",0x3A,0x27F8B8,0x1B,0x200,0xAE483,0x282380,0x1C,0x27F8B4,0x200,0x280400,0x8E8F8,0x27F8B8,0x2E3099,0x27F848,0x8E95C,0x200001D3,"",""
632,0x8E954,0x0,0xE1A0100B,"MOV r1,r11",0x3A,0x27F8B8,0x1B,0x200,0xAE483,0x282380,0x1C,0x27F8B4,0x200,0x280400,0x8E8F8,0x27F8B8,0x2E3099,0x27F848,0x8E95C,0x200001D3,"",""
633,0x8E958,0x0,0xE12FFF3A,"BLX r10",0x3A,0x27F8B8,0x1B,0x200,0xAE483,0x282380,0x1C,0x27F8B4,0x200,0x280400,0x8E8F8,0x27F8B8,0x2E3099,0x27F848,0x8E95C,0x200001D3,"",""
634,0x8E8F8,0x0,0xE1520003,"w=0xE1520003",0x3A,0x27F8B8,0x1B,0x200,0xAE483,0x282380,0x1C,0x27F8B4,0x200,0x280400,0x8E8F8,0x27F8B8,0x2E3099,0x27F848,0x8E95C,0x200001D3,"",""
635,0x8E8FC,0x0,0x37C10002,"w=0x37C10002",0x3A,0x27F8B8,0x1B,0x200,0xAE483,0x282380,0x1C,0x27F8B4,0x200,0x280400,0x8E8F8,0x27F8B8,0x2E3099,0x27F848,0x8E95C,0x800001D3,"","W:0x27F8D3/1"
636,0x8E900,0x0,0xE12FFF1E,"BX r14",0x3A,0x27F8B8,0x1B,0x200,0xAE483,0x282380,0x1C,0x27F8B4,0x200,0x280400,0x8E8F8,0x27F8B8,0x2E3099,0x27F848,0x8E95C,0x800001D3,"",""
637,0x8E95C,0x0,0xE2844001,"w=0xE2844001",0x3A,0x27F8B8,0x1B,0x200,0xAE483,0x282380,0x1C,0x27F8B4,0x200,0x280400,0x8E8F8,0x27F8B8,0x2E3099,0x27F848,0x8E95C,0x800001D3,"",""
638,0x8E960,0x0,0xEA0001FF,"Bcond 0x8F164",0x3A,0x27F8B8,0x1B,0x200,0xAE484,0x282380,0x1C,0x27F8B4,0x200,0x280400,0x8E8F8,0x27F8B8,0x2E3099,0x27F848,0x8E95C,0x800001D3,"",""
639,0x8F164,0x0,0xE5D40000,"w=0xE5D40000",0x3A,0x27F8B8,0x1B,0x200,0xAE484,0x282380,0x1C,0x27F8B4,0x200,0x280400,0x8E8F8,0x27F8B8,0x2E3099,0x27F848,0x8E95C,0x800001D3,"","R:0xAE484/1"
640,0x8F168,0x0,0xE3500000,"CMP r0,#0x0",0x25,0x27F8B8,0x1B,0x200,0xAE484,0x282380,0x1C,0x27F8B4,0x200,0x280400,0x8E8F8,0x27F8B8,0x2E3099,0x27F848,0x8E95C,0x800001D3,"",""
641,0x8F16C,0x0,0x1AFFFDF2,"Bcond 0x8E93C",0x25,0x27F8B8,0x1B,0x200,0xAE484,0x282380,0x1C,0x27F8B4,0x200,0x280400,0x8E8F8,0x27F8B8,0x2E3099,0x27F848,0x8E95C,0x200001D3,"",""
642,0x8E93C,0x0,0xE5D40000,"w=0xE5D40000",0x25,0x27F8B8,0x1B,0x200,0xAE484,0x282380,0x1C,0x27F8B4,0x200,0x280400,0x8E8F8,0x27F8B8,0x2E3099,0x27F848,0x8E95C,0x200001D3,"","R:0xAE484/1"
643,0x8E940,0x0,0xE3500025,"CMP r0,#0x25",0x25,0x27F8B8,0x1B,0x200,0xAE484,0x282380,0x1C,0x27F8B4,0x200,0x280400,0x8E8F8,0x27F8B8,0x2E3099,0x27F848,0x8E95C,0x200001D3,"",""
644,0x8E944,0x0,0x0A000006,"Bcond 0x8E964",0x25,0x27F8B8,0x1B,0x200,0xAE484,0x282380,0x1C,0x27F8B4,0x200,0x280400,0x8E8F8,0x27F8B8,0x2E3099,0x27F848,0x8E95C,0x600001D3,"",""
645,0x8E964,0x0,0xE2845001,"w=0xE2845001",0x25,0x27F8B8,0x1B,0x200,0xAE484,0x282380,0x1C,0x27F8B4,0x200,0x280400,0x8E8F8,0x27F8B8,0x2E3099,0x27F848,0x8E95C,0x600001D3,"",""
646,0x8E968,0x0,0xE3A04000,"w=0xE3A04000",0x25,0x27F8B8,0x1B,0x200,0xAE484,0xAE485,0x1C,0x27F8B4,0x200,0x280400,0x8E8F8,0x27F8B8,0x2E3099,0x27F848,0x8E95C,0x600001D3,"",""
647,0x8E96C,0x0,0xE5D50000,"w=0xE5D50000",0x25,0x27F8B8,0x1B,0x200,0x0,0xAE485,0x1C,0x27F8B4,0x200,0x280400,0x8E8F8,0x27F8B8,0x2E3099,0x27F848,0x8E95C,0x600001D3,"","R:0xAE485/1"
648,0x8E970,0x0,0xE350002B,"CMP r0,#0x2B",0x64,0x27F8B8,0x1B,0x200,0x0,0xAE485,0x1C,0x27F8B4,0x200,0x280400,0x8E8F8,0x27F8B8,0x2E3099,0x27F848,0x8E95C,0x600001D3,"",""
649,0x8E974,0x0,0x03844004,"w=0x03844004",0x64,0x27F8B8,0x1B,0x200,0x0,0xAE485,0x1C,0x27F8B4,0x200,0x280400,0x8E8F8,0x27F8B8,0x2E3099,0x27F848,0x8E95C,0x200001D3,"",""
650,0x8E978,0x0,0x02855001,"w=0x02855001",0x64,0x27F8B8,0x1B,0x200,0x0,0xAE485,0x1C,0x27F8B4,0x200,0x280400,0x8E8F8,0x27F8B8,0x2E3099,0x27F848,0x8E95C,0x200001D3,"",""
651,0x8E97C,0x0,0x0AFFFFFA,"Bcond 0x8E96C",0x64,0x27F8B8,0x1B,0x200,0x0,0xAE485,0x1C,0x27F8B4,0x200,0x280400,0x8E8F8,0x27F8B8,0x2E3099,0x27F848,0x8E95C,0x200001D3,"",""
652,0x8E980,0x0,0xCA000008,"Bcond 0x8E9A8",0x64,0x27F8B8,0x1B,0x200,0x0,0xAE485,0x1C,0x27F8B4,0x200,0x280400,0x8E8F8,0x27F8B8,0x2E3099,0x27F848,0x8E95C,0x200001D3,"",""
653,0x8E9A8,0x0,0xE350002D,"CMP r0,#0x2D",0x64,0x27F8B8,0x1B,0x200,0x0,0xAE485,0x1C,0x27F8B4,0x200,0x280400,0x8E8F8,0x27F8B8,0x2E3099,0x27F848,0x8E95C,0x200001D3,"",""
654,0x8E9AC,0x0,0x03844002,"w=0x03844002",0x64,0x27F8B8,0x1B,0x200,0x0,0xAE485,0x1C,0x27F8B4,0x200,0x280400,0x8E8F8,0x27F8B8,0x2E3099,0x27F848,0x8E95C,0x200001D3,"",""
655,0x8E9B0,0x0,0x02855001,"w=0x02855001",0x64,0x27F8B8,0x1B,0x200,0x0,0xAE485,0x1C,0x27F8B4,0x200,0x280400,0x8E8F8,0x27F8B8,0x2E3099,0x27F848,0x8E95C,0x200001D3,"",""
656,0x8E9B4,0x0,0x0AFFFFEC,"Bcond 0x8E96C",0x64,0x27F8B8,0x1B,0x200,0x0,0xAE485,0x1C,0x27F8B4,0x200,0x280400,0x8E8F8,0x27F8B8,0x2E3099,0x27F848,0x8E95C,0x200001D3,"",""
657,0x8E9B8,0x0,0xE3500030,"CMP r0,#0x30",0x64,0x27F8B8,0x1B,0x200,0x0,0xAE485,0x1C,0x27F8B4,0x200,0x280400,0x8E8F8,0x27F8B8,0x2E3099,0x27F848,0x8E95C,0x200001D3,"",""
658,0x8E9BC,0x0,0x03844001,"w=0x03844001",0x64,0x27F8B8,0x1B,0x200,0x0,0xAE485,0x1C,0x27F8B4,0x200,0x280400,0x8E8F8,0x27F8B8,0x2E3099,0x27F848,0x8E95C,0x200001D3,"",""
659,0x8E9C0,0x0,0x02855001,"w=0x02855001",0x64,0x27F8B8,0x1B,0x200,0x0,0xAE485,0x1C,0x27F8B4,0x200,0x280400,0x8E8F8,0x27F8B8,0x2E3099,0x27F848,0x8E95C,0x200001D3,"",""
660,0x8E9C4,0x0,0x0AFFFFE8,"Bcond 0x8E96C",0x64,0x27F8B8,0x1B,0x200,0x0,0xAE485,0x1C,0x27F8B4,0x200,0x280400,0x8E8F8,0x27F8B8,0x2E3099,0x27F848,0x8E95C,0x200001D3,"",""
661,0x8E9C8,0x0,0xE3A00000,"w=0xE3A00000",0x64,0x27F8B8,0x1B,0x200,0x0,0xAE485,0x1C,0x27F8B4,0x200,0x280400,0x8E8F8,0x27F8B8,0x2E3099,0x27F848,0x8E95C,0x200001D3,"",""
662,0x8E9CC,0x0,0xE58D003C,"STR r0,[sp,#0x3C]",0x0,0x27F8B8,0x1B,0x200,0x0,0xAE485,0x1C,0x27F8B4,0x200,0x280400,0x8E8F8,0x27F8B8,0x2E3099,0x27F848,0x8E95C,0x200001D3,"","W:0x27F884/4"
663,0x8E9D0,0x0,0xE5D50000,"w=0xE5D50000",0x0,0x27F8B8,0x1B,0x200,0x0,0xAE485,0x1C,0x27F8B4,0x200,0x280400,0x8E8F8,0x27F8B8,0x2E3099,0x27F848,0x8E95C,0x200001D3,"","R:0xAE485/1"
664,0x8E9D4,0x0,0xE2401030,"w=0xE2401030",0x64,0x27F8B8,0x1B,0x200,0x0,0xAE485,0x1C,0x27F8B4,0x200,0x280400,0x8E8F8,0x27F8B8,0x2E3099,0x27F848,0x8E95C,0x200001D3,"",""
665,0x8E9D8,0x0,0xE3510009,"w=0xE3510009",0x64,0x34,0x1B,0x200,0x0,0xAE485,0x1C,0x27F8B4,0x200,0x280400,0x8E8F8,0x27F8B8,0x2E3099,0x27F848,0x8E95C,0x200001D3,"",""
666,0x8E9DC,0x0,0x8A00000A,"Bcond 0x8EA0C",0x64,0x34,0x1B,0x200,0x0,0xAE485,0x1C,0x27F8B4,0x200,0x280400,0x8E8F8,0x27F8B8,0x2E3099,0x27F848,0x8E95C,0x200001D3,"",""
667,0x8EA0C,0x0,0xE350002A,"CMP r0,#0x2A",0x64,0x34,0x1B,0x200,0x0,0xAE485,0x1C,0x27F8B4,0x200,0x280400,0x8E8F8,0x27F8B8,0x2E3099,0x27F848,0x8E95C,0x200001D3,"",""
668,0x8EA10,0x0,0x1A000008,"Bcond 0x8EA38",0x64,0x34,0x1B,0x200,0x0,0xAE485,0x1C,0x27F8B4,0x200,0x280400,0x8E8F8,0x27F8B8,0x2E3099,0x27F848,0x8E95C,0x200001D3,"",""
669,0x8EA38,0x0,0xE3A00000,"w=0xE3A00000",0x64,0x34,0x1B,0x200,0x0,0xAE485,0x1C,0x27F8B4,0x200,0x280400,0x8E8F8,0x27F8B8,0x2E3099,0x27F848,0x8E95C,0x200001D3,"",""
670,0x8EA3C,0x0,0xE58D0038,"STR r0,[sp,#0x38]",0x0,0x34,0x1B,0x200,0x0,0xAE485,0x1C,0x27F8B4,0x200,0x280400,0x8E8F8,0x27F8B8,0x2E3099,0x27F848,0x8E95C,0x200001D3,"","W:0x27F880/4"
671,0x8EA40,0x0,0xE5D50000,"w=0xE5D50000",0x0,0x34,0x1B,0x200,0x0,0xAE485,0x1C,0x27F8B4,0x200,0x280400,0x8E8F8,0x27F8B8,0x2E3099,0x27F848,0x8E95C,0x200001D3,"","R:0xAE485/1"
672,0x8EA44,0x0,0xE350002E,"CMP r0,#0x2E",0x64,0x34,0x1B,0x200,0x0,0xAE485,0x1C,0x27F8B4,0x200,0x280400,0x8E8F8,0x27F8B8,0x2E3099,0x27F848,0x8E95C,0x200001D3,"",""
673,0x8EA48,0x0,0x1A000018,"Bcond 0x8EAB0",0x64,0x34,0x1B,0x200,0x0,0xAE485,0x1C,0x27F8B4,0x200,0x280400,0x8E8F8,0x27F8B8,0x2E3099,0x27F848,0x8E95C,0x200001D3,"",""
674,0x8EAB0,0x0,0xE5D50000,"w=0xE5D50000",0x64,0x34,0x1B,0x200,0x0,0xAE485,0x1C,0x27F8B4,0x200,0x280400,0x8E8F8,0x27F8B8,0x2E3099,0x27F848,0x8E95C,0x200001D3,"","R:0xAE485/1"
675,0x8EAB4,0x0,0xE3500068,"CMP r0,#0x68",0x64,0x34,0x1B,0x200,0x0,0xAE485,0x1C,0x27F8B4,0x200,0x280400,0x8E8F8,0x27F8B8,0x2E3099,0x27F848,0x8E95C,0x200001D3,"",""
676,0x8EAB8,0x0,0x0A00000F,"Bcond 0x8EAFC",0x64,0x34,0x1B,0x200,0x0,0xAE485,0x1C,0x27F8B4,0x200,0x280400,0x8E8F8,0x27F8B8,0x2E3099,0x27F848,0x8E95C,0x800001D3,"",""
677,0x8EABC,0x0,0xE350006A,"CMP r0,#0x6A",0x64,0x34,0x1B,0x200,0x0,0xAE485,0x1C,0x27F8B4,0x200,0x280400,0x8E8F8,0x27F8B8,0x2E3099,0x27F848,0x8E95C,0x800001D3,"",""
678,0x8EAC0,0x0,0x03844F80,"w=0x03844F80",0x64,0x34,0x1B,0x200,0x0,0xAE485,0x1C,0x27F8B4,0x200,0x280400,0x8E8F8,0x27F8B8,0x2E3099,0x27F848,0x8E95C,0x800001D3,"",""
679,0x8EAC4,0x0,0x02855001,"w=0x02855001",0x64,0x34,0x1B,0x200,0x0,0xAE485,0x1C,0x27F8B4,0x200,0x280400,0x8E8F8,0x27F8B8,0x2E3099,0x27F848,0x8E95C,0x800001D3,"",""
680,0x8EAC8,0x0,0x0A000010,"Bcond 0x8EB10",0x64,0x34,0x1B,0x200,0x0,0xAE485,0x1C,0x27F8B4,0x200,0x280400,0x8E8F8,0x27F8B8,0x2E3099,0x27F848,0x8E95C,0x800001D3,"",""
681,0x8EACC,0x0,0xE350006C,"CMP r0,#0x6C",0x64,0x34,0x1B,0x200,0x0,0xAE485,0x1C,0x27F8B4,0x200,0x280400,0x8E8F8,0x27F8B8,0x2E3099,0x27F848,0x8E95C,0x800001D3,"",""
682,0x8EAD0,0x0,0x0A000003,"Bcond 0x8EAE4",0x64,0x34,0x1B,0x200,0x0,0xAE485,0x1C,0x27F8B4,0x200,0x280400,0x8E8F8,0x27F8B8,0x2E3099,0x27F848,0x8E95C,0x800001D3,"",""
683,0x8EAD4,0x0,0xE350007A,"CMP r0,#0x7A",0x64,0x34,0x1B,0x200,0x0,0xAE485,0x1C,0x27F8B4,0x200,0x280400,0x8E8F8,0x27F8B8,0x2E3099,0x27F848,0x8E95C,0x800001D3,"",""
684,0x8EAD8,0x0,0x03844F40,"w=0x03844F40",0x64,0x34,0x1B,0x200,0x0,0xAE485,0x1C,0x27F8B4,0x200,0x280400,0x8E8F8,0x27F8B8,0x2E3099,0x27F848,0x8E95C,0x800001D3,"",""
685,0x8EADC,0x0,0x02855001,"w=0x02855001",0x64,0x34,0x1B,0x200,0x0,0xAE485,0x1C,0x27F8B4,0x200,0x280400,0x8E8F8,0x27F8B8,0x2E3099,0x27F848,0x8E95C,0x800001D3,"",""
686,0x8EAE0,0x0,0xEA00000A,"Bcond 0x8EB10",0x64,0x34,0x1B,0x200,0x0,0xAE485,0x1C,0x27F8B4,0x200,0x280400,0x8E8F8,0x27F8B8,0x2E3099,0x27F848,0x8E95C,0x800001D3,"",""
687,0x8EB10,0x0,0xE5D5C000,"w=0xE5D5C000",0x64,0x34,0x1B,0x200,0x0,0xAE485,0x1C,0x27F8B4,0x200,0x280400,0x8E8F8,0x27F8B8,0x2E3099,0x27F848,0x8E95C,0x800001D3,"","R:0xAE485/1"
688,0x8EB14,0x0,0xE35C0069,"w=0xE35C0069",0x64,0x34,0x1B,0x200,0x0,0xAE485,0x1C,0x27F8B4,0x200,0x280400,0x8E8F8,0x27F8B8,0x64,0x27F848,0x8E95C,0x800001D3,"",""
689,0x8EB18,0x0,0x0A00002A,"Bcond 0x8EBC8",0x64,0x34,0x1B,0x200,0x0,0xAE485,0x1C,0x27F8B4,0x200,0x280400,0x8E8F8,0x27F8B8,0x64,0x27F848,0x8E95C,0x800001D3,"",""
690,0x8EB1C,0x0,0xCA00000C,"Bcond 0x8EB54",0x64,0x34,0x1B,0x200,0x0,0xAE485,0x1C,0x27F8B4,0x200,0x280400,0x8E8F8,0x27F8B8,0x64,0x27F848,0x8E95C,0x800001D3,"",""
691,0x8EB20,0x0,0xE35C0062,"w=0xE35C0062",0x64,0x34,0x1B,0x200,0x0,0xAE485,0x1C,0x27F8B4,0x200,0x280400,0x8E8F8,0x27F8B8,0x64,0x27F848,0x8E95C,0x800001D3,"",""
692,0x8EB24,0x0,0x0A000027,"Bcond 0x8EBC8",0x64,0x34,0x1B,0x200,0x0,0xAE485,0x1C,0x27F8B4,0x200,0x280400,0x8E8F8,0x27F8B8,0x64,0x27F848,0x8E95C,0x200001D3,"",""
693,0x8EB28,0x0,0xCA000004,"Bcond 0x8EB40",0x64,0x34,0x1B,0x200,0x0,0xAE485,0x1C,0x27F8B4,0x200,0x280400,0x8E8F8,0x27F8B8,0x64,0x27F848,0x8E95C,0x200001D3,"",""
694,0x8EB40,0x0,0xE35C0063,"w=0xE35C0063",0x64,0x34,0x1B,0x200,0x0,0xAE485,0x1C,0x27F8B4,0x200,0x280400,0x8E8F8,0x27F8B8,0x64,0x27F848,0x8E95C,0x200001D3,"",""
695,0x8EB44,0x0,0x0A0000EB,"Bcond 0x8EEF8",0x64,0x34,0x1B,0x200,0x0,0xAE485,0x1C,0x27F8B4,0x200,0x280400,0x8E8F8,0x27F8B8,0x64,0x27F848,0x8E95C,0x200001D3,"",""
696,0x8EB48,0x0,0xE35C0064,"w=0xE35C0064",0x64,0x34,0x1B,0x200,0x0,0xAE485,0x1C,0x27F8B4,0x200,0x280400,0x8E8F8,0x27F8B8,0x64,0x27F848,0x8E95C,0x200001D3,"",""
697,0x8EB4C,0x0,0x1A00017D,"Bcond 0x8F148",0x64,0x34,0x1B,0x200,0x0,0xAE485,0x1C,0x27F8B4,0x200,0x280400,0x8E8F8,0x27F8B8,0x64,0x27F848,0x8E95C,0x600001D3,"",""
698,0x8EB50,0x0,0xEA00001C,"Bcond 0x8EBC8",0x64,0x34,0x1B,0x200,0x0,0xAE485,0x1C,0x27F8B4,0x200,0x280400,0x8E8F8,0x27F8B8,0x64,0x27F848,0x8E95C,0x600001D3,"",""
699,0x8EBC8,0x0,0xE35C0078,"w=0xE35C0078",0x64,0x34,0x1B,0x200,0x0,0xAE485,0x1C,0x27F8B4,0x200,0x280400,0x8E8F8,0x27F8B8,0x64,0x27F848,0x8E95C,0x600001D3,"",""
700,0x8EBCC,0x0,0x135C0058,"w=0x135C0058",0x64,0x34,0x1B,0x200,0x0,0xAE485,0x1C,0x27F8B4,0x200,0x280400,0x8E8F8,0x27F8B8,0x64,0x27F848,0x8E95C,0x800001D3,"",""
701,0x8EBD0,0x0,0x1A000004,"Bcond 0x8EBE8",0x64,0x34,0x1B,0x200,0x0,0xAE485,0x1C,0x27F8B4,0x200,0x280400,0x8E8F8,0x27F8B8,0x64,0x27F848,0x8E95C,0x200001D3,"",""
702,0x8EBE8,0x0,0xE35C006F,"w=0xE35C006F",0x64,0x34,0x1B,0x200,0x0,0xAE485,0x1C,0x27F8B4,0x200,0x280400,0x8E8F8,0x27F8B8,0x64,0x27F848,0x8E95C,0x200001D3,"",""
703,0x8EBEC,0x0,0x03A00008,"w=0x03A00008",0x64,0x34,0x1B,0x200,0x0,0xAE485,0x1C,0x27F8B4,0x200,0x280400,0x8E8F8,0x27F8B8,0x64,0x27F848,0x8E95C,0x800001D3,"",""
704,0x8EBF0,0x0,0x0A000007,"Bcond 0x8EC14",0x64,0x34,0x1B,0x200,0x0,0xAE485,0x1C,0x27F8B4,0x200,0x280400,0x8E8F8,0x27F8B8,0x64,0x27F848,0x8E95C,0x800001D3,"",""
705,0x8EBF4,0x0,0xE35C0062,"w=0xE35C0062",0x64,0x34,0x1B,0x200,0x0,0xAE485,0x1C,0x27F8B4,0x200,0x280400,0x8E8F8,0x27F8B8,0x64,0x27F848,0x8E95C,0x800001D3,"",""
706,0x8EBF8,0x0,0x03A00002,"w=0x03A00002",0x64,0x34,0x1B,0x200,0x0,0xAE485,0x1C,0x27F8B4,0x200,0x280400,0x8E8F8,0x27F8B8,0x64,0x27F848,0x8E95C,0x200001D3,"",""
707,0x8EBFC,0x0,0x0A000004,"Bcond 0x8EC14",0x64,0x34,0x1B,0x200,0x0,0xAE485,0x1C,0x27F8B4,0x200,0x280400,0x8E8F8,0x27F8B8,0x64,0x27F848,0x8E95C,0x200001D3,"",""
708,0x8EC00,0x0,0xE3A0000A,"w=0xE3A0000A",0x64,0x34,0x1B,0x200,0x0,0xAE485,0x1C,0x27F8B4,0x200,0x280400,0x8E8F8,0x27F8B8,0x64,0x27F848,0x8E95C,0x200001D3,"",""
709,0x8EC04,0x0,0xE3C44010,"w=0xE3C44010",0xA,0x34,0x1B,0x200,0x0,0xAE485,0x1C,0x27F8B4,0x200,0x280400,0x8E8F8,0x27F8B8,0x64,0x27F848,0x8E95C,0x200001D3,"",""
710,0x8EC08,0x0,0xE35C0069,"w=0xE35C0069",0xA,0x34,0x1B,0x200,0x0,0xAE485,0x1C,0x27F8B4,0x200,0x280400,0x8E8F8,0x27F8B8,0x64,0x27F848,0x8E95C,0x200001D3,"",""
711,0x8EC0C,0x0,0x135C0064,"w=0x135C0064",0xA,0x34,0x1B,0x200,0x0,0xAE485,0x1C,0x27F8B4,0x200,0x280400,0x8E8F8,0x27F8B8,0x64,0x27F848,0x8E95C,0x800001D3,"",""
712,0x8EC10,0x0,0x0A000000,"Bcond 0x8EC18",0xA,0x34,0x1B,0x200,0x0,0xAE485,0x1C,0x27F8B4,0x200,0x280400,0x8E8F8,0x27F8B8,0x64,0x27F848,0x8E95C,0x600001D3,"",""
713,0x8EC18,0x0,0xE3140E40,"w=0xE3140E40",0xA,0x34,0x1B,0x200,0x0,0xAE485,0x1C,0x27F8B4,0x200,0x280400,0x8E8F8,0x27F8B8,0x64,0x27F848,0x8E95C,0x600001D3,"",""
714,0x8EC1C,0x0,0x13C44001,"w=0x13C44001",0xA,0x34,0x1B,0x200,0x0,0xAE485,0x1C,0x27F8B4,0x200,0x280400,0x8E8F8,0x27F8B8,0x64,0x27F848,0x8E95C,0x400001D3,"",""
715,0x8EC20,0x0,0xE35C0069,"w=0xE35C0069",0xA,0x34,0x1B,0x200,0x0,0xAE485,0x1C,0x27F8B4,0x200,0x280400,0x8E8F8,0x27F8B8,0x64,0x27F848,0x8E95C,0x400001D3,"",""
716,0x8EC24,0x0,0x135C0064,"w=0x135C0064",0xA,0x34,0x1B,0x200,0x0,0xAE485,0x1C,0x27F8B4,0x200,0x280400,0x8E8F8,0x27F8B8,0x64,0x27F848,0x8E95C,0x800001D3,"",""
717,0x8EC28,0x0,0xE2041F80,"w=0xE2041F80",0xA,0x34,0x1B,0x200,0x0,0xAE485,0x1C,0x27F8B4,0x200,0x280400,0x8E8F8,0x27F8B8,0x64,0x27F848,0x8E95C,0x600001D3,"",""
718,0x8EC2C,0x0,0x1A000067,"Bcond 0x8EDD0",0xA,0x0,0x1B,0x200,0x0,0xAE485,0x1C,0x27F8B4,0x200,0x280400,0x8E8F8,0x27F8B8,0x64,0x27F848,0x8E95C,0x600001D3,"",""
719,0x8EC30,0x0,0xE3510000,"w=0xE3510000",0xA,0x0,0x1B,0x200,0x0,0xAE485,0x1C,0x27F8B4,0x200,0x280400,0x8E8F8,0x27F8B8,0x64,0x27F848,0x8E95C,0x600001D3,"",""
720,0x8EC34,0x0,0x0A000030,"Bcond 0x8ECFC",0xA,0x0,0x1B,0x200,0x0,0xAE485,0x1C,0x27F8B4,0x200,0x280400,0x8E8F8,0x27F8B8,0x64,0x27F848,0x8E95C,0x600001D3,"",""
721,0x8ECFC,0x0,0xE3140F40,"w=0xE3140F40",0xA,0x0,0x1B,0x200,0x0,0xAE485,0x1C,0x27F8B4,0x200,0x280400,0x8E8F8,0x27F8B8,0x64,0x27F848,0x8E95C,0x600001D3,"",""
722,0x8ED00,0x0,0x0A000012,"Bcond 0x8ED50",0xA,0x0,0x1B,0x200,0x0,0xAE485,0x1C,0x27F8B4,0x200,0x280400,0x8E8F8,0x27F8B8,0x64,0x27F848,0x8E95C,0x400001D3,"",""
723,0x8ED50,0x0,0xE3140040,"w=0xE3140040",0xA,0x0,0x1B,0x200,0x0,0xAE485,0x1C,0x27F8B4,0x200,0x280400,0x8E8F8,0x27F8B8,0x64,0x27F848,0x8E95C,0x400001D3,"",""
724,0x8ED54,0x0,0x0A000004,"Bcond 0x8ED6C",0xA,0x0,0x1B,0x200,0x0,0xAE485,0x1C,0x27F8B4,0x200,0x280400,0x8E8F8,0x27F8B8,0x64,0x27F848,0x8E95C,0x400001D3,"",""
725,0x8ED6C,0x0,0xE5971000,"w=0xE5971000",0xA,0x0,0x1B,0x200,0x0,0xAE485,0x1C,0x27F8B4,0x200,0x280400,0x8E8F8,0x27F8B8,0x64,0x27F848,0x8E95C,0x400001D3,"","R:0x27F8B4/4"
726,0x8ED70,0x0,0xE3140080,"w=0xE3140080",0xA,0x27FAC4,0x1B,0x200,0x0,0xAE485,0x1C,0x27F8B4,0x200,0x280400,0x8E8F8,0x27F8B8,0x64,0x27F848,0x8E95C,0x400001D3,"",""
727,0x8ED74,0x0,0x0491C004,"w=0x0491C004",0xA,0x27FAC4,0x1B,0x200,0x0,0xAE485,0x1C,0x27F8B4,0x200,0x280400,0x8E8F8,0x27F8B8,0x64,0x27F848,0x8E95C,0x400001D3,"","R:0x27FAC4/4"
728,0x8ED78,0x0,0x05871000,"w=0x05871000",0xA,0x27FAC8,0x1B,0x200,0x0,0xAE485,0x1C,0x27F8B4,0x200,0x280400,0x8E8F8,0x27F8B8,0x3BBE08,0x27F848,0x8E95C,0x400001D3,"","W:0x27F8B4/4"
729,0x8ED7C,0x0,0x0A000003,"Bcond 0x8ED90",0xA,0x27FAC8,0x1B,0x200,0x0,0xAE485,0x1C,0x27F8B4,0x200,0x280400,0x8E8F8,0x27F8B8,0x3BBE08,0x27F848,0x8E95C,0x400001D3,"",""
730,0x8ED90,0x0,0xE59D1038,"LDR r1,[sp,#0x38]",0xA,0x27FAC8,0x1B,0x200,0x0,0xAE485,0x1C,0x27F8B4,0x200,0x280400,0x8E8F8,0x27F8B8,0x3BBE08,0x27F848,0x8E95C,0x400001D3,"","R:0x27F880/4"
731,0x8ED94,0x0,0xE59D203C,"LDR r2,[sp,#0x3C]",0xA,0x0,0x1B,0x200,0x0,0xAE485,0x1C,0x27F8B4,0x200,0x280400,0x8E8F8,0x27F8B8,0x3BBE08,0x27F848,0x8E95C,0x400001D3,"","R:0x27F884/4"
732,0x8ED98,0x0,0xE28DE008,"w=0xE28DE008",0xA,0x0,0x0,0x200,0x0,0xAE485,0x1C,0x27F8B4,0x200,0x280400,0x8E8F8,0x27F8B8,0x3BBE08,0x27F848,0x8E95C,0x400001D3,"",""
733,0x8ED9C,0x0,0xE88E0017,"w=0xE88E0017",0xA,0x0,0x0,0x200,0x0,0xAE485,0x1C,0x27F8B4,0x200,0x280400,0x8E8F8,0x27F8B8,0x3BBE08,0x27F848,0x27F850,0x400001D3,"","W:0x27F850/4"
734,0x8EDA0,0x0,0xE35C0000,"w=0xE35C0000",0xA,0x0,0x0,0x200,0x0,0xAE485,0x1C,0x27F8B4,0x200,0x280400,0x8E8F8,0x27F8B8,0x3BBE08,0x27F848,0x27F850,0x400001D3,"",""
735,0x8EDA4,0x0,0xD26C2000,"w=0xD26C2000",0xA,0x0,0x0,0x200,0x0,0xAE485,0x1C,0x27F8B4,0x200,0x280400,0x8E8F8,0x27F8B8,0x3BBE08,0x27F848,0x27F850,0x200001D3,"",""
736,0x8EDA8,0x0,0xC1A0200C,"w=0xC1A0200C",0xA,0x0,0x0,0x200,0x0,0xAE485,0x1C,0x27F8B4,0x200,0x280400,0x8E8F8,0x27F8B8,0x3BBE08,0x27F848,0x27F850,0x200001D3,"",""
737,0x8EDAC,0x0,0xE1A03FAC,"w=0xE1A03FAC",0xA,0x0,0x3BBE08,0x200,0x0,0xAE485,0x1C,0x27F8B4,0x200,0x280400,0x8E8F8,0x27F8B8,0x3BBE08,0x27F848,0x27F850,0x200001D3,"",""
738,0x8EDB0,0x0,0xE88D000C,"w=0xE88D000C",0xA,0x0,0x3BBE08,0x0,0x0,0xAE485,0x1C,0x27F8B4,0x200,0x280400,0x8E8F8,0x27F8B8,0x3BBE08,0x27F848,0x27F850,0x200001D3,"","W:0x27F848/4"
739,0x8EDB4,0x0,0xE1A03008,"MOV r3,r8",0xA,0x0,0x3BBE08,0x0,0x0,0xAE485,0x1C,0x27F8B4,0x200,0x280400,0x8E8F8,0x27F8B8,0x3BBE08,0x27F848,0x27F850,0x200001D3,"",""
740,0x8EDB8,0x0,0xE1A02006,"MOV r2,r6",0xA,0x0,0x3BBE08,0x200,0x0,0xAE485,0x1C,0x27F8B4,0x200,0x280400,0x8E8F8,0x27F8B8,0x3BBE08,0x27F848,0x27F850,0x200001D3,"",""
741,0x8EDBC,0x0,0xE1A0100B,"MOV r1,r11",0xA,0x0,0x1C,0x200,0x0,0xAE485,0x1C,0x27F8B4,0x200,0x280400,0x8E8F8,0x27F8B8,0x3BBE08,0x27F848,0x27F850,0x200001D3,"",""
742,0x8EDC0,0x0,0xE1A0000A,"MOV r0,r10",0xA,0x27F8B8,0x1C,0x200,0x0,0xAE485,0x1C,0x27F8B4,0x200,0x280400,0x8E8F8,0x27F8B8,0x3BBE08,0x27F848,0x27F850,0x200001D3,"",""
743,0x8EDC4,0x0,0xEBFFFE58,"BL 0x8E72C",0x8E8F8,0x27F8B8,0x1C,0x200,0x0,0xAE485,0x1C,0x27F8B4,0x200,0x280400,0x8E8F8,0x27F8B8,0x3BBE08,0x27F848,0x27F850,0x200001D3,"",""
744,0x8E72C,0x0,0xE92D4DFF,"STMFD sp!,{..} list=0x4DFF",0x8E8F8,0x27F8B8,0x1C,0x200,0x0,0xAE485,0x1C,0x27F8B4,0x200,0x280400,0x8E8F8,0x27F8B8,0x3BBE08,0x27F848,0x8EDC8,0x200001D3,"","W:0x27F818/4"
745,0x8E730,0x0,0xE24DD040,"w=0xE24DD040",0x8E8F8,0x27F8B8,0x1C,0x200,0x0,0xAE485,0x1C,0x27F8B4,0x200,0x280400,0x8E8F8,0x27F8B8,0x3BBE08,0x27F818,0x8EDC8,0x200001D3,"",""
746,0x8E734,0x0,0xE59D0070,"LDR r0,[sp,#0x70]",0x8E8F8,0x27F8B8,0x1C,0x200,0x0,0xAE485,0x1C,0x27F8B4,0x200,0x280400,0x8E8F8,0x27F8B8,0x3BBE08,0x27F7D8,0x8EDC8,0x200001D3,"","R:0x27F848/4"
747,0x8E738,0x0,0xE59D4084,"LDR r4,[sp,#0x84]",0x3BBE08,0x27F8B8,0x1C,0x200,0x0,0xAE485,0x1C,0x27F8B4,0x200,0x280400,0x8E8F8,0x27F8B8,0x3BBE08,0x27F7D8,0x8EDC8,0x200001D3,"","R:0x27F85C/4"
748,0x8E73C,0x0,0xE59D8074,"LDR r8,[sp,#0x74]",0x3BBE08,0x27F8B8,0x1C,0x200,0x0,0xAE485,0x1C,0x27F8B4,0x200,0x280400,0x8E8F8,0x27F8B8,0x3BBE08,0x27F7D8,0x8EDC8,0x200001D3,"","R:0x27F84C/4"
749,0x8E740,0x0,0xE28DB078,"w=0xE28DB078",0x3BBE08,0x27F8B8,0x1C,0x200,0x0,0xAE485,0x1C,0x27F8B4,0x0,0x280400,0x8E8F8,0x27F8B8,0x3BBE08,0x27F7D8,0x8EDC8,0x200001D3,"",""
750,0x8E744,0x0,0xE3500000,"CMP r0,#0x0",0x3BBE08,0x27F8B8,0x1C,0x200,0x0,0xAE485,0x1C,0x27F8B4,0x0,0x280400,0x8E8F8,0x27F850,0x3BBE08,0x27F7D8,0x8EDC8,0x200001D3,"",""
751,0x8E748,0x0,0x03C44010,"w=0x03C44010",0x3BBE08,0x27F8B8,0x1C,0x200,0x0,0xAE485,0x1C,0x27F8B4,0x0,0x280400,0x8E8F8,0x27F850,0x3BBE08,0x27F7D8,0x8EDC8,0x200001D3,"",""
752,0x8E74C,0x0,0xE3140E40,"w=0xE3140E40",0x3BBE08,0x27F8B8,0x1C,0x200,0x0,0xAE485,0x1C,0x27F8B4,0x0,0x280400,0x8E8F8,0x27F850,0x3BBE08,0x27F7D8,0x8EDC8,0x200001D3,"",""
753,0x8E750,0x0,0xE89B0C40,"w=0xE89B0C40",0x3BBE08,0x27F8B8,0x1C,0x200,0x0,0xAE485,0x1C,0x27F8B4,0x0,0x280400,0x8E8F8,0x27F850,0x3BBE08,0x27F7D8,0x8EDC8,0x400001D3,"","R:0x27F850/4"
754,0x8E754,0x0,0xE3A05000,"w=0xE3A05000",0x3BBE08,0x27F8B8,0x1C,0x200,0x0,0xAE485,0xA,0x27F8B4,0x0,0x280400,0x0,0x0,0x3BBE08,0x27F7D8,0x8EDC8,0x400001D3,"",""
755,0x8E758,0x0,0x0A000001,"Bcond 0x8E764",0x3BBE08,0x27F8B8,0x1C,0x200,0x0,0x0,0xA,0x27F8B4,0x0,0x280400,0x0,0x0,0x3BBE08,0x27F7D8,0x8EDC8,0x400001D3,"",""
756,0x8E764,0x0,0xE2041020,"w=0xE2041020",0x3BBE08,0x27F8B8,0x1C,0x200,0x0,0x0,0xA,0x27F8B4,0x0,0x280400,0x0,0x0,0x3BBE08,0x27F7D8,0x8EDC8,0x400001D3,"",""
757,0x8E768,0x0,0xE3510000,"w=0xE3510000",0x3BBE08,0x0,0x1C,0x200,0x0,0x0,0xA,0x27F8B4,0x0,0x280400,0x0,0x0,0x3BBE08,0x27F7D8,0x8EDC8,0x400001D3,"",""
758,0x8E76C,0x0,0x03A07061,"w=0x03A07061",0x3BBE08,0x0,0x1C,0x200,0x0,0x0,0xA,0x27F8B4,0x0,0x280400,0x0,0x0,0x3BBE08,0x27F7D8,0x8EDC8,0x600001D3,"",""
759,0x8E770,0x0,0x13A07041,"w=0x13A07041",0x3BBE08,0x0,0x1C,0x200,0x0,0x0,0xA,0x61,0x0,0x280400,0x0,0x0,0x3BBE08,0x27F7D8,0x8EDC8,0x600001D3,"",""
760,0x8E774,0x0,0xE1A01000,"MOV r1,r0",0x3BBE08,0x0,0x1C,0x200,0x0,0x0,0xA,0x61,0x0,0x280400,0x0,0x0,0x3BBE08,0x27F7D8,0x8EDC8,0x600001D3,"",""
761,0x8E778,0x0,0xE1A00006,"MOV r0,r6",0x3BBE08,0x3BBE08,0x1C,0x200,0x0,0x0,0xA,0x61,0x0,0x280400,0x0,0x0,0x3BBE08,0x27F7D8,0x8EDC8,0x600001D3,"",""
762,0x8E77C,0x0,0xEBFFCF82,"BL 0x8258C",0xA,0x3BBE08,0x1C,0x200,0x0,0x0,0xA,0x61,0x0,0x280400,0x0,0x0,0x3BBE08,0x27F7D8,0x8EDC8,0x600001D3,"",""
763,0x8258C,0x0,0xE3A02000,"w=0xE3A02000",0xA,0x3BBE08,0x1C,0x200,0x0,0x0,0xA,0x61,0x0,0x280400,0x0,0x0,0x3BBE08,0x27F7D8,0x8E780,0x600001D3,"",""
764,0x82590,0x0,0xE070C1A1,"w=0xE070C1A1",0xA,0x3BBE08,0x0,0x200,0x0,0x0,0xA,0x61,0x0,0x280400,0x0,0x0,0x3BBE08,0x27F7D8,0x8E780,0x600001D3,"",""
765,0x82594,0x0,0x3A000020,"Bcond 0x8261C",0xA,0x3BBE08,0x0,0x200,0x0,0x0,0xA,0x61,0x0,0x280400,0x0,0x0,0x777B7,0x27F7D8,0x8E780,0x200001D3,"",""
766,0x82598,0x0,0xE070C421,"w=0xE070C421",0xA,0x3BBE08,0x0,0x200,0x0,0x0,0xA,0x61,0x0,0x280400,0x0,0x0,0x777B7,0x27F7D8,0x8E780,0x200001D3,"",""
767,0x8259C,0x0,0x3A00000F,"Bcond 0x825E0",0xA,0x3BBE08,0x0,0x200,0x0,0x0,0xA,0x61,0x0,0x280400,0x0,0x0,0x3BB4,0x27F7D8,0x8E780,0x200001D3,"",""
768,0x825A0,0x0,0xE1A00400,"w=0xE1A00400",0xA,0x3BBE08,0x0,0x200,0x0,0x0,0xA,0x61,0x0,0x280400,0x0,0x0,0x3BB4,0x27F7D8,0x8E780,0x200001D3,"",""
769,0x825A4,0x0,0xE38224FF,"w=0xE38224FF",0xA00,0x3BBE08,0x0,0x200,0x0,0x0,0xA,0x61,0x0,0x280400,0x0,0x0,0x3BB4,0x27F7D8,0x8E780,0x200001D3,"",""
770,0x825A8,0x0,0xE070C221,"w=0xE070C221",0xA00,0x3BBE08,0xFF000000,0x200,0x0,0x0,0xA,0x61,0x0,0x280400,0x0,0x0,0x3BB4,0x27F7D8,0x8E780,0x200001D3,"",""
771,0x825AC,0x0,0x3A000017,"Bcond 0x82610",0xA00,0x3BBE08,0xFF000000,0x200,0x0,0x0,0xA,0x61,0x0,0x280400,0x0,0x0,0x3B1E0,0x27F7D8,0x8E780,0x200001D3,"",""
772,0x825B0,0x0,0xE070C421,"w=0xE070C421",0xA00,0x3BBE08,0xFF000000,0x200,0x0,0x0,0xA,0x61,0x0,0x280400,0x0,0x0,0x3B1E0,0x27F7D8,0x8E780,0x200001D3,"",""
773,0x825B4,0x0,0x3A000009,"Bcond 0x825E0",0xA00,0x3BBE08,0xFF000000,0x200,0x0,0x0,0xA,0x61,0x0,0x280400,0x0,0x0,0x31BE,0x27F7D8,0x8E780,0x200001D3,"",""
774,0x825B8,0x0,0xE1A00400,"w=0xE1A00400",0xA00,0x3BBE08,0xFF000000,0x200,0x0,0x0,0xA,0x61,0x0,0x280400,0x0,0x0,0x31BE,0x27F7D8,0x8E780,0x200001D3,"",""
775,0x825BC,0x0,0xE38228FF,"w=0xE38228FF",0xA0000,0x3BBE08,0xFF000000,0x200,0x0,0x0,0xA,0x61,0x0,0x280400,0x0,0x0,0x31BE,0x27F7D8,0x8E780,0x200001D3,"",""
776,0x825C0,0x0,0xE070C421,"w=0xE070C421",0xA0000,0x3BBE08,0xFFFF0000,0x200,0x0,0x0,0xA,0x61,0x0,0x280400,0x0,0x0,0x31BE,0x27F7D8,0x8E780,0x200001D3,"",""
777,0x825C4,0x0,0x21A00400,"w=0x21A00400",0xA0000,0x3BBE08,0xFFFF0000,0x200,0x0,0x0,0xA,0x61,0x0,0x280400,0x0,0x0,0xFFF63BBE,0x27F7D8,0x8E780,0x800001D3,"",""
778,0x825C8,0x0,0x23822CFF,"w=0x23822CFF",0xA0000,0x3BBE08,0xFFFF0000,0x200,0x0,0x0,0xA,0x61,0x0,0x280400,0x0,0x0,0xFFF63BBE,0x27F7D8,0x8E780,0x800001D3,"",""
779,0x825CC,0x0,0xE070C221,"w=0xE070C221",0xA0000,0x3BBE08,0xFFFF0000,0x200,0x0,0x0,0xA,0x61,0x0,0x280400,0x0,0x0,0xFFF63BBE,0x27F7D8,0x8E780,0x800001D3,"",""
780,0x825D0,0x0,0x3A00000E,"Bcond 0x82610",0xA0000,0x3BBE08,0xFFFF0000,0x200,0x0,0x0,0xA,0x61,0x0,0x280400,0x0,0x0,0xFFF9BBE0,0x27F7D8,0x8E780,0x800001D3,"",""
781,0x82610,0x0,0xE070C1A1,"w=0xE070C1A1",0xA0000,0x3BBE08,0xFFFF0000,0x200,0x0,0x0,0xA,0x61,0x0,0x280400,0x0,0x0,0xFFF9BBE0,0x27F7D8,0x8E780,0x800001D3,"",""
782,0x82614,0x0,0x20411180,"w=0x20411180",0xA0000,0x3BBE08,0xFFFF0000,0x200,0x0,0x0,0xA,0x61,0x0,0x280400,0x0,0x0,0xFFFD77C1,0x27F7D8,0x8E780,0x800001D3,"",""
783,0x82618,0x0,0xE0A22002,"w=0xE0A22002",0xA0000,0x3BBE08,0xFFFF0000,0x200,0x0,0x0,0xA,0x61,0x0,0x280400,0x0,0x0,0xFFFD77C1,0x27F7D8,0x8E780,0x800001D3,"",""
784,0x8261C,0x0,0xE070C121,"w=0xE070C121",0xA0000,0x3BBE08,0xFFFE0000,0x200,0x0,0x0,0xA,0x61,0x0,0x280400,0x0,0x0,0xFFFD77C1,0x27F7D8,0x8E780,0x800001D3,"",""
785,0x82620,0x0,0x20411100,"w=0x20411100",0xA0000,0x3BBE08,0xFFFE0000,0x200,0x0,0x0,0xA,0x61,0x0,0x280400,0x0,0x0,0x4EF82,0x27F7D8,0x8E780,0x200001D3,"",""
786,0x82624,0x0,0xE0A22002,"w=0xE0A22002",0xA0000,0x13BE08,0xFFFE0000,0x200,0x0,0x0,0xA,0x61,0x0,0x280400,0x0,0x0,0x4EF82,0x27F7D8,0x8E780,0x200001D3,"",""
787,0x82628,0x0,0xE070C0A1,"w=0xE070C0A1",0xA0000,0x13BE08,0xFFFC0001,0x200,0x0,0x0,0xA,0x61,0x0,0x280400,0x0,0x0,0x4EF82,0x27F7D8,0x8E780,0x200001D3,"",""
788,0x8262C,0x0,0x20411080,"w=0x20411080",0xA0000,0x13BE08,0xFFFC0001,0x200,0x0,0x0,0xA,0x61,0x0,0x280400,0x0,0x0,0xFFFFDF04,0x27F7D8,0x8E780,0x800001D3,"",""
789,0x82630,0x0,0xE0A22002,"w=0xE0A22002",0xA0000,0x13BE08,0xFFFC0001,0x200,0x0,0x0,0xA,0x61,0x0,0x280400,0x0,0x0,0xFFFFDF04,0x27F7D8,0x8E780,0x800001D3,"",""
790,0x82634,0x0,0xE070C001,"w=0xE070C001",0xA0000,0x13BE08,0xFFF80002,0x200,0x0,0x0,0xA,0x61,0x0,0x280400,0x0,0x0,0xFFFFDF04,0x27F7D8,0x8E780,0x800001D3,"",""
791,0x82638,0x0,0x20411000,"w=0x20411000",0xA0000,0x13BE08,0xFFF80002,0x200,0x0,0x0,0xA,0x61,0x0,0x280400,0x0,0x0,0x9BE08,0x27F7D8,0x8E780,0x200001D3,"",""
792,0x8263C,0x0,0xE0B22002,"w=0xE0B22002",0xA0000,0x9BE08,0xFFF80002,0x200,0x0,0x0,0xA,0x61,0x0,0x280400,0x0,0x0,0x9BE08,0x27F7D8,0x8E780,0x200001D3,"",""
793,0x82640,0x0,0x2AFFFFE5,"Bcond 0x825DC",0xA0000,0x9BE08,0xFFF00005,0x200,0x0,0x0,0xA,0x61,0x0,0x280400,0x0,0x0,0x9BE08,0x27F7D8,0x8E780,0xA00001D3,"",""
794,0x825DC,0x0,0x21A00420,"w=0x21A00420",0xA0000,0x9BE08,0xFFF00005,0x200,0x0,0x0,0xA,0x61,0x0,0x280400,0x0,0x0,0x9BE08,0x27F7D8,0x8E780,0xA00001D3,"",""
795,0x825E0,0x0,0xE070C3A1,"w=0xE070C3A1",0xA00,0x9BE08,0xFFF00005,0x200,0x0,0x0,0xA,0x61,0x0,0x280400,0x0,0x0,0x9BE08,0x27F7D8,0x8E780,0xA00001D3,"",""
796,0x825E4,0x0,0x20411380,"w=0x20411380",0xA00,0x9BE08,0xFFF00005,0x200,0x0,0x0,0xA,0x61,0x0,0x280400,0x0,0x0,0x97C,0x27F7D8,0x8E780,0x200001D3,"",""
797,0x825E8,0x0,0xE0A22002,"w=0xE0A22002",0xA00,0x4BE08,0xFFF00005,0x200,0x0,0x0,0xA,0x61,0x0,0x280400,0x0,0x0,0x97C,0x27F7D8,0x8E780,0x200001D3,"",""
798,0x825EC,0x0,0xE070C321,"w=0xE070C321",0xA00,0x4BE08,0xFFE0000B,0x200,0x0,0x0,0xA,0x61,0x0,0x280400,0x0,0x0,0x97C,0x27F7D8,0x8E780,0x200001D3,"",""
799,0x825F0,0x0,0x20411300,"w=0x20411300",0xA00,0x4BE08,0xFFE0000B,0x200,0x0,0x0,0xA,0x61,0x0,0x280400,0x0,0x0,0x8F8,0x27F7D8,0x8E780,0x200001D3,"",""
800,0x825F4,0x0,0xE0A22002,"w=0xE0A22002",0xA00,0x23E08,0xFFE0000B,0x200,0x0,0x0,0xA,0x61,0x0,0x280400,0x0,0x0,0x8F8,0x27F7D8,0x8E780,0x200001D3,"",""
801,0x825F8,0x0,0xE070C2A1,"w=0xE070C2A1",0xA00,0x23E08,0xFFC00017,0x200,0x0,0x0,0xA,0x61,0x0,0x280400,0x0,0x0,0x8F8,0x27F7D8,0x8E780,0x200001D3,"",""
802,0x825FC,0x0,0x20411280,"w=0x20411280",0xA00,0x23E08,0xFFC00017,0x200,0x0,0x0,0xA,0x61,0x0,0x280400,0x0,0x0,0x7F0,0x27F7D8,0x8E780,0x200001D3,"",""
803,0x82600,0x0,0xE0A22002,"w=0xE0A22002",0xA00,0xFE08,0xFFC00017,0x200,0x0,0x0,0xA,0x61,0x0,0x280400,0x0,0x0,0x7F0,0x27F7D8,0x8E780,0x200001D3,"",""
804,0x82604,0x0,0xE070C221,"w=0xE070C221",0xA00,0xFE08,0xFF80002F,0x200,0x0,0x0,0xA,0x61,0x0,0x280400,0x0,0x0,0x7F0,0x27F7D8,0x8E780,0x200001D3,"",""
805,0x82608,0x0,0x20411200,"w=0x20411200",0xA00,0xFE08,0xFF80002F,0x200,0x0,0x0,0xA,0x61,0x0,0x280400,0x0,0x0,0x5E0,0x27F7D8,0x8E780,0x200001D3,"",""
806,0x8260C,0x0,0xE0A22002,"w=0xE0A22002",0xA00,0x5E08,0xFF80002F,0x200,0x0,0x0,0xA,0x61,0x0,0x280400,0x0,0x0,0x5E0,0x27F7D8,0x8E780,0x200001D3,"",""
807,0x82610,0x0,0xE070C1A1,"w=0xE070C1A1",0xA00,0x5E08,0xFF00005F,0x200,0x0,0x0,0xA,0x61,0x0,0x280400,0x0,0x0,0x5E0,0x27F7D8,0x8E780,0x200001D3,"",""
808,0x82614,0x0,0x20411180,"w=0x20411180",0xA00,0x5E08,0xFF00005F,0x200,0x0,0x0,0xA,0x61,0x0,0x280400,0x0,0x0,0x1C1,0x27F7D8,0x8E780,0x200001D3,"",""
809,0x82618,0x0,0xE0A22002,"w=0xE0A22002",0xA00,0xE08,0xFF00005F,0x200,0x0,0x0,0xA,0x61,0x0,0x280400,0x0,0x0,0x1C1,0x27F7D8,0x8E780,0x200001D3,"",""
810,0x8261C,0x0,0xE070C121,"w=0xE070C121",0xA00,0xE08,0xFE0000BF,0x200,0x0,0x0,0xA,0x61,0x0,0x280400,0x0,0x0,0x1C1,0x27F7D8,0x8E780,0x200001D3,"",""
811,0x82620,0x0,0x20411100,"w=0x20411100",0xA00,0xE08,0xFE0000BF,0x200,0x0,0x0,0xA,0x61,0x0,0x280400,0x0,0x0,0xFFFFF982,0x27F7D8,0x8E780,0x800001D3,"",""
812,0x82624,0x0,0xE0A22002,"w=0xE0A22002",0xA00,0xE08,0xFE0000BF,0x200,0x0,0x0,0xA,0x61,0x0,0x280400,0x0,0x0,0xFFFFF982,0x27F7D8,0x8E780,0x800001D3,"",""
813,0x82628,0x0,0xE070C0A1,"w=0xE070C0A1",0xA00,0xE08,0xFC00017E,0x200,0x0,0x0,0xA,0x61,0x0,0x280400,0x0,0x0,0xFFFFF982,0x27F7D8,0x8E780,0x800001D3,"",""
814,0x8262C,0x0,0x20411080,"w=0x20411080",0xA00,0xE08,0xFC00017E,0x200,0x0,0x0,0xA,0x61,0x0,0x280400,0x0,0x0,0xFFFFFD04,0x27F7D8,0x8E780,0x800001D3,"",""
815,0x82630,0x0,0xE0A22002,"w=0xE0A22002",0xA00,0xE08,0xFC00017E,0x200,0x0,0x0,0xA,0x61,0x0,0x280400,0x0,0x0,0xFFFFFD04,0x27F7D8,0x8E780,0x800001D3,"",""
816,0x82634,0x0,0xE070C001,"w=0xE070C001",0xA00,0xE08,0xF80002FC,0x200,0x0,0x0,0xA,0x61,0x0,0x280400,0x0,0x0,0xFFFFFD04,0x27F7D8,0x8E780,0x800001D3,"",""
817,0x82638,0x0,0x20411000,"w=0x20411000",0xA00,0xE08,0xF80002FC,0x200,0x0,0x0,0xA,0x61,0x0,0x280400,0x0,0x0,0x408,0x27F7D8,0x8E780,0x200001D3,"",""
818,0x8263C,0x0,0xE0B22002,"w=0xE0B22002",0xA00,0x408,0xF80002FC,0x200,0x0,0x0,0xA,0x61,0x0,0x280400,0x0,0x0,0x408,0x27F7D8,0x8E780,0x200001D3,"",""
819,0x82640,0x0,0x2AFFFFE5,"Bcond 0x825DC",0xA00,0x408,0xF00005F9,0x200,0x0,0x0,0xA,0x61,0x0,0x280400,0x0,0x0,0x408,0x27F7D8,0x8E780,0xA00001D3,"",""
820,0x825DC,0x0,0x21A00420,"w=0x21A00420",0xA00,0x408,0xF00005F9,0x200,0x0,0x0,0xA,0x61,0x0,0x280400,0x0,0x0,0x408,0x27F7D8,0x8E780,0xA00001D3,"",""
821,0x825E0,0x0,0xE070C3A1,"w=0xE070C3A1",0xA,0x408,0xF00005F9,0x200,0x0,0x0,0xA,0x61,0x0,0x280400,0x0,0x0,0x408,0x27F7D8,0x8E780,0xA00001D3,"",""
822,0x825E4,0x0,0x20411380,"w=0x20411380",0xA,0x408,0xF00005F9,0x200,0x0,0x0,0xA,0x61,0x0,0x280400,0x0,0x0,0xFFFFFFFE,0x27F7D8,0x8E780,0x800001D3,"",""
823,0x825E8,0x0,0xE0A22002,"w=0xE0A22002",0xA,0x408,0xF00005F9,0x200,0x0,0x0,0xA,0x61,0x0,0x280400,0x0,0x0,0xFFFFFFFE,0x27F7D8,0x8E780,0x800001D3,"",""
824,0x825EC,0x0,0xE070C321,"w=0xE070C321",0xA,0x408,0xE0000BF2,0x200,0x0,0x0,0xA,0x61,0x0,0x280400,0x0,0x0,0xFFFFFFFE,0x27F7D8,0x8E780,0x800001D3,"",""
825,0x825F0,0x0,0x20411300,"w=0x20411300",0xA,0x408,0xE0000BF2,0x200,0x0,0x0,0xA,0x61,0x0,0x280400,0x0,0x0,0x6,0x27F7D8,0x8E780,0x200001D3,"",""
826,0x825F4,0x0,0xE0A22002,"w=0xE0A22002",0xA,0x188,0xE0000BF2,0x200,0x0,0x0,0xA,0x61,0x0,0x280400,0x0,0x0,0x6,0x27F7D8,0x8E780,0x200001D3,"",""
827,0x825F8,0x0,0xE070C2A1,"w=0xE070C2A1",0xA,0x188,0xC00017E5,0x200,0x0,0x0,0xA,0x61,0x0,0x280400,0x0,0x0,0x6,0x27F7D8,0x8E780,0x200001D3,"",""
828,0x825FC,0x0,0x20411280,"w=0x20411280",0xA,0x188,0xC00017E5,0x200,0x0,0x0,0xA,0x61,0x0,0x280400,0x0,0x0,0x2,0x27F7D8,0x8E780,0x200001D3,"",""
829,0x82600,0x0,0xE0A22002,"w=0xE0A22002",0xA,0x48,0xC00017E5,0x200,0x0,0x0,0xA,0x61,0x0,0x280400,0x0,0x0,0x2,0x27F7D8,0x8E780,0x200001D3,"",""
830,0x82604,0x0,0xE070C221,"w=0xE070C221",0xA,0x48,0x80002FCB,0x200,0x0,0x0,0xA,0x61,0x0,0x280400,0x0,0x0,0x2,0x27F7D8,0x8E780,0x200001D3,"",""
831,0x82608,0x0,0x20411200,"w=0x20411200",0xA,0x48,0x80002FCB,0x200,0x0,0x0,0xA,0x61,0x0,0x280400,0x0,0x0,0xFFFFFFFA,0x27F7D8,0x8E780,0x800001D3,"",""
832,0x8260C,0x0,0xE0A22002,"w=0xE0A22002",0xA,0x48,0x80002FCB,0x200,0x0,0x0,0xA,0x61,0x0,0x280400,0x0,0x0,0xFFFFFFFA,0x27F7D8,0x8E780,0x800001D3,"",""
833,0x82610,0x0,0xE070C1A1,"w=0xE070C1A1",0xA,0x48,0x5F96,0x200,0x0,0x0,0xA,0x61,0x0,0x280400,0x0,0x0,0xFFFFFFFA,0x27F7D8,0x8E780,0x800001D3,"",""
834,0x82614,0x0,0x20411180,"w=0x20411180",0xA,0x48,0x5F96,0x200,0x0,0x0,0xA,0x61,0x0,0x280400,0x0,0x0,0xFFFFFFFF,0x27F7D8,0x8E780,0x800001D3,"",""
835,0x82618,0x0,0xE0A22002,"w=0xE0A22002",0xA,0x48,0x5F96,0x200,0x0,0x0,0xA,0x61,0x0,0x280400,0x0,0x0,0xFFFFFFFF,0x27F7D8,0x8E780,0x800001D3,"",""
836,0x8261C,0x0,0xE070C121,"w=0xE070C121",0xA,0x48,0xBF2C,0x200,0x0,0x0,0xA,0x61,0x0,0x280400,0x0,0x0,0xFFFFFFFF,0x27F7D8,0x8E780,0x800001D3,"",""
837,0x82620,0x0,0x20411100,"w=0x20411100",0xA,0x48,0xBF2C,0x200,0x0,0x0,0xA,0x61,0x0,0x280400,0x0,0x0,0x8,0x27F7D8,0x8E780,0x200001D3,"",""
838,0x82624,0x0,0xE0A22002,"w=0xE0A22002",0xA,0x20,0xBF2C,0x200,0x0,0x0,0xA,0x61,0x0,0x280400,0x0,0x0,0x8,0x27F7D8,0x8E780,0x200001D3,"",""
839,0x82628,0x0,0xE070C0A1,"w=0xE070C0A1",0xA,0x20,0x17E59,0x200,0x0,0x0,0xA,0x61,0x0,0x280400,0x0,0x0,0x8,0x27F7D8,0x8E780,0x200001D3,"",""
840,0x8262C,0x0,0x20411080,"w=0x20411080",0xA,0x20,0x17E59,0x200,0x0,0x0,0xA,0x61,0x0,0x280400,0x0,0x0,0x6,0x27F7D8,0x8E780,0x200001D3,"",""
841,0x82630,0x0,0xE0A22002,"w=0xE0A22002",0xA,0xC,0x17E59,0x200,0x0,0x0,0xA,0x61,0x0,0x280400,0x0,0x0,0x6,0x27F7D8,0x8E780,0x200001D3,"",""
842,0x82634,0x0,0xE070C001,"w=0xE070C001",0xA,0xC,0x2FCB3,0x200,0x0,0x0,0xA,0x61,0x0,0x280400,0x0,0x0,0x6,0x27F7D8,0x8E780,0x200001D3,"",""
843,0x82638,0x0,0x20411000,"w=0x20411000",0xA,0xC,0x2FCB3,0x200,0x0,0x0,0xA,0x61,0x0,0x280400,0x0,0x0,0x2,0x27F7D8,0x8E780,0x200001D3,"",""
844,0x8263C,0x0,0xE0B22002,"w=0xE0B22002",0xA,0x2,0x2FCB3,0x200,0x0,0x0,0xA,0x61,0x0,0x280400,0x0,0x0,0x2,0x27F7D8,0x8E780,0x200001D3,"",""
845,0x82640,0x0,0x2AFFFFE5,"Bcond 0x825DC",0xA,0x2,0x5F967,0x200,0x0,0x0,0xA,0x61,0x0,0x280400,0x0,0x0,0x2,0x27F7D8,0x8E780,0x1D3,"",""
846,0x82644,0x0,0xE1A00002,"MOV r0,r2",0xA,0x2,0x5F967,0x200,0x0,0x0,0xA,0x61,0x0,0x280400,0x0,0x0,0x2,0x27F7D8,0x8E780,0x1D3,"",""
847,0x82648,0x0,0xE12FFF1E,"BX r14",0x5F967,0x2,0x5F967,0x200,0x0,0x0,0xA,0x61,0x0,0x280400,0x0,0x0,0x2,0x27F7D8,0x8E780,0x1D3,"",""
848,0x8E780,0x0,0xE20110FF,"w=0xE20110FF",0x5F967,0x2,0x5F967,0x200,0x0,0x0,0xA,0x61,0x0,0x280400,0x0,0x0,0x2,0x27F7D8,0x8E780,0x1D3,"",""
849,0x8E784,0x0,0xE351000A,"w=0xE351000A",0x5F967,0x2,0x5F967,0x200,0x0,0x0,0xA,0x61,0x0,0x280400,0x0,0x0,0x2,0x27F7D8,0x8E780,0x1D3,"",""
850,0x8E788,0x0,0x32812030,"w=0x32812030",0x5F967,0x2,0x5F967,0x200,0x0,0x0,0xA,0x61,0x0,0x280400,0x0,0x0,0x2,0x27F7D8,0x8E780,0x800001D3,"",""
851,0x8E78C,0x0,0x3A000002,"Bcond 0x8E79C",0x5F967,0x2,0x32,0x200,0x0,0x0,0xA,0x61,0x0,0x280400,0x0,0x0,0x2,0x27F7D8,0x8E780,0x800001D3,"",""
852,0x8E79C,0x0,0xE1A01005,"MOV r1,r5",0x5F967,0x2,0x32,0x200,0x0,0x0,0xA,0x61,0x0,0x280400,0x0,0x0,0x2,0x27F7D8,0x8E780,0x800001D3,"",""
853,0x8E7A0,0x0,0xE2855001,"w=0xE2855001",0x5F967,0x0,0x32,0x200,0x0,0x0,0xA,0x61,0x0,0x280400,0x0,0x0,0x2,0x27F7D8,0x8E780,0x800001D3,"",""
854,0x8E7A4,0x0,0xE28D3020,"w=0xE28D3020",0x5F967,0x0,0x32,0x200,0x0,0x1,0xA,0x61,0x0,0x280400,0x0,0x0,0x2,0x27F7D8,0x8E780,0x800001D3,"",""
855,0x8E7A8,0x0,0xE3500000,"CMP r0,#0x0",0x5F967,0x0,0x32,0x27F7F8,0x0,0x1,0xA,0x61,0x0,0x280400,0x0,0x0,0x2,0x27F7D8,0x8E780,0x800001D3,"",""
856,0x8E7AC,0x0,0x13550020,"w=0x13550020",0x5F967,0x0,0x32,0x27F7F8,0x0,0x1,0xA,0x61,0x0,0x280400,0x0,0x0,0x2,0x27F7D8,0x8E780,0x200001D3,"",""
857,0x8E7B0,0x0,0xE7C32001,"w=0xE7C32001",0x5F967,0x0,0x32,0x27F7F8,0x0,0x1,0xA,0x61,0x0,0x280400,0x0,0x0,0x2,0x27F7D8,0x8E780,0x800001D3,"","W:0x27F7F8/1"
858,0x8E7B4,0x0,0x3AFFFFEE,"Bcond 0x8E774",0x5F967,0x0,0x32,0x27F7F8,0x0,0x1,0xA,0x61,0x0,0x280400,0x0,0x0,0x2,0x27F7D8,0x8E780,0x800001D3,"",""
859,0x8E774,0x0,0xE1A01000,"MOV r1,r0",0x5F967,0x0,0x32,0x27F7F8,0x0,0x1,0xA,0x61,0x0,0x280400,0x0,0x0,0x2,0x27F7D8,0x8E780,0x800001D3,"",""
860,0x8E778,0x0,0xE1A00006,"MOV r0,r6",0x5F967,0x5F967,0x32,0x27F7F8,0x0,0x1,0xA,0x61,0x0,0x280400,0x0,0x0,0x2,0x27F7D8,0x8E780,0x800001D3,"",""
861,0x8E77C,0x0,0xEBFFCF82,"BL 0x8258C",0xA,0x5F967,0x32,0x27F7F8,0x0,0x1,0xA,0x61,0x0,0x280400,0x0,0x0,0x2,0x27F7D8,0x8E780,0x800001D3,"",""
862,0x8258C,0x0,0xE3A02000,"w=0xE3A02000",0xA,0x5F967,0x32,0x27F7F8,0x0,0x1,0xA,0x61,0x0,0x280400,0x0,0x0,0x2,0x27F7D8,0x8E780,0x800001D3,"",""
863,0x82590,0x0,0xE070C1A1,"w=0xE070C1A1",0xA,0x5F967,0x0,0x27F7F8,0x0,0x1,0xA,0x61,0x0,0x280400,0x0,0x0,0x2,0x27F7D8,0x8E780,0x800001D3,"",""
864,0x82594,0x0,0x3A000020,"Bcond 0x8261C",0xA,0x5F967,0x0,0x27F7F8,0x0,0x1,0xA,0x61,0x0,0x280400,0x0,0x0,0xBF22,0x27F7D8,0x8E780,0x200001D3,"",""
865,0x82598,0x0,0xE070C421,"w=0xE070C421",0xA,0x5F967,0x0,0x27F7F8,0x0,0x1,0xA,0x61,0x0,0x280400,0x0,0x0,0xBF22,0x27F7D8,0x8E780,0x200001D3,"",""
866,0x8259C,0x0,0x3A00000F,"Bcond 0x825E0",0xA,0x5F967,0x0,0x27F7F8,0x0,0x1,0xA,0x61,0x0,0x280400,0x0,0x0,0x5EF,0x27F7D8,0x8E780,0x200001D3,"",""
867,0x825A0,0x0,0xE1A00400,"w=0xE1A00400",0xA,0x5F967,0x0,0x27F7F8,0x0,0x1,0xA,0x61,0x0,0x280400,0x0,0x0,0x5EF,0x27F7D8,0x8E780,0x200001D3,"",""
868,0x825A4,0x0,0xE38224FF,"w=0xE38224FF",0xA00,0x5F967,0x0,0x27F7F8,0x0,0x1,0xA,0x61,0x0,0x280400,0x0,0x0,0x5EF,0x27F7D8,0x8E780,0x200001D3,"",""
869,0x825A8,0x0,0xE070C221,"w=0xE070C221",0xA00,0x5F967,0xFF000000,0x27F7F8,0x0,0x1,0xA,0x61,0x0,0x280400,0x0,0x0,0x5EF,0x27F7D8,0x8E780,0x200001D3,"",""
870,0x825AC,0x0,0x3A000017,"Bcond 0x82610",0xA00,0x5F967,0xFF000000,0x27F7F8,0x0,0x1,0xA,0x61,0x0,0x280400,0x0,0x0,0x5596,0x27F7D8,0x8E780,0x200001D3,"",""
871,0x825B0,0x0,0xE070C421,"w=0xE070C421",0xA00,0x5F967,0xFF000000,0x27F7F8,0x0,0x1,0xA,0x61,0x0,0x280400,0x0,0x0,0x5596,0x27F7D8,0x8E780,0x200001D3,"",""
872,0x825B4,0x0,0x3A000009,"Bcond 0x825E0",0xA00,0x5F967,0xFF000000,0x27F7F8,0x0,0x1,0xA,0x61,0x0,0x280400,0x0,0x0,0xFFFFFBF9,0x27F7D8,0x8E780,0x800001D3,"",""
873,0x825E0,0x0,0xE070C3A1,"w=0xE070C3A1",0xA00,0x5F967,0xFF000000,0x27F7F8,0x0,0x1,0xA,0x61,0x0,0x280400,0x0,0x0,0xFFFFFBF9,0x27F7D8,0x8E780,0x800001D3,"",""
874,0x825E4,0x0,0x20411380,"w=0x20411380",0xA00,0x5F967,0xFF000000,0x27F7F8,0x0,0x1,0xA,0x61,0x0,0x280400,0x0,0x0,0x1F2,0x27F7D8,0x8E780,0x200001D3,"",""
875,0x825E8,0x0,0xE0A22002,"w=0xE0A22002",0xA00,0xF967,0xFF000000,0x27F7F8,0x0,0x1,0xA,0x61,0x0,0x280400,0x0,0x0,0x1F2,0x27F7D8,0x8E780,0x200001D3,"",""
876,0x825EC,0x0,0xE070C321,"w=0xE070C321",0xA00,0xF967,0xFE000001,0x27F7F8,0x0,0x1,0xA,0x61,0x0,0x280400,0x0,0x0,0x1F2,0x27F7D8,0x8E780,0x200001D3,"",""
877,0x825F0,0x0,0x20411300,"w=0x20411300",0xA00,0xF967,0xFE000001,0x27F7F8,0x0,0x1,0xA,0x61,0x0,0x280400,0x0,0x0,0xFFFFF9E5,0x27F7D8,0x8E780,0x800001D3,"",""
878,0x825F4,0x0,0xE0A22002,"w=0xE0A22002",0xA00,0xF967,0xFE000001,0x27F7F8,0x0,0x1,0xA,0x61,0x0,0x280400,0x0,0x0,0xFFFFF9E5,0x27F7D8,0x8E780,0x800001D3,"",""
879,0x825F8,0x0,0xE070C2A1,"w=0xE070C2A1",0xA00,0xF967,0xFC000002,0x27F7F8,0x0,0x1,0xA,0x61,0x0,0x280400,0x0,0x0,0xFFFFF9E5,0x27F7D8,0x8E780,0x800001D3,"",""
880,0x825FC,0x0,0x20411280,"w=0x20411280",0xA00,0xF967,0xFC000002,0x27F7F8,0x0,0x1,0xA,0x61,0x0,0x280400,0x0,0x0,0xFFFFFDCB,0x27F7D8,0x8E780,0x800001D3,"",""
881,0x82600,0x0,0xE0A22002,"w=0xE0A22002",0xA00,0xF967,0xFC000002,0x27F7F8,0x0,0x1,0xA,0x61,0x0,0x280400,0x0,0x0,0xFFFFFDCB,0x27F7D8,0x8E780,0x800001D3,"",""
882,0x82604,0x0,0xE070C221,"w=0xE070C221",0xA00,0xF967,0xF8000004,0x27F7F8,0x0,0x1,0xA,0x61,0x0,0x280400,0x0,0x0,0xFFFFFDCB,0x27F7D8,0x8E780,0x800001D3,"",""
883,0x82608,0x0,0x20411200,"w=0x20411200",0xA00,0xF967,0xF8000004,0x27F7F8,0x0,0x1,0xA,0x61,0x0,0x280400,0x0,0x0,0x596,0x27F7D8,0x8E780,0x200001D3,"",""
884,0x8260C,0x0,0xE0A22002,"w=0xE0A22002",0xA00,0x5967,0xF8000004,0x27F7F8,0x0,0x1,0xA,0x61,0x0,0x280400,0x0,0x0,0x596,0x27F7D8,0x8E780,0x200001D3,"",""
885,0x82610,0x0,0xE070C1A1,"w=0xE070C1A1",0xA00,0x5967,0xF0000009,0x27F7F8,0x0,0x1,0xA,0x61,0x0,0x280400,0x0,0x0,0x596,0x27F7D8,0x8E780,0x200001D3,"",""
886,0x82614,0x0,0x20411180,"w=0x20411180",0xA00,0x5967,0xF0000009,0x27F7F8,0x0,0x1,0xA,0x61,0x0,0x280400,0x0,0x0,0x12C,0x27F7D8,0x8E780,0x200001D3,"",""
887,0x82618,0x0,0xE0A22002,"w=0xE0A22002",0xA00,0x967,0xF0000009,0x27F7F8,0x0,0x1,0xA,0x61,0x0,0x280400,0x0,0x0,0x12C,0x27F7D8,0x8E780,0x200001D3,"",""
888,0x8261C,0x0,0xE070C121,"w=0xE070C121",0xA00,0x967,0xE0000013,0x27F7F8,0x0,0x1,0xA,0x61,0x0,0x280400,0x0,0x0,0x12C,0x27F7D8,0x8E780,0x200001D3,"",""
889,0x82620,0x0,0x20411100,"w=0x20411100",0xA00,0x967,0xE0000013,0x27F7F8,0x0,0x1,0xA,0x61,0x0,0x280400,0x0,0x0,0xFFFFF859,0x27F7D8,0x8E780,0x800001D3,"",""
890,0x82624,0x0,0xE0A22002,"w=0xE0A22002",0xA00,0x967,0xE0000013,0x27F7F8,0x0,0x1,0xA,0x61,0x0,0x280400,0x0,0x0,0xFFFFF859,0x27F7D8,0x8E780,0x800001D3,"",""
891,0x82628,0x0,0xE070C0A1,"w=0xE070C0A1",0xA00,0x967,0xC0000026,0x27F7F8,0x0,0x1,0xA,0x61,0x0,0x280400,0x0,0x0,0xFFFFF859,0x27F7D8,0x8E780,0x800001D3,"",""
892,0x8262C,0x0,0x20411080,"w=0x20411080",0xA00,0x967,0xC0000026,0x27F7F8,0x0,0x1,0xA,0x61,0x0,0x280400,0x0,0x0,0xFFFFFAB3,0x27F7D8,0x8E780,0x800001D3,"",""
893,0x82630,0x0,0xE0A22002,"w=0xE0A22002",0xA00,0x967,0xC0000026,0x27F7F8,0x0,0x1,0xA,0x61,0x0,0x280400,0x0,0x0,0xFFFFFAB3,0x27F7D8,0x8E780,0x800001D3,"",""
894,0x82634,0x0,0xE070C001,"w=0xE070C001",0xA00,0x967,0x8000004C,0x27F7F8,0x0,0x1,0xA,0x61,0x0,0x280400,0x0,0x0,0xFFFFFAB3,0x27F7D8,0x8E780,0x800001D3,"",""
895,0x82638,0x0,0x20411000,"w=0x20411000",0xA00,0x967,0x8000004C,0x27F7F8,0x0,0x1,0xA,0x61,0x0,0x280400,0x0,0x0,0xFFFFFF67,0x27F7D8,0x8E780,0x800001D3,"",""
896,0x8263C,0x0,0xE0B22002,"w=0xE0B22002",0xA00,0x967,0x8000004C,0x27F7F8,0x0,0x1,0xA,0x61,0x0,0x280400,0x0,0x0,0xFFFFFF67,0x27F7D8,0x8E780,0x800001D3,"",""
897,0x82640,0x0,0x2AFFFFE5,"Bcond 0x825DC",0xA00,0x967,0x98,0x27F7F8,0x0,0x1,0xA,0x61,0x0,0x280400,0x0,0x0,0xFFFFFF67,0x27F7D8,0x8E780,0x300001D3,"",""
898,0x825DC,0x0,0x21A00420,"w=0x21A00420",0xA00,0x967,0x98,0x27F7F8,0x0,0x1,0xA,0x61,0x0,0x280400,0x0,0x0,0xFFFFFF67,0x27F7D8,0x8E780,0x300001D3,"",""
899,0x825E0,0x0,0xE070C3A1,"w=0xE070C3A1",0xA,0x967,0x98,0x27F7F8,0x0,0x1,0xA,0x61,0x0,0x280400,0x0,0x0,0xFFFFFF67,0x27F7D8,0x8E780,0x300001D3,"",""
900,0x825E4,0x0,0x20411380,"w=0x20411380",0xA,0x967,0x98,0x27F7F8,0x0,0x1,0xA,0x61,0x0,0x280400,0x0,0x0,0x8,0x27F7D8,0x8E780,0x200001D3,"",""
901,0x825E8,0x0,0xE0A22002,"w=0xE0A22002",0xA,0x467,0x98,0x27F7F8,0x0,0x1,0xA,0x61,0x0,0x280400,0x0,0x0,0x8,0x27F7D8,0x8E780,0x200001D3,"",""
902,0x825EC,0x0,0xE070C321,"w=0xE070C321",0xA,0x467,0x131,0x27F7F8,0x0,0x1,0xA,0x61,0x0,0x280400,0x0,0x0,0x8,0x27F7D8,0x8E780,0x200001D3,"",""
903,0x825F0,0x0,0x20411300,"w=0x20411300",0xA,0x467,0x131,0x27F7F8,0x0,0x1,0xA,0x61,0x0,0x280400,0x0,0x0,0x7,0x27F7D8,0x8E780,0x200001D3,"",""
904,0x825F4,0x0,0xE0A22002,"w=0xE0A22002",0xA,0x1E7,0x131,0x27F7F8,0x0,0x1,0xA,0x61,0x0,0x280400,0x0,0x0,0x7,0x27F7D8,0x8E780,0x200001D3,"",""
905,0x825F8,0x0,0xE070C2A1,"w=0xE070C2A1",0xA,0x1E7,0x263,0x27F7F8,0x0,0x1,0xA,0x61,0x0,0x280400,0x0,0x0,0x7,0x27F7D8,0x8E780,0x200001D3,"",""
906,0x825FC,0x0,0x20411280,"w=0x20411280",0xA,0x1E7,0x263,0x27F7F8,0x0,0x1,0xA,0x61,0x0,0x280400,0x0,0x0,0x5,0x27F7D8,0x8E780,0x200001D3,"",""
907,0x82600,0x0,0xE0A22002,"w=0xE0A22002",0xA,0xA7,0x263,0x27F7F8,0x0,0x1,0xA,0x61,0x0,0x280400,0x0,0x0,0x5,0x27F7D8,0x8E780,0x200001D3,"",""
908,0x82604,0x0,0xE070C221,"w=0xE070C221",0xA,0xA7,0x4C7,0x27F7F8,0x0,0x1,0xA,0x61,0x0,0x280400,0x0,0x0,0x5,0x27F7D8,0x8E780,0x200001D3,"",""
909,0x82608,0x0,0x20411200,"w=0x20411200",0xA,0xA7,0x4C7,0x27F7F8,0x0,0x1,0xA,0x61,0x0,0x280400,0x0,0x0,0x0,0x27F7D8,0x8E780,0x600001D3,"",""
910,0x8260C,0x0,0xE0A22002,"w=0xE0A22002",0xA,0x7,0x4C7,0x27F7F8,0x0,0x1,0xA,0x61,0x0,0x280400,0x0,0x0,0x0,0x27F7D8,0x8E780,0x600001D3,"",""
911,0x82610,0x0,0xE070C1A1,"w=0xE070C1A1",0xA,0x7,0x98F,0x27F7F8,0x0,0x1,0xA,0x61,0x0,0x280400,0x0,0x0,0x0,0x27F7D8,0x8E780,0x600001D3,"",""
912,0x82614,0x0,0x20411180,"w=0x20411180",0xA,0x7,0x98F,0x27F7F8,0x0,0x1,0xA,0x61,0x0,0x280400,0x0,0x0,0xFFFFFFF6,0x27F7D8,0x8E780,0x800001D3,"",""
913,0x82618,0x0,0xE0A22002,"w=0xE0A22002",0xA,0x7,0x98F,0x27F7F8,0x0,0x1,0xA,0x61,0x0,0x280400,0x0,0x0,0xFFFFFFF6,0x27F7D8,0x8E780,0x800001D3,"",""
914,0x8261C,0x0,0xE070C121,"w=0xE070C121",0xA,0x7,0x131E,0x27F7F8,0x0,0x1,0xA,0x61,0x0,0x280400,0x0,0x0,0xFFFFFFF6,0x27F7D8,0x8E780,0x800001D3,"",""
915,0x82620,0x0,0x20411100,"w=0x20411100",0xA,0x7,0x131E,0x27F7F8,0x0,0x1,0xA,0x61,0x0,0x280400,0x0,0x0,0xFFFFFFF7,0x27F7D8,0x8E780,0x800001D3,"",""
916,0x82624,0x0,0xE0A22002,"w=0xE0A22002",0xA,0x7,0x131E,0x27F7F8,0x0,0x1,0xA,0x61,0x0,0x280400,0x0,0x0,0xFFFFFFF7,0x27F7D8,0x8E780,0x800001D3,"",""
917,0x82628,0x0,0xE070C0A1,"w=0xE070C0A1",0xA,0x7,0x263C,0x27F7F8,0x0,0x1,0xA,0x61,0x0,0x280400,0x0,0x0,0xFFFFFFF7,0x27F7D8,0x8E780,0x800001D3,"",""
918,0x8262C,0x0,0x20411080,"w=0x20411080",0xA,0x7,0x263C,0x27F7F8,0x0,0x1,0xA,0x61,0x0,0x280400,0x0,0x0,0xFFFFFFF9,0x27F7D8,0x8E780,0x800001D3,"",""
919,0x82630,0x0,0xE0A22002,"w=0xE0A22002",0xA,0x7,0x263C,0x27F7F8,0x0,0x1,0xA,0x61,0x0,0x280400,0x0,0x0,0xFFFFFFF9,0x27F7D8,0x8E780,0x800001D3,"",""
920,0x82634,0x0,0xE070C001,"w=0xE070C001",0xA,0x7,0x4C78,0x27F7F8,0x0,0x1,0xA,0x61,0x0,0x280400,0x0,0x0,0xFFFFFFF9,0x27F7D8,0x8E780,0x800001D3,"",""
921,0x82638,0x0,0x20411000,"w=0x20411000",0xA,0x7,0x4C78,0x27F7F8,0x0,0x1,0xA,0x61,0x0,0x280400,0x0,0x0,0xFFFFFFFD,0x27F7D8,0x8E780,0x800001D3,"",""
922,0x8263C,0x0,0xE0B22002,"w=0xE0B22002",0xA,0x7,0x4C78,0x27F7F8,0x0,0x1,0xA,0x61,0x0,0x280400,0x0,0x0,0xFFFFFFFD,0x27F7D8,0x8E780,0x800001D3,"",""
923,0x82640,0x0,0x2AFFFFE5,"Bcond 0x825DC",0xA,0x7,0x98F0,0x27F7F8,0x0,0x1,0xA,0x61,0x0,0x280400,0x0,0x0,0xFFFFFFFD,0x27F7D8,0x8E780,0x1D3,"",""
924,0x82644,0x0,0xE1A00002,"MOV r0,r2",0xA,0x7,0x98F0,0x27F7F8,0x0,0x1,0xA,0x61,0x0,0x280400,0x0,0x0,0xFFFFFFFD,0x27F7D8,0x8E780,0x1D3,"",""
925,0x82648,0x0,0xE12FFF1E,"BX r14",0x98F0,0x7,0x98F0,0x27F7F8,0x0,0x1,0xA,0x61,0x0,0x280400,0x0,0x0,0xFFFFFFFD,0x27F7D8,0x8E780,0x1D3,"",""
926,0x8E780,0x0,0xE20110FF,"w=0xE20110FF",0x98F0,0x7,0x98F0,0x27F7F8,0x0,0x1,0xA,0x61,0x0,0x280400,0x0,0x0,0xFFFFFFFD,0x27F7D8,0x8E780,0x1D3,"",""
927,0x8E784,0x0,0xE351000A,"w=0xE351000A",0x98F0,0x7,0x98F0,0x27F7F8,0x0,0x1,0xA,0x61,0x0,0x280400,0x0,0x0,0xFFFFFFFD,0x27F7D8,0x8E780,0x1D3,"",""
928,0x8E788,0x0,0x32812030,"w=0x32812030",0x98F0,0x7,0x98F0,0x27F7F8,0x0,0x1,0xA,0x61,0x0,0x280400,0x0,0x0,0xFFFFFFFD,0x27F7D8,0x8E780,0x800001D3,"",""
929,0x8E78C,0x0,0x3A000002,"Bcond 0x8E79C",0x98F0,0x7,0x37,0x27F7F8,0x0,0x1,0xA,0x61,0x0,0x280400,0x0,0x0,0xFFFFFFFD,0x27F7D8,0x8E780,0x800001D3,"",""
930,0x8E79C,0x0,0xE1A01005,"MOV r1,r5",0x98F0,0x7,0x37,0x27F7F8,0x0,0x1,0xA,0x61,0x0,0x280400,0x0,0x0,0xFFFFFFFD,0x27F7D8,0x8E780,0x800001D3,"",""
931,0x8E7A0,0x0,0xE2855001,"w=0xE2855001",0x98F0,0x1,0x37,0x27F7F8,0x0,0x1,0xA,0x61,0x0,0x280400,0x0,0x0,0xFFFFFFFD,0x27F7D8,0x8E780,0x800001D3,"",""
932,0x8E7A4,0x0,0xE28D3020,"w=0xE28D3020",0x98F0,0x1,0x37,0x27F7F8,0x0,0x2,0xA,0x61,0x0,0x280400,0x0,0x0,0xFFFFFFFD,0x27F7D8,0x8E780,0x800001D3,"",""
933,0x8E7A8,0x0,0xE3500000,"CMP r0,#0x0",0x98F0,0x1,0x37,0x27F7F8,0x0,0x2,0xA,0x61,0x0,0x280400,0x0,0x0,0xFFFFFFFD,0x27F7D8,0x8E780,0x800001D3,"",""
934,0x8E7AC,0x0,0x13550020,"w=0x13550020",0x98F0,0x1,0x37,0x27F7F8,0x0,0x2,0xA,0x61,0x0,0x280400,0x0,0x0,0xFFFFFFFD,0x27F7D8,0x8E780,0x200001D3,"",""
935,0x8E7B0,0x0,0xE7C32001,"w=0xE7C32001",0x98F0,0x1,0x37,0x27F7F8,0x0,0x2,0xA,0x61,0x0,0x280400,0x0,0x0,0xFFFFFFFD,0x27F7D8,0x8E780,0x800001D3,"","W:0x27F7F9/1"
936,0x8E7B4,0x0,0x3AFFFFEE,"Bcond 0x8E774",0x98F0,0x1,0x37,0x27F7F8,0x0,0x2,0xA,0x61,0x0,0x280400,0x0,0x0,0xFFFFFFFD,0x27F7D8,0x8E780,0x800001D3,"",""
937,0x8E774,0x0,0xE1A01000,"MOV r1,r0",0x98F0,0x1,0x37,0x27F7F8,0x0,0x2,0xA,0x61,0x0,0x280400,0x0,0x0,0xFFFFFFFD,0x27F7D8,0x8E780,0x800001D3,"",""
938,0x8E778,0x0,0xE1A00006,"MOV r0,r6",0x98F0,0x98F0,0x37,0x27F7F8,0x0,0x2,0xA,0x61,0x0,0x280400,0x0,0x0,0xFFFFFFFD,0x27F7D8,0x8E780,0x800001D3,"",""
939,0x8E77C,0x0,0xEBFFCF82,"BL 0x8258C",0xA,0x98F0,0x37,0x27F7F8,0x0,0x2,0xA,0x61,0x0,0x280400,0x0,0x0,0xFFFFFFFD,0x27F7D8,0x8E780,0x800001D3,"",""
940,0x8258C,0x0,0xE3A02000,"w=0xE3A02000",0xA,0x98F0,0x37,0x27F7F8,0x0,0x2,0xA,0x61,0x0,0x280400,0x0,0x0,0xFFFFFFFD,0x27F7D8,0x8E780,0x800001D3,"",""
941,0x82590,0x0,0xE070C1A1,"w=0xE070C1A1",0xA,0x98F0,0x0,0x27F7F8,0x0,0x2,0xA,0x61,0x0,0x280400,0x0,0x0,0xFFFFFFFD,0x27F7D8,0x8E780,0x800001D3,"",""
942,0x82594,0x0,0x3A000020,"Bcond 0x8261C",0xA,0x98F0,0x0,0x27F7F8,0x0,0x2,0xA,0x61,0x0,0x280400,0x0,0x0,0x1314,0x27F7D8,0x8E780,0x200001D3,"",""
943,0x82598,0x0,0xE070C421,"w=0xE070C421",0xA,0x98F0,0x0,0x27F7F8,0x0,0x2,0xA,0x61,0x0,0x280400,0x0,0x0,0x1314,0x27F7D8,0x8E780,0x200001D3,"",""
944,0x8259C,0x0,0x3A00000F,"Bcond 0x825E0",0xA,0x98F0,0x0,0x27F7F8,0x0,0x2,0xA,0x61,0x0,0x280400,0x0,0x0,0x8E,0x27F7D8,0x8E780,0x200001D3,"",""
945,0x825A0,0x0,0xE1A00400,"w=0xE1A00400",0xA,0x98F0,0x0,0x27F7F8,0x0,0x2,0xA,0x61,0x0,0x280400,0x0,0x0,0x8E,0x27F7D8,0x8E780,0x200001D3,"",""
946,0x825A4,0x0,0xE38224FF,"w=0xE38224FF",0xA00,0x98F0,0x0,0x27F7F8,0x0,0x2,0xA,0x61,0x0,0x280400,0x0,0x0,0x8E,0x27F7D8,0x8E780,0x200001D3,"",""
947,0x825A8,0x0,0xE070C221,"w=0xE070C221",0xA00,0x98F0,0xFF000000,0x27F7F8,0x0,0x2,0xA,0x61,0x0,0x280400,0x0,0x0,0x8E,0x27F7D8,0x8E780,0x200001D3,"",""
948,0x825AC,0x0,0x3A000017,"Bcond 0x82610",0xA00,0x98F0,0xFF000000,0x27F7F8,0x0,0x2,0xA,0x61,0x0,0x280400,0x0,0x0,0xFFFFFF8F,0x27F7D8,0x8E780,0x800001D3,"",""
949,0x82610,0x0,0xE070C1A1,"w=0xE070C1A1",0xA00,0x98F0,0xFF000000,0x27F7F8,0x0,0x2,0xA,0x61,0x0,0x280400,0x0,0x0,0xFFFFFF8F,0x27F7D8,0x8E780,0x800001D3,"",""
950,0x82614,0x0,0x20411180,"w=0x20411180",0xA00,0x98F0,0xFF000000,0x27F7F8,0x0,0x2,0xA,0x61,0x0,0x280400,0x0,0x0,0x91E,0x27F7D8,0x8E780,0x200001D3,"",""
951,0x82618,0x0,0xE0A22002,"w=0xE0A22002",0xA00,0x48F0,0xFF000000,0x27F7F8,0x0,0x2,0xA,0x61,0x0,0x280400,0x0,0x0,0x91E,0x27F7D8,0x8E780,0x200001D3,"",""
952,0x8261C,0x0,0xE070C121,"w=0xE070C121",0xA00,0x48F0,0xFE000001,0x27F7F8,0x0,0x2,0xA,0x61,0x0,0x280400,0x0,0x0,0x91E,0x27F7D8,0x8E780,0x200001D3,"",""
953,0x82620,0x0,0x20411100,"w=0x20411100",0xA00,0x48F0,0xFE000001,0x27F7F8,0x0,0x2,0xA,0x61,0x0,0x280400,0x0,0x0,0x83C,0x27F7D8,0x8E780,0x200001D3,"",""
954,0x82624,0x0,0xE0A22002,"w=0xE0A22002",0xA00,0x20F0,0xFE000001,0x27F7F8,0x0,0x2,0xA,0x61,0x0,0x280400,0x0,0x0,0x83C,0x27F7D8,0x8E780,0x200001D3,"",""
955,0x82628,0x0,0xE070C0A1,"w=0xE070C0A1",0xA00,0x20F0,0xFC000003,0x27F7F8,0x0,0x2,0xA,0x61,0x0,0x280400,0x0,0x0,0x83C,0x27F7D8,0x8E780,0x200001D3,"",""
956,0x8262C,0x0,0x20411080,"w=0x20411080",0xA00,0x20F0,0xFC000003,0x27F7F8,0x0,0x2,0xA,0x61,0x0,0x280400,0x0,0x0,0x678,0x27F7D8,0x8E780,0x200001D3,"",""
957,0x82630,0x0,0xE0A22002,"w=0xE0A22002",0xA00,0xCF0,0xFC000003,0x27F7F8,0x0,0x2,0xA,0x61,0x0,0x280400,0x0,0x0,0x678,0x27F7D8,0x8E780,0x200001D3,"",""
958,0x82634,0x0,0xE070C001,"w=0xE070C001",0xA00,0xCF0,0xF8000007,0x27F7F8,0x0,0x2,0xA,0x61,0x0,0x280400,0x0,0x0,0x678,0x27F7D8,0x8E780,0x200001D3,"",""
959,0x82638,0x0,0x20411000,"w=0x20411000",0xA00,0xCF0,0xF8000007,0x27F7F8,0x0,0x2,0xA,0x61,0x0,0x280400,0x0,0x0,0x2F0,0x27F7D8,0x8E780,0x200001D3,"",""
960,0x8263C,0x0,0xE0B22002,"w=0xE0B22002",0xA00,0x2F0,0xF8000007,0x27F7F8,0x0,0x2,0xA,0x61,0x0,0x280400,0x0,0x0,0x2F0,0x27F7D8,0x8E780,0x200001D3,"",""
961,0x82640,0x0,0x2AFFFFE5,"Bcond 0x825DC",0xA00,0x2F0,0xF000000F,0x27F7F8,0x0,0x2,0xA,0x61,0x0,0x280400,0x0,0x0,0x2F0,0x27F7D8,0x8E780,0xA00001D3,"",""
962,0x825DC,0x0,0x21A00420,"w=0x21A00420",0xA00,0x2F0,0xF000000F,0x27F7F8,0x0,0x2,0xA,0x61,0x0,0x280400,0x0,0x0,0x2F0,0x27F7D8,0x8E780,0xA00001D3,"",""
963,0x825E0,0x0,0xE070C3A1,"w=0xE070C3A1",0xA,0x2F0,0xF000000F,0x27F7F8,0x0,0x2,0xA,0x61,0x0,0x280400,0x0,0x0,0x2F0,0x27F7D8,0x8E780,0xA00001D3,"",""
964,0x825E4,0x0,0x20411380,"w=0x20411380",0xA,0x2F0,0xF000000F,0x27F7F8,0x0,0x2,0xA,0x61,0x0,0x280400,0x0,0x0,0xFFFFFFFB,0x27F7D8,0x8E780,0x800001D3,"",""
965,0x825E8,0x0,0xE0A22002,"w=0xE0A22002",0xA,0x2F0,0xF000000F,0x27F7F8,0x0,0x2,0xA,0x61,0x0,0x280400,0x0,0x0,0xFFFFFFFB,0x27F7D8,0x8E780,0x800001D3,"",""
966,0x825EC,0x0,0xE070C321,"w=0xE070C321",0xA,0x2F0,0xE000001E,0x27F7F8,0x0,0x2,0xA,0x61,0x0,0x280400,0x0,0x0,0xFFFFFFFB,0x27F7D8,0x8E780,0x800001D3,"",""
967,0x825F0,0x0,0x20411300,"w=0x20411300",0xA,0x2F0,0xE000001E,0x27F7F8,0x0,0x2,0xA,0x61,0x0,0x280400,0x0,0x0,0x1,0x27F7D8,0x8E780,0x200001D3,"",""
968,0x825F4,0x0,0xE0A22002,"w=0xE0A22002",0xA,0x70,0xE000001E,0x27F7F8,0x0,0x2,0xA,0x61,0x0,0x280400,0x0,0x0,0x1,0x27F7D8,0x8E780,0x200001D3,"",""
969,0x825F8,0x0,0xE070C2A1,"w=0xE070C2A1",0xA,0x70,0xC000003D,0x27F7F8,0x0,0x2,0xA,0x61,0x0,0x280400,0x0,0x0,0x1,0x27F7D8,0x8E780,0x200001D3,"",""
970,0x825FC,0x0,0x20411280,"w=0x20411280",0xA,0x70,0xC000003D,0x27F7F8,0x0,0x2,0xA,0x61,0x0,0x280400,0x0,0x0,0xFFFFFFF9,0x27F7D8,0x8E780,0x800001D3,"",""
971,0x82600,0x0,0xE0A22002,"w=0xE0A22002",0xA,0x70,0xC000003D,0x27F7F8,0x0,0x2,0xA,0x61,0x0,0x280400,0x0,0x0,0xFFFFFFF9,0x27F7D8,0x8E780,0x800001D3,"",""
972,0x82604,0x0,0xE070C221,"w=0xE070C221",0xA,0x70,0x8000007A,0x27F7F8,0x0,0x2,0xA,0x61,0x0,0x280400,0x0,0x0,0xFFFFFFF9,0x27F7D8,0x8E780,0x800001D3,"",""
973,0x82608,0x0,0x20411200,"w=0x20411200",0xA,0x70,0x8000007A,0x27F7F8,0x0,0x2,0xA,0x61,0x0,0x280400,0x0,0x0,0xFFFFFFFD,0x27F7D8,0x8E780,0x800001D3,"",""
974,0x8260C,0x0,0xE0A22002,"w=0xE0A22002",0xA,0x70,0x8000007A,0x27F7F8,0x0,0x2,0xA,0x61,0x0,0x280400,0x0,0x0,0xFFFFFFFD,0x27F7D8,0x8E780,0x800001D3,"",""
975,0x82610,0x0,0xE070C1A1,"w=0xE070C1A1",0xA,0x70,0xF4,0x27F7F8,0x0,0x2,0xA,0x61,0x0,0x280400,0x0,0x0,0xFFFFFFFD,0x27F7D8,0x8E780,0x800001D3,"",""
976,0x82614,0x0,0x20411180,"w=0x20411180",0xA,0x70,0xF4,0x27F7F8,0x0,0x2,0xA,0x61,0x0,0x280400,0x0,0x0,0x4,0x27F7D8,0x8E780,0x200001D3,"",""
977,0x82618,0x0,0xE0A22002,"w=0xE0A22002",0xA,0x20,0xF4,0x27F7F8,0x0,0x2,0xA,0x61,0x0,0x280400,0x0,0x0,0x4,0x27F7D8,0x8E780,0x200001D3,"",""
978,0x8261C,0x0,0xE070C121,"w=0xE070C121",0xA,0x20,0x1E9,0x27F7F8,0x0,0x2,0xA,0x61,0x0,0x280400,0x0,0x0,0x4,0x27F7D8,0x8E780,0x200001D3,"",""
979,0x82620,0x0,0x20411100,"w=0x20411100",0xA,0x20,0x1E9,0x27F7F8,0x0,0x2,0xA,0x61,0x0,0x280400,0x0,0x0,0xFFFFFFFE,0x27F7D8,0x8E780,0x800001D3,"",""
980,0x82624,0x0,0xE0A22002,"w=0xE0A22002",0xA,0x20,0x1E9,0x27F7F8,0x0,0x2,0xA,0x61,0x0,0x280400,0x0,0x0,0xFFFFFFFE,0x27F7D8,0x8E780,0x800001D3,"",""
981,0x82628,0x0,0xE070C0A1,"w=0xE070C0A1",0xA,0x20,0x3D2,0x27F7F8,0x0,0x2,0xA,0x61,0x0,0x280400,0x0,0x0,0xFFFFFFFE,0x27F7D8,0x8E780,0x800001D3,"",""
982,0x8262C,0x0,0x20411080,"w=0x20411080",0xA,0x20,0x3D2,0x27F7F8,0x0,0x2,0xA,0x61,0x0,0x280400,0x0,0x0,0x6,0x27F7D8,0x8E780,0x200001D3,"",""
983,0x82630,0x0,0xE0A22002,"w=0xE0A22002",0xA,0xC,0x3D2,0x27F7F8,0x0,0x2,0xA,0x61,0x0,0x280400,0x0,0x0,0x6,0x27F7D8,0x8E780,0x200001D3,"",""
984,0x82634,0x0,0xE070C001,"w=0xE070C001",0xA,0xC,0x7A5,0x27F7F8,0x0,0x2,0xA,0x61,0x0,0x280400,0x0,0x0,0x6,0x27F7D8,0x8E780,0x200001D3,"",""
985,0x82638,0x0,0x20411000,"w=0x20411000",0xA,0xC,0x7A5,0x27F7F8,0x0,0x2,0xA,0x61,0x0,0x280400,0x0,0x0,0x2,0x27F7D8,0x8E780,0x200001D3,"",""
986,0x8263C,0x0,0xE0B22002,"w=0xE0B22002",0xA,0x2,0x7A5,0x27F7F8,0x0,0x2,0xA,0x61,0x0,0x280400,0x0,0x0,0x2,0x27F7D8,0x8E780,0x200001D3,"",""
987,0x82640,0x0,0x2AFFFFE5,"Bcond 0x825DC",0xA,0x2,0xF4B,0x27F7F8,0x0,0x2,0xA,0x61,0x0,0x280400,0x0,0x0,0x2,0x27F7D8,0x8E780,0x1D3,"",""
988,0x82644,0x0,0xE1A00002,"MOV r0,r2",0xA,0x2,0xF4B,0x27F7F8,0x0,0x2,0xA,0x61,0x0,0x280400,0x0,0x0,0x2,0x27F7D8,0x8E780,0x1D3,"",""
989,0x82648,0x0,0xE12FFF1E,"BX r14",0xF4B,0x2,0xF4B,0x27F7F8,0x0,0x2,0xA,0x61,0x0,0x280400,0x0,0x0,0x2,0x27F7D8,0x8E780,0x1D3,"",""
990,0x8E780,0x0,0xE20110FF,"w=0xE20110FF",0xF4B,0x2,0xF4B,0x27F7F8,0x0,0x2,0xA,0x61,0x0,0x280400,0x0,0x0,0x2,0x27F7D8,0x8E780,0x1D3,"",""
991,0x8E784,0x0,0xE351000A,"w=0xE351000A",0xF4B,0x2,0xF4B,0x27F7F8,0x0,0x2,0xA,0x61,0x0,0x280400,0x0,0x0,0x2,0x27F7D8,0x8E780,0x1D3,"",""
992,0x8E788,0x0,0x32812030,"w=0x32812030",0xF4B,0x2,0xF4B,0x27F7F8,0x0,0x2,0xA,0x61,0x0,0x280400,0x0,0x0,0x2,0x27F7D8,0x8E780,0x800001D3,"",""
993,0x8E78C,0x0,0x3A000002,"Bcond 0x8E79C",0xF4B,0x2,0x32,0x27F7F8,0x0,0x2,0xA,0x61,0x0,0x280400,0x0,0x0,0x2,0x27F7D8,0x8E780,0x800001D3,"",""
994,0x8E79C,0x0,0xE1A01005,"MOV r1,r5",0xF4B,0x2,0x32,0x27F7F8,0x0,0x2,0xA,0x61,0x0,0x280400,0x0,0x0,0x2,0x27F7D8,0x8E780,0x800001D3,"",""
995,0x8E7A0,0x0,0xE2855001,"w=0xE2855001",0xF4B,0x2,0x32,0x27F7F8,0x0,0x2,0xA,0x61,0x0,0x280400,0x0,0x0,0x2,0x27F7D8,0x8E780,0x800001D3,"",""
996,0x8E7A4,0x0,0xE28D3020,"w=0xE28D3020",0xF4B,0x2,0x32,0x27F7F8,0x0,0x3,0xA,0x61,0x0,0x280400,0x0,0x0,0x2,0x27F7D8,0x8E780,0x800001D3,"",""
997,0x8E7A8,0x0,0xE3500000,"CMP r0,#0x0",0xF4B,0x2,0x32,0x27F7F8,0x0,0x3,0xA,0x61,0x0,0x280400,0x0,0x0,0x2,0x27F7D8,0x8E780,0x800001D3,"",""
998,0x8E7AC,0x0,0x13550020,"w=0x13550020",0xF4B,0x2,0x32,0x27F7F8,0x0,0x3,0xA,0x61,0x0,0x280400,0x0,0x0,0x2,0x27F7D8,0x8E780,0x200001D3,"",""
999,0x8E7B0,0x0,0xE7C32001,"w=0xE7C32001",0xF4B,0x2,0x32,0x27F7F8,0x0,0x3,0xA,0x61,0x0,0x280400,0x0,0x0,0x2,0x27F7D8,0x8E780,0x800001D3,"","W:0x27F7FA/1"
1000,0x8E7B4,0x0,0x3AFFFFEE,"Bcond 0x8E774",0xF4B,0x2,0x32,0x27F7F8,0x0,0x3,0xA,0x61,0x0,0x280400,0x0,0x0,0x2,0x27F7D8,0x8E780,0x800001D3,"",""
1001,0x8E774,0x0,0xE1A01000,"MOV r1,r0",0xF4B,0x2,0x32,0x27F7F8,0x0,0x3,0xA,0x61,0x0,0x280400,0x0,0x0,0x2,0x27F7D8,0x8E780,0x800001D3,"",""
1002,0x8E778,0x0,0xE1A00006,"MOV r0,r6",0xF4B,0xF4B,0x32,0x27F7F8,0x0,0x3,0xA,0x61,0x0,0x280400,0x0,0x0,0x2,0x27F7D8,0x8E780,0x800001D3,"",""
1003,0x8E77C,0x0,0xEBFFCF82,"BL 0x8258C",0xA,0xF4B,0x32,0x27F7F8,0x0,0x3,0xA,0x61,0x0,0x280400,0x0,0x0,0x2,0x27F7D8,0x8E780,0x800001D3,"",""
1004,0x8258C,0x0,0xE3A02000,"w=0xE3A02000",0xA,0xF4B,0x32,0x27F7F8,0x0,0x3,0xA,0x61,0x0,0x280400,0x0,0x0,0x2,0x27F7D8,0x8E780,0x800001D3,"",""
1005,0x82590,0x0,0xE070C1A1,"w=0xE070C1A1",0xA,0xF4B,0x0,0x27F7F8,0x0,0x3,0xA,0x61,0x0,0x280400,0x0,0x0,0x2,0x27F7D8,0x8E780,0x800001D3,"",""
1006,0x82594,0x0,0x3A000020,"Bcond 0x8261C",0xA,0xF4B,0x0,0x27F7F8,0x0,0x3,0xA,0x61,0x0,0x280400,0x0,0x0,0x1DF,0x27F7D8,0x8E780,0x200001D3,"",""
1007,0x82598,0x0,0xE070C421,"w=0xE070C421",0xA,0xF4B,0x0,0x27F7F8,0x0,0x3,0xA,0x61,0x0,0x280400,0x0,0x0,0x1DF,0x27F7D8,0x8E780,0x200001D3,"",""
1008,0x8259C,0x0,0x3A00000F,"Bcond 0x825E0",0xA,0xF4B,0x0,0x27F7F8,0x0,0x3,0xA,0x61,0x0,0x280400,0x0,0x0,0x5,0x27F7D8,0x8E780,0x200001D3,"",""
1009,0x825A0,0x0,0xE1A00400,"w=0xE1A00400",0xA,0xF4B,0x0,0x27F7F8,0x0,0x3,0xA,0x61,0x0,0x280400,0x0,0x0,0x5,0x27F7D8,0x8E780,0x200001D3,"",""
1010,0x825A4,0x0,0xE38224FF,"w=0xE38224FF",0xA00,0xF4B,0x0,0x27F7F8,0x0,0x3,0xA,0x61,0x0,0x280400,0x0,0x0,0x5,0x27F7D8,0x8E780,0x200001D3,"",""
1011,0x825A8,0x0,0xE070C221,"w=0xE070C221",0xA00,0xF4B,0xFF000000,0x27F7F8,0x0,0x3,0xA,0x61,0x0,0x280400,0x0,0x0,0x5,0x27F7D8,0x8E780,0x200001D3,"",""
1012,0x825AC,0x0,0x3A000017,"Bcond 0x82610",0xA00,0xF4B,0xFF000000,0x27F7F8,0x0,0x3,0xA,0x61,0x0,0x280400,0x0,0x0,0xFFFFF6F4,0x27F7D8,0x8E780,0x800001D3,"",""
1013,0x82610,0x0,0xE070C1A1,"w=0xE070C1A1",0xA00,0xF4B,0xFF000000,0x27F7F8,0x0,0x3,0xA,0x61,0x0,0x280400,0x0,0x0,0xFFFFF6F4,0x27F7D8,0x8E780,0x800001D3,"",""
1014,0x82614,0x0,0x20411180,"w=0x20411180",0xA00,0xF4B,0xFF000000,0x27F7F8,0x0,0x3,0xA,0x61,0x0,0x280400,0x0,0x0,0xFFFFF7E9,0x27F7D8,0x8E780,0x800001D3,"",""
1015,0x82618,0x0,0xE0A22002,"w=0xE0A22002",0xA00,0xF4B,0xFF000000,0x27F7F8,0x0,0x3,0xA,0x61,0x0,0x280400,0x0,0x0,0xFFFFF7E9,0x27F7D8,0x8E780,0x800001D3,"",""
1016,0x8261C,0x0,0xE070C121,"w=0xE070C121",0xA00,0xF4B,0xFE000000,0x27F7F8,0x0,0x3,0xA,0x61,0x0,0x280400,0x0,0x0,0xFFFFF7E9,0x27F7D8,0x8E780,0x800001D3,"",""
1017,0x82620,0x0,0x20411100,"w=0x20411100",0xA00,0xF4B,0xFE000000,0x27F7F8,0x0,0x3,0xA,0x61,0x0,0x280400,0x0,0x0,0xFFFFF9D2,0x27F7D8,0x8E780,0x800001D3,"",""
1018,0x82624,0x0,0xE0A22002,"w=0xE0A22002",0xA00,0xF4B,0xFE000000,0x27F7F8,0x0,0x3,0xA,0x61,0x0,0x280400,0x0,0x0,0xFFFFF9D2,0x27F7D8,0x8E780,0x800001D3,"",""
1019,0x82628,0x0,0xE070C0A1,"w=0xE070C0A1",0xA00,0xF4B,0xFC000000,0x27F7F8,0x0,0x3,0xA,0x61,0x0,0x280400,0x0,0x0,0xFFFFF9D2,0x27F7D8,0x8E780,0x800001D3,"",""
1020,0x8262C,0x0,0x20411080,"w=0x20411080",0xA00,0xF4B,0xFC000000,0x27F7F8,0x0,0x3,0xA,0x61,0x0,0x280400,0x0,0x0,0xFFFFFDA5,0x27F7D8,0x8E780,0x800001D3,"",""
1021,0x82630,0x0,0xE0A22002,"w=0xE0A22002",0xA00,0xF4B,0xFC000000,0x27F7F8,0x0,0x3,0xA,0x61,0x0,0x280400,0x0,0x0,0xFFFFFDA5,0x27F7D8,0x8E780,0x800001D3,"",""
1022,0x82634,0x0,0xE070C001,"w=0xE070C001",0xA00,0xF4B,0xF8000000,0x27F7F8,0x0,0x3,0xA,0x61,0x0,0x280400,0x0,0x0,0xFFFFFDA5,0x27F7D8,0x8E780,0x800001D3,"",""
1023,0x82638,0x0,0x20411000,"w=0x20411000",0xA00,0xF4B,0xF8000000,0x27F7F8,0x0,0x3,0xA,0x61,0x0,0x280400,0x0,0x0,0x54B,0x27F7D8,0x8E780,0x200001D3,"",""
1024,0x8263C,0x0,0xE0B22002,"w=0xE0B22002",0xA00,0x54B,0xF8000000,0x27F7F8,0x0,0x3,0xA,0x61,0x0,0x280400,0x0,0x0,0x54B,0x27F7D8,0x8E780,0x200001D3,"",""
1025,0x82640,0x0,0x2AFFFFE5,"Bcond 0x825DC",0xA00,0x54B,0xF0000001,0x27F7F8,0x0,0x3,0xA,0x61,0x0,0x280400,0x0,0x0,0x54B,0x27F7D8,0x8E780,0xA00001D3,"",""
1026,0x825DC,0x0,0x21A00420,"w=0x21A00420",0xA00,0x54B,0xF0000001,0x27F7F8,0x0,0x3,0xA,0x61,0x0,0x280400,0x0,0x0,0x54B,0x27F7D8,0x8E780,0xA00001D3,"",""
1027,0x825E0,0x0,0xE070C3A1,"w=0xE070C3A1",0xA,0x54B,0xF0000001,0x27F7F8,0x0,0x3,0xA,0x61,0x0,0x280400,0x0,0x0,0x54B,0x27F7D8,0x8E780,0xA00001D3,"",""
1028,0x825E4,0x0,0x20411380,"w=0x20411380",0xA,0x54B,0xF0000001,0x27F7F8,0x0,0x3,0xA,0x61,0x0,0x280400,0x0,0x0,0x0,0x27F7D8,0x8E780,0x600001D3,"",""
1029,0x825E8,0x0,0xE0A22002,"w=0xE0A22002",0xA,0x4B,0xF0000001,0x27F7F8,0x0,0x3,0xA,0x61,0x0,0x280400,0x0,0x0,0x0,0x27F7D8,0x8E780,0x600001D3,"",""
1030,0x825EC,0x0,0xE070C321,"w=0xE070C321",0xA,0x4B,0xE0000003,0x27F7F8,0x0,0x3,0xA,0x61,0x0,0x280400,0x0,0x0,0x0,0x27F7D8,0x8E780,0x600001D3,"",""
1031,0x825F0,0x0,0x20411300,"w=0x20411300",0xA,0x4B,0xE0000003,0x27F7F8,0x0,0x3,0xA,0x61,0x0,0x280400,0x0,0x0,0xFFFFFFF7,0x27F7D8,0x8E780,0x800001D3,"",""
1032,0x825F4,0x0,0xE0A22002,"w=0xE0A22002",0xA,0x4B,0xE0000003,0x27F7F8,0x0,0x3,0xA,0x61,0x0,0x280400,0x0,0x0,0xFFFFFFF7,0x27F7D8,0x8E780,0x800001D3,"",""
1033,0x825F8,0x0,0xE070C2A1,"w=0xE070C2A1",0xA,0x4B,0xC0000006,0x27F7F8,0x0,0x3,0xA,0x61,0x0,0x280400,0x0,0x0,0xFFFFFFF7,0x27F7D8,0x8E780,0x800001D3,"",""
1034,0x825FC,0x0,0x20411280,"w=0x20411280",0xA,0x4B,0xC0000006,0x27F7F8,0x0,0x3,0xA,0x61,0x0,0x280400,0x0,0x0,0xFFFFFFF8,0x27F7D8,0x8E780,0x800001D3,"",""
1035,0x82600,0x0,0xE0A22002,"w=0xE0A22002",0xA,0x4B,0xC0000006,0x27F7F8,0x0,0x3,0xA,0x61,0x0,0x280400,0x0,0x0,0xFFFFFFF8,0x27F7D8,0x8E780,0x800001D3,"",""
1036,0x82604,0x0,0xE070C221,"w=0xE070C221",0xA,0x4B,0x8000000C,0x27F7F8,0x0,0x3,0xA,0x61,0x0,0x280400,0x0,0x0,0xFFFFFFF8,0x27F7D8,0x8E780,0x800001D3,"",""
1037,0x82608,0x0,0x20411200,"w=0x20411200",0xA,0x4B,0x8000000C,0x27F7F8,0x0,0x3,0xA,0x61,0x0,0x280400,0x0,0x0,0xFFFFFFFA,0x27F7D8,0x8E780,0x800001D3,"",""
1038,0x8260C,0x0,0xE0A22002,"w=0xE0A22002",0xA,0x4B,0x8000000C,0x27F7F8,0x0,0x3,0xA,0x61,0x0,0x280400,0x0,0x0,0xFFFFFFFA,0x27F7D8,0x8E780,0x800001D3,"",""
1039,0x82610,0x0,0xE070C1A1,"w=0xE070C1A1",0xA,0x4B,0x18,0x27F7F8,0x0,0x3,0xA,0x61,0x0,0x280400,0x0,0x0,0xFFFFFFFA,0x27F7D8,0x8E780,0x800001D3,"",""
1040,0x82614,0x0,0x20411180,"w=0x20411180",0xA,0x4B,0x18,0x27F7F8,0x0,0x3,0xA,0x61,0x0,0x280400,0x0,0x0,0xFFFFFFFF,0x27F7D8,0x8E780,0x800001D3,"",""
1041,0x82618,0x0,0xE0A22002,"w=0xE0A22002",0xA,0x4B,0x18,0x27F7F8,0x0,0x3,0xA,0x61,0x0,0x280400,0x0,0x0,0xFFFFFFFF,0x27F7D8,0x8E780,0x800001D3,"",""
1042,0x8261C,0x0,0xE070C121,"w=0xE070C121",0xA,0x4B,0x30,0x27F7F8,0x0,0x3,0xA,0x61,0x0,0x280400,0x0,0x0,0xFFFFFFFF,0x27F7D8,0x8E780,0x800001D3,"",""
1043,0x82620,0x0,0x20411100,"w=0x20411100",0xA,0x4B,0x30,0x27F7F8,0x0,0x3,0xA,0x61,0x0,0x280400,0x0,0x0,0x8,0x27F7D8,0x8E780,0x200001D3,"",""
1044,0x82624,0x0,0xE0A22002,"w=0xE0A22002",0xA,0x23,0x30,0x27F7F8,0x0,0x3,0xA,0x61,0x0,0x280400,0x0,0x0,0x8,0x27F7D8,0x8E780,0x200001D3,"",""
1045,0x82628,0x0,0xE070C0A1,"w=0xE070C0A1",0xA,0x23,0x61,0x27F7F8,0x0,0x3,0xA,0x61,0x0,0x280400,0x0,0x0,0x8,0x27F7D8,0x8E780,0x200001D3,"",""
1046,0x8262C,0x0,0x20411080,"w=0x20411080",0xA,0x23,0x61,0x27F7F8,0x0,0x3,0xA,0x61,0x0,0x280400,0x0,0x0,0x7,0x27F7D8,0x8E780,0x200001D3,"",""
1047,0x82630,0x0,0xE0A22002,"w=0xE0A22002",0xA,0xF,0x61,0x27F7F8,0x0,0x3,0xA,0x61,0x0,0x280400,0x0,0x0,0x7,0x27F7D8,0x8E780,0x200001D3,"",""
1048,0x82634,0x0,0xE070C001,"w=0xE070C001",0xA,0xF,0xC3,0x27F7F8,0x0,0x3,0xA,0x61,0x0,0x280400,0x0,0x0,0x7,0x27F7D8,0x8E780,0x200001D3,"",""
1049,0x82638,0x0,0x20411000,"w=0x20411000",0xA,0xF,0xC3,0x27F7F8,0x0,0x3,0xA,0x61,0x0,0x280400,0x0,0x0,0x5,0x27F7D8,0x8E780,0x200001D3,"",""
1050,0x8263C,0x0,0xE0B22002,"w=0xE0B22002",0xA,0x5,0xC3,0x27F7F8,0x0,0x3,0xA,0x61,0x0,0x280400,0x0,0x0,0x5,0x27F7D8,0x8E780,0x200001D3,"",""
1051,0x82640,0x0,0x2AFFFFE5,"Bcond 0x825DC",0xA,0x5,0x187,0x27F7F8,0x0,0x3,0xA,0x61,0x0,0x280400,0x0,0x0,0x5,0x27F7D8,0x8E780,0x1D3,"",""
1052,0x82644,0x0,0xE1A00002,"MOV r0,r2",0xA,0x5,0x187,0x27F7F8,0x0,0x3,0xA,0x61,0x0,0x280400,0x0,0x0,0x5,0x27F7D8,0x8E780,0x1D3,"",""
1053,0x82648,0x0,0xE12FFF1E,"BX r14",0x187,0x5,0x187,0x27F7F8,0x0,0x3,0xA,0x61,0x0,0x280400,0x0,0x0,0x5,0x27F7D8,0x8E780,0x1D3,"",""
1054,0x8E780,0x0,0xE20110FF,"w=0xE20110FF",0x187,0x5,0x187,0x27F7F8,0x0,0x3,0xA,0x61,0x0,0x280400,0x0,0x0,0x5,0x27F7D8,0x8E780,0x1D3,"",""
1055,0x8E784,0x0,0xE351000A,"w=0xE351000A",0x187,0x5,0x187,0x27F7F8,0x0,0x3,0xA,0x61,0x0,0x280400,0x0,0x0,0x5,0x27F7D8,0x8E780,0x1D3,"",""
1056,0x8E788,0x0,0x32812030,"w=0x32812030",0x187,0x5,0x187,0x27F7F8,0x0,0x3,0xA,0x61,0x0,0x280400,0x0,0x0,0x5,0x27F7D8,0x8E780,0x800001D3,"",""
1057,0x8E78C,0x0,0x3A000002,"Bcond 0x8E79C",0x187,0x5,0x35,0x27F7F8,0x0,0x3,0xA,0x61,0x0,0x280400,0x0,0x0,0x5,0x27F7D8,0x8E780,0x800001D3,"",""
1058,0x8E79C,0x0,0xE1A01005,"MOV r1,r5",0x187,0x5,0x35,0x27F7F8,0x0,0x3,0xA,0x61,0x0,0x280400,0x0,0x0,0x5,0x27F7D8,0x8E780,0x800001D3,"",""
1059,0x8E7A0,0x0,0xE2855001,"w=0xE2855001",0x187,0x3,0x35,0x27F7F8,0x0,0x3,0xA,0x61,0x0,0x280400,0x0,0x0,0x5,0x27F7D8,0x8E780,0x800001D3,"",""
1060,0x8E7A4,0x0,0xE28D3020,"w=0xE28D3020",0x187,0x3,0x35,0x27F7F8,0x0,0x4,0xA,0x61,0x0,0x280400,0x0,0x0,0x5,0x27F7D8,0x8E780,0x800001D3,"",""
1061,0x8E7A8,0x0,0xE3500000,"CMP r0,#0x0",0x187,0x3,0x35,0x27F7F8,0x0,0x4,0xA,0x61,0x0,0x280400,0x0,0x0,0x5,0x27F7D8,0x8E780,0x800001D3,"",""
1062,0x8E7AC,0x0,0x13550020,"w=0x13550020",0x187,0x3,0x35,0x27F7F8,0x0,0x4,0xA,0x61,0x0,0x280400,0x0,0x0,0x5,0x27F7D8,0x8E780,0x200001D3,"",""
1063,0x8E7B0,0x0,0xE7C32001,"w=0xE7C32001",0x187,0x3,0x35,0x27F7F8,0x0,0x4,0xA,0x61,0x0,0x280400,0x0,0x0,0x5,0x27F7D8,0x8E780,0x800001D3,"","W:0x27F7FB/1"
1064,0x8E7B4,0x0,0x3AFFFFEE,"Bcond 0x8E774",0x187,0x3,0x35,0x27F7F8,0x0,0x4,0xA,0x61,0x0,0x280400,0x0,0x0,0x5,0x27F7D8,0x8E780,0x800001D3,"",""
1065,0x8E774,0x0,0xE1A01000,"MOV r1,r0",0x187,0x3,0x35,0x27F7F8,0x0,0x4,0xA,0x61,0x0,0x280400,0x0,0x0,0x5,0x27F7D8,0x8E780,0x800001D3,"",""
1066,0x8E778,0x0,0xE1A00006,"MOV r0,r6",0x187,0x187,0x35,0x27F7F8,0x0,0x4,0xA,0x61,0x0,0x280400,0x0,0x0,0x5,0x27F7D8,0x8E780,0x800001D3,"",""
1067,0x8E77C,0x0,0xEBFFCF82,"BL 0x8258C",0xA,0x187,0x35,0x27F7F8,0x0,0x4,0xA,0x61,0x0,0x280400,0x0,0x0,0x5,0x27F7D8,0x8E780,0x800001D3,"",""
1068,0x8258C,0x0,0xE3A02000,"w=0xE3A02000",0xA,0x187,0x35,0x27F7F8,0x0,0x4,0xA,0x61,0x0,0x280400,0x0,0x0,0x5,0x27F7D8,0x8E780,0x800001D3,"",""
1069,0x82590,0x0,0xE070C1A1,"w=0xE070C1A1",0xA,0x187,0x0,0x27F7F8,0x0,0x4,0xA,0x61,0x0,0x280400,0x0,0x0,0x5,0x27F7D8,0x8E780,0x800001D3,"",""
1070,0x82594,0x0,0x3A000020,"Bcond 0x8261C",0xA,0x187,0x0,0x27F7F8,0x0,0x4,0xA,0x61,0x0,0x280400,0x0,0x0,0x26,0x27F7D8,0x8E780,0x200001D3,"",""
1071,0x82598,0x0,0xE070C421,"w=0xE070C421",0xA,0x187,0x0,0x27F7F8,0x0,0x4,0xA,0x61,0x0,0x280400,0x0,0x0,0x26,0x27F7D8,0x8E780,0x200001D3,"",""
1072,0x8259C,0x0,0x3A00000F,"Bcond 0x825E0",0xA,0x187,0x0,0x27F7F8,0x0,0x4,0xA,0x61,0x0,0x280400,0x0,0x0,0xFFFFFFF7,0x27F7D8,0x8E780,0x800001D3,"",""
1073,0x825E0,0x0,0xE070C3A1,"w=0xE070C3A1",0xA,0x187,0x0,0x27F7F8,0x0,0x4,0xA,0x61,0x0,0x280400,0x0,0x0,0xFFFFFFF7,0x27F7D8,0x8E780,0x800001D3,"",""
1074,0x825E4,0x0,0x20411380,"w=0x20411380",0xA,0x187,0x0,0x27F7F8,0x0,0x4,0xA,0x61,0x0,0x280400,0x0,0x0,0xFFFFFFF9,0x27F7D8,0x8E780,0x800001D3,"",""
1075,0x825E8,0x0,0xE0A22002,"w=0xE0A22002",0xA,0x187,0x0,0x27F7F8,0x0,0x4,0xA,0x61,0x0,0x280400,0x0,0x0,0xFFFFFFF9,0x27F7D8,0x8E780,0x800001D3,"",""
1076,0x825EC,0x0,0xE070C321,"w=0xE070C321",0xA,0x187,0x0,0x27F7F8,0x0,0x4,0xA,0x61,0x0,0x280400,0x0,0x0,0xFFFFFFF9,0x27F7D8,0x8E780,0x800001D3,"",""
1077,0x825F0,0x0,0x20411300,"w=0x20411300",0xA,0x187,0x0,0x27F7F8,0x0,0x4,0xA,0x61,0x0,0x280400,0x0,0x0,0xFFFFFFFC,0x27F7D8,0x8E780,0x800001D3,"",""
1078,0x825F4,0x0,0xE0A22002,"w=0xE0A22002",0xA,0x187,0x0,0x27F7F8,0x0,0x4,0xA,0x61,0x0,0x280400,0x0,0x0,0xFFFFFFFC,0x27F7D8,0x8E780,0x800001D3,"",""
1079,0x825F8,0x0,0xE070C2A1,"w=0xE070C2A1",0xA,0x187,0x0,0x27F7F8,0x0,0x4,0xA,0x61,0x0,0x280400,0x0,0x0,0xFFFFFFFC,0x27F7D8,0x8E780,0x800001D3,"",""
1080,0x825FC,0x0,0x20411280,"w=0x20411280",0xA,0x187,0x0,0x27F7F8,0x0,0x4,0xA,0x61,0x0,0x280400,0x0,0x0,0x2,0x27F7D8,0x8E780,0x200001D3,"",""
1081,0x82600,0x0,0xE0A22002,"w=0xE0A22002",0xA,0x47,0x0,0x27F7F8,0x0,0x4,0xA,0x61,0x0,0x280400,0x0,0x0,0x2,0x27F7D8,0x8E780,0x200001D3,"",""
1082,0x82604,0x0,0xE070C221,"w=0xE070C221",0xA,0x47,0x1,0x27F7F8,0x0,0x4,0xA,0x61,0x0,0x280400,0x0,0x0,0x2,0x27F7D8,0x8E780,0x200001D3,"",""
1083,0x82608,0x0,0x20411200,"w=0x20411200",0xA,0x47,0x1,0x27F7F8,0x0,0x4,0xA,0x61,0x0,0x280400,0x0,0x0,0xFFFFFFFA,0x27F7D8,0x8E780,0x800001D3,"",""
1084,0x8260C,0x0,0xE0A22002,"w=0xE0A22002",0xA,0x47,0x1,0x27F7F8,0x0,0x4,0xA,0x61,0x0,0x280400,0x0,0x0,0xFFFFFFFA,0x27F7D8,0x8E780,0x800001D3,"",""
1085,0x82610,0x0,0xE070C1A1,"w=0xE070C1A1",0xA,0x47,0x2,0x27F7F8,0x0,0x4,0xA,0x61,0x0,0x280400,0x0,0x0,0xFFFFFFFA,0x27F7D8,0x8E780,0x800001D3,"",""
1086,0x82614,0x0,0x20411180,"w=0x20411180",0xA,0x47,0x2,0x27F7F8,0x0,0x4,0xA,0x61,0x0,0x280400,0x0,0x0,0xFFFFFFFE,0x27F7D8,0x8E780,0x800001D3,"",""
1087,0x82618,0x0,0xE0A22002,"w=0xE0A22002",0xA,0x47,0x2,0x27F7F8,0x0,0x4,0xA,0x61,0x0,0x280400,0x0,0x0,0xFFFFFFFE,0x27F7D8,0x8E780,0x800001D3,"",""
1088,0x8261C,0x0,0xE070C121,"w=0xE070C121",0xA,0x47,0x4,0x27F7F8,0x0,0x4,0xA,0x61,0x0,0x280400,0x0,0x0,0xFFFFFFFE,0x27F7D8,0x8E780,0x800001D3,"",""
1089,0x82620,0x0,0x20411100,"w=0x20411100",0xA,0x47,0x4,0x27F7F8,0x0,0x4,0xA,0x61,0x0,0x280400,0x0,0x0,0x7,0x27F7D8,0x8E780,0x200001D3,"",""
1090,0x82624,0x0,0xE0A22002,"w=0xE0A22002",0xA,0x1F,0x4,0x27F7F8,0x0,0x4,0xA,0x61,0x0,0x280400,0x0,0x0,0x7,0x27F7D8,0x8E780,0x200001D3,"",""
1091,0x82628,0x0,0xE070C0A1,"w=0xE070C0A1",0xA,0x1F,0x9,0x27F7F8,0x0,0x4,0xA,0x61,0x0,0x280400,0x0,0x0,0x7,0x27F7D8,0x8E780,0x200001D3,"",""
1092,0x8262C,0x0,0x20411080,"w=0x20411080",0xA,0x1F,0x9,0x27F7F8,0x0,0x4,0xA,0x61,0x0,0x280400,0x0,0x0,0x5,0x27F7D8,0x8E780,0x200001D3,"",""
1093,0x82630,0x0,0xE0A22002,"w=0xE0A22002",0xA,0xB,0x9,0x27F7F8,0x0,0x4,0xA,0x61,0x0,0x280400,0x0,0x0,0x5,0x27F7D8,0x8E780,0x200001D3,"",""
1094,0x82634,0x0,0xE070C001,"w=0xE070C001",0xA,0xB,0x13,0x27F7F8,0x0,0x4,0xA,0x61,0x0,0x280400,0x0,0x0,0x5,0x27F7D8,0x8E780,0x200001D3,"",""
1095,0x82638,0x0,0x20411000,"w=0x20411000",0xA,0xB,0x13,0x27F7F8,0x0,0x4,0xA,0x61,0x0,0x280400,0x0,0x0,0x1,0x27F7D8,0x8E780,0x200001D3,"",""
1096,0x8263C,0x0,0xE0B22002,"w=0xE0B22002",0xA,0x1,0x13,0x27F7F8,0x0,0x4,0xA,0x61,0x0,0x280400,0x0,0x0,0x1,0x27F7D8,0x8E780,0x200001D3,"",""
1097,0x82640,0x0,0x2AFFFFE5,"Bcond 0x825DC",0xA,0x1,0x27,0x27F7F8,0x0,0x4,0xA,0x61,0x0,0x280400,0x0,0x0,0x1,0x27F7D8,0x8E780,0x1D3,"",""
1098,0x82644,0x0,0xE1A00002,"MOV r0,r2",0xA,0x1,0x27,0x27F7F8,0x0,0x4,0xA,0x61,0x0,0x280400,0x0,0x0,0x1,0x27F7D8,0x8E780,0x1D3,"",""
1099,0x82648,0x0,0xE12FFF1E,"BX r14",0x27,0x1,0x27,0x27F7F8,0x0,0x4,0xA,0x61,0x0,0x280400,0x0,0x0,0x1,0x27F7D8,0x8E780,0x1D3,"",""
1100,0x8E780,0x0,0xE20110FF,"w=0xE20110FF",0x27,0x1,0x27,0x27F7F8,0x0,0x4,0xA,0x61,0x0,0x280400,0x0,0x0,0x1,0x27F7D8,0x8E780,0x1D3,"",""
1101,0x8E784,0x0,0xE351000A,"w=0xE351000A",0x27,0x1,0x27,0x27F7F8,0x0,0x4,0xA,0x61,0x0,0x280400,0x0,0x0,0x1,0x27F7D8,0x8E780,0x1D3,"",""
1102,0x8E788,0x0,0x32812030,"w=0x32812030",0x27,0x1,0x27,0x27F7F8,0x0,0x4,0xA,0x61,0x0,0x280400,0x0,0x0,0x1,0x27F7D8,0x8E780,0x800001D3,"",""
1103,0x8E78C,0x0,0x3A000002,"Bcond 0x8E79C",0x27,0x1,0x31,0x27F7F8,0x0,0x4,0xA,0x61,0x0,0x280400,0x0,0x0,0x1,0x27F7D8,0x8E780,0x800001D3,"",""
1104,0x8E79C,0x0,0xE1A01005,"MOV r1,r5",0x27,0x1,0x31,0x27F7F8,0x0,0x4,0xA,0x61,0x0,0x280400,0x0,0x0,0x1,0x27F7D8,0x8E780,0x800001D3,"",""
1105,0x8E7A0,0x0,0xE2855001,"w=0xE2855001",0x27,0x4,0x31,0x27F7F8,0x0,0x4,0xA,0x61,0x0,0x280400,0x0,0x0,0x1,0x27F7D8,0x8E780,0x800001D3,"",""
1106,0x8E7A4,0x0,0xE28D3020,"w=0xE28D3020",0x27,0x4,0x31,0x27F7F8,0x0,0x5,0xA,0x61,0x0,0x280400,0x0,0x0,0x1,0x27F7D8,0x8E780,0x800001D3,"",""
1107,0x8E7A8,0x0,0xE3500000,"CMP r0,#0x0",0x27,0x4,0x31,0x27F7F8,0x0,0x5,0xA,0x61,0x0,0x280400,0x0,0x0,0x1,0x27F7D8,0x8E780,0x800001D3,"",""
1108,0x8E7AC,0x0,0x13550020,"w=0x13550020",0x27,0x4,0x31,0x27F7F8,0x0,0x5,0xA,0x61,0x0,0x280400,0x0,0x0,0x1,0x27F7D8,0x8E780,0x200001D3,"",""
1109,0x8E7B0,0x0,0xE7C32001,"w=0xE7C32001",0x27,0x4,0x31,0x27F7F8,0x0,0x5,0xA,0x61,0x0,0x280400,0x0,0x0,0x1,0x27F7D8,0x8E780,0x800001D3,"","W:0x27F7FC/1"
1110,0x8E7B4,0x0,0x3AFFFFEE,"Bcond 0x8E774",0x27,0x4,0x31,0x27F7F8,0x0,0x5,0xA,0x61,0x0,0x280400,0x0,0x0,0x1,0x27F7D8,0x8E780,0x800001D3,"",""
1111,0x8E774,0x0,0xE1A01000,"MOV r1,r0",0x27,0x4,0x31,0x27F7F8,0x0,0x5,0xA,0x61,0x0,0x280400,0x0,0x0,0x1,0x27F7D8,0x8E780,0x800001D3,"",""
1112,0x8E778,0x0,0xE1A00006,"MOV r0,r6",0x27,0x27,0x31,0x27F7F8,0x0,0x5,0xA,0x61,0x0,0x280400,0x0,0x0,0x1,0x27F7D8,0x8E780,0x800001D3,"",""
1113,0x8E77C,0x0,0xEBFFCF82,"BL 0x8258C",0xA,0x27,0x31,0x27F7F8,0x0,0x5,0xA,0x61,0x0,0x280400,0x0,0x0,0x1,0x27F7D8,0x8E780,0x800001D3,"",""
1114,0x8258C,0x0,0xE3A02000,"w=0xE3A02000",0xA,0x27,0x31,0x27F7F8,0x0,0x5,0xA,0x61,0x0,0x280400,0x0,0x0,0x1,0x27F7D8,0x8E780,0x800001D3,"",""
1115,0x82590,0x0,0xE070C1A1,"w=0xE070C1A1",0xA,0x27,0x0,0x27F7F8,0x0,0x5,0xA,0x61,0x0,0x280400,0x0,0x0,0x1,0x27F7D8,0x8E780,0x800001D3,"",""
1116,0x82594,0x0,0x3A000020,"Bcond 0x8261C",0xA,0x27,0x0,0x27F7F8,0x0,0x5,0xA,0x61,0x0,0x280400,0x0,0x0,0xFFFFFFFA,0x27F7D8,0x8E780,0x800001D3,"",""
1117,0x8261C,0x0,0xE070C121,"w=0xE070C121",0xA,0x27,0x0,0x27F7F8,0x0,0x5,0xA,0x61,0x0,0x280400,0x0,0x0,0xFFFFFFFA,0x27F7D8,0x8E780,0x800001D3,"",""
1118,0x82620,0x0,0x20411100,"w=0x20411100",0xA,0x27,0x0,0x27F7F8,0x0,0x5,0xA,0x61,0x0,0x280400,0x0,0x0,0xFFFFFFFF,0x27F7D8,0x8E780,0x800001D3,"",""
1119,0x82624,0x0,0xE0A22002,"w=0xE0A22002",0xA,0x27,0x0,0x27F7F8,0x0,0x5,0xA,0x61,0x0,0x280400,0x0,0x0,0xFFFFFFFF,0x27F7D8,0x8E780,0x800001D3,"",""
1120,0x82628,0x0,0xE070C0A1,"w=0xE070C0A1",0xA,0x27,0x0,0x27F7F8,0x0,0x5,0xA,0x61,0x0,0x280400,0x0,0x0,0xFFFFFFFF,0x27F7D8,0x8E780,0x800001D3,"",""
1121,0x8262C,0x0,0x20411080,"w=0x20411080",0xA,0x27,0x0,0x27F7F8,0x0,0x5,0xA,0x61,0x0,0x280400,0x0,0x0,0x9,0x27F7D8,0x8E780,0x200001D3,"",""
1122,0x82630,0x0,0xE0A22002,"w=0xE0A22002",0xA,0x13,0x0,0x27F7F8,0x0,0x5,0xA,0x61,0x0,0x280400,0x0,0x0,0x9,0x27F7D8,0x8E780,0x200001D3,"",""
1123,0x82634,0x0,0xE070C001,"w=0xE070C001",0xA,0x13,0x1,0x27F7F8,0x0,0x5,0xA,0x61,0x0,0x280400,0x0,0x0,0x9,0x27F7D8,0x8E780,0x200001D3,"",""
1124,0x82638,0x0,0x20411000,"w=0x20411000",0xA,0x13,0x1,0x27F7F8,0x0,0x5,0xA,0x61,0x0,0x280400,0x0,0x0,0x9,0x27F7D8,0x8E780,0x200001D3,"",""
1125,0x8263C,0x0,0xE0B22002,"w=0xE0B22002",0xA,0x9,0x1,0x27F7F8,0x0,0x5,0xA,0x61,0x0,0x280400,0x0,0x0,0x9,0x27F7D8,0x8E780,0x200001D3,"",""
1126,0x82640,0x0,0x2AFFFFE5,"Bcond 0x825DC",0xA,0x9,0x3,0x27F7F8,0x0,0x5,0xA,0x61,0x0,0x280400,0x0,0x0,0x9,0x27F7D8,0x8E780,0x1D3,"",""
1127,0x82644,0x0,0xE1A00002,"MOV r0,r2",0xA,0x9,0x3,0x27F7F8,0x0,0x5,0xA,0x61,0x0,0x280400,0x0,0x0,0x9,0x27F7D8,0x8E780,0x1D3,"",""
1128,0x82648,0x0,0xE12FFF1E,"BX r14",0x3,0x9,0x3,0x27F7F8,0x0,0x5,0xA,0x61,0x0,0x280400,0x0,0x0,0x9,0x27F7D8,0x8E780,0x1D3,"",""
1129,0x8E780,0x0,0xE20110FF,"w=0xE20110FF",0x3,0x9,0x3,0x27F7F8,0x0,0x5,0xA,0x61,0x0,0x280400,0x0,0x0,0x9,0x27F7D8,0x8E780,0x1D3,"",""
1130,0x8E784,0x0,0xE351000A,"w=0xE351000A",0x3,0x9,0x3,0x27F7F8,0x0,0x5,0xA,0x61,0x0,0x280400,0x0,0x0,0x9,0x27F7D8,0x8E780,0x1D3,"",""
1131,0x8E788,0x0,0x32812030,"w=0x32812030",0x3,0x9,0x3,0x27F7F8,0x0,0x5,0xA,0x61,0x0,0x280400,0x0,0x0,0x9,0x27F7D8,0x8E780,0x800001D3,"",""
1132,0x8E78C,0x0,0x3A000002,"Bcond 0x8E79C",0x3,0x9,0x39,0x27F7F8,0x0,0x5,0xA,0x61,0x0,0x280400,0x0,0x0,0x9,0x27F7D8,0x8E780,0x800001D3,"",""
1133,0x8E79C,0x0,0xE1A01005,"MOV r1,r5",0x3,0x9,0x39,0x27F7F8,0x0,0x5,0xA,0x61,0x0,0x280400,0x0,0x0,0x9,0x27F7D8,0x8E780,0x800001D3,"",""
1134,0x8E7A0,0x0,0xE2855001,"w=0xE2855001",0x3,0x5,0x39,0x27F7F8,0x0,0x5,0xA,0x61,0x0,0x280400,0x0,0x0,0x9,0x27F7D8,0x8E780,0x800001D3,"",""
1135,0x8E7A4,0x0,0xE28D3020,"w=0xE28D3020",0x3,0x5,0x39,0x27F7F8,0x0,0x6,0xA,0x61,0x0,0x280400,0x0,0x0,0x9,0x27F7D8,0x8E780,0x800001D3,"",""
1136,0x8E7A8,0x0,0xE3500000,"CMP r0,#0x0",0x3,0x5,0x39,0x27F7F8,0x0,0x6,0xA,0x61,0x0,0x280400,0x0,0x0,0x9,0x27F7D8,0x8E780,0x800001D3,"",""
1137,0x8E7AC,0x0,0x13550020,"w=0x13550020",0x3,0x5,0x39,0x27F7F8,0x0,0x6,0xA,0x61,0x0,0x280400,0x0,0x0,0x9,0x27F7D8,0x8E780,0x200001D3,"",""
1138,0x8E7B0,0x0,0xE7C32001,"w=0xE7C32001",0x3,0x5,0x39,0x27F7F8,0x0,0x6,0xA,0x61,0x0,0x280400,0x0,0x0,0x9,0x27F7D8,0x8E780,0x800001D3,"","W:0x27F7FD/1"
1139,0x8E7B4,0x0,0x3AFFFFEE,"Bcond 0x8E774",0x3,0x5,0x39,0x27F7F8,0x0,0x6,0xA,0x61,0x0,0x280400,0x0,0x0,0x9,0x27F7D8,0x8E780,0x800001D3,"",""
1140,0x8E774,0x0,0xE1A01000,"MOV r1,r0",0x3,0x5,0x39,0x27F7F8,0x0,0x6,0xA,0x61,0x0,0x280400,0x0,0x0,0x9,0x27F7D8,0x8E780,0x800001D3,"",""
1141,0x8E778,0x0,0xE1A00006,"MOV r0,r6",0x3,0x3,0x39,0x27F7F8,0x0,0x6,0xA,0x61,0x0,0x280400,0x0,0x0,0x9,0x27F7D8,0x8E780,0x800001D3,"",""
1142,0x8E77C,0x0,0xEBFFCF82,"BL 0x8258C",0xA,0x3,0x39,0x27F7F8,0x0,0x6,0xA,0x61,0x0,0x280400,0x0,0x0,0x9,0x27F7D8,0x8E780,0x800001D3,"",""
1143,0x8258C,0x0,0xE3A02000,"w=0xE3A02000",0xA,0x3,0x39,0x27F7F8,0x0,0x6,0xA,0x61,0x0,0x280400,0x0,0x0,0x9,0x27F7D8,0x8E780,0x800001D3,"",""
1144,0x82590,0x0,0xE070C1A1,"w=0xE070C1A1",0xA,0x3,0x0,0x27F7F8,0x0,0x6,0xA,0x61,0x0,0x280400,0x0,0x0,0x9,0x27F7D8,0x8E780,0x800001D3,"",""
1145,0x82594,0x0,0x3A000020,"Bcond 0x8261C",0xA,0x3,0x0,0x27F7F8,0x0,0x6,0xA,0x61,0x0,0x280400,0x0,0x0,0xFFFFFFF6,0x27F7D8,0x8E780,0x800001D3,"",""
1146,0x8261C,0x0,0xE070C121,"w=0xE070C121",0xA,0x3,0x0,0x27F7F8,0x0,0x6,0xA,0x61,0x0,0x280400,0x0,0x0,0xFFFFFFF6,0x27F7D8,0x8E780,0x800001D3,"",""
1147,0x82620,0x0,0x20411100,"w=0x20411100",0xA,0x3,0x0,0x27F7F8,0x0,0x6,0xA,0x61,0x0,0x280400,0x0,0x0,0xFFFFFFF6,0x27F7D8,0x8E780,0x800001D3,"",""
1148,0x82624,0x0,0xE0A22002,"w=0xE0A22002",0xA,0x3,0x0,0x27F7F8,0x0,0x6,0xA,0x61,0x0,0x280400,0x0,0x0,0xFFFFFFF6,0x27F7D8,0x8E780,0x800001D3,"",""
1149,0x82628,0x0,0xE070C0A1,"w=0xE070C0A1",0xA,0x3,0x0,0x27F7F8,0x0,0x6,0xA,0x61,0x0,0x280400,0x0,0x0,0xFFFFFFF6,0x27F7D8,0x8E780,0x800001D3,"",""
1150,0x8262C,0x0,0x20411080,"w=0x20411080",0xA,0x3,0x0,0x27F7F8,0x0,0x6,0xA,0x61,0x0,0x280400,0x0,0x0,0xFFFFFFF7,0x27F7D8,0x8E780,0x800001D3,"",""
1151,0x82630,0x0,0xE0A22002,"w=0xE0A22002",0xA,0x3,0x0,0x27F7F8,0x0,0x6,0xA,0x61,0x0,0x280400,0x0,0x0,0xFFFFFFF7,0x27F7D8,0x8E780,0x800001D3,"",""
1152,0x82634,0x0,0xE070C001,"w=0xE070C001",0xA,0x3,0x0,0x27F7F8,0x0,0x6,0xA,0x61,0x0,0x280400,0x0,0x0,0xFFFFFFF7,0x27F7D8,0x8E780,0x800001D3,"",""
1153,0x82638,0x0,0x20411000,"w=0x20411000",0xA,0x3,0x0,0x27F7F8,0x0,0x6,0xA,0x61,0x0,0x280400,0x0,0x0,0xFFFFFFF9,0x27F7D8,0x8E780,0x800001D3,"",""
1154,0x8263C,0x0,0xE0B22002,"w=0xE0B22002",0xA,0x3,0x0,0x27F7F8,0x0,0x6,0xA,0x61,0x0,0x280400,0x0,0x0,0xFFFFFFF9,0x27F7D8,0x8E780,0x800001D3,"",""
1155,0x82640,0x0,0x2AFFFFE5,"Bcond 0x825DC",0xA,0x3,0x0,0x27F7F8,0x0,0x6,0xA,0x61,0x0,0x280400,0x0,0x0,0xFFFFFFF9,0x27F7D8,0x8E780,0x400001D3,"",""
1156,0x82644,0x0,0xE1A00002,"MOV r0,r2",0xA,0x3,0x0,0x27F7F8,0x0,0x6,0xA,0x61,0x0,0x280400,0x0,0x0,0xFFFFFFF9,0x27F7D8,0x8E780,0x400001D3,"",""
1157,0x82648,0x0,0xE12FFF1E,"BX r14",0x0,0x3,0x0,0x27F7F8,0x0,0x6,0xA,0x61,0x0,0x280400,0x0,0x0,0xFFFFFFF9,0x27F7D8,0x8E780,0x400001D3,"",""
1158,0x8E780,0x0,0xE20110FF,"w=0xE20110FF",0x0,0x3,0x0,0x27F7F8,0x0,0x6,0xA,0x61,0x0,0x280400,0x0,0x0,0xFFFFFFF9,0x27F7D8,0x8E780,0x400001D3,"",""
1159,0x8E784,0x0,0xE351000A,"w=0xE351000A",0x0,0x3,0x0,0x27F7F8,0x0,0x6,0xA,0x61,0x0,0x280400,0x0,0x0,0xFFFFFFF9,0x27F7D8,0x8E780,0x400001D3,"",""
1160,0x8E788,0x0,0x32812030,"w=0x32812030",0x0,0x3,0x0,0x27F7F8,0x0,0x6,0xA,0x61,0x0,0x280400,0x0,0x0,0xFFFFFFF9,0x27F7D8,0x8E780,0x800001D3,"",""
1161,0x8E78C,0x0,0x3A000002,"Bcond 0x8E79C",0x0,0x3,0x33,0x27F7F8,0x0,0x6,0xA,0x61,0x0,0x280400,0x0,0x0,0xFFFFFFF9,0x27F7D8,0x8E780,0x800001D3,"",""
1162,0x8E79C,0x0,0xE1A01005,"MOV r1,r5",0x0,0x3,0x33,0x27F7F8,0x0,0x6,0xA,0x61,0x0,0x280400,0x0,0x0,0xFFFFFFF9,0x27F7D8,0x8E780,0x800001D3,"",""
1163,0x8E7A0,0x0,0xE2855001,"w=0xE2855001",0x0,0x6,0x33,0x27F7F8,0x0,0x6,0xA,0x61,0x0,0x280400,0x0,0x0,0xFFFFFFF9,0x27F7D8,0x8E780,0x800001D3,"",""
1164,0x8E7A4,0x0,0xE28D3020,"w=0xE28D3020",0x0,0x6,0x33,0x27F7F8,0x0,0x7,0xA,0x61,0x0,0x280400,0x0,0x0,0xFFFFFFF9,0x27F7D8,0x8E780,0x800001D3,"",""
1165,0x8E7A8,0x0,0xE3500000,"CMP r0,#0x0",0x0,0x6,0x33,0x27F7F8,0x0,0x7,0xA,0x61,0x0,0x280400,0x0,0x0,0xFFFFFFF9,0x27F7D8,0x8E780,0x800001D3,"",""
1166,0x8E7AC,0x0,0x13550020,"w=0x13550020",0x0,0x6,0x33,0x27F7F8,0x0,0x7,0xA,0x61,0x0,0x280400,0x0,0x0,0xFFFFFFF9,0x27F7D8,0x8E780,0x600001D3,"",""
1167,0x8E7B0,0x0,0xE7C32001,"w=0xE7C32001",0x0,0x6,0x33,0x27F7F8,0x0,0x7,0xA,0x61,0x0,0x280400,0x0,0x0,0xFFFFFFF9,0x27F7D8,0x8E780,0x600001D3,"","W:0x27F7FE/1"
1168,0x8E7B4,0x0,0x3AFFFFEE,"Bcond 0x8E774",0x0,0x6,0x33,0x27F7F8,0x0,0x7,0xA,0x61,0x0,0x280400,0x0,0x0,0xFFFFFFF9,0x27F7D8,0x8E780,0x600001D3,"",""
1169,0x8E7B8,0x0,0xE58D4018,"STR r4,[sp,#0x18]",0x0,0x6,0x33,0x27F7F8,0x0,0x7,0xA,0x61,0x0,0x280400,0x0,0x0,0xFFFFFFF9,0x27F7D8,0x8E780,0x600001D3,"","W:0x27F7F0/4"
1170,0x8E7BC,0x0,0xE28D000C,"w=0xE28D000C",0x0,0x6,0x33,0x27F7F8,0x0,0x7,0xA,0x61,0x0,0x280400,0x0,0x0,0xFFFFFFF9,0x27F7D8,0x8E780,0x600001D3,"",""
1171,0x8E7C0,0x0,0xE8800C40,"w=0xE8800C40",0x27F7E4,0x6,0x33,0x27F7F8,0x0,0x7,0xA,0x61,0x0,0x280400,0x0,0x0,0xFFFFFFF9,0x27F7D8,0x8E780,0x600001D3,"","W:0x27F7E4/4"
1172,0x8E7C4,0x0,0xE28D1020,"w=0xE28D1020",0x27F7E4,0x6,0x33,0x27F7F8,0x0,0x7,0xA,0x61,0x0,0x280400,0x0,0x0,0xFFFFFFF9,0x27F7D8,0x8E780,0x600001D3,"",""
1173,0x8E7C8,0x0,0xE88D0122,"w=0xE88D0122",0x27F7E4,0x27F7F8,0x33,0x27F7F8,0x0,0x7,0xA,0x61,0x0,0x280400,0x0,0x0,0xFFFFFFF9,0x27F7D8,0x8E780,0x600001D3,"","W:0x27F7D8/4"
1174,0x8E7CC,0x0,0xE28D3040,"w=0xE28D3040",0x27F7E4,0x27F7F8,0x33,0x27F7F8,0x0,0x7,0xA,0x61,0x0,0x280400,0x0,0x0,0xFFFFFFF9,0x27F7D8,0x8E780,0x600001D3,"",""
1175,0x8E7D0,0x0,0xE893000F,"w=0xE893000F",0x27F7E4,0x27F7F8,0x33,0x27F818,0x0,0x7,0xA,0x61,0x0,0x280400,0x0,0x0,0xFFFFFFF9,0x27F7D8,0x8E780,0x600001D3,"","R:0x27F818/4"
1176,0x8E7D4,0x0,0xEBFFFF3D,"BL 0x8E4D0",0x8E8F8,0x27F8B8,0x1C,0x200,0x0,0x7,0xA,0x61,0x0,0x280400,0x0,0x0,0xFFFFFFF9,0x27F7D8,0x8E780,0x600001D3,"",""
1177,0x8E4D0,0x0,0xE92D4DFF,"STMFD sp!,{..} list=0x4DFF",0x8E8F8,0x27F8B8,0x1C,0x200,0x0,0x7,0xA,0x61,0x0,0x280400,0x0,0x0,0xFFFFFFF9,0x27F7D8,0x8E7D8,0x600001D3,"","W:0x27F7A8/4"
1178,0x8E4D4,0x0,0xE24DD008,"w=0xE24DD008",0x8E8F8,0x27F8B8,0x1C,0x200,0x0,0x7,0xA,0x61,0x0,0x280400,0x0,0x0,0xFFFFFFF9,0x27F7A8,0x8E7D8,0x600001D3,"",""
1179,0x8E4D8,0x0,0xE59D6050,"LDR r6,[sp,#0x50]",0x8E8F8,0x27F8B8,0x1C,0x200,0x0,0x7,0xA,0x61,0x0,0x280400,0x0,0x0,0xFFFFFFF9,0x27F7A0,0x8E7D8,0x600001D3,"","R:0x27F7F0/4"
1180,0x8E4DC,0x0,0xE28D7044,"w=0xE28D7044",0x8E8F8,0x27F8B8,0x1C,0x200,0x0,0x7,0x0,0x61,0x0,0x280400,0x0,0x0,0xFFFFFFF9,0x27F7A0,0x8E7D8,0x600001D3,"",""
1181,0x8E4E0,0x0,0xE1A0B003,"MOV r11,r3",0x8E8F8,0x27F8B8,0x1C,0x200,0x0,0x7,0x0,0x27F7E4,0x0,0x280400,0x0,0x0,0xFFFFFFF9,0x27F7A0,0x8E7D8,0x600001D3,"",""
1182,0x8E4E4,0x0,0xE897008A,"w=0xE897008A",0x8E8F8,0x27F8B8,0x1C,0x200,0x0,0x7,0x0,0x27F7E4,0x0,0x280400,0x0,0x200,0xFFFFFFF9,0x27F7A0,0x8E7D8,0x600001D3,"","R:0x27F7E4/4"
1183,0x8E4E8,0x0,0xE28DE038,"w=0xE28DE038",0x8E8F8,0xA,0x1C,0x0,0x0,0x7,0x0,0x0,0x0,0x280400,0x0,0x200,0xFFFFFFF9,0x27F7A0,0x8E7D8,0x600001D3,"",""
1184,0x8E4EC,0x0,0xE89E4120,"w=0xE89E4120",0x8E8F8,0xA,0x1C,0x0,0x0,0x7,0x0,0x0,0x0,0x280400,0x0,0x200,0xFFFFFFF9,0x27F7A0,0x27F7D8,0x600001D3,"","R:0x27F7D8/4"
1185,0x8E4F0,0x0,0xE3A0C030,"w=0xE3A0C030",0x8E8F8,0xA,0x1C,0x0,0x0,0x27F7F8,0x0,0x0,0x7,0x280400,0x0,0x200,0xFFFFFFF9,0x27F7A0,0x0,0x600001D3,"",""
1186,0x8E4F4,0x0,0xE3160002,"w=0xE3160002",0x8E8F8,0xA,0x1C,0x0,0x0,0x27F7F8,0x0,0x0,0x7,0x280400,0x0,0x200,0x30,0x27F7A0,0x0,0x600001D3,"",""
1187,0x8E4F8,0x0,0x1A000016,"Bcond 0x8E558",0x8E8F8,0xA,0x1C,0x0,0x0,0x27F7F8,0x0,0x0,0x7,0x280400,0x0,0x200,0x30,0x27F7A0,0x0,0x600001D3,"",""
1188,0x8E4FC,0x0,0xE3570000,"w=0xE3570000",0x8E8F8,0xA,0x1C,0x0,0x0,0x27F7F8,0x0,0x0,0x7,0x280400,0x0,0x200,0x30,0x27F7A0,0x0,0x600001D3,"",""
1189,0x8E500,0x0,0x12060001,"w=0x12060001",0x8E8F8,0xA,0x1C,0x0,0x0,0x27F7F8,0x0,0x0,0x7,0x280400,0x0,0x200,0x30,0x27F7A0,0x0,0x600001D3,"",""
1190,0x8E504,0x0,0x13500000,"w=0x13500000",0x8E8F8,0xA,0x1C,0x0,0x0,0x27F7F8,0x0,0x0,0x7,0x280400,0x0,0x200,0x30,0x27F7A0,0x0,0x600001D3,"",""
1191,0x8E508,0x0,0x1206000C,"w=0x1206000C",0x8E8F8,0xA,0x1C,0x0,0x0,0x27F7F8,0x0,0x0,0x7,0x280400,0x0,0x200,0x30,0x27F7A0,0x0,0x600001D3,"",""
1192,0x8E50C,0x0,0x1190000E,"w=0x1190000E",0x8E8F8,0xA,0x1C,0x0,0x0,0x27F7F8,0x0,0x0,0x7,0x280400,0x0,0x200,0x30,0x27F7A0,0x0,0x600001D3,"",""
1193,0x8E510,0x0,0x12477001,"w=0x12477001",0x8E8F8,0xA,0x1C,0x0,0x0,0x27F7F8,0x0,0x0,0x7,0x280400,0x0,0x200,0x30,0x27F7A0,0x0,0x600001D3,"",""
1194,0x8E514,0x0,0x1A000003,"Bcond 0x8E528",0x8E8F8,0xA,0x1C,0x0,0x0,0x27F7F8,0x0,0x0,0x7,0x280400,0x0,0x200,0x30,0x27F7A0,0x0,0x600001D3,"",""
1195,0x8E518,0x0,0xEA000002,"Bcond 0x8E528",0x8E8F8,0xA,0x1C,0x0,0x0,0x27F7F8,0x0,0x0,0x7,0x280400,0x0,0x200,0x30,0x27F7A0,0x0,0x600001D3,"",""
1196,0x8E528,0x0,0xE1580003,"w=0xE1580003",0x8E8F8,0xA,0x1C,0x0,0x0,0x27F7F8,0x0,0x0,0x7,0x280400,0x0,0x200,0x30,0x27F7A0,0x0,0x600001D3,"",""
1197,0x8E52C,0x0,0x33580020,"w=0x33580020",0x8E8F8,0xA,0x1C,0x0,0x0,0x27F7F8,0x0,0x0,0x7,0x280400,0x0,0x200,0x30,0x27F7A0,0x0,0x200001D3,"",""
1198,0x8E530,0x0,0x3AFFFFF9,"Bcond 0x8E51C",0x8E8F8,0xA,0x1C,0x0,0x0,0x27F7F8,0x0,0x0,0x7,0x280400,0x0,0x200,0x30,0x27F7A0,0x0,0x200001D3,"",""
1199,0x8E534,0x0,0xEA000002,"Bcond 0x8E544",0x8E8F8,0xA,0x1C,0x0,0x0,0x27F7F8,0x0,0x0,0x7,0x280400,0x0,0x200,0x30,0x27F7A0,0x0,0x200001D3,"",""
1200,0x8E544,0x0,0xE2060001,"w=0xE2060001",0x8E8F8,0xA,0x1C,0x0,0x0,0x27F7F8,0x0,0x0,0x7,0x280400,0x0,0x200,0x30,0x27F7A0,0x0,0x200001D3,"",""
1201,0x8E548,0x0,0xE3500000,"CMP r0,#0x0",0x0,0xA,0x1C,0x0,0x0,0x27F7F8,0x0,0x0,0x7,0x280400,0x0,0x200,0x30,0x27F7A0,0x0,0x200001D3,"",""
1202,0x8E54C,0x0,0x11580007,"w=0x11580007",0x0,0xA,0x1C,0x0,0x0,0x27F7F8,0x0,0x0,0x7,0x280400,0x0,0x200,0x30,0x27F7A0,0x0,0x600001D3,"",""
1203,0x8E550,0x0,0x33580020,"w=0x33580020",0x0,0xA,0x1C,0x0,0x0,0x27F7F8,0x0,0x0,0x7,0x280400,0x0,0x200,0x30,0x27F7A0,0x0,0x600001D3,"",""
1204,0x8E554,0x0,0x3AFFFFF7,"Bcond 0x8E538",0x0,0xA,0x1C,0x0,0x0,0x27F7F8,0x0,0x0,0x7,0x280400,0x0,0x200,0x30,0x27F7A0,0x0,0x600001D3,"",""
1205,0x8E558,0x0,0xE3160010,"w=0xE3160010",0x0,0xA,0x1C,0x0,0x0,0x27F7F8,0x0,0x0,0x7,0x280400,0x0,0x200,0x30,0x27F7A0,0x0,0x600001D3,"",""
1206,0x8E55C,0x0,0x0A00002B,"Bcond 0x8E610",0x0,0xA,0x1C,0x0,0x0,0x27F7F8,0x0,0x0,0x7,0x280400,0x0,0x200,0x30,0x27F7A0,0x0,0x600001D3,"",""
1207,0x8E610,0x0,0xE3580020,"w=0xE3580020",0x0,0xA,0x1C,0x0,0x0,0x27F7F8,0x0,0x0,0x7,0x280400,0x0,0x200,0x30,0x27F7A0,0x0,0x600001D3,"",""
1208,0x8E614,0x0,0x2A000013,"Bcond 0x8E668",0x0,0xA,0x1C,0x0,0x0,0x27F7F8,0x0,0x0,0x7,0x280400,0x0,0x200,0x30,0x27F7A0,0x0,0x800001D3,"",""
1209,0x8E618,0x0,0xE35E0000,"w=0xE35E0000",0x0,0xA,0x1C,0x0,0x0,0x27F7F8,0x0,0x0,0x7,0x280400,0x0,0x200,0x30,0x27F7A0,0x0,0x800001D3,"",""
1210,0x8E61C,0x0,0x0A000004,"Bcond 0x8E634",0x0,0xA,0x1C,0x0,0x0,0x27F7F8,0x0,0x0,0x7,0x280400,0x0,0x200,0x30,0x27F7A0,0x0,0x600001D3,"",""
1211,0x8E634,0x0,0xE3160004,"w=0xE3160004",0x0,0xA,0x1C,0x0,0x0,0x27F7F8,0x0,0x0,0x7,0x280400,0x0,0x200,0x30,0x27F7A0,0x0,0x600001D3,"",""
1212,0x8E638,0x0,0x0A000004,"Bcond 0x8E650",0x0,0xA,0x1C,0x0,0x0,0x27F7F8,0x0,0x0,0x7,0x280400,0x0,0x200,0x30,0x27F7A0,0x0,0x600001D3,"",""
1213,0x8E650,0x0,0xE3160008,"w=0xE3160008",0x0,0xA,0x1C,0x0,0x0,0x27F7F8,0x0,0x0,0x7,0x280400,0x0,0x200,0x30,0x27F7A0,0x0,0x600001D3,"",""
1214,0x8E654,0x0,0x0A000003,"Bcond 0x8E668",0x0,0xA,0x1C,0x0,0x0,0x27F7F8,0x0,0x0,0x7,0x280400,0x0,0x200,0x30,0x27F7A0,0x0,0x600001D3,"",""
1215,0x8E668,0x0,0xE1A04002,"MOV r4,r2",0x0,0xA,0x1C,0x0,0x0,0x27F7F8,0x0,0x0,0x7,0x280400,0x0,0x200,0x30,0x27F7A0,0x0,0x600001D3,"",""
1216,0x8E66C,0x0,0xE3160003,"w=0xE3160003",0x0,0xA,0x1C,0x0,0x1C,0x27F7F8,0x0,0x0,0x7,0x280400,0x0,0x200,0x30,0x27F7A0,0x0,0x600001D3,"",""
1217,0x8E670,0x0,0xE58D2004,"STR r2,[sp,#0x4]",0x0,0xA,0x1C,0x0,0x1C,0x27F7F8,0x0,0x0,0x7,0x280400,0x0,0x200,0x30,0x27F7A0,0x0,0x600001D3,"","W:0x27F7A4/4"
1218,0x8E674,0x0,0x1A00000C,"Bcond 0x8E6AC",0x0,0xA,0x1C,0x0,0x1C,0x27F7F8,0x0,0x0,0x7,0x280400,0x0,0x200,0x30,0x27F7A0,0x0,0x600001D3,"",""
1219,0x8E678,0x0,0xE1A0A008,"MOV r10,r8",0x0,0xA,0x1C,0x0,0x1C,0x27F7F8,0x0,0x0,0x7,0x280400,0x0,0x200,0x30,0x27F7A0,0x0,0x600001D3,"",""
1220,0x8E67C,0x0,0xE1580007,"w=0xE1580007",0x0,0xA,0x1C,0x0,0x1C,0x27F7F8,0x0,0x0,0x7,0x280400,0x7,0x200,0x30,0x27F7A0,0x0,0x600001D3,"",""
1221,0x8E680,0x0,0x2A000009,"Bcond 0x8E6AC",0x0,0xA,0x1C,0x0,0x1C,0x27F7F8,0x0,0x0,0x7,0x280400,0x7,0x200,0x30,0x27F7A0,0x0,0x200001D3,"",""
1222,0x8E6AC,0x0,0xE3580000,"w=0xE3580000",0x0,0xA,0x1C,0x0,0x1C,0x27F7F8,0x0,0x0,0x7,0x280400,0x7,0x200,0x30,0x27F7A0,0x0,0x200001D3,"",""
1223,0x8E6B0,0x0,0x0A000009,"Bcond 0x8E6DC",0x0,0xA,0x1C,0x0,0x1C,0x27F7F8,0x0,0x0,0x7,0x280400,0x7,0x200,0x30,0x27F7A0,0x0,0x200001D3,"",""
1224,0x8E6B4,0x0,0xE2488001,"w=0xE2488001",0x0,0xA,0x1C,0x0,0x1C,0x27F7F8,0x0,0x0,0x7,0x280400,0x7,0x200,0x30,0x27F7A0,0x0,0x200001D3,"",""
1225,0x8E6B8,0x0,0xE7D50008,"w=0xE7D50008",0x0,0xA,0x1C,0x0,0x1C,0x27F7F8,0x0,0x0,0x6,0x280400,0x7,0x200,0x30,0x27F7A0,0x0,0x200001D3,"","R:0x27F7FE/1"
1226,0x8E6BC,0x0,0xE59DC008,"LDR r12,[sp,#0x8]",0x33,0xA,0x1C,0x0,0x1C,0x27F7F8,0x0,0x0,0x6,0x280400,0x7,0x200,0x30,0x27F7A0,0x0,0x200001D3,"","R:0x27F7A8/4"
1227,0x8E6C0,0x0,0xE1A02004,"MOV r2,r4",0x33,0xA,0x1C,0x0,0x1C,0x27F7F8,0x0,0x0,0x6,0x280400,0x7,0x200,0x8E8F8,0x27F7A0,0x0,0x200001D3,"",""
1228,0x8E6C4,0x0,0xE2844001,"w=0xE2844001",0x33,0xA,0x1C,0x0,0x1C,0x27F7F8,0x0,0x0,0x6,0x280400,0x7,0x200,0x8E8F8,0x27F7A0,0x0,0x200001D3,"",""
1229,0x8E6C8,0x0,0xE59D100C,"LDR r1,[sp,#0xC]",0x33,0xA,0x1C,0x0,0x1D,0x27F7F8,0x0,0x0,0x6,0x280400,0x7,0x200,0x8E8F8,0x27F7A0,0x0,0x200001D3,"","R:0x27F7AC/4"
1230,0x8E6CC,0x0,0xE1A0300B,"MOV r3,r11",0x33,0x27F8B8,0x1C,0x0,0x1D,0x27F7F8,0x0,0x0,0x6,0x280400,0x7,0x200,0x8E8F8,0x27F7A0,0x0,0x200001D3,"",""
1231,0x8E6D0,0x0,0xE12FFF3C,"BLX r12",0x33,0x27F8B8,0x1C,0x200,0x1D,0x27F7F8,0x0,0x0,0x6,0x280400,0x7,0x200,0x8E8F8,0x27F7A0,0x0,0x200001D3,"",""
1232,0x8E8F8,0x0,0xE1520003,"w=0xE1520003",0x33,0x27F8B8,0x1C,0x200,0x1D,0x27F7F8,0x0,0x0,0x6,0x280400,0x7,0x200,0x8E8F8,0x27F7A0,0x8E6D4,0x200001D3,"",""
1233,0x8E8FC,0x0,0x37C10002,"w=0x37C10002",0x33,0x27F8B8,0x1C,0x200,0x1D,0x27F7F8,0x0,0x0,0x6,0x280400,0x7,0x200,0x8E8F8,0x27F7A0,0x8E6D4,0x800001D3,"","W:0x27F8D4/1"
1234,0x8E900,0x0,0xE12FFF1E,"BX r14",0x33,0x27F8B8,0x1C,0x200,0x1D,0x27F7F8,0x0,0x0,0x6,0x280400,0x7,0x200,0x8E8F8,0x27F7A0,0x8E6D4,0x800001D3,"",""
1235,0x8E6D4,0x0,0xE3580000,"w=0xE3580000",0x33,0x27F8B8,0x1C,0x200,0x1D,0x27F7F8,0x0,0x0,0x6,0x280400,0x7,0x200,0x8E8F8,0x27F7A0,0x8E6D4,0x800001D3,"",""
1236,0x8E6D8,0x0,0x1AFFFFF5,"Bcond 0x8E6B4",0x33,0x27F8B8,0x1C,0x200,0x1D,0x27F7F8,0x0,0x0,0x6,0x280400,0x7,0x200,0x8E8F8,0x27F7A0,0x8E6D4,0x200001D3,"",""
1237,0x8E6B4,0x0,0xE2488001,"w=0xE2488001",0x33,0x27F8B8,0x1C,0x200,0x1D,0x27F7F8,0x0,0x0,0x6,0x280400,0x7,0x200,0x8E8F8,0x27F7A0,0x8E6D4,0x200001D3,"",""
1238,0x8E6B8,0x0,0xE7D50008,"w=0xE7D50008",0x33,0x27F8B8,0x1C,0x200,0x1D,0x27F7F8,0x0,0x0,0x5,0x280400,0x7,0x200,0x8E8F8,0x27F7A0,0x8E6D4,0x200001D3,"","R:0x27F7FD/1"
1239,0x8E6BC,0x0,0xE59DC008,"LDR r12,[sp,#0x8]",0x39,0x27F8B8,0x1C,0x200,0x1D,0x27F7F8,0x0,0x0,0x5,0x280400,0x7,0x200,0x8E8F8,0x27F7A0,0x8E6D4,0x200001D3,"","R:0x27F7A8/4"
1240,0x8E6C0,0x0,0xE1A02004,"MOV r2,r4",0x39,0x27F8B8,0x1C,0x200,0x1D,0x27F7F8,0x0,0x0,0x5,0x280400,0x7,0x200,0x8E8F8,0x27F7A0,0x8E6D4,0x200001D3,"",""
1241,0x8E6C4,0x0,0xE2844001,"w=0xE2844001",0x39,0x27F8B8,0x1D,0x200,0x1D,0x27F7F8,0x0,0x0,0x5,0x280400,0x7,0x200,0x8E8F8,0x27F7A0,0x8E6D4,0x200001D3,"",""
1242,0x8E6C8,0x0,0xE59D100C,"LDR r1,[sp,#0xC]",0x39,0x27F8B8,0x1D,0x200,0x1E,0x27F7F8,0x0,0x0,0x5,0x280400,0x7,0x200,0x8E8F8,0x27F7A0,0x8E6D4,0x200001D3,"","R:0x27F7AC/4"
1243,0x8E6CC,0x0,0xE1A0300B,"MOV r3,r11",0x39,0x27F8B8,0x1D,0x200,0x1E,0x27F7F8,0x0,0x0,0x5,0x280400,0x7,0x200,0x8E8F8,0x27F7A0,0x8E6D4,0x200001D3,"",""
1244,0x8E6D0,0x0,0xE12FFF3C,"BLX r12",0x39,0x27F8B8,0x1D,0x200,0x1E,0x27F7F8,0x0,0x0,0x5,0x280400,0x7,0x200,0x8E8F8,0x27F7A0,0x8E6D4,0x200001D3,"",""
1245,0x8E8F8,0x0,0xE1520003,"w=0xE1520003",0x39,0x27F8B8,0x1D,0x200,0x1E,0x27F7F8,0x0,0x0,0x5,0x280400,0x7,0x200,0x8E8F8,0x27F7A0,0x8E6D4,0x200001D3,"",""
1246,0x8E8FC,0x0,0x37C10002,"w=0x37C10002",0x39,0x27F8B8,0x1D,0x200,0x1E,0x27F7F8,0x0,0x0,0x5,0x280400,0x7,0x200,0x8E8F8,0x27F7A0,0x8E6D4,0x800001D3,"","W:0x27F8D5/1"
1247,0x8E900,0x0,0xE12FFF1E,"BX r14",0x39,0x27F8B8,0x1D,0x200,0x1E,0x27F7F8,0x0,0x0,0x5,0x280400,0x7,0x200,0x8E8F8,0x27F7A0,0x8E6D4,0x800001D3,"",""
1248,0x8E6D4,0x0,0xE3580000,"w=0xE3580000",0x39,0x27F8B8,0x1D,0x200,0x1E,0x27F7F8,0x0,0x0,0x5,0x280400,0x7,0x200,0x8E8F8,0x27F7A0,0x8E6D4,0x800001D3,"",""
1249,0x8E6D8,0x0,0x1AFFFFF5,"Bcond 0x8E6B4",0x39,0x27F8B8,0x1D,0x200,0x1E,0x27F7F8,0x0,0x0,0x5,0x280400,0x7,0x200,0x8E8F8,0x27F7A0,0x8E6D4,0x200001D3,"",""
1250,0x8E6B4,0x0,0xE2488001,"w=0xE2488001",0x39,0x27F8B8,0x1D,0x200,0x1E,0x27F7F8,0x0,0x0,0x5,0x280400,0x7,0x200,0x8E8F8,0x27F7A0,0x8E6D4,0x200001D3,"",""
1251,0x8E6B8,0x0,0xE7D50008,"w=0xE7D50008",0x39,0x27F8B8,0x1D,0x200,0x1E,0x27F7F8,0x0,0x0,0x4,0x280400,0x7,0x200,0x8E8F8,0x27F7A0,0x8E6D4,0x200001D3,"","R:0x27F7FC/1"
1252,0x8E6BC,0x0,0xE59DC008,"LDR r12,[sp,#0x8]",0x31,0x27F8B8,0x1D,0x200,0x1E,0x27F7F8,0x0,0x0,0x4,0x280400,0x7,0x200,0x8E8F8,0x27F7A0,0x8E6D4,0x200001D3,"","R:0x27F7A8/4"
1253,0x8E6C0,0x0,0xE1A02004,"MOV r2,r4",0x31,0x27F8B8,0x1D,0x200,0x1E,0x27F7F8,0x0,0x0,0x4,0x280400,0x7,0x200,0x8E8F8,0x27F7A0,0x8E6D4,0x200001D3,"",""
1254,0x8E6C4,0x0,0xE2844001,"w=0xE2844001",0x31,0x27F8B8,0x1E,0x200,0x1E,0x27F7F8,0x0,0x0,0x4,0x280400,0x7,0x200,0x8E8F8,0x27F7A0,0x8E6D4,0x200001D3,"",""
1255,0x8E6C8,0x0,0xE59D100C,"LDR r1,[sp,#0xC]",0x31,0x27F8B8,0x1E,0x200,0x1F,0x27F7F8,0x0,0x0,0x4,0x280400,0x7,0x200,0x8E8F8,0x27F7A0,0x8E6D4,0x200001D3,"","R:0x27F7AC/4"
1256,0x8E6CC,0x0,0xE1A0300B,"MOV r3,r11",0x31,0x27F8B8,0x1E,0x200,0x1F,0x27F7F8,0x0,0x0,0x4,0x280400,0x7,0x200,0x8E8F8,0x27F7A0,0x8E6D4,0x200001D3,"",""
1257,0x8E6D0,0x0,0xE12FFF3C,"BLX r12",0x31,0x27F8B8,0x1E,0x200,0x1F,0x27F7F8,0x0,0x0,0x4,0x280400,0x7,0x200,0x8E8F8,0x27F7A0,0x8E6D4,0x200001D3,"",""
1258,0x8E8F8,0x0,0xE1520003,"w=0xE1520003",0x31,0x27F8B8,0x1E,0x200,0x1F,0x27F7F8,0x0,0x0,0x4,0x280400,0x7,0x200,0x8E8F8,0x27F7A0,0x8E6D4,0x200001D3,"",""
1259,0x8E8FC,0x0,0x37C10002,"w=0x37C10002",0x31,0x27F8B8,0x1E,0x200,0x1F,0x27F7F8,0x0,0x0,0x4,0x280400,0x7,0x200,0x8E8F8,0x27F7A0,0x8E6D4,0x800001D3,"","W:0x27F8D6/1"
1260,0x8E900,0x0,0xE12FFF1E,"BX r14",0x31,0x27F8B8,0x1E,0x200,0x1F,0x27F7F8,0x0,0x0,0x4,0x280400,0x7,0x200,0x8E8F8,0x27F7A0,0x8E6D4,0x800001D3,"",""
1261,0x8E6D4,0x0,0xE3580000,"w=0xE3580000",0x31,0x27F8B8,0x1E,0x200,0x1F,0x27F7F8,0x0,0x0,0x4,0x280400,0x7,0x200,0x8E8F8,0x27F7A0,0x8E6D4,0x800001D3,"",""
1262,0x8E6D8,0x0,0x1AFFFFF5,"Bcond 0x8E6B4",0x31,0x27F8B8,0x1E,0x200,0x1F,0x27F7F8,0x0,0x0,0x4,0x280400,0x7,0x200,0x8E8F8,0x27F7A0,0x8E6D4,0x200001D3,"",""
1263,0x8E6B4,0x0,0xE2488001,"w=0xE2488001",0x31,0x27F8B8,0x1E,0x200,0x1F,0x27F7F8,0x0,0x0,0x4,0x280400,0x7,0x200,0x8E8F8,0x27F7A0,0x8E6D4,0x200001D3,"",""
1264,0x8E6B8,0x0,0xE7D50008,"w=0xE7D50008",0x31,0x27F8B8,0x1E,0x200,0x1F,0x27F7F8,0x0,0x0,0x3,0x280400,0x7,0x200,0x8E8F8,0x27F7A0,0x8E6D4,0x200001D3,"","R:0x27F7FB/1"
1265,0x8E6BC,0x0,0xE59DC008,"LDR r12,[sp,#0x8]",0x35,0x27F8B8,0x1E,0x200,0x1F,0x27F7F8,0x0,0x0,0x3,0x280400,0x7,0x200,0x8E8F8,0x27F7A0,0x8E6D4,0x200001D3,"","R:0x27F7A8/4"
1266,0x8E6C0,0x0,0xE1A02004,"MOV r2,r4",0x35,0x27F8B8,0x1E,0x200,0x1F,0x27F7F8,0x0,0x0,0x3,0x280400,0x7,0x200,0x8E8F8,0x27F7A0,0x8E6D4,0x200001D3,"",""
1267,0x8E6C4,0x0,0xE2844001,"w=0xE2844001",0x35,0x27F8B8,0x1F,0x200,0x1F,0x27F7F8,0x0,0x0,0x3,0x280400,0x7,0x200,0x8E8F8,0x27F7A0,0x8E6D4,0x200001D3,"",""
1268,0x8E6C8,0x0,0xE59D100C,"LDR r1,[sp,#0xC]",0x35,0x27F8B8,0x1F,0x200,0x20,0x27F7F8,0x0,0x0,0x3,0x280400,0x7,0x200,0x8E8F8,0x27F7A0,0x8E6D4,0x200001D3,"","R:0x27F7AC/4"
1269,0x8E6CC,0x0,0xE1A0300B,"MOV r3,r11",0x35,0x27F8B8,0x1F,0x200,0x20,0x27F7F8,0x0,0x0,0x3,0x280400,0x7,0x200,0x8E8F8,0x27F7A0,0x8E6D4,0x200001D3,"",""
1270,0x8E6D0,0x0,0xE12FFF3C,"BLX r12",0x35,0x27F8B8,0x1F,0x200,0x20,0x27F7F8,0x0,0x0,0x3,0x280400,0x7,0x200,0x8E8F8,0x27F7A0,0x8E6D4,0x200001D3,"",""
1271,0x8E8F8,0x0,0xE1520003,"w=0xE1520003",0x35,0x27F8B8,0x1F,0x200,0x20,0x27F7F8,0x0,0x0,0x3,0x280400,0x7,0x200,0x8E8F8,0x27F7A0,0x8E6D4,0x200001D3,"",""
1272,0x8E8FC,0x0,0x37C10002,"w=0x37C10002",0x35,0x27F8B8,0x1F,0x200,0x20,0x27F7F8,0x0,0x0,0x3,0x280400,0x7,0x200,0x8E8F8,0x27F7A0,0x8E6D4,0x800001D3,"","W:0x27F8D7/1"
1273,0x8E900,0x0,0xE12FFF1E,"BX r14",0x35,0x27F8B8,0x1F,0x200,0x20,0x27F7F8,0x0,0x0,0x3,0x280400,0x7,0x200,0x8E8F8,0x27F7A0,0x8E6D4,0x800001D3,"",""
1274,0x8E6D4,0x0,0xE3580000,"w=0xE3580000",0x35,0x27F8B8,0x1F,0x200,0x20,0x27F7F8,0x0,0x0,0x3,0x280400,0x7,0x200,0x8E8F8,0x27F7A0,0x8E6D4,0x800001D3,"",""
1275,0x8E6D8,0x0,0x1AFFFFF5,"Bcond 0x8E6B4",0x35,0x27F8B8,0x1F,0x200,0x20,0x27F7F8,0x0,0x0,0x3,0x280400,0x7,0x200,0x8E8F8,0x27F7A0,0x8E6D4,0x200001D3,"",""
1276,0x8E6B4,0x0,0xE2488001,"w=0xE2488001",0x35,0x27F8B8,0x1F,0x200,0x20,0x27F7F8,0x0,0x0,0x3,0x280400,0x7,0x200,0x8E8F8,0x27F7A0,0x8E6D4,0x200001D3,"",""
1277,0x8E6B8,0x0,0xE7D50008,"w=0xE7D50008",0x35,0x27F8B8,0x1F,0x200,0x20,0x27F7F8,0x0,0x0,0x2,0x280400,0x7,0x200,0x8E8F8,0x27F7A0,0x8E6D4,0x200001D3,"","R:0x27F7FA/1"
1278,0x8E6BC,0x0,0xE59DC008,"LDR r12,[sp,#0x8]",0x32,0x27F8B8,0x1F,0x200,0x20,0x27F7F8,0x0,0x0,0x2,0x280400,0x7,0x200,0x8E8F8,0x27F7A0,0x8E6D4,0x200001D3,"","R:0x27F7A8/4"
1279,0x8E6C0,0x0,0xE1A02004,"MOV r2,r4",0x32,0x27F8B8,0x1F,0x200,0x20,0x27F7F8,0x0,0x0,0x2,0x280400,0x7,0x200,0x8E8F8,0x27F7A0,0x8E6D4,0x200001D3,"",""
1280,0x8E6C4,0x0,0xE2844001,"w=0xE2844001",0x32,0x27F8B8,0x20,0x200,0x20,0x27F7F8,0x0,0x0,0x2,0x280400,0x7,0x200,0x8E8F8,0x27F7A0,0x8E6D4,0x200001D3,"",""
1281,0x8E6C8,0x0,0xE59D100C,"LDR r1,[sp,#0xC]",0x32,0x27F8B8,0x20,0x200,0x21,0x27F7F8,0x0,0x0,0x2,0x280400,0x7,0x200,0x8E8F8,0x27F7A0,0x8E6D4,0x200001D3,"","R:0x27F7AC/4"
1282,0x8E6CC,0x0,0xE1A0300B,"MOV r3,r11",0x32,0x27F8B8,0x20,0x200,0x21,0x27F7F8,0x0,0x0,0x2,0x280400,0x7,0x200,0x8E8F8,0x27F7A0,0x8E6D4,0x200001D3,"",""
1283,0x8E6D0,0x0,0xE12FFF3C,"BLX r12",0x32,0x27F8B8,0x20,0x200,0x21,0x27F7F8,0x0,0x0,0x2,0x280400,0x7,0x200,0x8E8F8,0x27F7A0,0x8E6D4,0x200001D3,"",""
1284,0x8E8F8,0x0,0xE1520003,"w=0xE1520003",0x32,0x27F8B8,0x20,0x200,0x21,0x27F7F8,0x0,0x0,0x2,0x280400,0x7,0x200,0x8E8F8,0x27F7A0,0x8E6D4,0x200001D3,"",""
1285,0x8E8FC,0x0,0x37C10002,"w=0x37C10002",0x32,0x27F8B8,0x20,0x200,0x21,0x27F7F8,0x0,0x0,0x2,0x280400,0x7,0x200,0x8E8F8,0x27F7A0,0x8E6D4,0x800001D3,"","W:0x27F8D8/1"
1286,0x8E900,0x0,0xE12FFF1E,"BX r14",0x32,0x27F8B8,0x20,0x200,0x21,0x27F7F8,0x0,0x0,0x2,0x280400,0x7,0x200,0x8E8F8,0x27F7A0,0x8E6D4,0x800001D3,"",""
1287,0x8E6D4,0x0,0xE3580000,"w=0xE3580000",0x32,0x27F8B8,0x20,0x200,0x21,0x27F7F8,0x0,0x0,0x2,0x280400,0x7,0x200,0x8E8F8,0x27F7A0,0x8E6D4,0x800001D3,"",""
1288,0x8E6D8,0x0,0x1AFFFFF5,"Bcond 0x8E6B4",0x32,0x27F8B8,0x20,0x200,0x21,0x27F7F8,0x0,0x0,0x2,0x280400,0x7,0x200,0x8E8F8,0x27F7A0,0x8E6D4,0x200001D3,"",""
1289,0x8E6B4,0x0,0xE2488001,"w=0xE2488001",0x32,0x27F8B8,0x20,0x200,0x21,0x27F7F8,0x0,0x0,0x2,0x280400,0x7,0x200,0x8E8F8,0x27F7A0,0x8E6D4,0x200001D3,"",""
1290,0x8E6B8,0x0,0xE7D50008,"w=0xE7D50008",0x32,0x27F8B8,0x20,0x200,0x21,0x27F7F8,0x0,0x0,0x1,0x280400,0x7,0x200,0x8E8F8,0x27F7A0,0x8E6D4,0x200001D3,"","R:0x27F7F9/1"
1291,0x8E6BC,0x0,0xE59DC008,"LDR r12,[sp,#0x8]",0x37,0x27F8B8,0x20,0x200,0x21,0x27F7F8,0x0,0x0,0x1,0x280400,0x7,0x200,0x8E8F8,0x27F7A0,0x8E6D4,0x200001D3,"","R:0x27F7A8/4"
1292,0x8E6C0,0x0,0xE1A02004,"MOV r2,r4",0x37,0x27F8B8,0x20,0x200,0x21,0x27F7F8,0x0,0x0,0x1,0x280400,0x7,0x200,0x8E8F8,0x27F7A0,0x8E6D4,0x200001D3,"",""
1293,0x8E6C4,0x0,0xE2844001,"w=0xE2844001",0x37,0x27F8B8,0x21,0x200,0x21,0x27F7F8,0x0,0x0,0x1,0x280400,0x7,0x200,0x8E8F8,0x27F7A0,0x8E6D4,0x200001D3,"",""
1294,0x8E6C8,0x0,0xE59D100C,"LDR r1,[sp,#0xC]",0x37,0x27F8B8,0x21,0x200,0x22,0x27F7F8,0x0,0x0,0x1,0x280400,0x7,0x200,0x8E8F8,0x27F7A0,0x8E6D4,0x200001D3,"","R:0x27F7AC/4"
1295,0x8E6CC,0x0,0xE1A0300B,"MOV r3,r11",0x37,0x27F8B8,0x21,0x200,0x22,0x27F7F8,0x0,0x0,0x1,0x280400,0x7,0x200,0x8E8F8,0x27F7A0,0x8E6D4,0x200001D3,"",""
1296,0x8E6D0,0x0,0xE12FFF3C,"BLX r12",0x37,0x27F8B8,0x21,0x200,0x22,0x27F7F8,0x0,0x0,0x1,0x280400,0x7,0x200,0x8E8F8,0x27F7A0,0x8E6D4,0x200001D3,"",""
1297,0x8E8F8,0x0,0xE1520003,"w=0xE1520003",0x37,0x27F8B8,0x21,0x200,0x22,0x27F7F8,0x0,0x0,0x1,0x280400,0x7,0x200,0x8E8F8,0x27F7A0,0x8E6D4,0x200001D3,"",""
1298,0x8E8FC,0x0,0x37C10002,"w=0x37C10002",0x37,0x27F8B8,0x21,0x200,0x22,0x27F7F8,0x0,0x0,0x1,0x280400,0x7,0x200,0x8E8F8,0x27F7A0,0x8E6D4,0x800001D3,"","W:0x27F8D9/1"
1299,0x8E900,0x0,0xE12FFF1E,"BX r14",0x37,0x27F8B8,0x21,0x200,0x22,0x27F7F8,0x0,0x0,0x1,0x280400,0x7,0x200,0x8E8F8,0x27F7A0,0x8E6D4,0x800001D3,"",""
1300,0x8E6D4,0x0,0xE3580000,"w=0xE3580000",0x37,0x27F8B8,0x21,0x200,0x22,0x27F7F8,0x0,0x0,0x1,0x280400,0x7,0x200,0x8E8F8,0x27F7A0,0x8E6D4,0x800001D3,"",""
1301,0x8E6D8,0x0,0x1AFFFFF5,"Bcond 0x8E6B4",0x37,0x27F8B8,0x21,0x200,0x22,0x27F7F8,0x0,0x0,0x1,0x280400,0x7,0x200,0x8E8F8,0x27F7A0,0x8E6D4,0x200001D3,"",""
1302,0x8E6B4,0x0,0xE2488001,"w=0xE2488001",0x37,0x27F8B8,0x21,0x200,0x22,0x27F7F8,0x0,0x0,0x1,0x280400,0x7,0x200,0x8E8F8,0x27F7A0,0x8E6D4,0x200001D3,"",""
1303,0x8E6B8,0x0,0xE7D50008,"w=0xE7D50008",0x37,0x27F8B8,0x21,0x200,0x22,0x27F7F8,0x0,0x0,0x0,0x280400,0x7,0x200,0x8E8F8,0x27F7A0,0x8E6D4,0x200001D3,"","R:0x27F7F8/1"
1304,0x8E6BC,0x0,0xE59DC008,"LDR r12,[sp,#0x8]",0x32,0x27F8B8,0x21,0x200,0x22,0x27F7F8,0x0,0x0,0x0,0x280400,0x7,0x200,0x8E8F8,0x27F7A0,0x8E6D4,0x200001D3,"","R:0x27F7A8/4"
1305,0x8E6C0,0x0,0xE1A02004,"MOV r2,r4",0x32,0x27F8B8,0x21,0x200,0x22,0x27F7F8,0x0,0x0,0x0,0x280400,0x7,0x200,0x8E8F8,0x27F7A0,0x8E6D4,0x200001D3,"",""
1306,0x8E6C4,0x0,0xE2844001,"w=0xE2844001",0x32,0x27F8B8,0x22,0x200,0x22,0x27F7F8,0x0,0x0,0x0,0x280400,0x7,0x200,0x8E8F8,0x27F7A0,0x8E6D4,0x200001D3,"",""
1307,0x8E6C8,0x0,0xE59D100C,"LDR r1,[sp,#0xC]",0x32,0x27F8B8,0x22,0x200,0x23,0x27F7F8,0x0,0x0,0x0,0x280400,0x7,0x200,0x8E8F8,0x27F7A0,0x8E6D4,0x200001D3,"","R:0x27F7AC/4"
1308,0x8E6CC,0x0,0xE1A0300B,"MOV r3,r11",0x32,0x27F8B8,0x22,0x200,0x23,0x27F7F8,0x0,0x0,0x0,0x280400,0x7,0x200,0x8E8F8,0x27F7A0,0x8E6D4,0x200001D3,"",""
1309,0x8E6D0,0x0,0xE12FFF3C,"BLX r12",0x32,0x27F8B8,0x22,0x200,0x23,0x27F7F8,0x0,0x0,0x0,0x280400,0x7,0x200,0x8E8F8,0x27F7A0,0x8E6D4,0x200001D3,"",""
1310,0x8E8F8,0x0,0xE1520003,"w=0xE1520003",0x32,0x27F8B8,0x22,0x200,0x23,0x27F7F8,0x0,0x0,0x0,0x280400,0x7,0x200,0x8E8F8,0x27F7A0,0x8E6D4,0x200001D3,"",""
1311,0x8E8FC,0x0,0x37C10002,"w=0x37C10002",0x32,0x27F8B8,0x22,0x200,0x23,0x27F7F8,0x0,0x0,0x0,0x280400,0x7,0x200,0x8E8F8,0x27F7A0,0x8E6D4,0x800001D3,"","W:0x27F8DA/1"
1312,0x8E900,0x0,0xE12FFF1E,"BX r14",0x32,0x27F8B8,0x22,0x200,0x23,0x27F7F8,0x0,0x0,0x0,0x280400,0x7,0x200,0x8E8F8,0x27F7A0,0x8E6D4,0x800001D3,"",""
1313,0x8E6D4,0x0,0xE3580000,"w=0xE3580000",0x32,0x27F8B8,0x22,0x200,0x23,0x27F7F8,0x0,0x0,0x0,0x280400,0x7,0x200,0x8E8F8,0x27F7A0,0x8E6D4,0x800001D3,"",""
1314,0x8E6D8,0x0,0x1AFFFFF5,"Bcond 0x8E6B4",0x32,0x27F8B8,0x22,0x200,0x23,0x27F7F8,0x0,0x0,0x0,0x280400,0x7,0x200,0x8E8F8,0x27F7A0,0x8E6D4,0x600001D3,"",""
1315,0x8E6DC,0x0,0xE2060002,"w=0xE2060002",0x32,0x27F8B8,0x22,0x200,0x23,0x27F7F8,0x0,0x0,0x0,0x280400,0x7,0x200,0x8E8F8,0x27F7A0,0x8E6D4,0x600001D3,"",""
1316,0x8E6E0,0x0,0xE3500000,"CMP r0,#0x0",0x0,0x27F8B8,0x22,0x200,0x23,0x27F7F8,0x0,0x0,0x0,0x280400,0x7,0x200,0x8E8F8,0x27F7A0,0x8E6D4,0x600001D3,"",""
1317,0x8E6E4,0x0,0x159D2004,"w=0x159D2004",0x0,0x27F8B8,0x22,0x200,0x23,0x27F7F8,0x0,0x0,0x0,0x280400,0x7,0x200,0x8E8F8,0x27F7A0,0x8E6D4,0x600001D3,"",""
1318,0x8E6E8,0x0,0x10440002,"w=0x10440002",0x0,0x27F8B8,0x22,0x200,0x23,0x27F7F8,0x0,0x0,0x0,0x280400,0x7,0x200,0x8E8F8,0x27F7A0,0x8E6D4,0x600001D3,"",""
1319,0x8E6EC,0x0,0x11500007,"w=0x11500007",0x0,0x27F8B8,0x22,0x200,0x23,0x27F7F8,0x0,0x0,0x0,0x280400,0x7,0x200,0x8E8F8,0x27F7A0,0x8E6D4,0x600001D3,"",""
1320,0x8E6F0,0x0,0x2A00000A,"Bcond 0x8E720",0x0,0x27F8B8,0x22,0x200,0x23,0x27F7F8,0x0,0x0,0x0,0x280400,0x7,0x200,0x8E8F8,0x27F7A0,0x8E6D4,0x600001D3,"",""
1321,0x8E720,0x0,0xE1A00004,"MOV r0,r4",0x0,0x27F8B8,0x22,0x200,0x23,0x27F7F8,0x0,0x0,0x0,0x280400,0x7,0x200,0x8E8F8,0x27F7A0,0x8E6D4,0x600001D3,"",""
1322,0x8E724,0x0,0xE28DD018,"w=0xE28DD018",0x23,0x27F8B8,0x22,0x200,0x23,0x27F7F8,0x0,0x0,0x0,0x280400,0x7,0x200,0x8E8F8,0x27F7A0,0x8E6D4,0x600001D3,"",""
1323,0x8E728,0x0,0xE8BD8DF0,"LDMFD sp!,{..pc} list=0x8DF0",0x23,0x27F8B8,0x22,0x200,0x23,0x27F7F8,0x0,0x0,0x0,0x280400,0x7,0x200,0x8E8F8,0x27F7B8,0x8E6D4,0x600001D3,"","R:0x27F7B8/4"
1324,0x8E7D8,0x0,0xE28DD050,"w=0xE28DD050",0x23,0x27F8B8,0x22,0x200,0x0,0x7,0xA,0x61,0x0,0x280400,0x0,0x0,0x8E8F8,0x27F7D8,0x8E6D4,0x600001D3,"",""
1325,0x8E7DC,0x0,0xE8BD8DF0,"LDMFD sp!,{..pc} list=0x8DF0",0x23,0x27F8B8,0x22,0x200,0x0,0x7,0xA,0x61,0x0,0x280400,0x0,0x0,0x8E8F8,0x27F828,0x8E6D4,0x600001D3,"","R:0x27F828/4"
1326,0x8EDC8,0x0,0xE1A06000,"MOV r6,r0",0x23,0x27F8B8,0x22,0x200,0x0,0xAE485,0x1C,0x27F8B4,0x200,0x280400,0x8E8F8,0x27F8B8,0x8E8F8,0x27F848,0x8E6D4,0x600001D3,"",""
1327,0x8EDCC,0x0,0xEA000047,"Bcond 0x8EEF0",0x23,0x27F8B8,0x22,0x200,0x0,0xAE485,0x23,0x27F8B4,0x200,0x280400,0x8E8F8,0x27F8B8,0x8E8F8,0x27F848,0x8E6D4,0x600001D3,"",""
1328,0x8EEF0,0x0,0xE2854001,"w=0xE2854001",0x23,0x27F8B8,0x22,0x200,0x0,0xAE485,0x23,0x27F8B4,0x200,0x280400,0x8E8F8,0x27F8B8,0x8E8F8,0x27F848,0x8E6D4,0x600001D3,"",""
1329,0x8EEF4,0x0,0xEA00009A,"Bcond 0x8F164",0x23,0x27F8B8,0x22,0x200,0xAE486,0xAE485,0x23,0x27F8B4,0x200,0x280400,0x8E8F8,0x27F8B8,0x8E8F8,0x27F848,0x8E6D4,0x600001D3,"",""
1330,0x8F164,0x0,0xE5D40000,"w=0xE5D40000",0x23,0x27F8B8,0x22,0x200,0xAE486,0xAE485,0x23,0x27F8B4,0x200,0x280400,0x8E8F8,0x27F8B8,0x8E8F8,0x27F848,0x8E6D4,0x600001D3,"","R:0xAE486/1"
1331,0x8F168,0x0,0xE3500000,"CMP r0,#0x0",0x0,0x27F8B8,0x22,0x200,0xAE486,0xAE485,0x23,0x27F8B4,0x200,0x280400,0x8E8F8,0x27F8B8,0x8E8F8,0x27F848,0x8E6D4,0x600001D3,"",""
1332,0x8F16C,0x0,0x1AFFFDF2,"Bcond 0x8E93C",0x0,0x27F8B8,0x22,0x200,0xAE486,0xAE485,0x23,0x27F8B4,0x200,0x280400,0x8E8F8,0x27F8B8,0x8E8F8,0x27F848,0x8E6D4,0x600001D3,"",""
1333,0x8F170,0x0,0xE1560008,"w=0xE1560008",0x0,0x27F8B8,0x22,0x200,0xAE486,0xAE485,0x23,0x27F8B4,0x200,0x280400,0x8E8F8,0x27F8B8,0x8E8F8,0x27F848,0x8E6D4,0x600001D3,"",""
1334,0x8F174,0x0,0x22482001,"w=0x22482001",0x0,0x27F8B8,0x22,0x200,0xAE486,0xAE485,0x23,0x27F8B4,0x200,0x280400,0x8E8F8,0x27F8B8,0x8E8F8,0x27F848,0x8E6D4,0x800001D3,"",""
1335,0x8F178,0x0,0x31A02006,"w=0x31A02006",0x0,0x27F8B8,0x22,0x200,0xAE486,0xAE485,0x23,0x27F8B4,0x200,0x280400,0x8E8F8,0x27F8B8,0x8E8F8,0x27F848,0x8E6D4,0x800001D3,"",""
1336,0x8F17C,0x0,0xE1A03008,"MOV r3,r8",0x0,0x27F8B8,0x23,0x200,0xAE486,0xAE485,0x23,0x27F8B4,0x200,0x280400,0x8E8F8,0x27F8B8,0x8E8F8,0x27F848,0x8E6D4,0x800001D3,"",""
1337,0x8F180,0x0,0xE1A0100B,"MOV r1,r11",0x0,0x27F8B8,0x23,0x200,0xAE486,0xAE485,0x23,0x27F8B4,0x200,0x280400,0x8E8F8,0x27F8B8,0x8E8F8,0x27F848,0x8E6D4,0x800001D3,"",""
1338,0x8F184,0x0,0xE3A00000,"w=0xE3A00000",0x0,0x27F8B8,0x23,0x200,0xAE486,0xAE485,0x23,0x27F8B4,0x200,0x280400,0x8E8F8,0x27F8B8,0x8E8F8,0x27F848,0x8E6D4,0x800001D3,"",""
1339,0x8F188,0x0,0xE12FFF3A,"BLX r10",0x0,0x27F8B8,0x23,0x200,0xAE486,0xAE485,0x23,0x27F8B4,0x200,0x280400,0x8E8F8,0x27F8B8,0x8E8F8,0x27F848,0x8E6D4,0x800001D3,"",""
1340,0x8E8F8,0x0,0xE1520003,"w=0xE1520003",0x0,0x27F8B8,0x23,0x200,0xAE486,0xAE485,0x23,0x27F8B4,0x200,0x280400,0x8E8F8,0x27F8B8,0x8E8F8,0x27F848,0x8F18C,0x800001D3,"",""
1341,0x8E8FC,0x0,0x37C10002,"w=0x37C10002",0x0,0x27F8B8,0x23,0x200,0xAE486,0xAE485,0x23,0x27F8B4,0x200,0x280400,0x8E8F8,0x27F8B8,0x8E8F8,0x27F848,0x8F18C,0x800001D3,"","W:0x27F8DB/1"
1342,0x8E900,0x0,0xE12FFF1E,"BX r14",0x0,0x27F8B8,0x23,0x200,0xAE486,0xAE485,0x23,0x27F8B4,0x200,0x280400,0x8E8F8,0x27F8B8,0x8E8F8,0x27F848,0x8F18C,0x800001D3,"",""
1343,0x8F18C,0x0,0xE1A00006,"MOV r0,r6",0x0,0x27F8B8,0x23,0x200,0xAE486,0xAE485,0x23,0x27F8B4,0x200,0x280400,0x8E8F8,0x27F8B8,0x8E8F8,0x27F848,0x8F18C,0x800001D3,"",""
1344,0x8F190,0x0,0xE28DD040,"w=0xE28DD040",0x23,0x27F8B8,0x23,0x200,0xAE486,0xAE485,0x23,0x27F8B4,0x200,0x280400,0x8E8F8,0x27F8B8,0x8E8F8,0x27F848,0x8F18C,0x800001D3,"",""
1345,0x8F194,0x0,0xE8BD8DF0,"LDMFD sp!,{..pc} list=0x8DF0",0x23,0x27F8B8,0x23,0x200,0xAE486,0xAE485,0x23,0x27F8B4,0x200,0x280400,0x8E8F8,0x27F8B8,0x8E8F8,0x27F888,0x8F18C,0x800001D3,"","R:0x27F888/4"
1346,0xACF68,0x0,0xE8BD8008,"LDMFD sp!,{..pc} list=0x8008",0x23,0x27F8B8,0x23,0x200,0x27F8B8,0x282380,0xFFFFD8EF,0x86E14,0x86620,0x280400,0x8669C,0x84780,0x8E8F8,0x27F8A8,0x8F18C,0x800001D3,"","R:0x27F8A8/4"
1347,0xA2528,0x0,0xE3A00000,"w=0xE3A00000",0x23,0x27F8B8,0x23,0x27F8B4,0x27F8B8,0x282380,0xFFFFD8EF,0x86E14,0x86620,0x280400,0x8669C,0x84780,0x8E8F8,0x27F8B0,0x8F18C,0x800001D3,"",""
1348,0xA252C,0x0,0xE58D0004,"STR r0,[sp,#0x4]",0x0,0x27F8B8,0x23,0x27F8B4,0x27F8B8,0x282380,0xFFFFD8EF,0x86E14,0x86620,0x280400,0x8669C,0x84780,0x8E8F8,0x27F8B0,0x8F18C,0x800001D3,"","W:0x27F8B4/4"
1349,0xA2530,0x0,0xE59F001C,"LDR r0,[pc,#0x1C]",0x0,0x27F8B8,0x23,0x27F8B4,0x27F8B8,0x282380,0xFFFFD8EF,0x86E14,0x86620,0x280400,0x8669C,0x84780,0x8E8F8,0x27F8B0,0x8F18C,0x800001D3,"","R:0xA2554/4"
1350,0xA2534,0x0,0xE0800009,"w=0xE0800009",0x2084,0x27F8B8,0x23,0x27F8B4,0x27F8B8,0x282380,0xFFFFD8EF,0x86E14,0x86620,0x280400,0x8669C,0x84780,0x8E8F8,0x27F8B0,0x8F18C,0x800001D3,"",""
1351,0xA2538,0x0,0xE5900000,"w=0xE5900000",0x282484,0x27F8B8,0x23,0x27F8B4,0x27F8B8,0x282380,0xFFFFD8EF,0x86E14,0x86620,0x280400,0x8669C,0x84780,0x8E8F8,0x27F8B0,0x8F18C,0x800001D3,"","R:0x282484/4"
1352,0xA253C,0x0,0xE5901004,"w=0xE5901004",0x280254,0x27F8B8,0x23,0x27F8B4,0x27F8B8,0x282380,0xFFFFD8EF,0x86E14,0x86620,0x280400,0x8669C,0x84780,0x8E8F8,0x27F8B0,0x8F18C,0x800001D3,"","R:0x280258/4"
1353,0xA2540,0x0,0xE1A00004,"MOV r0,r4",0x280254,0x280258,0x23,0x27F8B4,0x27F8B8,0x282380,0xFFFFD8EF,0x86E14,0x86620,0x280400,0x8669C,0x84780,0x8E8F8,0x27F8B0,0x8F18C,0x800001D3,"",""
1354,0xA2544,0x0,0xE12FFF31,"BLX r1",0x27F8B8,0x280258,0x23,0x27F8B4,0x27F8B8,0x282380,0xFFFFD8EF,0x86E14,0x86620,0x280400,0x8669C,0x84780,0x8E8F8,0x27F8B0,0x8F18C,0x800001D3,"",""
1355,0x280258,0x0,0x00280258,"w=0x00280258",0x27F8B8,0x280258,0x23,0x27F8B4,0x27F8B8,0x282380,0xFFFFD8EF,0x86E14,0x86620,0x280400,0x8669C,0x84780,0x8E8F8,0x27F8B0,0xA2548,0x800001D3,"",""
1356,0xA2548,0x0,0xE28DDF82,"w=0xE28DDF82",0x27F8B8,0x280258,0x23,0x27F8B4,0x27F8B8,0x282380,0xFFFFD8EF,0x86E14,0x86620,0x280400,0x8669C,0x84780,0x8E8F8,0x27F8B0,0xA2548,0x800001D3,"",""
1357,0xA254C,0x0,0xE49D4004,"w=0xE49D4004",0x27F8B8,0x280258,0x23,0x27F8B4,0x27F8B8,0x282380,0xFFFFD8EF,0x86E14,0x86620,0x280400,0x8669C,0x84780,0x8E8F8,0x27FAB8,0xA2548,0x800001D3,"","R:0x27FAB8/4"
1358,0xA2550,0x0,0xE49DF014,"w=0xE49DF014",0x27F8B8,0x280258,0x23,0x27F8B4,0x280600,0x282380,0xFFFFD8EF,0x86E14,0x86620,0x280400,0x8669C,0x84780,0x8E8F8,0x27FABC,0xA2548,0x800001D3,"","R:0x27FABC/4"
1359,0x8C79C,0x0,0xE3A00000,"w=0xE3A00000",0x27F8B8,0x280258,0x23,0x27F8B4,0x280600,0x282380,0xFFFFD8EF,0x86E14,0x86620,0x280400,0x8669C,0x84780,0x8E8F8,0x27FAD0,0xA2548,0x800001D3,"",""
1360,0x8C7A0,0x0,0xE28DD008,"w=0xE28DD008",0x0,0x280258,0x23,0x27F8B4,0x280600,0x282380,0xFFFFD8EF,0x86E14,0x86620,0x280400,0x8669C,0x84780,0x8E8F8,0x27FAD0,0xA2548,0x800001D3,"",""
1361,0x8C7A4,0x0,0xE8BD8DF0,"LDMFD sp!,{..pc} list=0x8DF0",0x0,0x280258,0x23,0x27F8B4,0x280600,0x282380,0xFFFFD8EF,0x86E14,0x86620,0x280400,0x8669C,0x84780,0x8E8F8,0x27FAD8,0xA2548,0x800001D3,"","R:0x27FAD8/4"
1362,0xA2C20,0x0,0xE28DD010,"w=0xE28DD010",0x0,0x280258,0x23,0x27F8B4,0x682AC4,0x2803E4,0x2809D4,0x682ADC,0x682AEC,0x280400,0x280400,0x2EB814,0x8E8F8,0x27FAF8,0xA2548,0x800001D3,"",""
1363,0xA2C24,0x0,0xE8BD81F0,"LDMFD sp!,{..pc} list=0x81F0",0x0,0x280258,0x23,0x27F8B4,0x682AC4,0x2803E4,0x2809D4,0x682ADC,0x682AEC,0x280400,0x280400,0x2EB814,0x8E8F8,0x27FB08,0xA2548,0x800001D3,"","R:0x27FB08/4"
1364,0xA41F8,0x0,0xE1A04000,"MOV r4,r0",0x0,0x280258,0x23,0x27F8B4,0x0,0x2803E4,0x2803B4,0xC,0x1,0x280400,0x280400,0x2EB814,0x8E8F8,0x27FB20,0xA2548,0x800001D3,"",""
1365,0xA41FC,0x0,0xE5960000,"w=0xE5960000",0x0,0x280258,0x23,0x27F8B4,0x0,0x2803E4,0x2803B4,0xC,0x1,0x280400,0x280400,0x2EB814,0x8E8F8,0x27FB20,0xA2548,0x800001D3,"","R:0x2803B4/4"
1366,0xA4200,0x0,0xE3500008,"CMP r0,#0x8",0xFFFFFF9D,0x280258,0x23,0x27F8B4,0x0,0x2803E4,0x2803B4,0xC,0x1,0x280400,0x280400,0x2EB814,0x8E8F8,0x27FB20,0xA2548,0x800001D3,"",""
1367,0xA4204,0x0,0x1A000016,"Bcond 0xA4264",0xFFFFFF9D,0x280258,0x23,0x27F8B4,0x0,0x2803E4,0x2803B4,0xC,0x1,0x280400,0x280400,0x2EB814,0x8E8F8,0x27FB20,0xA2548,0xA00001D3,"",""
1368,0xA4264,0x0,0xE1A0900A,"MOV r9,r10",0xFFFFFF9D,0x280258,0x23,0x27F8B4,0x0,0x2803E4,0x2803B4,0xC,0x1,0x280400,0x280400,0x2EB814,0x8E8F8,0x27FB20,0xA2548,0xA00001D3,"",""
1369,0xA4268,0x0,0xE1A00004,"MOV r0,r4",0xFFFFFF9D,0x280258,0x23,0x27F8B4,0x0,0x2803E4,0x2803B4,0xC,0x1,0x280400,0x280400,0x2EB814,0x8E8F8,0x27FB20,0xA2548,0xA00001D3,"",""
1370,0xA426C,0x0,0xE8BD85FE,"LDMFD sp!,{..pc} list=0x85FE",0x0,0x280258,0x23,0x27F8B4,0x0,0x2803E4,0x2803B4,0xC,0x1,0x280400,0x280400,0x2EB814,0x8E8F8,0x27FB20,0xA2548,0xA00001D3,"","R:0x27FB20/4"
1371,0x2E3098,0x0,0x1C1FB5FF,"w=0x1C1FB5FF",0x2AC8EC,0x2,0x0,0x0,0x27FB50,0x30CFF9,0x280600,0x280600,0x2EB800,0x682B8C,0x23F40,0x2EB814,0x8E8F8,0x27FB48,0x80000,0x800001F3,"","W:0x27FB24/4"
1372,0x2E309A,0x0,0x1C161C1F,"w=0x1C161C1F",0x2AC8EC,0x2,0x0,0x0,0x27FB50,0x30CFF9,0x280600,0x280600,0x2EB800,0x682B8C,0x23F40,0x2EB814,0x8E8F8,0x27FB24,0x80000,0x800001F3,"",""
1373,0x2E309C,0x0,0x1C051C16,"w=0x1C051C16",0x2AC8EC,0x2,0x0,0x0,0x27FB50,0x30CFF9,0x280600,0x0,0x2EB800,0x682B8C,0x23F40,0x2EB814,0x8E8F8,0x27FB24,0x80000,0x400001F3,"",""
1374,0x2E309E,0x0,0x68001C05,"w=0x68001C05",0x2AC8EC,0x2,0x0,0x0,0x27FB50,0x30CFF9,0x0,0x0,0x2EB800,0x682B8C,0x23F40,0x2EB814,0x8E8F8,0x27FB24,0x80000,0x400001F3,"",""
1375,0x2E30A0,0x0,0xB0816800,"w=0xB0816800",0x2AC8EC,0x2,0x0,0x0,0x27FB50,0x2AC8EC,0x0,0x0,0x2EB800,0x682B8C,0x23F40,0x2EB814,0x8E8F8,0x27FB24,0x80000,0x1F3,"","R:0x2AC8EC/4"
1376,0x2E30A2,0x0,0x4649B081,"w=0x4649B081",0x682B8C,0x2,0x0,0x0,0x27FB50,0x2AC8EC,0x0,0x0,0x2EB800,0x682B8C,0x23F40,0x2EB814,0x8E8F8,0x27FB24,0x80000,0x1F3,"",""
1377,0x2E30A4,0x0,0x91004649,"w=0x91004649",0x682B8C,0x2,0x0,0x0,0x27FB50,0x2AC8EC,0x0,0x0,0x2EB800,0x682B8C,0x23F40,0x2EB814,0x8E8F8,0x27FB20,0x80000,0x1F3,"",""
1378,0x2E30A6,0x0,0x24009100,"w=0x24009100",0x682B8C,0x682B8C,0x0,0x0,0x27FB50,0x2AC8EC,0x0,0x0,0x2EB800,0x682B8C,0x23F40,0x2EB814,0x8E8F8,0x27FB20,0x80000,0x1F3,"","W:0x27FB20/4"
1379,0x2E30A8,0x0,0xF7F12400,"w=0xF7F12400",0x682B8C,0x682B8C,0x0,0x0,0x27FB50,0x2AC8EC,0x0,0x0,0x2EB800,0x682B8C,0x23F40,0x2EB814,0x8E8F8,0x27FB20,0x80000,0x1F3,"",""
1380,0x2E30AA,0x0,0xEB5CF7F1,"BL 0x1A21076",0x682B8C,0x682B8C,0x0,0x0,0x0,0x2AC8EC,0x0,0x0,0x2EB800,0x682B8C,0x23F40,0x2EB814,0x8E8F8,0x27FB20,0x80000,0x400001F3,"",""
1381,0x2D4764,0x0,0xE1A09000,"MOV r9,r0",0x682B8C,0x682B8C,0x0,0x0,0x0,0x2AC8EC,0x0,0x0,0x2EB800,0x682B8C,0x23F40,0x2EB814,0x8E8F8,0x27FB20,0x2E30AF,0x400001D3,"",""
1382,0x2D4768,0x0,0xE12FFF1E,"BX r14",0x682B8C,0x682B8C,0x0,0x0,0x0,0x2AC8EC,0x0,0x0,0x2EB800,0x682B8C,0x23F40,0x2EB814,0x8E8F8,0x27FB20,0x2E30AF,0x400001D3,"",""
1383,0x2E30AE,0x0,0x280B9802,"w=0x280B9802",0x682B8C,0x682B8C,0x0,0x0,0x0,0x2AC8EC,0x0,0x0,0x2EB800,0x682B8C,0x23F40,0x2EB814,0x8E8F8,0x27FB20,0x2E30AF,0x400001F3,"","R:0x27FB28/4"
1384,0x2E30B0,0x0,0xD235280B,"w=0xD235280B",0x2,0x682B8C,0x0,0x0,0x0,0x2AC8EC,0x0,0x0,0x2EB800,0x682B8C,0x23F40,0x2EB814,0x8E8F8,0x27FB20,0x2E30AF,0x400001F3,"",""
1385,0x2E30B2,0x0,0xA301D235,"w=0xA301D235",0x2,0x682B8C,0x0,0x0,0x0,0x2AC8EC,0x0,0x0,0x2EB800,0x682B8C,0x23F40,0x2EB814,0x8E8F8,0x27FB20,0x2E30AF,0x800001F3,"",""
1386,0x2E30B4,0x0,0x5C1BA301,"w=0x5C1BA301",0x2,0x682B8C,0x0,0x0,0x0,0x2AC8EC,0x0,0x0,0x2EB800,0x682B8C,0x23F40,0x2EB814,0x8E8F8,0x27FB20,0x2E30AF,0x800001F3,"",""
1387,0x2E30B6,0x0,0x005B5C1B,"w=0x005B5C1B",0x2,0x682B8C,0x0,0x2E30BC,0x0,0x2AC8EC,0x0,0x0,0x2EB800,0x682B8C,0x23F40,0x2EB814,0x8E8F8,0x27FB20,0x2E30AF,0x800001F3,"","R:0x2E30BE/1"
1388,0x2E30B8,0x0,0x449F005B,"w=0x449F005B",0x2,0x682B8C,0x0,0x1C,0x0,0x2AC8EC,0x0,0x0,0x2EB800,0x682B8C,0x23F40,0x2EB814,0x8E8F8,0x27FB20,0x2E30AF,0x800001F3,"",""
1389,0x2E30BA,0x0,0x0F05449F,"w=0x0F05449F",0x2,0x682B8C,0x0,0x38,0x0,0x2AC8EC,0x0,0x0,0x2EB800,0x682B8C,0x23F40,0x2EB814,0x8E8F8,0x27FB20,0x2E30AF,0x1F3,"",""
1390,0x2E30F6,0x0,0xFA6FF000,"Bcond 0x1EDF0FE",0x2,0x682B8C,0x0,0x38,0x0,0x2AC8EC,0x0,0x0,0x2EB800,0x682B8C,0x23F40,0x2EB814,0x8E8F8,0x27FB20,0x2E30AF,0x1F3,"",""
1391,0x2E35D8,0x0,0xB5F84835,"w=0xB5F84835",0x2,0x682B8C,0x0,0x38,0x0,0x2AC8EC,0x0,0x0,0x2EB800,0x682B8C,0x23F40,0x2EB814,0x8E8F8,0x27FB20,0x2E30FB,0x1F3,"","R:0x2E36B0/4"
1392,0x2E35DA,0x0,0x4478B5F8,"w=0x4478B5F8",0xFFFF0D4C,0x682B8C,0x0,0x38,0x0,0x2AC8EC,0x0,0x0,0x2EB800,0x682B8C,0x23F40,0x2EB814,0x8E8F8,0x27FB20,0x2E30FB,0x1F3,"","W:0x27FB08/4"
1393,0x2E35DC,0x0,0x6B804478,"BL 0xFE2F47C4",0xFFFF0D4C,0x682B8C,0x0,0x38,0x0,0x2AC8EC,0x0,0x0,0x2EB800,0x682B8C,0x23F40,0x2EB814,0x8E8F8,0x27FB08,0x2E30FB,0x1F3,"",""
1394,0x2E35DE,0x0,0x30806B80,"w=0x30806B80",0x2D432C,0x682B8C,0x0,0x38,0x0,0x2AC8EC,0x0,0x0,0x2EB800,0x682B8C,0x23F40,0x2EB814,0x8E8F8,0x27FB08,0x2E30FB,0x1F3,"","R:0x2D4364/4"
1395,0x2E35E0,0x0,0x68403080,"w=0x68403080",0x281EFC,0x682B8C,0x0,0x38,0x0,0x2AC8EC,0x0,0x0,0x2EB800,0x682B8C,0x23F40,0x2EB814,0x8E8F8,0x27FB08,0x2E30FB,0x1F3,"",""
1396,0x2E35E2,0x0,0x47806840,"w=0x47806840",0x281F7C,0x682B8C,0x0,0x38,0x0,0x2AC8EC,0x0,0x0,0x2EB800,0x682B8C,0x23F40,0x2EB814,0x8E8F8,0x27FB08,0x2E30FB,0x1F3,"","R:0x281F80/4"
1397,0x2E35E4,0x0,0x25004780,"w=0x25004780",0x805F8,0x682B8C,0x0,0x38,0x0,0x2AC8EC,0x0,0x0,0x2EB800,0x280400,0x23F40,0x2EB814,0x8E8F8,0x27FB08,0x2E30FB,0x1F3,"",""
1398,0x805F8,0x0,0xE90D79FF,"w=0xE90D79FF",0x805F8,0x682B8C,0x0,0x38,0x0,0x2AC8EC,0x0,0x0,0x2EB800,0x280400,0x23F40,0x2EB814,0x8E8F8,0x27FB08,0x2E35E7,0x1D3,"","W:0x27FAD4/4"
1399,0x805FC,0x0,0xE24DD034,"w=0xE24DD034",0x805F8,0x682B8C,0x0,0x38,0x0,0x2AC8EC,0x0,0x0,0x2EB800,0x280400,0x23F40,0x2EB814,0x8E8F8,0x27FB08,0x2E35E7,0x1D3,"",""
1400,0x80600,0x0,0xE1A00009,"MOV r0,r9",0x805F8,0x682B8C,0x0,0x38,0x0,0x2AC8EC,0x0,0x0,0x2EB800,0x280400,0x23F40,0x2EB814,0x8E8F8,0x27FAD4,0x2E35E7,0x1D3,"",""
1401,0x80604,0x0,0xE1A0100A,"MOV r1,r10",0x280400,0x682B8C,0x0,0x38,0x0,0x2AC8EC,0x0,0x0,0x2EB800,0x280400,0x23F40,0x2EB814,0x8E8F8,0x27FAD4,0x2E35E7,0x1D3,"",""
1402,0x80608,0x0,0xE1A0200E,"MOV r2,r14",0x280400,0x23F40,0x0,0x38,0x0,0x2AC8EC,0x0,0x0,0x2EB800,0x280400,0x23F40,0x2EB814,0x8E8F8,0x27FAD4,0x2E35E7,0x1D3,"",""
1403,0x8060C,0x0,0xEB0043BE,"BL 0x9150C",0x280400,0x23F40,0x2E35E7,0x38,0x0,0x2AC8EC,0x0,0x0,0x2EB800,0x280400,0x23F40,0x2EB814,0x8E8F8,0x27FAD4,0x2E35E7,0x1D3,"",""
1404,0x9150C,0x0,0xE92D40F8,"STMFD sp!,{..} list=0x40F8",0x280400,0x23F40,0x2E35E7,0x38,0x0,0x2AC8EC,0x0,0x0,0x2EB800,0x280400,0x23F40,0x2EB814,0x8E8F8,0x27FAD4,0x80610,0x1D3,"","W:0x27FABC/4"
1405,0x91510,0x0,0xE1A05000,"MOV r5,r0",0x280400,0x23F40,0x2E35E7,0x38,0x0,0x2AC8EC,0x0,0x0,0x2EB800,0x280400,0x23F40,0x2EB814,0x8E8F8,0x27FABC,0x80610,0x1D3,"",""
1406,0x91514,0x0,0xE59F0034,"LDR r0,[pc,#0x34]",0x280400,0x23F40,0x2E35E7,0x38,0x0,0x280400,0x0,0x0,0x2EB800,0x280400,0x23F40,0x2EB814,0x8E8F8,0x27FABC,0x80610,0x1D3,"","R:0x91550/4"
1407,0x91518,0x0,0xE1A07002,"MOV r7,r2",0xFFFEEAE0,0x23F40,0x2E35E7,0x38,0x0,0x280400,0x0,0x0,0x2EB800,0x280400,0x23F40,0x2EB814,0x8E8F8,0x27FABC,0x80610,0x1D3,"",""
1408,0x9151C,0x0,0xE1A06001,"MOV r6,r1",0xFFFEEAE0,0x23F40,0x2E35E7,0x38,0x0,0x280400,0x0,0x2E35E7,0x2EB800,0x280400,0x23F40,0x2EB814,0x8E8F8,0x27FABC,0x80610,0x1D3,"",""
1409,0x91520,0x0,0xE08F0000,"w=0xE08F0000",0xFFFEEAE0,0x23F40,0x2E35E7,0x38,0x0,0x280400,0x23F40,0x2E35E7,0x2EB800,0x280400,0x23F40,0x2EB814,0x8E8F8,0x27FABC,0x80610,0x1D3,"",""
1410,0x91524,0x0,0xE5100004,"w=0xE5100004",0x80008,0x23F40,0x2E35E7,0x38,0x0,0x280400,0x23F40,0x2E35E7,0x2EB800,0x280400,0x23F40,0x2EB814,0x8E8F8,0x27FABC,0x80610,0x1D3,"","R:0x80004/4"
1411,0x91528,0x0,0xE5900000,"w=0xE5900000",0x2AC8EC,0x23F40,0x2E35E7,0x38,0x0,0x280400,0x23F40,0x2E35E7,0x2EB800,0x280400,0x23F40,0x2EB814,0x8E8F8,0x27FABC,0x80610,0x1D3,"","R:0x2AC8EC/4"
1412,0x9152C,0x0,0xEBFFBB02,"BL 0x8013C",0x682B8C,0x23F40,0x2E35E7,0x38,0x0,0x280400,0x23F40,0x2E35E7,0x2EB800,0x280400,0x23F40,0x2EB814,0x8E8F8,0x27FABC,0x80610,0x1D3,"",""
1413,0x8013C,0x0,0xE1A09000,"MOV r9,r0",0x682B8C,0x23F40,0x2E35E7,0x38,0x0,0x280400,0x23F40,0x2E35E7,0x2EB800,0x280400,0x23F40,0x2EB814,0x8E8F8,0x27FABC,0x91530,0x1D3,"",""
1414,0x80140,0x0,0xE12FFF1E,"BX r14",0x682B8C,0x23F40,0x2E35E7,0x38,0x0,0x280400,0x23F40,0x2E35E7,0x2EB800,0x682B8C,0x23F40,0x2EB814,0x8E8F8,0x27FABC,0x91530,0x1D3,"",""
1415,0x91530,0x0,0xE59F401C,"LDR r4,[pc,#0x1C]",0x682B8C,0x23F40,0x2E35E7,0x38,0x0,0x280400,0x23F40,0x2E35E7,0x2EB800,0x280400,0x23F40,0x2EB814,0x8E8F8,0x27FABC,0x91530,0x1D3,"","R:0x91554/4"
1416,0x91534,0x0,0xE0844009,"w=0xE0844009",0x682B8C,0x23F40,0x2E35E7,0x38,0x1F54,0x280400,0x23F40,0x2E35E7,0x2EB800,0x280400,0x23F40,0x2EB814,0x8E8F8,0x27FABC,0x91530,0x1D3,"",""
1417,0x91538,0x0,0xE5940004,"LDR r0,[r4,#0x4]",0x682B8C,0x23F40,0x2E35E7,0x38,0x282354,0x280400,0x23F40,0x2E35E7,0x2EB800,0x280400,0x23F40,0x2EB814,0x8E8F8,0x27FABC,0x91530,0x1D3,"","R:0x282358/4"
1418,0x9153C,0x0,0xEBFFBB02,"BL 0x8014C",0x60,0x23F40,0x2E35E7,0x38,0x282354,0x280400,0x23F40,0x2E35E7,0x2EB800,0x280400,0x23F40,0x2EB814,0x8E8F8,0x27FABC,0x91530,0x1D3,"",""
1419,0x8014C,0x0,0xE1A0A000,"MOV r10,r0",0x60,0x23F40,0x2E35E7,0x38,0x282354,0x280400,0x23F40,0x2E35E7,0x2EB800,0x280400,0x23F40,0x2EB814,0x8E8F8,0x27FABC,0x91540,0x1D3,"",""
1420,0x80150,0x0,0xE12FFF1E,"BX r14",0x60,0x23F40,0x2E35E7,0x38,0x282354,0x280400,0x23F40,0x2E35E7,0x2EB800,0x280400,0x60,0x2EB814,0x8E8F8,0x27FABC,0x91540,0x1D3,"",""
1421,0x91540,0x0,0xE5845008,"STR r5,[r4,#0x8]",0x60,0x23F40,0x2E35E7,0x38,0x282354,0x280400,0x23F40,0x2E35E7,0x2EB800,0x280400,0x60,0x2EB814,0x8E8F8,0x27FABC,0x91540,0x1D3,"","W:0x28235C/4"
1422,0x91544,0x0,0xE584600C,"STR r6,[r4,#0xC]",0x60,0x23F40,0x2E35E7,0x38,0x282354,0x280400,0x23F40,0x2E35E7,0x2EB800,0x280400,0x60,0x2EB814,0x8E8F8,0x27FABC,0x91540,0x1D3,"","W:0x282360/4"
1423,0x91548,0x0,0xE5847000,"STR r7,[r4,#0x0]",0x60,0x23F40,0x2E35E7,0x38,0x282354,0x280400,0x23F40,0x2E35E7,0x2EB800,0x280400,0x60,0x2EB814,0x8E8F8,0x27FABC,0x91540,0x1D3,"","W:0x282354/4"
1424,0x9154C,0x0,0xE8BD80F8,"LDMFD sp!,{..pc} list=0x80F8",0x60,0x23F40,0x2E35E7,0x38,0x282354,0x280400,0x23F40,0x2E35E7,0x2EB800,0x280400,0x60,0x2EB814,0x8E8F8,0x27FABC,0x91540,0x1D3,"","R:0x27FABC/4"
1425,0x80610,0x0,0xE89D79FF,"w=0xE89D79FF",0x60,0x23F40,0x2E35E7,0x38,0x0,0x2AC8EC,0x0,0x0,0x2EB800,0x280400,0x60,0x2EB814,0x8E8F8,0x27FAD4,0x91540,0x1D3,"","R:0x27FAD4/4"
1426,0x80614,0x0,0xEB008059,"BL 0xA0780",0x805F8,0x682B8C,0x0,0x38,0x0,0x2AC8EC,0x0,0x0,0x2EB800,0x280400,0x60,0x2EB814,0x8E8F8,0x27FB08,0x2E35E7,0x1D3,"",""
1427,0xA0780,0x0,0xE92D4010,"STMFD sp!,{..} list=0x4010",0x805F8,0x682B8C,0x0,0x38,0x0,0x2AC8EC,0x0,0x0,0x2EB800,0x280400,0x60,0x2EB814,0x8E8F8,0x27FB08,0x80618,0x1D3,"","W:0x27FB00/4"
1428,0xA0784,0x0,0xE59F4018,"LDR r4,[pc,#0x18]",0x805F8,0x682B8C,0x0,0x38,0x0,0x2AC8EC,0x0,0x0,0x2EB800,0x280400,0x60,0x2EB814,0x8E8F8,0x27FB00,0x80618,0x1D3,"","R:0xA07A4/4"
1429,0xA0788,0x0,0xE0844009,"w=0xE0844009",0x805F8,0x682B8C,0x0,0x38,0x2084,0x2AC8EC,0x0,0x0,0x2EB800,0x280400,0x60,0x2EB814,0x8E8F8,0x27FB00,0x80618,0x1D3,"",""
1430,0xA078C,0x0,0xE5940000,"LDR r0,[r4,#0x0]",0x805F8,0x682B8C,0x0,0x38,0x282484,0x2AC8EC,0x0,0x0,0x2EB800,0x280400,0x60,0x2EB814,0x8E8F8,0x27FB00,0x80618,0x1D3,"","R:0x282484/4"
1431,0xA0790,0x0,0xE5900024,"w=0xE5900024",0x280254,0x682B8C,0x0,0x38,0x282484,0x2AC8EC,0x0,0x0,0x2EB800,0x280400,0x60,0x2EB814,0x8E8F8,0x27FB00,0x80618,0x1D3,"","R:0x280278/4"
1432,0xA0794,0x0,0xE12FFF30,"BLX r0",0x280278,0x682B8C,0x0,0x38,0x282484,0x2AC8EC,0x0,0x0,0x2EB800,0x280400,0x60,0x2EB814,0x8E8F8,0x27FB00,0x80618,0x1D3,"",""
1433,0x280278,0x0,0x00280278,"w=0x00280278",0x6878,0x682B8C,0x0,0x38,0x282484,0x2AC8EC,0x0,0x0,0x2EB800,0x280400,0x60,0x2EB814,0x8E8F8,0x27FB00,0xA0798,0x1D3,"",""
1434,0xA0798,0x0,0xE5941004,"LDR r1,[r4,#0x4]",0x6878,0x682B8C,0x0,0x38,0x282484,0x2AC8EC,0x0,0x0,0x2EB800,0x280400,0x60,0x2EB814,0x8E8F8,0x27FB00,0xA0798,0x1D3,"","R:0x282488/4"
1435,0xA079C,0x0,0xE0400001,"w=0xE0400001",0x6878,0x44,0x0,0x38,0x282484,0x2AC8EC,0x0,0x0,0x2EB800,0x280400,0x60,0x2EB814,0x8E8F8,0x27FB00,0xA0798,0x1D3,"",""
1436,0xA07A0,0x0,0xE8BD8010,"LDMFD sp!,{..pc} list=0x8010",0x6834,0x44,0x0,0x38,0x282484,0x2AC8EC,0x0,0x0,0x2EB800,0x280400,0x60,0x2EB814,0x8E8F8,0x27FB00,0xA0798,0x1D3,"","R:0x27FB00/4"
1437,0x80618,0x0,0xE90D39FF,"w=0xE90D39FF",0x6834,0x44,0x0,0x38,0x0,0x2AC8EC,0x0,0x0,0x2EB800,0x280400,0x60,0x2EB814,0x8E8F8,0x27FB08,0xA0798,0x1D3,"","W:0x27FAD8/4"
1438,0x8061C,0x0,0xE24DD030,"w=0xE24DD030",0x6834,0x44,0x0,0x38,0x0,0x2AC8EC,0x0,0x0,0x2EB800,0x280400,0x60,0x2EB814,0x8E8F8,0x27FB08,0xA0798,0x1D3,"",""
1439,0x80620,0x0,0xEB0043CC,"BL 0x91558",0x6834,0x44,0x0,0x38,0x0,0x2AC8EC,0x0,0x0,0x2EB800,0x280400,0x60,0x2EB814,0x8E8F8,0x27FAD8,0xA0798,0x1D3,"",""
1440,0x91558,0x0,0xE59F001C,"LDR r0,[pc,#0x1C]",0x6834,0x44,0x0,0x38,0x0,0x2AC8EC,0x0,0x0,0x2EB800,0x280400,0x60,0x2EB814,0x8E8F8,0x27FAD8,0x80624,0x1D3,"","R:0x9157C/4"
1441,0x9155C,0x0,0xE92D4010,"STMFD sp!,{..} list=0x4010",0x1F54,0x44,0x0,0x38,0x0,0x2AC8EC,0x0,0x0,0x2EB800,0x280400,0x60,0x2EB814,0x8E8F8,0x27FAD8,0x80624,0x1D3,"","W:0x27FAD0/4"
1442,0x91560,0x0,0xE0800009,"w=0xE0800009",0x1F54,0x44,0x0,0x38,0x0,0x2AC8EC,0x0,0x0,0x2EB800,0x280400,0x60,0x2EB814,0x8E8F8,0x27FAD0,0x80624,0x1D3,"",""
1443,0x91564,0x0,0xE5904000,"w=0xE5904000",0x282354,0x44,0x0,0x38,0x0,0x2AC8EC,0x0,0x0,0x2EB800,0x280400,0x60,0x2EB814,0x8E8F8,0x27FAD0,0x80624,0x1D3,"","R:0x282354/4"
1444,0x91568,0x0,0xE590100C,"w=0xE590100C",0x282354,0x44,0x0,0x38,0x2E35E7,0x2AC8EC,0x0,0x0,0x2EB800,0x280400,0x60,0x2EB814,0x8E8F8,0x27FAD0,0x80624,0x1D3,"","R:0x282360/4"
1445,0x9156C,0x0,0xE5900008,"w=0xE5900008",0x282354,0x23F40,0x0,0x38,0x2E35E7,0x2AC8EC,0x0,0x0,0x2EB800,0x280400,0x60,0x2EB814,0x8E8F8,0x27FAD0,0x80624,0x1D3,"","R:0x28235C/4"
1446,0x91570,0x0,0xEBFFBAF7,"BL 0x80154",0x280400,0x23F40,0x0,0x38,0x2E35E7,0x2AC8EC,0x0,0x0,0x2EB800,0x280400,0x60,0x2EB814,0x8E8F8,0x27FAD0,0x80624,0x1D3,"",""
1447,0x80154,0x0,0xE1A09000,"MOV r9,r0",0x280400,0x23F40,0x0,0x38,0x2E35E7,0x2AC8EC,0x0,0x0,0x2EB800,0x280400,0x60,0x2EB814,0x8E8F8,0x27FAD0,0x91574,0x1D3,"",""
1448,0x80158,0x0,0xE1A0A001,"MOV r10,r1",0x280400,0x23F40,0x0,0x38,0x2E35E7,0x2AC8EC,0x0,0x0,0x2EB800,0x280400,0x60,0x2EB814,0x8E8F8,0x27FAD0,0x91574,0x1D3,"",""
1449,0x8015C,0x0,0xE12FFF1E,"BX r14",0x280400,0x23F40,0x0,0x38,0x2E35E7,0x2AC8EC,0x0,0x0,0x2EB800,0x280400,0x23F40,0x2EB814,0x8E8F8,0x27FAD0,0x91574,0x1D3,"",""
1450,0x91574,0x0,0xE1A00004,"MOV r0,r4",0x280400,0x23F40,0x0,0x38,0x2E35E7,0x2AC8EC,0x0,0x0,0x2EB800,0x280400,0x23F40,0x2EB814,0x8E8F8,0x27FAD0,0x91574,0x1D3,"",""
1451,0x91578,0x0,0xE8BD8010,"LDMFD sp!,{..pc} list=0x8010",0x2E35E7,0x23F40,0x0,0x38,0x2E35E7,0x2AC8EC,0x0,0x0,0x2EB800,0x280400,0x23F40,0x2EB814,0x8E8F8,0x27FAD0,0x91574,0x1D3,"","R:0x27FAD0/4"
1452,0x80624,0x0,0xE1A0E000,"MOV r14,r0",0x2E35E7,0x23F40,0x0,0x38,0x0,0x2AC8EC,0x0,0x0,0x2EB800,0x280400,0x23F40,0x2EB814,0x8E8F8,0x27FAD8,0x91574,0x1D3,"",""
1453,0x80628,0x0,0xE89D39FF,"w=0xE89D39FF",0x2E35E7,0x23F40,0x0,0x38,0x0,0x2AC8EC,0x0,0x0,0x2EB800,0x280400,0x23F40,0x2EB814,0x8E8F8,0x27FAD8,0x2E35E7,0x1D3,"","R:0x27FAD8/4"
1454,0x8062C,0x0,0xE12FFF1E,"BX r14",0x6834,0x44,0x0,0x38,0x0,0x2AC8EC,0x0,0x0,0x2EB800,0x280400,0x23F40,0x2EB814,0x8E8F8,0x27FB08,0x2E35E7,0x1D3,"",""
1455,0x2E35E6,0x0,0x4E322500,"w=0x4E322500",0x6834,0x44,0x0,0x38,0x0,0x2AC8EC,0x0,0x0,0x2EB800,0x682B8C,0x23F40,0x2EB814,0x8E8F8,0x27FB08,0x2E35E7,0x1F3,"",""
1456,0x2E35E8,0x0,0x444E4E32,"w=0x444E4E32",0x6834,0x44,0x0,0x38,0x0,0x0,0x0,0x0,0x2EB800,0x682B8C,0x23F40,0x2EB814,0x8E8F8,0x27FB08,0x2E35E7,0x400001F3,"","R:0x2E36B4/4"
1457,0x2E35EA,0x0,0x6931444E,"w=0x6931444E",0x6834,0x44,0x0,0x38,0x0,0x0,0x980,0x0,0x2EB800,0x682B8C,0x23F40,0x2EB814,0x8E8F8,0x27FB08,0x2E35E7,0x400001F3,"",""
1458,0x2E35EC,0x0,0x61356931,"w=0x61356931",0x6834,0x44,0x0,0x38,0x0,0x0,0x68350C,0x0,0x2EB800,0x682B8C,0x23F40,0x2EB814,0x8E8F8,0x27FB08,0x2E35E7,0x400001F3,"","R:0x68351C/4"
1459,0x2E35EE,0x0,0x1A416135,"Bcond 0x133BACA",0x6834,0x0,0x0,0x38,0x0,0x0,0x68350C,0x0,0x2EB800,0x682B8C,0x23F40,0x2EB814,0x8E8F8,0x27FB08,0x2E35E7,0x400001F3,"","W:0x68351C/4"
1460,0x2E35F0,0x0,0x68B01A41,"w=0x68B01A41",0x6834,0x0,0x0,0x38,0x0,0x0,0x68350C,0x0,0x2EB800,0x682B8C,0x23F40,0x2EB814,0x8E8F8,0x27FB08,0x2E35E7,0x400001F3,"",""
1461,0x2E35F2,0x0,0x1C0B68B0,"w=0x1C0B68B0",0x6834,0x6834,0x0,0x38,0x0,0x0,0x68350C,0x0,0x2EB800,0x682B8C,0x23F40,0x2EB814,0x8E8F8,0x27FB08,0x2E35E7,0x200001F3,"","R:0x683514/4"
1462,0x2E35F4,0x0,0x28001C0B,"w=0x28001C0B",0x0,0x6834,0x0,0x38,0x0,0x0,0x68350C,0x0,0x2EB800,0x682B8C,0x23F40,0x2EB814,0x8E8F8,0x27FB08,0x2E35E7,0x200001F3,"",""
1463,0x2E35F6,0x0,0xD0592800,"w=0xD0592800",0x0,0x6834,0x0,0x6834,0x0,0x0,0x68350C,0x0,0x2EB800,0x682B8C,0x23F40,0x2EB814,0x8E8F8,0x27FB08,0x2E35E7,0x1F3,"",""
1464,0x2E35F8,0x0,0x6882D059,"w=0x6882D059",0x0,0x6834,0x0,0x6834,0x0,0x0,0x68350C,0x0,0x2EB800,0x682B8C,0x23F40,0x2EB814,0x8E8F8,0x27FB08,0x2E35E7,0x600001F3,"",""
1465,0x2E36AE,0x0,0x0D4CBDF8,"w=0x0D4CBDF8",0x0,0x6834,0x0,0x6834,0x0,0x0,0x68350C,0x0,0x2EB800,0x682B8C,0x23F40,0x2EB814,0x8E8F8,0x27FB08,0x2E35E7,0x600001F3,"","R:0x27FB08/4"
1466,0x2E30FA,0x0,0x60EFE011,"w=0x60EFE011",0x0,0x6834,0x0,0x38,0x0,0x2AC8EC,0x0,0x0,0x2EB800,0x682B8C,0x23F40,0x2EB814,0x8E8F8,0x27FB20,0x2E35E7,0x600001F3,"",""
1467,0x2E3120,0x0,0xB0059900,"w=0xB0059900",0x0,0x6834,0x0,0x38,0x0,0x2AC8EC,0x0,0x0,0x2EB800,0x682B8C,0x23F40,0x2EB814,0x8E8F8,0x27FB20,0x2E35E7,0x600001F3,"","R:0x27FB20/4"
1468,0x2E3122,0x0,0x1C20B005,"w=0x1C20B005",0x0,0x682B8C,0x0,0x38,0x0,0x2AC8EC,0x0,0x0,0x2EB800,0x682B8C,0x23F40,0x2EB814,0x8E8F8,0x27FB20,0x2E35E7,0x600001F3,"",""
1469,0x2E3124,0x0,0x46891C20,"w=0x46891C20",0x0,0x682B8C,0x0,0x38,0x0,0x2AC8EC,0x0,0x0,0x2EB800,0x682B8C,0x23F40,0x2EB814,0x8E8F8,0x27FB34,0x2E35E7,0x600001F3,"",""
1470,0x2E3126,0x0,0xBDF04689,"w=0xBDF04689",0x0,0x682B8C,0x0,0x38,0x0,0x2AC8EC,0x0,0x0,0x2EB800,0x682B8C,0x23F40,0x2EB814,0x8E8F8,0x27FB34,0x2E35E7,0x400001F3,"",""
1471,0x2E3128,0x0,0x0000BDF0,"w=0x0000BDF0",0x0,0x682B8C,0x0,0x38,0x0,0x2AC8EC,0x0,0x0,0x2EB800,0x682B8C,0x23F40,0x2EB814,0x8E8F8,0x27FB34,0x2E35E7,0x400001F3,"","R:0x27FB34/4"
