seq,pc,off,insn,desc,r0,r1,r2,r3,r4,r5,sp,lr,note
1,0x928F8,0x128F8,0xE92D4DF0,"w=0xE92D4DF0",0x27FC84,0x0,0xFFFFFFFF,0x27FA84,0x0,0x2827A0,0x27FC80,0xA0D34,"producer"
2,0x928FC,0x128FC,0xE59FB340,"w=0xE59FB340",0x27FC84,0x0,0xFFFFFFFF,0x27FA84,0x0,0x2827A0,0x27FC60,0xA0D34,"producer"
3,0x92900,0x12900,0xE59F8340,"w=0xE59F8340",0x27FC84,0x0,0xFFFFFFFF,0x27FA84,0x0,0x2827A0,0x27FC60,0xA0D34,"producer"
4,0x92904,0x12904,0xE08BB009,"w=0xE08BB009",0x27FC84,0x0,0xFFFFFFFF,0x27FA84,0x0,0x2827A0,0x27FC60,0xA0D34,"producer"
5,0x92908,0x12908,0xE59B1004,"w=0xE59B1004",0x27FC84,0x0,0xFFFFFFFF,0x27FA84,0x0,0x2827A0,0x27FC60,0xA0D34,"producer"
6,0x9290C,0x1290C,0xE59F3338,"w=0xE59F3338",0x27FC84,0x0,0xFFFFFFFF,0x27FA84,0x0,0x2827A0,0x27FC60,0xA0D34,"producer"
7,0x92910,0x12910,0xE59B2000,"w=0xE59B2000",0x27FC84,0x0,0xFFFFFFFF,0x25C,0x0,0x2827A0,0x27FC60,0xA0D34,"producer"
8,0x92914,0x12914,0xE24DDE4A,"w=0xE24DDE4A",0x27FC84,0x0,0x0,0x25C,0x0,0x2827A0,0x27FC60,0xA0D34,"producer"
9,0x92918,0x12918,0xE0888009,"w=0xE0888009",0x27FC84,0x0,0x0,0x25C,0x0,0x2827A0,0x27F7C0,0xA0D34,"producer"
10,0x9291C,0x1291C,0xE3510001,"w=0xE3510001",0x27FC84,0x0,0x0,0x25C,0x0,0x2827A0,0x27F7C0,0xA0D34,"producer"
11,0x92920,0x12920,0xE0833009,"w=0xE0833009",0x27FC84,0x0,0x0,0x25C,0x0,0x2827A0,0x27F7C0,0xA0D34,"producer"
12,0x92924,0x12924,0x2A000008,"Bcond 0x9294C",0x27FC84,0x0,0x0,0x28065C,0x0,0x2827A0,0x27F7C0,0xA0D34,"producer"
13,0x92928,0x12928,0xE5984000,"w=0xE5984000",0x27FC84,0x0,0x0,0x28065C,0x0,0x2827A0,0x27F7C0,0xA0D34,"producer"
14,0x9292C,0x1292C,0xE593C000,"w=0xE593C000",0x27FC84,0x0,0x0,0x28065C,0x2AF924,0x2827A0,0x27F7C0,0xA0D34,"producer"
15,0x92930,0x12930,0xE28CE001,"w=0xE28CE001",0x27FC84,0x0,0x0,0x28065C,0x2AF924,0x2827A0,0x27F7C0,0xA0D34,"producer"
16,0x92934,0x12934,0xE583E000,"w=0xE583E000",0x27FC84,0x0,0x0,0x28065C,0x2AF924,0x2827A0,0x27F7C0,0xB,"producer"
17,0x92938,0x12938,0xE7D4C00C,"w=0xE7D4C00C",0x27FC84,0x0,0x0,0x28065C,0x2AF924,0x2827A0,0x27F7C0,0xB,"producer"
18,0x9293C,0x1293C,0xE182211C,"w=0xE182211C",0x27FC84,0x0,0x0,0x28065C,0x2AF924,0x2827A0,0x27F7C0,0xB,"producer"
19,0x92940,0x12940,0xE2811008,"w=0xE2811008",0x27FC84,0x0,0xBC,0x28065C,0x2AF924,0x2827A0,0x27F7C0,0xB,"producer"
20,0x92944,0x12944,0xE3510001,"w=0xE3510001",0x27FC84,0x8,0xBC,0x28065C,0x2AF924,0x2827A0,0x27F7C0,0xB,"producer"
21,0x92948,0x12948,0x3AFFFFF7,"Bcond 0x9292C",0x27FC84,0x8,0xBC,0x28065C,0x2AF924,0x2827A0,0x27F7C0,0xB,"producer"
22,0x9294C,0x1294C,0xE202C001,"w=0xE202C001",0x27FC84,0x8,0xBC,0x28065C,0x2AF924,0x2827A0,0x27F7C0,0xB,"producer"
23,0x92950,0x12950,0xE580C000,"w=0xE580C000",0x27FC84,0x8,0xBC,0x28065C,0x2AF924,0x2827A0,0x27F7C0,0xB,"producer"
24,0x92954,0x12954,0xE2411001,"w=0xE2411001",0x27FC84,0x8,0xBC,0x28065C,0x2AF924,0x2827A0,0x27F7C0,0xB,"producer"
25,0x92958,0x12958,0xE3510002,"w=0xE3510002",0x27FC84,0x7,0xBC,0x28065C,0x2AF924,0x2827A0,0x27F7C0,0xB,"producer"
26,0x9295C,0x1295C,0xE1A000A2,"w=0xE1A000A2",0x27FC84,0x7,0xBC,0x28065C,0x2AF924,0x2827A0,0x27F7C0,0xB,"producer"
27,0x92960,0x12960,0x2A000008,"Bcond 0x92988",0x5E,0x7,0xBC,0x28065C,0x2AF924,0x2827A0,0x27F7C0,0xB,"producer"
28,0x92988,0x12988,0xE2002003,"w=0xE2002003",0x5E,0x7,0xBC,0x28065C,0x2AF924,0x2827A0,0x27F7C0,0xB,"producer"
29,0x9298C,0x1298C,0xE1A0C120,"w=0xE1A0C120",0x5E,0x7,0x2,0x28065C,0x2AF924,0x2827A0,0x27F7C0,0xB,"producer"
30,0x92990,0x12990,0xE2410002,"w=0xE2410002",0x5E,0x7,0x2,0x28065C,0x2AF924,0x2827A0,0x27F7C0,0xB,"producer"
31,0x92994,0x12994,0xE58B0004,"w=0xE58B0004",0x5,0x7,0x2,0x28065C,0x2AF924,0x2827A0,0x27F7C0,0xB,"producer"
32,0x92998,0x12998,0xE58BC000,"w=0xE58BC000",0x5,0x7,0x2,0x28065C,0x2AF924,0x2827A0,0x27F7C0,0xB,"producer"
33,0x9299C,0x1299C,0xE3520002,"w=0xE3520002",0x5,0x7,0x2,0x28065C,0x2AF924,0x2827A0,0x27F7C0,0xB,"producer"
34,0x929A0,0x129A0,0x028DDE4A,"w=0x028DDE4A",0x5,0x7,0x2,0x28065C,0x2AF924,0x2827A0,0x27F7C0,0xB,"producer"
35,0x929A4,0x129A4,0x08BD4DF0,"w=0x08BD4DF0",0x5,0x7,0x2,0x28065C,0x2AF924,0x2827A0,0x27FC60,0xB,"producer"
36,0x929A8,0x129A8,0xE1A0100C,"w=0xE1A0100C",0x5,0x7,0x2,0x28065C,0x0,0x2827A0,0x27FC80,0xA0D34,"producer"
37,0x929AC,0x129AC,0x0A0001AD,"Bcond 0x93068",0x5,0x17,0x2,0x28065C,0x0,0x2827A0,0x27FC80,0xA0D34,"producer"
38,0x93068,0x13068,0xE92D4DF0,"w=0xE92D4DF0",0x5,0x17,0x2,0x28065C,0x0,0x2827A0,0x27FC80,0xA0D34,"producer"
39,0x9306C,0x1306C,0xE59F0504,"w=0xE59F0504",0x5,0x17,0x2,0x28065C,0x0,0x2827A0,0x27FC60,0xA0D34,"producer"
40,0x93070,0x13070,0xE59FA504,"w=0xE59FA504",0x23A0,0x17,0x2,0x28065C,0x0,0x2827A0,0x27FC60,0xA0D34,"producer"
41,0x93074,0x13074,0xE0800009,"w=0xE0800009",0x23A0,0x17,0x2,0x28065C,0x0,0x2827A0,0x27FC60,0xA0D34,"producer"
42,0x93078,0x13078,0xE5901004,"w=0xE5901004",0x2827A0,0x17,0x2,0x28065C,0x0,0x2827A0,0x27FC60,0xA0D34,"producer"
43,0x9307C,0x1307C,0xE5902000,"w=0xE5902000",0x2827A0,0x5,0x2,0x28065C,0x0,0x2827A0,0x27FC60,0xA0D34,"producer"
44,0x93080,0x13080,0xE59F04F8,"w=0xE59F04F8",0x2827A0,0x5,0x17,0x28065C,0x0,0x2827A0,0x27FC60,0xA0D34,"producer"
45,0x93084,0x13084,0xE24DDE51,"w=0xE24DDE51",0x254,0x5,0x17,0x28065C,0x0,0x2827A0,0x27FC60,0xA0D34,"producer"
46,0x93088,0x13088,0xE0800009,"w=0xE0800009",0x254,0x5,0x17,0x28065C,0x0,0x2827A0,0x27F750,0xA0D34,"producer"
47,0x9308C,0x1308C,0xE5900000,"w=0xE5900000",0x280654,0x5,0x17,0x28065C,0x0,0x2827A0,0x27F750,0xA0D34,"producer"
48,0x93090,0x13090,0xE08AA009,"w=0xE08AA009",0x2AF924,0x5,0x17,0x28065C,0x0,0x2827A0,0x27F750,0xA0D34,"producer"
49,0x93094,0x13094,0xE3510005,"w=0xE3510005",0x2AF924,0x5,0x17,0x28065C,0x0,0x2827A0,0x27F750,0xA0D34,"producer"
50,0x93098,0x13098,0x2A000007,"Bcond 0x930BC",0x2AF924,0x5,0x17,0x28065C,0x0,0x2827A0,0x27F750,0xA0D34,"producer"
51,0x930BC,0x130BC,0xE202301F,"w=0xE202301F",0x2AF924,0x5,0x17,0x28065C,0x0,0x2827A0,0x27F750,0xA0D34,"producer"
52,0x930C0,0x130C0,0xE2837F40,"w=0xE2837F40",0x2AF924,0x5,0x17,0x17,0x0,0x2827A0,0x27F750,0xA0D34,"producer"
53,0x930C4,0x130C4,0xE2411005,"w=0xE2411005",0x2AF924,0x5,0x17,0x17,0x0,0x2827A0,0x27F750,0xA0D34,"producer"
54,0x930C8,0x130C8,0xE3510005,"w=0xE3510005",0x2AF924,0x0,0x17,0x17,0x0,0x2827A0,0x27F750,0xA0D34,"producer"
55,0x930CC,0x130CC,0xE2877001,"w=0xE2877001",0x2AF924,0x0,0x17,0x17,0x0,0x2827A0,0x27F750,0xA0D34,"producer"
56,0x930D0,0x130D0,0xE1A022A2,"w=0xE1A022A2",0x2AF924,0x0,0x17,0x17,0x0,0x2827A0,0x27F750,0xA0D34,"producer"
57,0x930D4,0x130D4,0x2A000007,"Bcond 0x930F8",0x2AF924,0x0,0x0,0x17,0x0,0x2827A0,0x27F750,0xA0D34,"producer"
58,0x930D8,0x130D8,0xE59A3000,"w=0xE59A3000",0x2AF924,0x0,0x0,0x17,0x0,0x2827A0,0x27F750,0xA0D34,"producer"
59,0x930DC,0x130DC,0xE283C001,"w=0xE283C001",0x2AF924,0x0,0x0,0xB,0x0,0x2827A0,0x27F750,0xA0D34,"producer"
60,0x930E0,0x130E0,0xE58AC000,"w=0xE58AC000",0x2AF924,0x0,0x0,0xB,0x0,0x2827A0,0x27F750,0xA0D34,"producer"
61,0x930E4,0x130E4,0xE7D03003,"w=0xE7D03003",0x2AF924,0x0,0x0,0xB,0x0,0x2827A0,0x27F750,0xA0D34,"producer"
62,0x930E8,0x130E8,0xE1822113,"w=0xE1822113",0x2AF924,0x0,0x0,0xFD,0x0,0x2827A0,0x27F750,0xA0D34,"producer"
63,0x930EC,0x130EC,0xE2811008,"w=0xE2811008",0x2AF924,0x0,0xFD,0xFD,0x0,0x2827A0,0x27F750,0xA0D34,"producer"
64,0x930F0,0x130F0,0xE3510005,"w=0xE3510005",0x2AF924,0x8,0xFD,0xFD,0x0,0x2827A0,0x27F750,0xA0D34,"producer"
65,0x930F4,0x130F4,0x3AFFFFF7,"Bcond 0x930D8",0x2AF924,0x8,0xFD,0xFD,0x0,0x2827A0,0x27F750,0xA0D34,"producer"
66,0x930F8,0x130F8,0xE202301F,"w=0xE202301F",0x2AF924,0x8,0xFD,0xFD,0x0,0x2827A0,0x27F750,0xA0D34,"producer"
67,0x930FC,0x130FC,0xE2838001,"w=0xE2838001",0x2AF924,0x8,0xFD,0x1D,0x0,0x2827A0,0x27F750,0xA0D34,"producer"
68,0x93100,0x13100,0xE1A032A2,"w=0xE1A032A2",0x2AF924,0x8,0xFD,0x1D,0x0,0x2827A0,0x27F750,0xA0D34,"producer"
69,0x93104,0x13104,0xE2412005,"w=0xE2412005",0x2AF924,0x8,0xFD,0x7,0x0,0x2827A0,0x27F750,0xA0D34,"producer"
70,0x93108,0x13108,0xE3520004,"w=0xE3520004",0x2AF924,0x8,0x3,0x7,0x0,0x2827A0,0x27F750,0xA0D34,"producer"
71,0x9310C,0x1310C,0x2A000007,"Bcond 0x93130",0x2AF924,0x8,0x3,0x7,0x0,0x2827A0,0x27F750,0xA0D34,"producer"
72,0x93110,0x13110,0xE59A1000,"w=0xE59A1000",0x2AF924,0x8,0x3,0x7,0x0,0x2827A0,0x27F750,0xA0D34,"producer"
73,0x93114,0x13114,0xE281C001,"w=0xE281C001",0x2AF924,0xC,0x3,0x7,0x0,0x2827A0,0x27F750,0xA0D34,"producer"
74,0x93118,0x13118,0xE58AC000,"w=0xE58AC000",0x2AF924,0xC,0x3,0x7,0x0,0x2827A0,0x27F750,0xA0D34,"producer"
75,0x9311C,0x1311C,0xE7D01001,"w=0xE7D01001",0x2AF924,0xC,0x3,0x7,0x0,0x2827A0,0x27F750,0xA0D34,"producer"
76,0x93120,0x13120,0xE1833211,"w=0xE1833211",0x2AF924,0x9,0x3,0x7,0x0,0x2827A0,0x27F750,0xA0D34,"producer"
77,0x93124,0x13124,0xE2822008,"w=0xE2822008",0x2AF924,0x9,0x3,0x4F,0x0,0x2827A0,0x27F750,0xA0D34,"producer"
78,0x93128,0x13128,0xE3520004,"w=0xE3520004",0x2AF924,0x9,0xB,0x4F,0x0,0x2827A0,0x27F750,0xA0D34,"producer"
79,0x9312C,0x1312C,0x3AFFFFF7,"Bcond 0x93110",0x2AF924,0x9,0xB,0x4F,0x0,0x2827A0,0x27F750,0xA0D34,"producer"
80,0x93130,0x13130,0xE257CF40,"w=0xE257CF40",0x2AF924,0x9,0xB,0x4F,0x0,0x2827A0,0x27F750,0xA0D34,"producer"
81,0x93134,0x13134,0x225CC01E,"w=0x225CC01E",0x2AF924,0x9,0xB,0x4F,0x0,0x2827A0,0x27F750,0xA0D34,"producer"
82,0x93138,0x13138,0x9358001E,"w=0x9358001E",0x2AF924,0x9,0xB,0x4F,0x0,0x2827A0,0x27F750,0xA0D34,"producer"
83,0x9313C,0x1313C,0xE203100F,"w=0xE203100F",0x2AF924,0x9,0xB,0x4F,0x0,0x2827A0,0x27F750,0xA0D34,"producer"
84,0x93140,0x13140,0xE2811004,"w=0xE2811004",0x2AF924,0xF,0xB,0x4F,0x0,0x2827A0,0x27F750,0xA0D34,"producer"
85,0x93144,0x13144,0x83A00001,"w=0x83A00001",0x2AF924,0x13,0xB,0x4F,0x0,0x2827A0,0x27F750,0xA0D34,"producer"
86,0x93148,0x13148,0x828DDE51,"w=0x828DDE51",0x2AF924,0x13,0xB,0x4F,0x0,0x2827A0,0x27F750,0xA0D34,"producer"
87,0x9314C,0x1314C,0xE1A05223,"w=0xE1A05223",0x2AF924,0x13,0xB,0x4F,0x0,0x2827A0,0x27F750,0xA0D34,"producer"
88,0x93150,0x13150,0xE2424004,"w=0xE2424004",0x2AF924,0x13,0xB,0x4F,0x0,0x4,0x27F750,0xA0D34,"producer"
89,0x93154,0x13154,0x88BD8DF0,"LDMFD ..pc",0x2AF924,0x13,0xB,0x4F,0x7,0x4,0x27F750,0xA0D34,"producer"
90,0x93158,0x13158,0xE3A02000,"w=0xE3A02000",0x2AF924,0x13,0xB,0x4F,0x7,0x4,0x27F750,0xA0D34,"producer"
91,0x9315C,0x1315C,0xE59FE420,"w=0xE59FE420",0x2AF924,0x13,0x0,0x4F,0x7,0x4,0x27F750,0xA0D34,"producer"
92,0x93160,0x13160,0xE08FE00E,"w=0xE08FE00E",0x2AF924,0x13,0x0,0x4F,0x7,0x4,0x27F750,0x3CEB0,"producer"
93,0x93164,0x13164,0xE28DB00C,"w=0xE28DB00C",0x2AF924,0x13,0x0,0x4F,0x7,0x4,0x27F750,0xD0018,"producer"
94,0x93168,0x13168,0xE3510000,"w=0xE3510000",0x2AF924,0x13,0x0,0x4F,0x7,0x4,0x27F750,0xD0018,"producer"
95,0x9316C,0x1316C,0x8A000001,"Bcond 0x93178",0x2AF924,0x13,0x0,0x4F,0x7,0x4,0x27F750,0xD0018,"producer"
96,0x93178,0x13178,0xE3540003,"w=0xE3540003",0x2AF924,0x13,0x0,0x4F,0x7,0x4,0x27F750,0xD0018,"producer"
97,0x9317C,0x1317C,0x2A000007,"Bcond 0x931A0",0x2AF924,0x13,0x0,0x4F,0x7,0x4,0x27F750,0xD0018,"producer"
98,0x931A0,0x131A0,0xE79EC102,"w=0xE79EC102",0x2AF924,0x13,0x0,0x4F,0x7,0x4,0x27F750,0xD0018,"producer"
99,0x931A4,0x131A4,0xE2053007,"w=0xE2053007",0x2AF924,0x13,0x0,0x4F,0x7,0x4,0x27F750,0xD0018,"producer"
100,0x931A8,0x131A8,0xE2822001,"w=0xE2822001",0x2AF924,0x13,0x0,0x4,0x7,0x4,0x27F750,0xD0018,"producer"
101,0x931AC,0x131AC,0xE1520001,"w=0xE1520001",0x2AF924,0x13,0x1,0x4,0x7,0x4,0x27F750,0xD0018,"producer"
102,0x931B0,0x131B0,0xE78B310C,"w=0xE78B310C",0x2AF924,0x13,0x1,0x4,0x7,0x4,0x27F750,0xD0018,"producer"
103,0x931B4,0x131B4,0xE1A051A5,"w=0xE1A051A5",0x2AF924,0x13,0x1,0x4,0x7,0x4,0x27F750,0xD0018,"producer"
104,0x931B8,0x131B8,0xE2444003,"w=0xE2444003",0x2AF924,0x13,0x1,0x4,0x7,0x0,0x27F750,0xD0018,"producer"
105,0x931BC,0x131BC,0x3AFFFFED,"Bcond 0x93178",0x2AF924,0x13,0x1,0x4,0x4,0x0,0x27F750,0xD0018,"producer"
106,0x93178,0x13178,0xE3540003,"w=0xE3540003",0x2AF924,0x13,0x1,0x4,0x4,0x0,0x27F750,0xD0018,"producer"
107,0x9317C,0x1317C,0x2A000007,"Bcond 0x931A0",0x2AF924,0x13,0x1,0x4,0x4,0x0,0x27F750,0xD0018,"producer"
108,0x931A0,0x131A0,0xE79EC102,"w=0xE79EC102",0x2AF924,0x13,0x1,0x4,0x4,0x0,0x27F750,0xD0018,"producer"
109,0x931A4,0x131A4,0xE2053007,"w=0xE2053007",0x2AF924,0x13,0x1,0x4,0x4,0x0,0x27F750,0xD0018,"producer"
110,0x931A8,0x131A8,0xE2822001,"w=0xE2822001",0x2AF924,0x13,0x1,0x0,0x4,0x0,0x27F750,0xD0018,"producer"
111,0x931AC,0x131AC,0xE1520001,"w=0xE1520001",0x2AF924,0x13,0x2,0x0,0x4,0x0,0x27F750,0xD0018,"producer"
112,0x931B0,0x131B0,0xE78B310C,"w=0xE78B310C",0x2AF924,0x13,0x2,0x0,0x4,0x0,0x27F750,0xD0018,"producer"
113,0x931B4,0x131B4,0xE1A051A5,"w=0xE1A051A5",0x2AF924,0x13,0x2,0x0,0x4,0x0,0x27F750,0xD0018,"producer"
114,0x931B8,0x131B8,0xE2444003,"w=0xE2444003",0x2AF924,0x13,0x2,0x0,0x4,0x0,0x27F750,0xD0018,"producer"
115,0x931BC,0x131BC,0x3AFFFFED,"Bcond 0x93178",0x2AF924,0x13,0x2,0x0,0x1,0x0,0x27F750,0xD0018,"producer"
116,0x93178,0x13178,0xE3540003,"w=0xE3540003",0x2AF924,0x13,0x2,0x0,0x1,0x0,0x27F750,0xD0018,"producer"
117,0x9317C,0x1317C,0x2A000007,"Bcond 0x931A0",0x2AF924,0x13,0x2,0x0,0x1,0x0,0x27F750,0xD0018,"producer"
118,0x93180,0x13180,0xE59A3000,"w=0xE59A3000",0x2AF924,0x13,0x2,0x0,0x1,0x0,0x27F750,0xD0018,"producer"
119,0x93184,0x13184,0xE283C001,"w=0xE283C001",0x2AF924,0x13,0x2,0xD,0x1,0x0,0x27F750,0xD0018,"producer"
120,0x93188,0x13188,0xE58AC000,"w=0xE58AC000",0x2AF924,0x13,0x2,0xD,0x1,0x0,0x27F750,0xD0018,"producer"
121,0x9318C,0x1318C,0xE7D03003,"w=0xE7D03003",0x2AF924,0x13,0x2,0xD,0x1,0x0,0x27F750,0xD0018,"producer"
122,0x93190,0x13190,0xE1855413,"w=0xE1855413",0x2AF924,0x13,0x2,0x78,0x1,0x0,0x27F750,0xD0018,"producer"
123,0x93194,0x13194,0xE2844008,"w=0xE2844008",0x2AF924,0x13,0x2,0x78,0x1,0xF0,0x27F750,0xD0018,"producer"
124,0x93198,0x13198,0xE3540003,"w=0xE3540003",0x2AF924,0x13,0x2,0x78,0x9,0xF0,0x27F750,0xD0018,"producer"
125,0x9319C,0x1319C,0x3AFFFFF7,"Bcond 0x93180",0x2AF924,0x13,0x2,0x78,0x9,0xF0,0x27F750,0xD0018,"producer"
126,0x931A0,0x131A0,0xE79EC102,"w=0xE79EC102",0x2AF924,0x13,0x2,0x78,0x9,0xF0,0x27F750,0xD0018,"producer"
127,0x931A4,0x131A4,0xE2053007,"w=0xE2053007",0x2AF924,0x13,0x2,0x78,0x9,0xF0,0x27F750,0xD0018,"producer"
128,0x931A8,0x131A8,0xE2822001,"w=0xE2822001",0x2AF924,0x13,0x2,0x0,0x9,0xF0,0x27F750,0xD0018,"producer"
129,0x931AC,0x131AC,0xE1520001,"w=0xE1520001",0x2AF924,0x13,0x3,0x0,0x9,0xF0,0x27F750,0xD0018,"producer"
130,0x931B0,0x131B0,0xE78B310C,"w=0xE78B310C",0x2AF924,0x13,0x3,0x0,0x9,0xF0,0x27F750,0xD0018,"producer"
131,0x931B4,0x131B4,0xE1A051A5,"w=0xE1A051A5",0x2AF924,0x13,0x3,0x0,0x9,0xF0,0x27F750,0xD0018,"producer"
132,0x931B8,0x131B8,0xE2444003,"w=0xE2444003",0x2AF924,0x13,0x3,0x0,0x9,0x1E,0x27F750,0xD0018,"producer"
133,0x931BC,0x131BC,0x3AFFFFED,"Bcond 0x93178",0x2AF924,0x13,0x3,0x0,0x6,0x1E,0x27F750,0xD0018,"producer"
134,0x93178,0x13178,0xE3540003,"w=0xE3540003",0x2AF924,0x13,0x3,0x0,0x6,0x1E,0x27F750,0xD0018,"producer"
135,0x9317C,0x1317C,0x2A000007,"Bcond 0x931A0",0x2AF924,0x13,0x3,0x0,0x6,0x1E,0x27F750,0xD0018,"producer"
136,0x931A0,0x131A0,0xE79EC102,"w=0xE79EC102",0x2AF924,0x13,0x3,0x0,0x6,0x1E,0x27F750,0xD0018,"producer"
137,0x931A4,0x131A4,0xE2053007,"w=0xE2053007",0x2AF924,0x13,0x3,0x0,0x6,0x1E,0x27F750,0xD0018,"producer"
138,0x931A8,0x131A8,0xE2822001,"w=0xE2822001",0x2AF924,0x13,0x3,0x6,0x6,0x1E,0x27F750,0xD0018,"producer"
139,0x931AC,0x131AC,0xE1520001,"w=0xE1520001",0x2AF924,0x13,0x4,0x6,0x6,0x1E,0x27F750,0xD0018,"producer"
140,0x931B0,0x131B0,0xE78B310C,"w=0xE78B310C",0x2AF924,0x13,0x4,0x6,0x6,0x1E,0x27F750,0xD0018,"producer"
141,0x931B4,0x131B4,0xE1A051A5,"w=0xE1A051A5",0x2AF924,0x13,0x4,0x6,0x6,0x1E,0x27F750,0xD0018,"producer"
142,0x931B8,0x131B8,0xE2444003,"w=0xE2444003",0x2AF924,0x13,0x4,0x6,0x6,0x3,0x27F750,0xD0018,"producer"
143,0x931BC,0x131BC,0x3AFFFFED,"Bcond 0x93178",0x2AF924,0x13,0x4,0x6,0x3,0x3,0x27F750,0xD0018,"producer"
144,0x93178,0x13178,0xE3540003,"w=0xE3540003",0x2AF924,0x13,0x4,0x6,0x3,0x3,0x27F750,0xD0018,"producer"
145,0x9317C,0x1317C,0x2A000007,"Bcond 0x931A0",0x2AF924,0x13,0x4,0x6,0x3,0x3,0x27F750,0xD0018,"producer"
146,0x931A0,0x131A0,0xE79EC102,"w=0xE79EC102",0x2AF924,0x13,0x4,0x6,0x3,0x3,0x27F750,0xD0018,"producer"
147,0x931A4,0x131A4,0xE2053007,"w=0xE2053007",0x2AF924,0x13,0x4,0x6,0x3,0x3,0x27F750,0xD0018,"producer"
148,0x931A8,0x131A8,0xE2822001,"w=0xE2822001",0x2AF924,0x13,0x4,0x3,0x3,0x3,0x27F750,0xD0018,"producer"
149,0x931AC,0x131AC,0xE1520001,"w=0xE1520001",0x2AF924,0x13,0x5,0x3,0x3,0x3,0x27F750,0xD0018,"producer"
150,0x931B0,0x131B0,0xE78B310C,"w=0xE78B310C",0x2AF924,0x13,0x5,0x3,0x3,0x3,0x27F750,0xD0018,"producer"
151,0x931B4,0x131B4,0xE1A051A5,"w=0xE1A051A5",0x2AF924,0x13,0x5,0x3,0x3,0x3,0x27F750,0xD0018,"producer"
152,0x931B8,0x131B8,0xE2444003,"w=0xE2444003",0x2AF924,0x13,0x5,0x3,0x3,0x0,0x27F750,0xD0018,"producer"
153,0x931BC,0x131BC,0x3AFFFFED,"Bcond 0x93178",0x2AF924,0x13,0x5,0x3,0x0,0x0,0x27F750,0xD0018,"producer"
154,0x93178,0x13178,0xE3540003,"w=0xE3540003",0x2AF924,0x13,0x5,0x3,0x0,0x0,0x27F750,0xD0018,"producer"
155,0x9317C,0x1317C,0x2A000007,"Bcond 0x931A0",0x2AF924,0x13,0x5,0x3,0x0,0x0,0x27F750,0xD0018,"producer"
156,0x93180,0x13180,0xE59A3000,"w=0xE59A3000",0x2AF924,0x13,0x5,0x3,0x0,0x0,0x27F750,0xD0018,"producer"
157,0x93184,0x13184,0xE283C001,"w=0xE283C001",0x2AF924,0x13,0x5,0xE,0x0,0x0,0x27F750,0xD0018,"producer"
158,0x93188,0x13188,0xE58AC000,"w=0xE58AC000",0x2AF924,0x13,0x5,0xE,0x0,0x0,0x27F750,0xD0018,"producer"
159,0x9318C,0x1318C,0xE7D03003,"w=0xE7D03003",0x2AF924,0x13,0x5,0xE,0x0,0x0,0x27F750,0xD0018,"producer"
160,0x93190,0x13190,0xE1855413,"w=0xE1855413",0x2AF924,0x13,0x5,0x1B,0x0,0x0,0x27F750,0xD0018,"producer"
161,0x93194,0x13194,0xE2844008,"w=0xE2844008",0x2AF924,0x13,0x5,0x1B,0x0,0x1B,0x27F750,0xD0018,"producer"
162,0x93198,0x13198,0xE3540003,"w=0xE3540003",0x2AF924,0x13,0x5,0x1B,0x8,0x1B,0x27F750,0xD0018,"producer"
163,0x9319C,0x1319C,0x3AFFFFF7,"Bcond 0x93180",0x2AF924,0x13,0x5,0x1B,0x8,0x1B,0x27F750,0xD0018,"producer"
164,0x931A0,0x131A0,0xE79EC102,"w=0xE79EC102",0x2AF924,0x13,0x5,0x1B,0x8,0x1B,0x27F750,0xD0018,"producer"
165,0x931A4,0x131A4,0xE2053007,"w=0xE2053007",0x2AF924,0x13,0x5,0x1B,0x8,0x1B,0x27F750,0xD0018,"producer"
166,0x931A8,0x131A8,0xE2822001,"w=0xE2822001",0x2AF924,0x13,0x5,0x3,0x8,0x1B,0x27F750,0xD0018,"producer"
167,0x931AC,0x131AC,0xE1520001,"w=0xE1520001",0x2AF924,0x13,0x6,0x3,0x8,0x1B,0x27F750,0xD0018,"producer"
168,0x931B0,0x131B0,0xE78B310C,"w=0xE78B310C",0x2AF924,0x13,0x6,0x3,0x8,0x1B,0x27F750,0xD0018,"producer"
169,0x931B4,0x131B4,0xE1A051A5,"w=0xE1A051A5",0x2AF924,0x13,0x6,0x3,0x8,0x1B,0x27F750,0xD0018,"producer"
170,0x931B8,0x131B8,0xE2444003,"w=0xE2444003",0x2AF924,0x13,0x6,0x3,0x8,0x3,0x27F750,0xD0018,"producer"
171,0x931BC,0x131BC,0x3AFFFFED,"Bcond 0x93178",0x2AF924,0x13,0x6,0x3,0x5,0x3,0x27F750,0xD0018,"producer"
172,0x93178,0x13178,0xE3540003,"w=0xE3540003",0x2AF924,0x13,0x6,0x3,0x5,0x3,0x27F750,0xD0018,"producer"
173,0x9317C,0x1317C,0x2A000007,"Bcond 0x931A0",0x2AF924,0x13,0x6,0x3,0x5,0x3,0x27F750,0xD0018,"producer"
174,0x931A0,0x131A0,0xE79EC102,"w=0xE79EC102",0x2AF924,0x13,0x6,0x3,0x5,0x3,0x27F750,0xD0018,"producer"
175,0x931A4,0x131A4,0xE2053007,"w=0xE2053007",0x2AF924,0x13,0x6,0x3,0x5,0x3,0x27F750,0xD0018,"producer"
176,0x931A8,0x131A8,0xE2822001,"w=0xE2822001",0x2AF924,0x13,0x6,0x3,0x5,0x3,0x27F750,0xD0018,"producer"
177,0x931AC,0x131AC,0xE1520001,"w=0xE1520001",0x2AF924,0x13,0x7,0x3,0x5,0x3,0x27F750,0xD0018,"producer"
178,0x931B0,0x131B0,0xE78B310C,"w=0xE78B310C",0x2AF924,0x13,0x7,0x3,0x5,0x3,0x27F750,0xD0018,"producer"
179,0x931B4,0x131B4,0xE1A051A5,"w=0xE1A051A5",0x2AF924,0x13,0x7,0x3,0x5,0x3,0x27F750,0xD0018,"producer"
180,0x931B8,0x131B8,0xE2444003,"w=0xE2444003",0x2AF924,0x13,0x7,0x3,0x5,0x0,0x27F750,0xD0018,"producer"
181,0x931BC,0x131BC,0x3AFFFFED,"Bcond 0x93178",0x2AF924,0x13,0x7,0x3,0x2,0x0,0x27F750,0xD0018,"producer"
182,0x93178,0x13178,0xE3540003,"w=0xE3540003",0x2AF924,0x13,0x7,0x3,0x2,0x0,0x27F750,0xD0018,"producer"
183,0x9317C,0x1317C,0x2A000007,"Bcond 0x931A0",0x2AF924,0x13,0x7,0x3,0x2,0x0,0x27F750,0xD0018,"producer"
184,0x93180,0x13180,0xE59A3000,"w=0xE59A3000",0x2AF924,0x13,0x7,0x3,0x2,0x0,0x27F750,0xD0018,"producer"
185,0x93184,0x13184,0xE283C001,"w=0xE283C001",0x2AF924,0x13,0x7,0xF,0x2,0x0,0x27F750,0xD0018,"producer"
186,0x93188,0x13188,0xE58AC000,"w=0xE58AC000",0x2AF924,0x13,0x7,0xF,0x2,0x0,0x27F750,0xD0018,"producer"
187,0x9318C,0x1318C,0xE7D03003,"w=0xE7D03003",0x2AF924,0x13,0x7,0xF,0x2,0x0,0x27F750,0xD0018,"producer"
188,0x93190,0x13190,0xE1855413,"w=0xE1855413",0x2AF924,0x13,0x7,0xD5,0x2,0x0,0x27F750,0xD0018,"producer"
189,0x93194,0x13194,0xE2844008,"w=0xE2844008",0x2AF924,0x13,0x7,0xD5,0x2,0x354,0x27F750,0xD0018,"producer"
190,0x93198,0x13198,0xE3540003,"w=0xE3540003",0x2AF924,0x13,0x7,0xD5,0xA,0x354,0x27F750,0xD0018,"producer"
191,0x9319C,0x1319C,0x3AFFFFF7,"Bcond 0x93180",0x2AF924,0x13,0x7,0xD5,0xA,0x354,0x27F750,0xD0018,"producer"
192,0x931A0,0x131A0,0xE79EC102,"w=0xE79EC102",0x2AF924,0x13,0x7,0xD5,0xA,0x354,0x27F750,0xD0018,"producer"
193,0x931A4,0x131A4,0xE2053007,"w=0xE2053007",0x2AF924,0x13,0x7,0xD5,0xA,0x354,0x27F750,0xD0018,"producer"
194,0x931A8,0x131A8,0xE2822001,"w=0xE2822001",0x2AF924,0x13,0x7,0x4,0xA,0x354,0x27F750,0xD0018,"producer"
195,0x931AC,0x131AC,0xE1520001,"w=0xE1520001",0x2AF924,0x13,0x8,0x4,0xA,0x354,0x27F750,0xD0018,"producer"
196,0x931B0,0x131B0,0xE78B310C,"w=0xE78B310C",0x2AF924,0x13,0x8,0x4,0xA,0x354,0x27F750,0xD0018,"producer"
197,0x931B4,0x131B4,0xE1A051A5,"w=0xE1A051A5",0x2AF924,0x13,0x8,0x4,0xA,0x354,0x27F750,0xD0018,"producer"
198,0x931B8,0x131B8,0xE2444003,"w=0xE2444003",0x2AF924,0x13,0x8,0x4,0xA,0x6A,0x27F750,0xD0018,"producer"
199,0x931BC,0x131BC,0x3AFFFFED,"Bcond 0x93178",0x2AF924,0x13,0x8,0x4,0x7,0x6A,0x27F750,0xD0018,"producer"
200,0x93178,0x13178,0xE3540003,"w=0xE3540003",0x2AF924,0x13,0x8,0x4,0x7,0x6A,0x27F750,0xD0018,"producer"
201,0x9317C,0x1317C,0x2A000007,"Bcond 0x931A0",0x2AF924,0x13,0x8,0x4,0x7,0x6A,0x27F750,0xD0018,"producer"
202,0x931A0,0x131A0,0xE79EC102,"w=0xE79EC102",0x2AF924,0x13,0x8,0x4,0x7,0x6A,0x27F750,0xD0018,"producer"
203,0x931A4,0x131A4,0xE2053007,"w=0xE2053007",0x2AF924,0x13,0x8,0x4,0x7,0x6A,0x27F750,0xD0018,"producer"
204,0x931A8,0x131A8,0xE2822001,"w=0xE2822001",0x2AF924,0x13,0x8,0x2,0x7,0x6A,0x27F750,0xD0018,"producer"
205,0x931AC,0x131AC,0xE1520001,"w=0xE1520001",0x2AF924,0x13,0x9,0x2,0x7,0x6A,0x27F750,0xD0018,"producer"
206,0x931B0,0x131B0,0xE78B310C,"w=0xE78B310C",0x2AF924,0x13,0x9,0x2,0x7,0x6A,0x27F750,0xD0018,"producer"
207,0x931B4,0x131B4,0xE1A051A5,"w=0xE1A051A5",0x2AF924,0x13,0x9,0x2,0x7,0x6A,0x27F750,0xD0018,"producer"
208,0x931B8,0x131B8,0xE2444003,"w=0xE2444003",0x2AF924,0x13,0x9,0x2,0x7,0xD,0x27F750,0xD0018,"producer"
209,0x931BC,0x131BC,0x3AFFFFED,"Bcond 0x93178",0x2AF924,0x13,0x9,0x2,0x4,0xD,0x27F750,0xD0018,"producer"
210,0x93178,0x13178,0xE3540003,"w=0xE3540003",0x2AF924,0x13,0x9,0x2,0x4,0xD,0x27F750,0xD0018,"producer"
211,0x9317C,0x1317C,0x2A000007,"Bcond 0x931A0",0x2AF924,0x13,0x9,0x2,0x4,0xD,0x27F750,0xD0018,"producer"
212,0x931A0,0x131A0,0xE79EC102,"w=0xE79EC102",0x2AF924,0x13,0x9,0x2,0x4,0xD,0x27F750,0xD0018,"producer"
213,0x931A4,0x131A4,0xE2053007,"w=0xE2053007",0x2AF924,0x13,0x9,0x2,0x4,0xD,0x27F750,0xD0018,"producer"
214,0x931A8,0x131A8,0xE2822001,"w=0xE2822001",0x2AF924,0x13,0x9,0x5,0x4,0xD,0x27F750,0xD0018,"producer"
215,0x931AC,0x131AC,0xE1520001,"w=0xE1520001",0x2AF924,0x13,0xA,0x5,0x4,0xD,0x27F750,0xD0018,"producer"
216,0x931B0,0x131B0,0xE78B310C,"w=0xE78B310C",0x2AF924,0x13,0xA,0x5,0x4,0xD,0x27F750,0xD0018,"producer"
217,0x931B4,0x131B4,0xE1A051A5,"w=0xE1A051A5",0x2AF924,0x13,0xA,0x5,0x4,0xD,0x27F750,0xD0018,"producer"
218,0x931B8,0x131B8,0xE2444003,"w=0xE2444003",0x2AF924,0x13,0xA,0x5,0x4,0x1,0x27F750,0xD0018,"producer"
219,0x931BC,0x131BC,0x3AFFFFED,"Bcond 0x93178",0x2AF924,0x13,0xA,0x5,0x1,0x1,0x27F750,0xD0018,"producer"
220,0x93178,0x13178,0xE3540003,"w=0xE3540003",0x2AF924,0x13,0xA,0x5,0x1,0x1,0x27F750,0xD0018,"producer"
221,0x9317C,0x1317C,0x2A000007,"Bcond 0x931A0",0x2AF924,0x13,0xA,0x5,0x1,0x1,0x27F750,0xD0018,"producer"
222,0x93180,0x13180,0xE59A3000,"w=0xE59A3000",0x2AF924,0x13,0xA,0x5,0x1,0x1,0x27F750,0xD0018,"producer"
223,0x93184,0x13184,0xE283C001,"w=0xE283C001",0x2AF924,0x13,0xA,0x10,0x1,0x1,0x27F750,0xD0018,"producer"
224,0x93188,0x13188,0xE58AC000,"w=0xE58AC000",0x2AF924,0x13,0xA,0x10,0x1,0x1,0x27F750,0xD0018,"producer"
225,0x9318C,0x1318C,0xE7D03003,"w=0xE7D03003",0x2AF924,0x13,0xA,0x10,0x1,0x1,0x27F750,0xD0018,"producer"
226,0x93190,0x13190,0xE1855413,"w=0xE1855413",0x2AF924,0x13,0xA,0xB5,0x1,0x1,0x27F750,0xD0018,"producer"
227,0x93194,0x13194,0xE2844008,"w=0xE2844008",0x2AF924,0x13,0xA,0xB5,0x1,0x16B,0x27F750,0xD0018,"producer"
228,0x93198,0x13198,0xE3540003,"w=0xE3540003",0x2AF924,0x13,0xA,0xB5,0x9,0x16B,0x27F750,0xD0018,"producer"
229,0x9319C,0x1319C,0x3AFFFFF7,"Bcond 0x93180",0x2AF924,0x13,0xA,0xB5,0x9,0x16B,0x27F750,0xD0018,"producer"
230,0x931A0,0x131A0,0xE79EC102,"w=0xE79EC102",0x2AF924,0x13,0xA,0xB5,0x9,0x16B,0x27F750,0xD0018,"producer"
231,0x931A4,0x131A4,0xE2053007,"w=0xE2053007",0x2AF924,0x13,0xA,0xB5,0x9,0x16B,0x27F750,0xD0018,"producer"
232,0x931A8,0x131A8,0xE2822001,"w=0xE2822001",0x2AF924,0x13,0xA,0x3,0x9,0x16B,0x27F750,0xD0018,"producer"
233,0x931AC,0x131AC,0xE1520001,"w=0xE1520001",0x2AF924,0x13,0xB,0x3,0x9,0x16B,0x27F750,0xD0018,"producer"
234,0x931B0,0x131B0,0xE78B310C,"w=0xE78B310C",0x2AF924,0x13,0xB,0x3,0x9,0x16B,0x27F750,0xD0018,"producer"
235,0x931B4,0x131B4,0xE1A051A5,"w=0xE1A051A5",0x2AF924,0x13,0xB,0x3,0x9,0x16B,0x27F750,0xD0018,"producer"
236,0x931B8,0x131B8,0xE2444003,"w=0xE2444003",0x2AF924,0x13,0xB,0x3,0x9,0x2D,0x27F750,0xD0018,"producer"
237,0x931BC,0x131BC,0x3AFFFFED,"Bcond 0x93178",0x2AF924,0x13,0xB,0x3,0x6,0x2D,0x27F750,0xD0018,"producer"
238,0x93178,0x13178,0xE3540003,"w=0xE3540003",0x2AF924,0x13,0xB,0x3,0x6,0x2D,0x27F750,0xD0018,"producer"
239,0x9317C,0x1317C,0x2A000007,"Bcond 0x931A0",0x2AF924,0x13,0xB,0x3,0x6,0x2D,0x27F750,0xD0018,"producer"
240,0x931A0,0x131A0,0xE79EC102,"w=0xE79EC102",0x2AF924,0x13,0xB,0x3,0x6,0x2D,0x27F750,0xD0018,"producer"
241,0x931A4,0x131A4,0xE2053007,"w=0xE2053007",0x2AF924,0x13,0xB,0x3,0x6,0x2D,0x27F750,0xD0018,"producer"
242,0x931A8,0x131A8,0xE2822001,"w=0xE2822001",0x2AF924,0x13,0xB,0x5,0x6,0x2D,0x27F750,0xD0018,"producer"
243,0x931AC,0x131AC,0xE1520001,"w=0xE1520001",0x2AF924,0x13,0xC,0x5,0x6,0x2D,0x27F750,0xD0018,"producer"
244,0x931B0,0x131B0,0xE78B310C,"w=0xE78B310C",0x2AF924,0x13,0xC,0x5,0x6,0x2D,0x27F750,0xD0018,"producer"
245,0x931B4,0x131B4,0xE1A051A5,"w=0xE1A051A5",0x2AF924,0x13,0xC,0x5,0x6,0x2D,0x27F750,0xD0018,"producer"
246,0x931B8,0x131B8,0xE2444003,"w=0xE2444003",0x2AF924,0x13,0xC,0x5,0x6,0x5,0x27F750,0xD0018,"producer"
247,0x931BC,0x131BC,0x3AFFFFED,"Bcond 0x93178",0x2AF924,0x13,0xC,0x5,0x3,0x5,0x27F750,0xD0018,"producer"
248,0x93178,0x13178,0xE3540003,"w=0xE3540003",0x2AF924,0x13,0xC,0x5,0x3,0x5,0x27F750,0xD0018,"producer"
249,0x9317C,0x1317C,0x2A000007,"Bcond 0x931A0",0x2AF924,0x13,0xC,0x5,0x3,0x5,0x27F750,0xD0018,"producer"
250,0x931A0,0x131A0,0xE79EC102,"w=0xE79EC102",0x2AF924,0x13,0xC,0x5,0x3,0x5,0x27F750,0xD0018,"producer"
251,0x931A4,0x131A4,0xE2053007,"w=0xE2053007",0x2AF924,0x13,0xC,0x5,0x3,0x5,0x27F750,0xD0018,"producer"
252,0x931A8,0x131A8,0xE2822001,"w=0xE2822001",0x2AF924,0x13,0xC,0x5,0x3,0x5,0x27F750,0xD0018,"producer"
253,0x931AC,0x131AC,0xE1520001,"w=0xE1520001",0x2AF924,0x13,0xD,0x5,0x3,0x5,0x27F750,0xD0018,"producer"
254,0x931B0,0x131B0,0xE78B310C,"w=0xE78B310C",0x2AF924,0x13,0xD,0x5,0x3,0x5,0x27F750,0xD0018,"producer"
255,0x931B4,0x131B4,0xE1A051A5,"w=0xE1A051A5",0x2AF924,0x13,0xD,0x5,0x3,0x5,0x27F750,0xD0018,"producer"
256,0x931B8,0x131B8,0xE2444003,"w=0xE2444003",0x2AF924,0x13,0xD,0x5,0x3,0x0,0x27F750,0xD0018,"producer"
257,0x931BC,0x131BC,0x3AFFFFED,"Bcond 0x93178",0x2AF924,0x13,0xD,0x5,0x0,0x0,0x27F750,0xD0018,"producer"
258,0x93178,0x13178,0xE3540003,"w=0xE3540003",0x2AF924,0x13,0xD,0x5,0x0,0x0,0x27F750,0xD0018,"producer"
259,0x9317C,0x1317C,0x2A000007,"Bcond 0x931A0",0x2AF924,0x13,0xD,0x5,0x0,0x0,0x27F750,0xD0018,"producer"
260,0x93180,0x13180,0xE59A3000,"w=0xE59A3000",0x2AF924,0x13,0xD,0x5,0x0,0x0,0x27F750,0xD0018,"producer"
261,0x93184,0x13184,0xE283C001,"w=0xE283C001",0x2AF924,0x13,0xD,0x11,0x0,0x0,0x27F750,0xD0018,"producer"
262,0x93188,0x13188,0xE58AC000,"w=0xE58AC000",0x2AF924,0x13,0xD,0x11,0x0,0x0,0x27F750,0xD0018,"producer"
263,0x9318C,0x1318C,0xE7D03003,"w=0xE7D03003",0x2AF924,0x13,0xD,0x11,0x0,0x0,0x27F750,0xD0018,"producer"
264,0x93190,0x13190,0xE1855413,"w=0xE1855413",0x2AF924,0x13,0xD,0x0,0x0,0x0,0x27F750,0xD0018,"producer"
265,0x93194,0x13194,0xE2844008,"w=0xE2844008",0x2AF924,0x13,0xD,0x0,0x0,0x0,0x27F750,0xD0018,"producer"
266,0x93198,0x13198,0xE3540003,"w=0xE3540003",0x2AF924,0x13,0xD,0x0,0x8,0x0,0x27F750,0xD0018,"producer"
267,0x9319C,0x1319C,0x3AFFFFF7,"Bcond 0x93180",0x2AF924,0x13,0xD,0x0,0x8,0x0,0x27F750,0xD0018,"producer"
268,0x931A0,0x131A0,0xE79EC102,"w=0xE79EC102",0x2AF924,0x13,0xD,0x0,0x8,0x0,0x27F750,0xD0018,"producer"
269,0x931A4,0x131A4,0xE2053007,"w=0xE2053007",0x2AF924,0x13,0xD,0x0,0x8,0x0,0x27F750,0xD0018,"producer"
270,0x931A8,0x131A8,0xE2822001,"w=0xE2822001",0x2AF924,0x13,0xD,0x0,0x8,0x0,0x27F750,0xD0018,"producer"
271,0x931AC,0x131AC,0xE1520001,"w=0xE1520001",0x2AF924,0x13,0xE,0x0,0x8,0x0,0x27F750,0xD0018,"producer"
272,0x931B0,0x131B0,0xE78B310C,"w=0xE78B310C",0x2AF924,0x13,0xE,0x0,0x8,0x0,0x27F750,0xD0018,"producer"
273,0x931B4,0x131B4,0xE1A051A5,"w=0xE1A051A5",0x2AF924,0x13,0xE,0x0,0x8,0x0,0x27F750,0xD0018,"producer"
274,0x931B8,0x131B8,0xE2444003,"w=0xE2444003",0x2AF924,0x13,0xE,0x0,0x8,0x0,0x27F750,0xD0018,"producer"
275,0x931BC,0x131BC,0x3AFFFFED,"Bcond 0x93178",0x2AF924,0x13,0xE,0x0,0x5,0x0,0x27F750,0xD0018,"producer"
276,0x93178,0x13178,0xE3540003,"w=0xE3540003",0x2AF924,0x13,0xE,0x0,0x5,0x0,0x27F750,0xD0018,"producer"
277,0x9317C,0x1317C,0x2A000007,"Bcond 0x931A0",0x2AF924,0x13,0xE,0x0,0x5,0x0,0x27F750,0xD0018,"producer"
278,0x931A0,0x131A0,0xE79EC102,"w=0xE79EC102",0x2AF924,0x13,0xE,0x0,0x5,0x0,0x27F750,0xD0018,"producer"
279,0x931A4,0x131A4,0xE2053007,"w=0xE2053007",0x2AF924,0x13,0xE,0x0,0x5,0x0,0x27F750,0xD0018,"producer"
280,0x931A8,0x131A8,0xE2822001,"w=0xE2822001",0x2AF924,0x13,0xE,0x0,0x5,0x0,0x27F750,0xD0018,"producer"
281,0x931AC,0x131AC,0xE1520001,"w=0xE1520001",0x2AF924,0x13,0xF,0x0,0x5,0x0,0x27F750,0xD0018,"producer"
282,0x931B0,0x131B0,0xE78B310C,"w=0xE78B310C",0x2AF924,0x13,0xF,0x0,0x5,0x0,0x27F750,0xD0018,"producer"
283,0x931B4,0x131B4,0xE1A051A5,"w=0xE1A051A5",0x2AF924,0x13,0xF,0x0,0x5,0x0,0x27F750,0xD0018,"producer"
284,0x931B8,0x131B8,0xE2444003,"w=0xE2444003",0x2AF924,0x13,0xF,0x0,0x5,0x0,0x27F750,0xD0018,"producer"
285,0x931BC,0x131BC,0x3AFFFFED,"Bcond 0x93178",0x2AF924,0x13,0xF,0x0,0x2,0x0,0x27F750,0xD0018,"producer"
286,0x93178,0x13178,0xE3540003,"w=0xE3540003",0x2AF924,0x13,0xF,0x0,0x2,0x0,0x27F750,0xD0018,"producer"
287,0x9317C,0x1317C,0x2A000007,"Bcond 0x931A0",0x2AF924,0x13,0xF,0x0,0x2,0x0,0x27F750,0xD0018,"producer"
288,0x93180,0x13180,0xE59A3000,"w=0xE59A3000",0x2AF924,0x13,0xF,0x0,0x2,0x0,0x27F750,0xD0018,"producer"
289,0x93184,0x13184,0xE283C001,"w=0xE283C001",0x2AF924,0x13,0xF,0x12,0x2,0x0,0x27F750,0xD0018,"producer"
290,0x93188,0x13188,0xE58AC000,"w=0xE58AC000",0x2AF924,0x13,0xF,0x12,0x2,0x0,0x27F750,0xD0018,"producer"
291,0x9318C,0x1318C,0xE7D03003,"w=0xE7D03003",0x2AF924,0x13,0xF,0x12,0x2,0x0,0x27F750,0xD0018,"producer"
292,0x93190,0x13190,0xE1855413,"w=0xE1855413",0x2AF924,0x13,0xF,0x8E,0x2,0x0,0x27F750,0xD0018,"producer"
293,0x93194,0x13194,0xE2844008,"w=0xE2844008",0x2AF924,0x13,0xF,0x8E,0x2,0x238,0x27F750,0xD0018,"producer"
294,0x93198,0x13198,0xE3540003,"w=0xE3540003",0x2AF924,0x13,0xF,0x8E,0xA,0x238,0x27F750,0xD0018,"producer"
295,0x9319C,0x1319C,0x3AFFFFF7,"Bcond 0x93180",0x2AF924,0x13,0xF,0x8E,0xA,0x238,0x27F750,0xD0018,"producer"
296,0x931A0,0x131A0,0xE79EC102,"w=0xE79EC102",0x2AF924,0x13,0xF,0x8E,0xA,0x238,0x27F750,0xD0018,"producer"
297,0x931A4,0x131A4,0xE2053007,"w=0xE2053007",0x2AF924,0x13,0xF,0x8E,0xA,0x238,0x27F750,0xD0018,"producer"
298,0x931A8,0x131A8,0xE2822001,"w=0xE2822001",0x2AF924,0x13,0xF,0x0,0xA,0x238,0x27F750,0xD0018,"producer"
299,0x931AC,0x131AC,0xE1520001,"w=0xE1520001",0x2AF924,0x13,0x10,0x0,0xA,0x238,0x27F750,0xD0018,"producer"
300,0x931B0,0x131B0,0xE78B310C,"w=0xE78B310C",0x2AF924,0x13,0x10,0x0,0xA,0x238,0x27F750,0xD0018,"producer"
301,0x931B4,0x131B4,0xE1A051A5,"w=0xE1A051A5",0x2AF924,0x13,0x10,0x0,0xA,0x238,0x27F750,0xD0018,"producer"
302,0x931B8,0x131B8,0xE2444003,"w=0xE2444003",0x2AF924,0x13,0x10,0x0,0xA,0x47,0x27F750,0xD0018,"producer"
303,0x931BC,0x131BC,0x3AFFFFED,"Bcond 0x93178",0x2AF924,0x13,0x10,0x0,0x7,0x47,0x27F750,0xD0018,"producer"
304,0x93178,0x13178,0xE3540003,"w=0xE3540003",0x2AF924,0x13,0x10,0x0,0x7,0x47,0x27F750,0xD0018,"producer"
305,0x9317C,0x1317C,0x2A000007,"Bcond 0x931A0",0x2AF924,0x13,0x10,0x0,0x7,0x47,0x27F750,0xD0018,"producer"
306,0x931A0,0x131A0,0xE79EC102,"w=0xE79EC102",0x2AF924,0x13,0x10,0x0,0x7,0x47,0x27F750,0xD0018,"producer"
307,0x931A4,0x131A4,0xE2053007,"w=0xE2053007",0x2AF924,0x13,0x10,0x0,0x7,0x47,0x27F750,0xD0018,"producer"
308,0x931A8,0x131A8,0xE2822001,"w=0xE2822001",0x2AF924,0x13,0x10,0x7,0x7,0x47,0x27F750,0xD0018,"producer"
309,0x931AC,0x131AC,0xE1520001,"w=0xE1520001",0x2AF924,0x13,0x11,0x7,0x7,0x47,0x27F750,0xD0018,"producer"
310,0x931B0,0x131B0,0xE78B310C,"w=0xE78B310C",0x2AF924,0x13,0x11,0x7,0x7,0x47,0x27F750,0xD0018,"producer"
311,0x931B4,0x131B4,0xE1A051A5,"w=0xE1A051A5",0x2AF924,0x13,0x11,0x7,0x7,0x47,0x27F750,0xD0018,"producer"
312,0x931B8,0x131B8,0xE2444003,"w=0xE2444003",0x2AF924,0x13,0x11,0x7,0x7,0x8,0x27F750,0xD0018,"producer"
313,0x931BC,0x131BC,0x3AFFFFED,"Bcond 0x93178",0x2AF924,0x13,0x11,0x7,0x4,0x8,0x27F750,0xD0018,"producer"
314,0x93178,0x13178,0xE3540003,"w=0xE3540003",0x2AF924,0x13,0x11,0x7,0x4,0x8,0x27F750,0xD0018,"producer"
315,0x9317C,0x1317C,0x2A000007,"Bcond 0x931A0",0x2AF924,0x13,0x11,0x7,0x4,0x8,0x27F750,0xD0018,"producer"
316,0x931A0,0x131A0,0xE79EC102,"w=0xE79EC102",0x2AF924,0x13,0x11,0x7,0x4,0x8,0x27F750,0xD0018,"producer"
317,0x931A4,0x131A4,0xE2053007,"w=0xE2053007",0x2AF924,0x13,0x11,0x7,0x4,0x8,0x27F750,0xD0018,"producer"
318,0x931A8,0x131A8,0xE2822001,"w=0xE2822001",0x2AF924,0x13,0x11,0x0,0x4,0x8,0x27F750,0xD0018,"producer"
319,0x931AC,0x131AC,0xE1520001,"w=0xE1520001",0x2AF924,0x13,0x12,0x0,0x4,0x8,0x27F750,0xD0018,"producer"
320,0x931B0,0x131B0,0xE78B310C,"w=0xE78B310C",0x2AF924,0x13,0x12,0x0,0x4,0x8,0x27F750,0xD0018,"producer"
321,0x931B4,0x131B4,0xE1A051A5,"w=0xE1A051A5",0x2AF924,0x13,0x12,0x0,0x4,0x8,0x27F750,0xD0018,"producer"
322,0x931B8,0x131B8,0xE2444003,"w=0xE2444003",0x2AF924,0x13,0x12,0x0,0x4,0x1,0x27F750,0xD0018,"producer"
323,0x931BC,0x131BC,0x3AFFFFED,"Bcond 0x93178",0x2AF924,0x13,0x12,0x0,0x1,0x1,0x27F750,0xD0018,"producer"
324,0x93178,0x13178,0xE3540003,"w=0xE3540003",0x2AF924,0x13,0x12,0x0,0x1,0x1,0x27F750,0xD0018,"producer"
325,0x9317C,0x1317C,0x2A000007,"Bcond 0x931A0",0x2AF924,0x13,0x12,0x0,0x1,0x1,0x27F750,0xD0018,"producer"
326,0x93180,0x13180,0xE59A3000,"w=0xE59A3000",0x2AF924,0x13,0x12,0x0,0x1,0x1,0x27F750,0xD0018,"producer"
327,0x93184,0x13184,0xE283C001,"w=0xE283C001",0x2AF924,0x13,0x12,0x13,0x1,0x1,0x27F750,0xD0018,"producer"
328,0x93188,0x13188,0xE58AC000,"w=0xE58AC000",0x2AF924,0x13,0x12,0x13,0x1,0x1,0x27F750,0xD0018,"producer"
329,0x9318C,0x1318C,0xE7D03003,"w=0xE7D03003",0x2AF924,0x13,0x12,0x13,0x1,0x1,0x27F750,0xD0018,"producer"
330,0x93190,0x13190,0xE1855413,"w=0xE1855413",0x2AF924,0x13,0x12,0xDF,0x1,0x1,0x27F750,0xD0018,"producer"
331,0x93194,0x13194,0xE2844008,"w=0xE2844008",0x2AF924,0x13,0x12,0xDF,0x1,0x1BF,0x27F750,0xD0018,"producer"
332,0x93198,0x13198,0xE3540003,"w=0xE3540003",0x2AF924,0x13,0x12,0xDF,0x9,0x1BF,0x27F750,0xD0018,"producer"
333,0x9319C,0x1319C,0x3AFFFFF7,"Bcond 0x93180",0x2AF924,0x13,0x12,0xDF,0x9,0x1BF,0x27F750,0xD0018,"producer"
334,0x931A0,0x131A0,0xE79EC102,"w=0xE79EC102",0x2AF924,0x13,0x12,0xDF,0x9,0x1BF,0x27F750,0xD0018,"producer"
335,0x931A4,0x131A4,0xE2053007,"w=0xE2053007",0x2AF924,0x13,0x12,0xDF,0x9,0x1BF,0x27F750,0xD0018,"producer"
336,0x931A8,0x131A8,0xE2822001,"w=0xE2822001",0x2AF924,0x13,0x12,0x7,0x9,0x1BF,0x27F750,0xD0018,"producer"
337,0x931AC,0x131AC,0xE1520001,"w=0xE1520001",0x2AF924,0x13,0x13,0x7,0x9,0x1BF,0x27F750,0xD0018,"producer"
338,0x931B0,0x131B0,0xE78B310C,"w=0xE78B310C",0x2AF924,0x13,0x13,0x7,0x9,0x1BF,0x27F750,0xD0018,"producer"
339,0x931B4,0x131B4,0xE1A051A5,"w=0xE1A051A5",0x2AF924,0x13,0x13,0x7,0x9,0x1BF,0x27F750,0xD0018,"producer"
340,0x931B8,0x131B8,0xE2444003,"w=0xE2444003",0x2AF924,0x13,0x13,0x7,0x9,0x37,0x27F750,0xD0018,"producer"
341,0x931BC,0x131BC,0x3AFFFFED,"Bcond 0x93178",0x2AF924,0x13,0x13,0x7,0x6,0x37,0x27F750,0xD0018,"producer"
342,0x931C0,0x131C0,0xE3520013,"w=0xE3520013",0x2AF924,0x13,0x13,0x7,0x6,0x37,0x27F750,0xD0018,"producer"
343,0x931C4,0x131C4,0x3AFFFFE9,"Bcond 0x93170",0x2AF924,0x13,0x13,0x7,0x6,0x37,0x27F750,0xD0018,"producer"
344,0x931C8,0x131C8,0xEA000004,"Bcond 0x931E0",0x2AF924,0x13,0x13,0x7,0x6,0x37,0x27F750,0xD0018,"producer"
345,0x931E0,0x131E0,0xE3A00007,"w=0xE3A00007",0x2AF924,0x13,0x13,0x7,0x6,0x37,0x27F750,0xD0018,"producer"
346,0x931E4,0x131E4,0xE28D2E40,"w=0xE28D2E40",0x7,0x13,0x13,0x7,0x6,0x37,0x27F750,0xD0018,"producer"
347,0x931E8,0x131E8,0xE2822F42,"w=0xE2822F42",0x7,0x13,0x27FB50,0x7,0x6,0x37,0x27F750,0xD0018,"producer"
348,0x931EC,0x131EC,0xE58D0500,"w=0xE58D0500",0x7,0x13,0x27FC58,0x7,0x6,0x37,0x27F750,0xD0018,"producer"
349,0x931F0,0x131F0,0xE28D3E50,"w=0xE28D3E50",0x7,0x13,0x27FC58,0x7,0x6,0x37,0x27F750,0xD0018,"producer"
350,0x931F4,0x131F4,0xE3A01000,"w=0xE3A01000",0x7,0x13,0x27FC58,0x27FC50,0x6,0x37,0x27F750,0xD0018,"producer"
351,0x931F8,0x131F8,0xE88D000E,"w=0xE88D000E",0x7,0x0,0x27FC58,0x27FC50,0x6,0x37,0x27F750,0xD0018,"producer"
352,0x931FC,0x131FC,0xE3A03000,"w=0xE3A03000",0x7,0x0,0x27FC58,0x27FC50,0x6,0x37,0x27F750,0xD0018,"producer"
353,0x93200,0x13200,0xE3A02013,"w=0xE3A02013",0x7,0x0,0x27FC58,0x0,0x6,0x37,0x27F750,0xD0018,"producer"
354,0x93204,0x13204,0xE3A01013,"w=0xE3A01013",0x7,0x0,0x13,0x0,0x6,0x37,0x27F750,0xD0018,"producer"
355,0x93208,0x13208,0xE1A0000B,"w=0xE1A0000B",0x7,0x13,0x13,0x0,0x6,0x37,0x27F750,0xD0018,"producer"
356,0x9320C,0x1320C,0xEBFFFC60,"BL 0x92394",0x27F75C,0x13,0x13,0x0,0x6,0x37,0x27F750,0xD0018,"producer"
357,0x92394,0x12394,0xE92D4DFF,"w=0xE92D4DFF",0x27F75C,0x13,0x13,0x0,0x6,0x37,0x27F750,0x93210,"producer"
358,0x92398,0x12398,0xE24DDE58,"w=0xE24DDE58",0x27F75C,0x13,0x13,0x0,0x6,0x37,0x27F720,0x93210,"producer"
359,0x9239C,0x1239C,0xE28D7E52,"w=0xE28D7E52",0x27F75C,0x13,0x13,0x0,0x6,0x37,0x27F1A0,0x93210,"producer"
360,0x923A0,0x123A0,0xE1A05001,"w=0xE1A05001",0x27F75C,0x13,0x13,0x0,0x6,0x37,0x27F1A0,0x93210,"producer"
361,0x923A4,0x123A4,0xE1A04000,"w=0xE1A04000",0x27F75C,0x13,0x13,0x0,0x6,0x13,0x27F1A0,0x93210,"producer"
362,0x923A8,0x123A8,0xE1A00007,"w=0xE1A00007",0x27F75C,0x13,0x13,0x0,0x27F75C,0x13,0x27F1A0,0x93210,"producer"
363,0x923AC,0x123AC,0xE3A01000,"w=0xE3A01000",0x27F6C0,0x13,0x13,0x0,0x27F75C,0x13,0x27F1A0,0x93210,"producer"
364,0x923B0,0x123B0,0xE59D65B8,"w=0xE59D65B8",0x27F6C0,0x0,0x13,0x0,0x27F75C,0x13,0x27F1A0,0x93210,"producer"
365,0x923B4,0x123B4,0xE3A02044,"w=0xE3A02044",0x27F6C0,0x0,0x13,0x0,0x27F75C,0x13,0x27F1A0,0x93210,"producer"
366,0x923B8,0x123B8,0xEB000AD1,"BL 0x94F04",0x27F6C0,0x0,0x44,0x0,0x27F75C,0x13,0x27F1A0,0x93210,"producer"
367,0x923BC,0x123BC,0xE1A00004,"w=0xE1A00004",0x27F6C0,0x27F704,0xFFFFFFFF,0x0,0x27F75C,0x13,0x27F1A0,0x923BC,"producer"
368,0x923C0,0x123C0,0xE1A01005,"w=0xE1A01005",0x27F75C,0x27F704,0xFFFFFFFF,0x0,0x27F75C,0x13,0x27F1A0,0x923BC,"producer"
369,0x923C4,0x123C4,0xE4902004,"w=0xE4902004",0x27F75C,0x13,0xFFFFFFFF,0x0,0x27F75C,0x13,0x27F1A0,0x923BC,"producer"
370,0x923C8,0x123C8,0xE2511001,"w=0xE2511001",0x27F760,0x13,0x6,0x0,0x27F75C,0x13,0x27F1A0,0x923BC,"producer"
371,0x923CC,0x123CC,0xE0872102,"w=0xE0872102",0x27F760,0x12,0x6,0x0,0x27F75C,0x13,0x27F1A0,0x923BC,"producer"
372,0x923D0,0x123D0,0xE5923000,"w=0xE5923000",0x27F760,0x12,0x27F6D8,0x0,0x27F75C,0x13,0x27F1A0,0x923BC,"producer"
373,0x923D4,0x123D4,0xE2833001,"w=0xE2833001",0x27F760,0x12,0x27F6D8,0x0,0x27F75C,0x13,0x27F1A0,0x923BC,"producer"
374,0x923D8,0x123D8,0xE5823000,"w=0xE5823000",0x27F760,0x12,0x27F6D8,0x1,0x27F75C,0x13,0x27F1A0,0x923BC,"producer"
375,0x923DC,0x123DC,0x1AFFFFF8,"Bcond 0x923C4",0x27F760,0x12,0x27F6D8,0x1,0x27F75C,0x13,0x27F1A0,0x923BC,"producer"
376,0x923C4,0x123C4,0xE4902004,"w=0xE4902004",0x27F760,0x12,0x27F6D8,0x1,0x27F75C,0x13,0x27F1A0,0x923BC,"producer"
377,0x923C8,0x123C8,0xE2511001,"w=0xE2511001",0x27F764,0x12,0x0,0x1,0x27F75C,0x13,0x27F1A0,0x923BC,"producer"
378,0x923CC,0x123CC,0xE0872102,"w=0xE0872102",0x27F764,0x11,0x0,0x1,0x27F75C,0x13,0x27F1A0,0x923BC,"producer"
379,0x923D0,0x123D0,0xE5923000,"w=0xE5923000",0x27F764,0x11,0x27F6C0,0x1,0x27F75C,0x13,0x27F1A0,0x923BC,"producer"
380,0x923D4,0x123D4,0xE2833001,"w=0xE2833001",0x27F764,0x11,0x27F6C0,0x0,0x27F75C,0x13,0x27F1A0,0x923BC,"producer"
381,0x923D8,0x123D8,0xE5823000,"w=0xE5823000",0x27F764,0x11,0x27F6C0,0x1,0x27F75C,0x13,0x27F1A0,0x923BC,"producer"
382,0x923DC,0x123DC,0x1AFFFFF8,"Bcond 0x923C4",0x27F764,0x11,0x27F6C0,0x1,0x27F75C,0x13,0x27F1A0,0x923BC,"producer"
383,0x923C4,0x123C4,0xE4902004,"w=0xE4902004",0x27F764,0x11,0x27F6C0,0x1,0x27F75C,0x13,0x27F1A0,0x923BC,"producer"
384,0x923C8,0x123C8,0xE2511001,"w=0xE2511001",0x27F768,0x11,0x0,0x1,0x27F75C,0x13,0x27F1A0,0x923BC,"producer"
385,0x923CC,0x123CC,0xE0872102,"w=0xE0872102",0x27F768,0x10,0x0,0x1,0x27F75C,0x13,0x27F1A0,0x923BC,"producer"
386,0x923D0,0x123D0,0xE5923000,"w=0xE5923000",0x27F768,0x10,0x27F6C0,0x1,0x27F75C,0x13,0x27F1A0,0x923BC,"producer"
387,0x923D4,0x123D4,0xE2833001,"w=0xE2833001",0x27F768,0x10,0x27F6C0,0x1,0x27F75C,0x13,0x27F1A0,0x923BC,"producer"
388,0x923D8,0x123D8,0xE5823000,"w=0xE5823000",0x27F768,0x10,0x27F6C0,0x2,0x27F75C,0x13,0x27F1A0,0x923BC,"producer"
389,0x923DC,0x123DC,0x1AFFFFF8,"Bcond 0x923C4",0x27F768,0x10,0x27F6C0,0x2,0x27F75C,0x13,0x27F1A0,0x923BC,"producer"
390,0x923C4,0x123C4,0xE4902004,"w=0xE4902004",0x27F768,0x10,0x27F6C0,0x2,0x27F75C,0x13,0x27F1A0,0x923BC,"producer"
391,0x923C8,0x123C8,0xE2511001,"w=0xE2511001",0x27F76C,0x10,0x0,0x2,0x27F75C,0x13,0x27F1A0,0x923BC,"producer"
392,0x923CC,0x123CC,0xE0872102,"w=0xE0872102",0x27F76C,0xF,0x0,0x2,0x27F75C,0x13,0x27F1A0,0x923BC,"producer"
393,0x923D0,0x123D0,0xE5923000,"w=0xE5923000",0x27F76C,0xF,0x27F6C0,0x2,0x27F75C,0x13,0x27F1A0,0x923BC,"producer"
394,0x923D4,0x123D4,0xE2833001,"w=0xE2833001",0x27F76C,0xF,0x27F6C0,0x2,0x27F75C,0x13,0x27F1A0,0x923BC,"producer"
395,0x923D8,0x123D8,0xE5823000,"w=0xE5823000",0x27F76C,0xF,0x27F6C0,0x3,0x27F75C,0x13,0x27F1A0,0x923BC,"producer"
396,0x923DC,0x123DC,0x1AFFFFF8,"Bcond 0x923C4",0x27F76C,0xF,0x27F6C0,0x3,0x27F75C,0x13,0x27F1A0,0x923BC,"producer"
397,0x923C4,0x123C4,0xE4902004,"w=0xE4902004",0x27F76C,0xF,0x27F6C0,0x3,0x27F75C,0x13,0x27F1A0,0x923BC,"producer"
398,0x923C8,0x123C8,0xE2511001,"w=0xE2511001",0x27F770,0xF,0x5,0x3,0x27F75C,0x13,0x27F1A0,0x923BC,"producer"
399,0x923CC,0x123CC,0xE0872102,"w=0xE0872102",0x27F770,0xE,0x5,0x3,0x27F75C,0x13,0x27F1A0,0x923BC,"producer"
400,0x923D0,0x123D0,0xE5923000,"w=0xE5923000",0x27F770,0xE,0x27F6D4,0x3,0x27F75C,0x13,0x27F1A0,0x923BC,"producer"
401,0x923D4,0x123D4,0xE2833001,"w=0xE2833001",0x27F770,0xE,0x27F6D4,0x0,0x27F75C,0x13,0x27F1A0,0x923BC,"producer"
402,0x923D8,0x123D8,0xE5823000,"w=0xE5823000",0x27F770,0xE,0x27F6D4,0x1,0x27F75C,0x13,0x27F1A0,0x923BC,"producer"
403,0x923DC,0x123DC,0x1AFFFFF8,"Bcond 0x923C4",0x27F770,0xE,0x27F6D4,0x1,0x27F75C,0x13,0x27F1A0,0x923BC,"producer"
404,0x923C4,0x123C4,0xE4902004,"w=0xE4902004",0x27F770,0xE,0x27F6D4,0x1,0x27F75C,0x13,0x27F1A0,0x923BC,"producer"
405,0x923C8,0x123C8,0xE2511001,"w=0xE2511001",0x27F774,0xE,0x5,0x1,0x27F75C,0x13,0x27F1A0,0x923BC,"producer"
406,0x923CC,0x123CC,0xE0872102,"w=0xE0872102",0x27F774,0xD,0x5,0x1,0x27F75C,0x13,0x27F1A0,0x923BC,"producer"
407,0x923D0,0x123D0,0xE5923000,"w=0xE5923000",0x27F774,0xD,0x27F6D4,0x1,0x27F75C,0x13,0x27F1A0,0x923BC,"producer"
408,0x923D4,0x123D4,0xE2833001,"w=0xE2833001",0x27F774,0xD,0x27F6D4,0x1,0x27F75C,0x13,0x27F1A0,0x923BC,"producer"
409,0x923D8,0x123D8,0xE5823000,"w=0xE5823000",0x27F774,0xD,0x27F6D4,0x2,0x27F75C,0x13,0x27F1A0,0x923BC,"producer"
410,0x923DC,0x123DC,0x1AFFFFF8,"Bcond 0x923C4",0x27F774,0xD,0x27F6D4,0x2,0x27F75C,0x13,0x27F1A0,0x923BC,"producer"
411,0x923C4,0x123C4,0xE4902004,"w=0xE4902004",0x27F774,0xD,0x27F6D4,0x2,0x27F75C,0x13,0x27F1A0,0x923BC,"producer"
412,0x923C8,0x123C8,0xE2511001,"w=0xE2511001",0x27F778,0xD,0x4,0x2,0x27F75C,0x13,0x27F1A0,0x923BC,"producer"
413,0x923CC,0x123CC,0xE0872102,"w=0xE0872102",0x27F778,0xC,0x4,0x2,0x27F75C,0x13,0x27F1A0,0x923BC,"producer"
414,0x923D0,0x123D0,0xE5923000,"w=0xE5923000",0x27F778,0xC,0x27F6D0,0x2,0x27F75C,0x13,0x27F1A0,0x923BC,"producer"
415,0x923D4,0x123D4,0xE2833001,"w=0xE2833001",0x27F778,0xC,0x27F6D0,0x0,0x27F75C,0x13,0x27F1A0,0x923BC,"producer"
416,0x923D8,0x123D8,0xE5823000,"w=0xE5823000",0x27F778,0xC,0x27F6D0,0x1,0x27F75C,0x13,0x27F1A0,0x923BC,"producer"
417,0x923DC,0x123DC,0x1AFFFFF8,"Bcond 0x923C4",0x27F778,0xC,0x27F6D0,0x1,0x27F75C,0x13,0x27F1A0,0x923BC,"producer"
418,0x923C4,0x123C4,0xE4902004,"w=0xE4902004",0x27F778,0xC,0x27F6D0,0x1,0x27F75C,0x13,0x27F1A0,0x923BC,"producer"
419,0x923C8,0x123C8,0xE2511001,"w=0xE2511001",0x27F77C,0xC,0x3,0x1,0x27F75C,0x13,0x27F1A0,0x923BC,"producer"
420,0x923CC,0x123CC,0xE0872102,"w=0xE0872102",0x27F77C,0xB,0x3,0x1,0x27F75C,0x13,0x27F1A0,0x923BC,"producer"
421,0x923D0,0x123D0,0xE5923000,"w=0xE5923000",0x27F77C,0xB,0x27F6CC,0x1,0x27F75C,0x13,0x27F1A0,0x923BC,"producer"
422,0x923D4,0x123D4,0xE2833001,"w=0xE2833001",0x27F77C,0xB,0x27F6CC,0x0,0x27F75C,0x13,0x27F1A0,0x923BC,"producer"
423,0x923D8,0x123D8,0xE5823000,"w=0xE5823000",0x27F77C,0xB,0x27F6CC,0x1,0x27F75C,0x13,0x27F1A0,0x923BC,"producer"
424,0x923DC,0x123DC,0x1AFFFFF8,"Bcond 0x923C4",0x27F77C,0xB,0x27F6CC,0x1,0x27F75C,0x13,0x27F1A0,0x923BC,"producer"
425,0x923C4,0x123C4,0xE4902004,"w=0xE4902004",0x27F77C,0xB,0x27F6CC,0x1,0x27F75C,0x13,0x27F1A0,0x923BC,"producer"
426,0x923C8,0x123C8,0xE2511001,"w=0xE2511001",0x27F780,0xB,0x3,0x1,0x27F75C,0x13,0x27F1A0,0x923BC,"producer"
427,0x923CC,0x123CC,0xE0872102,"w=0xE0872102",0x27F780,0xA,0x3,0x1,0x27F75C,0x13,0x27F1A0,0x923BC,"producer"
428,0x923D0,0x123D0,0xE5923000,"w=0xE5923000",0x27F780,0xA,0x27F6CC,0x1,0x27F75C,0x13,0x27F1A0,0x923BC,"producer"
429,0x923D4,0x123D4,0xE2833001,"w=0xE2833001",0x27F780,0xA,0x27F6CC,0x1,0x27F75C,0x13,0x27F1A0,0x923BC,"producer"
430,0x923D8,0x123D8,0xE5823000,"w=0xE5823000",0x27F780,0xA,0x27F6CC,0x2,0x27F75C,0x13,0x27F1A0,0x923BC,"producer"
431,0x923DC,0x123DC,0x1AFFFFF8,"Bcond 0x923C4",0x27F780,0xA,0x27F6CC,0x2,0x27F75C,0x13,0x27F1A0,0x923BC,"producer"
432,0x923C4,0x123C4,0xE4902004,"w=0xE4902004",0x27F780,0xA,0x27F6CC,0x2,0x27F75C,0x13,0x27F1A0,0x923BC,"producer"
433,0x923C8,0x123C8,0xE2511001,"w=0xE2511001",0x27F784,0xA,0x3,0x2,0x27F75C,0x13,0x27F1A0,0x923BC,"producer"
434,0x923CC,0x123CC,0xE0872102,"w=0xE0872102",0x27F784,0x9,0x3,0x2,0x27F75C,0x13,0x27F1A0,0x923BC,"producer"
435,0x923D0,0x123D0,0xE5923000,"w=0xE5923000",0x27F784,0x9,0x27F6CC,0x2,0x27F75C,0x13,0x27F1A0,0x923BC,"producer"
436,0x923D4,0x123D4,0xE2833001,"w=0xE2833001",0x27F784,0x9,0x27F6CC,0x2,0x27F75C,0x13,0x27F1A0,0x923BC,"producer"
437,0x923D8,0x123D8,0xE5823000,"w=0xE5823000",0x27F784,0x9,0x27F6CC,0x3,0x27F75C,0x13,0x27F1A0,0x923BC,"producer"
438,0x923DC,0x123DC,0x1AFFFFF8,"Bcond 0x923C4",0x27F784,0x9,0x27F6CC,0x3,0x27F75C,0x13,0x27F1A0,0x923BC,"producer"
439,0x923C4,0x123C4,0xE4902004,"w=0xE4902004",0x27F784,0x9,0x27F6CC,0x3,0x27F75C,0x13,0x27F1A0,0x923BC,"producer"
440,0x923C8,0x123C8,0xE2511001,"w=0xE2511001",0x27F788,0x9,0x2,0x3,0x27F75C,0x13,0x27F1A0,0x923BC,"producer"
441,0x923CC,0x123CC,0xE0872102,"w=0xE0872102",0x27F788,0x8,0x2,0x3,0x27F75C,0x13,0x27F1A0,0x923BC,"producer"
442,0x923D0,0x123D0,0xE5923000,"w=0xE5923000",0x27F788,0x8,0x27F6C8,0x3,0x27F75C,0x13,0x27F1A0,0x923BC,"producer"
443,0x923D4,0x123D4,0xE2833001,"w=0xE2833001",0x27F788,0x8,0x27F6C8,0x0,0x27F75C,0x13,0x27F1A0,0x923BC,"producer"
444,0x923D8,0x123D8,0xE5823000,"w=0xE5823000",0x27F788,0x8,0x27F6C8,0x1,0x27F75C,0x13,0x27F1A0,0x923BC,"producer"
445,0x923DC,0x123DC,0x1AFFFFF8,"Bcond 0x923C4",0x27F788,0x8,0x27F6C8,0x1,0x27F75C,0x13,0x27F1A0,0x923BC,"producer"
446,0x923C4,0x123C4,0xE4902004,"w=0xE4902004",0x27F788,0x8,0x27F6C8,0x1,0x27F75C,0x13,0x27F1A0,0x923BC,"producer"
447,0x923C8,0x123C8,0xE2511001,"w=0xE2511001",0x27F78C,0x8,0x3,0x1,0x27F75C,0x13,0x27F1A0,0x923BC,"producer"
448,0x923CC,0x123CC,0xE0872102,"w=0xE0872102",0x27F78C,0x7,0x3,0x1,0x27F75C,0x13,0x27F1A0,0x923BC,"producer"
449,0x923D0,0x123D0,0xE5923000,"w=0xE5923000",0x27F78C,0x7,0x27F6CC,0x1,0x27F75C,0x13,0x27F1A0,0x923BC,"producer"
450,0x923D4,0x123D4,0xE2833001,"w=0xE2833001",0x27F78C,0x7,0x27F6CC,0x3,0x27F75C,0x13,0x27F1A0,0x923BC,"producer"
451,0x923D8,0x123D8,0xE5823000,"w=0xE5823000",0x27F78C,0x7,0x27F6CC,0x4,0x27F75C,0x13,0x27F1A0,0x923BC,"producer"
452,0x923DC,0x123DC,0x1AFFFFF8,"Bcond 0x923C4",0x27F78C,0x7,0x27F6CC,0x4,0x27F75C,0x13,0x27F1A0,0x923BC,"producer"
453,0x923C4,0x123C4,0xE4902004,"w=0xE4902004",0x27F78C,0x7,0x27F6CC,0x4,0x27F75C,0x13,0x27F1A0,0x923BC,"producer"
454,0x923C8,0x123C8,0xE2511001,"w=0xE2511001",0x27F790,0x7,0x5,0x4,0x27F75C,0x13,0x27F1A0,0x923BC,"producer"
455,0x923CC,0x123CC,0xE0872102,"w=0xE0872102",0x27F790,0x6,0x5,0x4,0x27F75C,0x13,0x27F1A0,0x923BC,"producer"
456,0x923D0,0x123D0,0xE5923000,"w=0xE5923000",0x27F790,0x6,0x27F6D4,0x4,0x27F75C,0x13,0x27F1A0,0x923BC,"producer"
457,0x923D4,0x123D4,0xE2833001,"w=0xE2833001",0x27F790,0x6,0x27F6D4,0x2,0x27F75C,0x13,0x27F1A0,0x923BC,"producer"
458,0x923D8,0x123D8,0xE5823000,"w=0xE5823000",0x27F790,0x6,0x27F6D4,0x3,0x27F75C,0x13,0x27F1A0,0x923BC,"producer"
459,0x923DC,0x123DC,0x1AFFFFF8,"Bcond 0x923C4",0x27F790,0x6,0x27F6D4,0x3,0x27F75C,0x13,0x27F1A0,0x923BC,"producer"
460,0x923C4,0x123C4,0xE4902004,"w=0xE4902004",0x27F790,0x6,0x27F6D4,0x3,0x27F75C,0x13,0x27F1A0,0x923BC,"producer"
461,0x923C8,0x123C8,0xE2511001,"w=0xE2511001",0x27F794,0x6,0x0,0x3,0x27F75C,0x13,0x27F1A0,0x923BC,"producer"
462,0x923CC,0x123CC,0xE0872102,"w=0xE0872102",0x27F794,0x5,0x0,0x3,0x27F75C,0x13,0x27F1A0,0x923BC,"producer"
463,0x923D0,0x123D0,0xE5923000,"w=0xE5923000",0x27F794,0x5,0x27F6C0,0x3,0x27F75C,0x13,0x27F1A0,0x923BC,"producer"
464,0x923D4,0x123D4,0xE2833001,"w=0xE2833001",0x27F794,0x5,0x27F6C0,0x3,0x27F75C,0x13,0x27F1A0,0x923BC,"producer"
465,0x923D8,0x123D8,0xE5823000,"w=0xE5823000",0x27F794,0x5,0x27F6C0,0x4,0x27F75C,0x13,0x27F1A0,0x923BC,"producer"
466,0x923DC,0x123DC,0x1AFFFFF8,"Bcond 0x923C4",0x27F794,0x5,0x27F6C0,0x4,0x27F75C,0x13,0x27F1A0,0x923BC,"producer"
467,0x923C4,0x123C4,0xE4902004,"w=0xE4902004",0x27F794,0x5,0x27F6C0,0x4,0x27F75C,0x13,0x27F1A0,0x923BC,"producer"
468,0x923C8,0x123C8,0xE2511001,"w=0xE2511001",0x27F798,0x5,0x7,0x4,0x27F75C,0x13,0x27F1A0,0x923BC,"producer"
469,0x923CC,0x123CC,0xE0872102,"w=0xE0872102",0x27F798,0x4,0x7,0x4,0x27F75C,0x13,0x27F1A0,0x923BC,"producer"
470,0x923D0,0x123D0,0xE5923000,"w=0xE5923000",0x27F798,0x4,0x27F6DC,0x4,0x27F75C,0x13,0x27F1A0,0x923BC,"producer"
471,0x923D4,0x123D4,0xE2833001,"w=0xE2833001",0x27F798,0x4,0x27F6DC,0x0,0x27F75C,0x13,0x27F1A0,0x923BC,"producer"
472,0x923D8,0x123D8,0xE5823000,"w=0xE5823000",0x27F798,0x4,0x27F6DC,0x1,0x27F75C,0x13,0x27F1A0,0x923BC,"producer"
473,0x923DC,0x123DC,0x1AFFFFF8,"Bcond 0x923C4",0x27F798,0x4,0x27F6DC,0x1,0x27F75C,0x13,0x27F1A0,0x923BC,"producer"
474,0x923C4,0x123C4,0xE4902004,"w=0xE4902004",0x27F798,0x4,0x27F6DC,0x1,0x27F75C,0x13,0x27F1A0,0x923BC,"producer"
475,0x923C8,0x123C8,0xE2511001,"w=0xE2511001",0x27F79C,0x4,0x7,0x1,0x27F75C,0x13,0x27F1A0,0x923BC,"producer"
476,0x923CC,0x123CC,0xE0872102,"w=0xE0872102",0x27F79C,0x3,0x7,0x1,0x27F75C,0x13,0x27F1A0,0x923BC,"producer"
477,0x923D0,0x123D0,0xE5923000,"w=0xE5923000",0x27F79C,0x3,0x27F6DC,0x1,0x27F75C,0x13,0x27F1A0,0x923BC,"producer"
478,0x923D4,0x123D4,0xE2833001,"w=0xE2833001",0x27F79C,0x3,0x27F6DC,0x1,0x27F75C,0x13,0x27F1A0,0x923BC,"producer"
479,0x923D8,0x123D8,0xE5823000,"w=0xE5823000",0x27F79C,0x3,0x27F6DC,0x2,0x27F75C,0x13,0x27F1A0,0x923BC,"producer"
480,0x923DC,0x123DC,0x1AFFFFF8,"Bcond 0x923C4",0x27F79C,0x3,0x27F6DC,0x2,0x27F75C,0x13,0x27F1A0,0x923BC,"producer"
481,0x923C4,0x123C4,0xE4902004,"w=0xE4902004",0x27F79C,0x3,0x27F6DC,0x2,0x27F75C,0x13,0x27F1A0,0x923BC,"producer"
482,0x923C8,0x123C8,0xE2511001,"w=0xE2511001",0x27F7A0,0x3,0x4,0x2,0x27F75C,0x13,0x27F1A0,0x923BC,"producer"
483,0x923CC,0x123CC,0xE0872102,"w=0xE0872102",0x27F7A0,0x2,0x4,0x2,0x27F75C,0x13,0x27F1A0,0x923BC,"producer"
484,0x923D0,0x123D0,0xE5923000,"w=0xE5923000",0x27F7A0,0x2,0x27F6D0,0x2,0x27F75C,0x13,0x27F1A0,0x923BC,"producer"
485,0x923D4,0x123D4,0xE2833001,"w=0xE2833001",0x27F7A0,0x2,0x27F6D0,0x1,0x27F75C,0x13,0x27F1A0,0x923BC,"producer"
486,0x923D8,0x123D8,0xE5823000,"w=0xE5823000",0x27F7A0,0x2,0x27F6D0,0x2,0x27F75C,0x13,0x27F1A0,0x923BC,"producer"
487,0x923DC,0x123DC,0x1AFFFFF8,"Bcond 0x923C4",0x27F7A0,0x2,0x27F6D0,0x2,0x27F75C,0x13,0x27F1A0,0x923BC,"producer"
488,0x923C4,0x123C4,0xE4902004,"w=0xE4902004",0x27F7A0,0x2,0x27F6D0,0x2,0x27F75C,0x13,0x27F1A0,0x923BC,"producer"
489,0x923C8,0x123C8,0xE2511001,"w=0xE2511001",0x27F7A4,0x2,0x0,0x2,0x27F75C,0x13,0x27F1A0,0x923BC,"producer"
490,0x923CC,0x123CC,0xE0872102,"w=0xE0872102",0x27F7A4,0x1,0x0,0x2,0x27F75C,0x13,0x27F1A0,0x923BC,"producer"
491,0x923D0,0x123D0,0xE5923000,"w=0xE5923000",0x27F7A4,0x1,0x27F6C0,0x2,0x27F75C,0x13,0x27F1A0,0x923BC,"producer"
492,0x923D4,0x123D4,0xE2833001,"w=0xE2833001",0x27F7A4,0x1,0x27F6C0,0x4,0x27F75C,0x13,0x27F1A0,0x923BC,"producer"
493,0x923D8,0x123D8,0xE5823000,"w=0xE5823000",0x27F7A4,0x1,0x27F6C0,0x5,0x27F75C,0x13,0x27F1A0,0x923BC,"producer"
494,0x923DC,0x123DC,0x1AFFFFF8,"Bcond 0x923C4",0x27F7A4,0x1,0x27F6C0,0x5,0x27F75C,0x13,0x27F1A0,0x923BC,"producer"
495,0x923C4,0x123C4,0xE4902004,"w=0xE4902004",0x27F7A4,0x1,0x27F6C0,0x5,0x27F75C,0x13,0x27F1A0,0x923BC,"producer"
496,0x923C8,0x123C8,0xE2511001,"w=0xE2511001",0x27F7A8,0x1,0x0,0x5,0x27F75C,0x13,0x27F1A0,0x923BC,"producer"
497,0x923CC,0x123CC,0xE0872102,"w=0xE0872102",0x27F7A8,0x0,0x0,0x5,0x27F75C,0x13,0x27F1A0,0x923BC,"producer"
498,0x923D0,0x123D0,0xE5923000,"w=0xE5923000",0x27F7A8,0x0,0x27F6C0,0x5,0x27F75C,0x13,0x27F1A0,0x923BC,"producer"
499,0x923D4,0x123D4,0xE2833001,"w=0xE2833001",0x27F7A8,0x0,0x27F6C0,0x5,0x27F75C,0x13,0x27F1A0,0x923BC,"producer"
500,0x923D8,0x123D8,0xE5823000,"w=0xE5823000",0x27F7A8,0x0,0x27F6C0,0x6,0x27F75C,0x13,0x27F1A0,0x923BC,"producer"
501,0x923DC,0x123DC,0x1AFFFFF8,"Bcond 0x923C4",0x27F7A8,0x0,0x27F6C0,0x6,0x27F75C,0x13,0x27F1A0,0x923BC,"producer"
502,0x923E0,0x123E0,0xE59D1520,"w=0xE59D1520",0x27F7A8,0x0,0x27F6C0,0x6,0x27F75C,0x13,0x27F1A0,0x923BC,"producer"
503,0x923E4,0x123E4,0xE3A00000,"w=0xE3A00000",0x27F7A8,0x6,0x27F6C0,0x6,0x27F75C,0x13,0x27F1A0,0x923BC,"producer"
504,0x923E8,0x123E8,0xE1510005,"w=0xE1510005",0x0,0x6,0x27F6C0,0x6,0x27F75C,0x13,0x27F1A0,0x923BC,"producer"
505,0x923EC,0x123EC,0x1A000005,"Bcond 0x92408",0x0,0x6,0x27F6C0,0x6,0x27F75C,0x13,0x27F1A0,0x923BC,"producer"
506,0x92408,0x12408,0xE596B000,"w=0xE596B000",0x0,0x6,0x27F6C0,0x6,0x27F75C,0x13,0x27F1A0,0x923BC,"producer"
507,0x9240C,0x1240C,0xE3A01001,"w=0xE3A01001",0x0,0x6,0x27F6C0,0x6,0x27F75C,0x13,0x27F1A0,0x923BC,"producer"
508,0x92410,0x12410,0xE1A02007,"w=0xE1A02007",0x0,0x1,0x27F6C0,0x6,0x27F75C,0x13,0x27F1A0,0x923BC,"producer"
509,0x92414,0x12414,0xE7923101,"w=0xE7923101",0x0,0x1,0x27F6C0,0x6,0x27F75C,0x13,0x27F1A0,0x923BC,"producer"
510,0x92418,0x12418,0xE3530000,"w=0xE3530000",0x0,0x1,0x27F6C0,0x0,0x27F75C,0x13,0x27F1A0,0x923BC,"producer"
511,0x9241C,0x1241C,0x1A000002,"Bcond 0x9242C",0x0,0x1,0x27F6C0,0x0,0x27F75C,0x13,0x27F1A0,0x923BC,"producer"
512,0x92420,0x12420,0xE2811001,"w=0xE2811001",0x0,0x1,0x27F6C0,0x0,0x27F75C,0x13,0x27F1A0,0x923BC,"producer"
513,0x92424,0x12424,0xE3510010,"w=0xE3510010",0x0,0x2,0x27F6C0,0x0,0x27F75C,0x13,0x27F1A0,0x923BC,"producer"
514,0x92428,0x12428,0x9AFFFFF9,"Bcond 0x92414",0x0,0x2,0x27F6C0,0x0,0x27F75C,0x13,0x27F1A0,0x923BC,"producer"
515,0x92414,0x12414,0xE7923101,"w=0xE7923101",0x0,0x2,0x27F6C0,0x0,0x27F75C,0x13,0x27F1A0,0x923BC,"producer"
516,0x92418,0x12418,0xE3530000,"w=0xE3530000",0x0,0x2,0x27F6C0,0x1,0x27F75C,0x13,0x27F1A0,0x923BC,"producer"
517,0x9241C,0x1241C,0x1A000002,"Bcond 0x9242C",0x0,0x2,0x27F6C0,0x1,0x27F75C,0x13,0x27F1A0,0x923BC,"producer"
518,0x9242C,0x1242C,0xE15B0001,"w=0xE15B0001",0x0,0x2,0x27F6C0,0x1,0x27F75C,0x13,0x27F1A0,0x923BC,"producer"
519,0x92430,0x12430,0x31A0B001,"w=0x31A0B001",0x0,0x2,0x27F6C0,0x1,0x27F75C,0x13,0x27F1A0,0x923BC,"producer"
520,0x92434,0x12434,0xE1A07001,"w=0xE1A07001",0x0,0x2,0x27F6C0,0x1,0x27F75C,0x13,0x27F1A0,0x923BC,"producer"
521,0x92438,0x12438,0xE3A03010,"w=0xE3A03010",0x0,0x2,0x27F6C0,0x1,0x27F75C,0x13,0x27F1A0,0x923BC,"producer"
522,0x9243C,0x1243C,0xE792C103,"w=0xE792C103",0x0,0x2,0x27F6C0,0x10,0x27F75C,0x13,0x27F1A0,0x923BC,"producer"
523,0x92440,0x12440,0xE35C0000,"w=0xE35C0000",0x0,0x2,0x27F6C0,0x10,0x27F75C,0x13,0x27F1A0,0x923BC,"producer"
524,0x92444,0x12444,0x1A000001,"Bcond 0x92450",0x0,0x2,0x27F6C0,0x10,0x27F75C,0x13,0x27F1A0,0x923BC,"producer"
525,0x92448,0x12448,0xE2533001,"w=0xE2533001",0x0,0x2,0x27F6C0,0x10,0x27F75C,0x13,0x27F1A0,0x923BC,"producer"
526,0x9244C,0x1244C,0x1AFFFFFA,"Bcond 0x9243C",0x0,0x2,0x27F6C0,0xF,0x27F75C,0x13,0x27F1A0,0x923BC,"producer"
527,0x9243C,0x1243C,0xE792C103,"w=0xE792C103",0x0,0x2,0x27F6C0,0xF,0x27F75C,0x13,0x27F1A0,0x923BC,"producer"
528,0x92440,0x12440,0xE35C0000,"w=0xE35C0000",0x0,0x2,0x27F6C0,0xF,0x27F75C,0x13,0x27F1A0,0x923BC,"producer"
529,0x92444,0x12444,0x1A000001,"Bcond 0x92450",0x0,0x2,0x27F6C0,0xF,0x27F75C,0x13,0x27F1A0,0x923BC,"producer"
530,0x92448,0x12448,0xE2533001,"w=0xE2533001",0x0,0x2,0x27F6C0,0xF,0x27F75C,0x13,0x27F1A0,0x923BC,"producer"
531,0x9244C,0x1244C,0x1AFFFFFA,"Bcond 0x9243C",0x0,0x2,0x27F6C0,0xE,0x27F75C,0x13,0x27F1A0,0x923BC,"producer"
532,0x9243C,0x1243C,0xE792C103,"w=0xE792C103",0x0,0x2,0x27F6C0,0xE,0x27F75C,0x13,0x27F1A0,0x923BC,"producer"
533,0x92440,0x12440,0xE35C0000,"w=0xE35C0000",0x0,0x2,0x27F6C0,0xE,0x27F75C,0x13,0x27F1A0,0x923BC,"producer"
534,0x92444,0x12444,0x1A000001,"Bcond 0x92450",0x0,0x2,0x27F6C0,0xE,0x27F75C,0x13,0x27F1A0,0x923BC,"producer"
535,0x92448,0x12448,0xE2533001,"w=0xE2533001",0x0,0x2,0x27F6C0,0xE,0x27F75C,0x13,0x27F1A0,0x923BC,"producer"
536,0x9244C,0x1244C,0x1AFFFFFA,"Bcond 0x9243C",0x0,0x2,0x27F6C0,0xD,0x27F75C,0x13,0x27F1A0,0x923BC,"producer"
537,0x9243C,0x1243C,0xE792C103,"w=0xE792C103",0x0,0x2,0x27F6C0,0xD,0x27F75C,0x13,0x27F1A0,0x923BC,"producer"
538,0x92440,0x12440,0xE35C0000,"w=0xE35C0000",0x0,0x2,0x27F6C0,0xD,0x27F75C,0x13,0x27F1A0,0x923BC,"producer"
539,0x92444,0x12444,0x1A000001,"Bcond 0x92450",0x0,0x2,0x27F6C0,0xD,0x27F75C,0x13,0x27F1A0,0x923BC,"producer"
540,0x92448,0x12448,0xE2533001,"w=0xE2533001",0x0,0x2,0x27F6C0,0xD,0x27F75C,0x13,0x27F1A0,0x923BC,"producer"
541,0x9244C,0x1244C,0x1AFFFFFA,"Bcond 0x9243C",0x0,0x2,0x27F6C0,0xC,0x27F75C,0x13,0x27F1A0,0x923BC,"producer"
542,0x9243C,0x1243C,0xE792C103,"w=0xE792C103",0x0,0x2,0x27F6C0,0xC,0x27F75C,0x13,0x27F1A0,0x923BC,"producer"
543,0x92440,0x12440,0xE35C0000,"w=0xE35C0000",0x0,0x2,0x27F6C0,0xC,0x27F75C,0x13,0x27F1A0,0x923BC,"producer"
544,0x92444,0x12444,0x1A000001,"Bcond 0x92450",0x0,0x2,0x27F6C0,0xC,0x27F75C,0x13,0x27F1A0,0x923BC,"producer"
545,0x92448,0x12448,0xE2533001,"w=0xE2533001",0x0,0x2,0x27F6C0,0xC,0x27F75C,0x13,0x27F1A0,0x923BC,"producer"
546,0x9244C,0x1244C,0x1AFFFFFA,"Bcond 0x9243C",0x0,0x2,0x27F6C0,0xB,0x27F75C,0x13,0x27F1A0,0x923BC,"producer"
547,0x9243C,0x1243C,0xE792C103,"w=0xE792C103",0x0,0x2,0x27F6C0,0xB,0x27F75C,0x13,0x27F1A0,0x923BC,"producer"
548,0x92440,0x12440,0xE35C0000,"w=0xE35C0000",0x0,0x2,0x27F6C0,0xB,0x27F75C,0x13,0x27F1A0,0x923BC,"producer"
549,0x92444,0x12444,0x1A000001,"Bcond 0x92450",0x0,0x2,0x27F6C0,0xB,0x27F75C,0x13,0x27F1A0,0x923BC,"producer"
550,0x92448,0x12448,0xE2533001,"w=0xE2533001",0x0,0x2,0x27F6C0,0xB,0x27F75C,0x13,0x27F1A0,0x923BC,"producer"
551,0x9244C,0x1244C,0x1AFFFFFA,"Bcond 0x9243C",0x0,0x2,0x27F6C0,0xA,0x27F75C,0x13,0x27F1A0,0x923BC,"producer"
552,0x9243C,0x1243C,0xE792C103,"w=0xE792C103",0x0,0x2,0x27F6C0,0xA,0x27F75C,0x13,0x27F1A0,0x923BC,"producer"
553,0x92440,0x12440,0xE35C0000,"w=0xE35C0000",0x0,0x2,0x27F6C0,0xA,0x27F75C,0x13,0x27F1A0,0x923BC,"producer"
554,0x92444,0x12444,0x1A000001,"Bcond 0x92450",0x0,0x2,0x27F6C0,0xA,0x27F75C,0x13,0x27F1A0,0x923BC,"producer"
555,0x92448,0x12448,0xE2533001,"w=0xE2533001",0x0,0x2,0x27F6C0,0xA,0x27F75C,0x13,0x27F1A0,0x923BC,"producer"
556,0x9244C,0x1244C,0x1AFFFFFA,"Bcond 0x9243C",0x0,0x2,0x27F6C0,0x9,0x27F75C,0x13,0x27F1A0,0x923BC,"producer"
557,0x9243C,0x1243C,0xE792C103,"w=0xE792C103",0x0,0x2,0x27F6C0,0x9,0x27F75C,0x13,0x27F1A0,0x923BC,"producer"
558,0x92440,0x12440,0xE35C0000,"w=0xE35C0000",0x0,0x2,0x27F6C0,0x9,0x27F75C,0x13,0x27F1A0,0x923BC,"producer"
559,0x92444,0x12444,0x1A000001,"Bcond 0x92450",0x0,0x2,0x27F6C0,0x9,0x27F75C,0x13,0x27F1A0,0x923BC,"producer"
560,0x92448,0x12448,0xE2533001,"w=0xE2533001",0x0,0x2,0x27F6C0,0x9,0x27F75C,0x13,0x27F1A0,0x923BC,"producer"
561,0x9244C,0x1244C,0x1AFFFFFA,"Bcond 0x9243C",0x0,0x2,0x27F6C0,0x8,0x27F75C,0x13,0x27F1A0,0x923BC,"producer"
562,0x9243C,0x1243C,0xE792C103,"w=0xE792C103",0x0,0x2,0x27F6C0,0x8,0x27F75C,0x13,0x27F1A0,0x923BC,"producer"
563,0x92440,0x12440,0xE35C0000,"w=0xE35C0000",0x0,0x2,0x27F6C0,0x8,0x27F75C,0x13,0x27F1A0,0x923BC,"producer"
564,0x92444,0x12444,0x1A000001,"Bcond 0x92450",0x0,0x2,0x27F6C0,0x8,0x27F75C,0x13,0x27F1A0,0x923BC,"producer"
565,0x92448,0x12448,0xE2533001,"w=0xE2533001",0x0,0x2,0x27F6C0,0x8,0x27F75C,0x13,0x27F1A0,0x923BC,"producer"
566,0x9244C,0x1244C,0x1AFFFFFA,"Bcond 0x9243C",0x0,0x2,0x27F6C0,0x7,0x27F75C,0x13,0x27F1A0,0x923BC,"producer"
567,0x9243C,0x1243C,0xE792C103,"w=0xE792C103",0x0,0x2,0x27F6C0,0x7,0x27F75C,0x13,0x27F1A0,0x923BC,"producer"
568,0x92440,0x12440,0xE35C0000,"w=0xE35C0000",0x0,0x2,0x27F6C0,0x7,0x27F75C,0x13,0x27F1A0,0x923BC,"producer"
569,0x92444,0x12444,0x1A000001,"Bcond 0x92450",0x0,0x2,0x27F6C0,0x7,0x27F75C,0x13,0x27F1A0,0x923BC,"producer"
570,0x92450,0x12450,0xE15B0003,"w=0xE15B0003",0x0,0x2,0x27F6C0,0x7,0x27F75C,0x13,0x27F1A0,0x923BC,"producer"
571,0x92454,0x12454,0x81A0B003,"w=0x81A0B003",0x0,0x2,0x27F6C0,0x7,0x27F75C,0x13,0x27F1A0,0x923BC,"producer"
572,0x92458,0x12458,0xE3A0C001,"w=0xE3A0C001",0x0,0x2,0x27F6C0,0x7,0x27F75C,0x13,0x27F1A0,0x923BC,"producer"
573,0x9245C,0x1245C,0xE58D351C,"w=0xE58D351C",0x0,0x2,0x27F6C0,0x7,0x27F75C,0x13,0x27F1A0,0x923BC,"producer"
574,0x92460,0x12460,0xE586B000,"w=0xE586B000",0x0,0x2,0x27F6C0,0x7,0x27F75C,0x13,0x27F1A0,0x923BC,"producer"
575,0x92464,0x12464,0xE1A0C11C,"w=0xE1A0C11C",0x0,0x2,0x27F6C0,0x7,0x27F75C,0x13,0x27F1A0,0x923BC,"producer"
576,0x92468,0x12468,0xE1510003,"w=0xE1510003",0x0,0x2,0x27F6C0,0x7,0x27F75C,0x13,0x27F1A0,0x923BC,"producer"
577,0x9246C,0x1246C,0x2A000009,"Bcond 0x92498",0x0,0x2,0x27F6C0,0x7,0x27F75C,0x13,0x27F1A0,0x923BC,"producer"
578,0x92470,0x12470,0xE792E101,"w=0xE792E101",0x0,0x2,0x27F6C0,0x7,0x27F75C,0x13,0x27F1A0,0x923BC,"producer"
579,0x92474,0x12474,0xE04CC00E,"w=0xE04CC00E",0x0,0x2,0x27F6C0,0x7,0x27F75C,0x13,0x27F1A0,0x1,"producer"
580,0x92478,0x12478,0xE35C0000,"w=0xE35C0000",0x0,0x2,0x27F6C0,0x7,0x27F75C,0x13,0x27F1A0,0x1,"producer"
581,0x9247C,0x1247C,0xB3A00002,"w=0xB3A00002",0x0,0x2,0x27F6C0,0x7,0x27F75C,0x13,0x27F1A0,0x1,"producer"
582,0x92480,0x12480,0xB28DDE59,"w=0xB28DDE59",0x0,0x2,0x27F6C0,0x7,0x27F75C,0x13,0x27F1A0,0x1,"producer"
583,0x92484,0x12484,0xB8BD8DF0,"LDMFD ..pc",0x0,0x2,0x27F6C0,0x7,0x27F75C,0x13,0x27F1A0,0x1,"producer"
584,0x92488,0x12488,0xE2811001,"w=0xE2811001",0x0,0x2,0x27F6C0,0x7,0x27F75C,0x13,0x27F1A0,0x1,"producer"
585,0x9248C,0x1248C,0xE1510003,"w=0xE1510003",0x0,0x3,0x27F6C0,0x7,0x27F75C,0x13,0x27F1A0,0x1,"producer"
586,0x92490,0x12490,0xE1A0C08C,"w=0xE1A0C08C",0x0,0x3,0x27F6C0,0x7,0x27F75C,0x13,0x27F1A0,0x1,"producer"
587,0x92494,0x12494,0x3AFFFFF5,"Bcond 0x92470",0x0,0x3,0x27F6C0,0x7,0x27F75C,0x13,0x27F1A0,0x1,"producer"
588,0x92470,0x12470,0xE792E101,"w=0xE792E101",0x0,0x3,0x27F6C0,0x7,0x27F75C,0x13,0x27F1A0,0x1,"producer"
589,0x92474,0x12474,0xE04CC00E,"w=0xE04CC00E",0x0,0x3,0x27F6C0,0x7,0x27F75C,0x13,0x27F1A0,0x4,"producer"
590,0x92478,0x12478,0xE35C0000,"w=0xE35C0000",0x0,0x3,0x27F6C0,0x7,0x27F75C,0x13,0x27F1A0,0x4,"producer"
591,0x9247C,0x1247C,0xB3A00002,"w=0xB3A00002",0x0,0x3,0x27F6C0,0x7,0x27F75C,0x13,0x27F1A0,0x4,"producer"
592,0x92480,0x12480,0xB28DDE59,"w=0xB28DDE59",0x0,0x3,0x27F6C0,0x7,0x27F75C,0x13,0x27F1A0,0x4,"producer"
593,0x92484,0x12484,0xB8BD8DF0,"LDMFD ..pc",0x0,0x3,0x27F6C0,0x7,0x27F75C,0x13,0x27F1A0,0x4,"producer"
594,0x92488,0x12488,0xE2811001,"w=0xE2811001",0x0,0x3,0x27F6C0,0x7,0x27F75C,0x13,0x27F1A0,0x4,"producer"
595,0x9248C,0x1248C,0xE1510003,"w=0xE1510003",0x0,0x4,0x27F6C0,0x7,0x27F75C,0x13,0x27F1A0,0x4,"producer"
596,0x92490,0x12490,0xE1A0C08C,"w=0xE1A0C08C",0x0,0x4,0x27F6C0,0x7,0x27F75C,0x13,0x27F1A0,0x4,"producer"
597,0x92494,0x12494,0x3AFFFFF5,"Bcond 0x92470",0x0,0x4,0x27F6C0,0x7,0x27F75C,0x13,0x27F1A0,0x4,"producer"
598,0x92470,0x12470,0xE792E101,"w=0xE792E101",0x0,0x4,0x27F6C0,0x7,0x27F75C,0x13,0x27F1A0,0x4,"producer"
599,0x92474,0x12474,0xE04CC00E,"w=0xE04CC00E",0x0,0x4,0x27F6C0,0x7,0x27F75C,0x13,0x27F1A0,0x2,"producer"
600,0x92478,0x12478,0xE35C0000,"w=0xE35C0000",0x0,0x4,0x27F6C0,0x7,0x27F75C,0x13,0x27F1A0,0x2,"producer"
601,0x9247C,0x1247C,0xB3A00002,"w=0xB3A00002",0x0,0x4,0x27F6C0,0x7,0x27F75C,0x13,0x27F1A0,0x2,"producer"
602,0x92480,0x12480,0xB28DDE59,"w=0xB28DDE59",0x0,0x4,0x27F6C0,0x7,0x27F75C,0x13,0x27F1A0,0x2,"producer"
603,0x92484,0x12484,0xB8BD8DF0,"LDMFD ..pc",0x0,0x4,0x27F6C0,0x7,0x27F75C,0x13,0x27F1A0,0x2,"producer"
604,0x92488,0x12488,0xE2811001,"w=0xE2811001",0x0,0x4,0x27F6C0,0x7,0x27F75C,0x13,0x27F1A0,0x2,"producer"
605,0x9248C,0x1248C,0xE1510003,"w=0xE1510003",0x0,0x5,0x27F6C0,0x7,0x27F75C,0x13,0x27F1A0,0x2,"producer"
606,0x92490,0x12490,0xE1A0C08C,"w=0xE1A0C08C",0x0,0x5,0x27F6C0,0x7,0x27F75C,0x13,0x27F1A0,0x2,"producer"
607,0x92494,0x12494,0x3AFFFFF5,"Bcond 0x92470",0x0,0x5,0x27F6C0,0x7,0x27F75C,0x13,0x27F1A0,0x2,"producer"
608,0x92470,0x12470,0xE792E101,"w=0xE792E101",0x0,0x5,0x27F6C0,0x7,0x27F75C,0x13,0x27F1A0,0x2,"producer"
609,0x92474,0x12474,0xE04CC00E,"w=0xE04CC00E",0x0,0x5,0x27F6C0,0x7,0x27F75C,0x13,0x27F1A0,0x3,"producer"
610,0x92478,0x12478,0xE35C0000,"w=0xE35C0000",0x0,0x5,0x27F6C0,0x7,0x27F75C,0x13,0x27F1A0,0x3,"producer"
611,0x9247C,0x1247C,0xB3A00002,"w=0xB3A00002",0x0,0x5,0x27F6C0,0x7,0x27F75C,0x13,0x27F1A0,0x3,"producer"
612,0x92480,0x12480,0xB28DDE59,"w=0xB28DDE59",0x0,0x5,0x27F6C0,0x7,0x27F75C,0x13,0x27F1A0,0x3,"producer"
613,0x92484,0x12484,0xB8BD8DF0,"LDMFD ..pc",0x0,0x5,0x27F6C0,0x7,0x27F75C,0x13,0x27F1A0,0x3,"producer"
614,0x92488,0x12488,0xE2811001,"w=0xE2811001",0x0,0x5,0x27F6C0,0x7,0x27F75C,0x13,0x27F1A0,0x3,"producer"
615,0x9248C,0x1248C,0xE1510003,"w=0xE1510003",0x0,0x6,0x27F6C0,0x7,0x27F75C,0x13,0x27F1A0,0x3,"producer"
616,0x92490,0x12490,0xE1A0C08C,"w=0xE1A0C08C",0x0,0x6,0x27F6C0,0x7,0x27F75C,0x13,0x27F1A0,0x3,"producer"
617,0x92494,0x12494,0x3AFFFFF5,"Bcond 0x92470",0x0,0x6,0x27F6C0,0x7,0x27F75C,0x13,0x27F1A0,0x3,"producer"
618,0x92470,0x12470,0xE792E101,"w=0xE792E101",0x0,0x6,0x27F6C0,0x7,0x27F75C,0x13,0x27F1A0,0x3,"producer"
619,0x92474,0x12474,0xE04CC00E,"w=0xE04CC00E",0x0,0x6,0x27F6C0,0x7,0x27F75C,0x13,0x27F1A0,0x1,"producer"
620,0x92478,0x12478,0xE35C0000,"w=0xE35C0000",0x0,0x6,0x27F6C0,0x7,0x27F75C,0x13,0x27F1A0,0x1,"producer"
621,0x9247C,0x1247C,0xB3A00002,"w=0xB3A00002",0x0,0x6,0x27F6C0,0x7,0x27F75C,0x13,0x27F1A0,0x1,"producer"
622,0x92480,0x12480,0xB28DDE59,"w=0xB28DDE59",0x0,0x6,0x27F6C0,0x7,0x27F75C,0x13,0x27F1A0,0x1,"producer"
623,0x92484,0x12484,0xB8BD8DF0,"LDMFD ..pc",0x0,0x6,0x27F6C0,0x7,0x27F75C,0x13,0x27F1A0,0x1,"producer"
624,0x92488,0x12488,0xE2811001,"w=0xE2811001",0x0,0x6,0x27F6C0,0x7,0x27F75C,0x13,0x27F1A0,0x1,"producer"
625,0x9248C,0x1248C,0xE1510003,"w=0xE1510003",0x0,0x7,0x27F6C0,0x7,0x27F75C,0x13,0x27F1A0,0x1,"producer"
626,0x92490,0x12490,0xE1A0C08C,"w=0xE1A0C08C",0x0,0x7,0x27F6C0,0x7,0x27F75C,0x13,0x27F1A0,0x1,"producer"
627,0x92494,0x12494,0x3AFFFFF5,"Bcond 0x92470",0x0,0x7,0x27F6C0,0x7,0x27F75C,0x13,0x27F1A0,0x1,"producer"
628,0x92498,0x12498,0xE792E103,"w=0xE792E103",0x0,0x7,0x27F6C0,0x7,0x27F75C,0x13,0x27F1A0,0x1,"producer"
629,0x9249C,0x1249C,0xE1A01002,"w=0xE1A01002",0x0,0x7,0x27F6C0,0x7,0x27F75C,0x13,0x27F1A0,0x2,"producer"
630,0x924A0,0x124A0,0xE04C200E,"w=0xE04C200E",0x0,0x27F6C0,0x27F6C0,0x7,0x27F75C,0x13,0x27F1A0,0x2,"producer"
631,0x924A4,0x124A4,0xE3520000,"w=0xE3520000",0x0,0x27F6C0,0x0,0x7,0x27F75C,0x13,0x27F1A0,0x2,"producer"
632,0x924A8,0x124A8,0xE58D2008,"w=0xE58D2008",0x0,0x27F6C0,0x0,0x7,0x27F75C,0x13,0x27F1A0,0x2,"producer"
633,0x924AC,0x124AC,0xB28DDE59,"w=0xB28DDE59",0x0,0x27F6C0,0x0,0x7,0x27F75C,0x13,0x27F1A0,0x2,"producer"
634,0x924B0,0x124B0,0xB3A00002,"w=0xB3A00002",0x0,0x27F6C0,0x0,0x7,0x27F75C,0x13,0x27F1A0,0x2,"producer"
635,0x924B4,0x124B4,0xB8BD8DF0,"LDMFD ..pc",0x0,0x27F6C0,0x0,0x7,0x27F75C,0x13,0x27F1A0,0x2,"producer"
636,0x924B8,0x124B8,0xE59D2008,"w=0xE59D2008",0x0,0x27F6C0,0x0,0x7,0x27F75C,0x13,0x27F1A0,0x2,"producer"
637,0x924BC,0x124BC,0xE28D800C,"w=0xE28D800C",0x0,0x27F6C0,0x0,0x7,0x27F75C,0x13,0x27F1A0,0x2,"producer"
638,0x924C0,0x124C0,0xE08E2002,"w=0xE08E2002",0x0,0x27F6C0,0x0,0x7,0x27F75C,0x13,0x27F1A0,0x2,"producer"
639,0x924C4,0x124C4,0xE7812103,"w=0xE7812103",0x0,0x27F6C0,0x2,0x7,0x27F75C,0x13,0x27F1A0,0x2,"producer"
640,0x924C8,0x124C8,0xE3A02000,"w=0xE3A02000",0x0,0x27F6C0,0x2,0x7,0x27F75C,0x13,0x27F1A0,0x2,"producer"
641,0x924CC,0x124CC,0xE58D2010,"w=0xE58D2010",0x0,0x27F6C0,0x0,0x7,0x27F75C,0x13,0x27F1A0,0x2,"producer"
642,0x924D0,0x124D0,0xE2533001,"w=0xE2533001",0x0,0x27F6C0,0x0,0x7,0x27F75C,0x13,0x27F1A0,0x2,"producer"
643,0x924D4,0x124D4,0xE288E008,"w=0xE288E008",0x0,0x27F6C0,0x0,0x6,0x27F75C,0x13,0x27F1A0,0x2,"producer"
644,0x924D8,0x124D8,0xE281C004,"w=0xE281C004",0x0,0x27F6C0,0x0,0x6,0x27F75C,0x13,0x27F1A0,0x27F1B4,"producer"
645,0x924DC,0x124DC,0x0A000004,"Bcond 0x924F4",0x0,0x27F6C0,0x0,0x6,0x27F75C,0x13,0x27F1A0,0x27F1B4,"producer"
646,0x924E0,0x124E0,0xE49C6004,"w=0xE49C6004",0x0,0x27F6C0,0x0,0x6,0x27F75C,0x13,0x27F1A0,0x27F1B4,"producer"
647,0x924E4,0x124E4,0xE2533001,"w=0xE2533001",0x0,0x27F6C0,0x0,0x6,0x27F75C,0x13,0x27F1A0,0x27F1B4,"producer"
648,0x924E8,0x124E8,0xE0862002,"w=0xE0862002",0x0,0x27F6C0,0x0,0x5,0x27F75C,0x13,0x27F1A0,0x27F1B4,"producer"
649,0x924EC,0x124EC,0xE48E2004,"w=0xE48E2004",0x0,0x27F6C0,0x0,0x5,0x27F75C,0x13,0x27F1A0,0x27F1B4,"producer"
650,0x924F0,0x124F0,0x1AFFFFFA,"Bcond 0x924E0",0x0,0x27F6C0,0x0,0x5,0x27F75C,0x13,0x27F1A0,0x27F1B8,"producer"
651,0x924E0,0x124E0,0xE49C6004,"w=0xE49C6004",0x0,0x27F6C0,0x0,0x5,0x27F75C,0x13,0x27F1A0,0x27F1B8,"producer"
652,0x924E4,0x124E4,0xE2533001,"w=0xE2533001",0x0,0x27F6C0,0x0,0x5,0x27F75C,0x13,0x27F1A0,0x27F1B8,"producer"
653,0x924E8,0x124E8,0xE0862002,"w=0xE0862002",0x0,0x27F6C0,0x0,0x4,0x27F75C,0x13,0x27F1A0,0x27F1B8,"producer"
654,0x924EC,0x124EC,0xE48E2004,"w=0xE48E2004",0x0,0x27F6C0,0x1,0x4,0x27F75C,0x13,0x27F1A0,0x27F1B8,"producer"
655,0x924F0,0x124F0,0x1AFFFFFA,"Bcond 0x924E0",0x0,0x27F6C0,0x1,0x4,0x27F75C,0x13,0x27F1A0,0x27F1BC,"producer"
656,0x924E0,0x124E0,0xE49C6004,"w=0xE49C6004",0x0,0x27F6C0,0x1,0x4,0x27F75C,0x13,0x27F1A0,0x27F1BC,"producer"
657,0x924E4,0x124E4,0xE2533001,"w=0xE2533001",0x0,0x27F6C0,0x1,0x4,0x27F75C,0x13,0x27F1A0,0x27F1BC,"producer"
658,0x924E8,0x124E8,0xE0862002,"w=0xE0862002",0x0,0x27F6C0,0x1,0x3,0x27F75C,0x13,0x27F1A0,0x27F1BC,"producer"
659,0x924EC,0x124EC,0xE48E2004,"w=0xE48E2004",0x0,0x27F6C0,0x5,0x3,0x27F75C,0x13,0x27F1A0,0x27F1BC,"producer"
660,0x924F0,0x124F0,0x1AFFFFFA,"Bcond 0x924E0",0x0,0x27F6C0,0x5,0x3,0x27F75C,0x13,0x27F1A0,0x27F1C0,"producer"
661,0x924E0,0x124E0,0xE49C6004,"w=0xE49C6004",0x0,0x27F6C0,0x5,0x3,0x27F75C,0x13,0x27F1A0,0x27F1C0,"producer"
662,0x924E4,0x124E4,0xE2533001,"w=0xE2533001",0x0,0x27F6C0,0x5,0x3,0x27F75C,0x13,0x27F1A0,0x27F1C0,"producer"
663,0x924E8,0x124E8,0xE0862002,"w=0xE0862002",0x0,0x27F6C0,0x5,0x2,0x27F75C,0x13,0x27F1A0,0x27F1C0,"producer"
664,0x924EC,0x124EC,0xE48E2004,"w=0xE48E2004",0x0,0x27F6C0,0x7,0x2,0x27F75C,0x13,0x27F1A0,0x27F1C0,"producer"
665,0x924F0,0x124F0,0x1AFFFFFA,"Bcond 0x924E0",0x0,0x27F6C0,0x7,0x2,0x27F75C,0x13,0x27F1A0,0x27F1C4,"producer"
666,0x924E0,0x124E0,0xE49C6004,"w=0xE49C6004",0x0,0x27F6C0,0x7,0x2,0x27F75C,0x13,0x27F1A0,0x27F1C4,"producer"
667,0x924E4,0x124E4,0xE2533001,"w=0xE2533001",0x0,0x27F6C0,0x7,0x2,0x27F75C,0x13,0x27F1A0,0x27F1C4,"producer"
668,0x924E8,0x124E8,0xE0862002,"w=0xE0862002",0x0,0x27F6C0,0x7,0x1,0x27F75C,0x13,0x27F1A0,0x27F1C4,"producer"
669,0x924EC,0x124EC,0xE48E2004,"w=0xE48E2004",0x0,0x27F6C0,0xA,0x1,0x27F75C,0x13,0x27F1A0,0x27F1C4,"producer"
670,0x924F0,0x124F0,0x1AFFFFFA,"Bcond 0x924E0",0x0,0x27F6C0,0xA,0x1,0x27F75C,0x13,0x27F1A0,0x27F1C8,"producer"
671,0x924E0,0x124E0,0xE49C6004,"w=0xE49C6004",0x0,0x27F6C0,0xA,0x1,0x27F75C,0x13,0x27F1A0,0x27F1C8,"producer"
672,0x924E4,0x124E4,0xE2533001,"w=0xE2533001",0x0,0x27F6C0,0xA,0x1,0x27F75C,0x13,0x27F1A0,0x27F1C8,"producer"
673,0x924E8,0x124E8,0xE0862002,"w=0xE0862002",0x0,0x27F6C0,0xA,0x0,0x27F75C,0x13,0x27F1A0,0x27F1C8,"producer"
674,0x924EC,0x124EC,0xE48E2004,"w=0xE48E2004",0x0,0x27F6C0,0xB,0x0,0x27F75C,0x13,0x27F1A0,0x27F1C8,"producer"
675,0x924F0,0x124F0,0x1AFFFFFA,"Bcond 0x924E0",0x0,0x27F6C0,0xB,0x0,0x27F75C,0x13,0x27F1A0,0x27F1CC,"producer"
676,0x924F4,0x124F4,0xE1A0E004,"w=0xE1A0E004",0x0,0x27F6C0,0xB,0x0,0x27F75C,0x13,0x27F1A0,0x27F1CC,"producer"
677,0x924F8,0x124F8,0xE28D2050,"w=0xE28D2050",0x0,0x27F6C0,0xB,0x0,0x27F75C,0x13,0x27F1A0,0x27F75C,"producer"
678,0x924FC,0x124FC,0xE49EC004,"w=0xE49EC004",0x0,0x27F6C0,0x27F1F0,0x0,0x27F75C,0x13,0x27F1A0,0x27F75C,"producer"
679,0x92500,0x12500,0xE35C0000,"w=0xE35C0000",0x0,0x27F6C0,0x27F1F0,0x0,0x27F75C,0x13,0x27F1A0,0x27F760,"producer"
680,0x92504,0x12504,0x0A000004,"Bcond 0x9251C",0x0,0x27F6C0,0x27F1F0,0x0,0x27F75C,0x13,0x27F1A0,0x27F760,"producer"
681,0x92508,0x12508,0xE28D800C,"w=0xE28D800C",0x0,0x27F6C0,0x27F1F0,0x0,0x27F75C,0x13,0x27F1A0,0x27F760,"producer"
682,0x9250C,0x1250C,0xE798410C,"w=0xE798410C",0x0,0x27F6C0,0x27F1F0,0x0,0x27F75C,0x13,0x27F1A0,0x27F760,"producer"
683,0x92510,0x12510,0xE2846001,"w=0xE2846001",0x0,0x27F6C0,0x27F1F0,0x0,0xA,0x13,0x27F1A0,0x27F760,"producer"
684,0x92514,0x12514,0xE788610C,"w=0xE788610C",0x0,0x27F6C0,0x27F1F0,0x0,0xA,0x13,0x27F1A0,0x27F760,"producer"
685,0x92518,0x12518,0xE7823104,"w=0xE7823104",0x0,0x27F6C0,0x27F1F0,0x0,0xA,0x13,0x27F1A0,0x27F760,"producer"
686,0x9251C,0x1251C,0xE2833001,"w=0xE2833001",0x0,0x27F6C0,0x27F1F0,0x0,0xA,0x13,0x27F1A0,0x27F760,"producer"
687,0x92520,0x12520,0xE1530005,"w=0xE1530005",0x0,0x27F6C0,0x27F1F0,0x1,0xA,0x13,0x27F1A0,0x27F760,"producer"
688,0x92524,0x12524,0x3AFFFFF4,"Bcond 0x924FC",0x0,0x27F6C0,0x27F1F0,0x1,0xA,0x13,0x27F1A0,0x27F760,"producer"
689,0x924FC,0x124FC,0xE49EC004,"w=0xE49EC004",0x0,0x27F6C0,0x27F1F0,0x1,0xA,0x13,0x27F1A0,0x27F760,"producer"
690,0x92500,0x12500,0xE35C0000,"w=0xE35C0000",0x0,0x27F6C0,0x27F1F0,0x1,0xA,0x13,0x27F1A0,0x27F764,"producer"
691,0x92504,0x12504,0x0A000004,"Bcond 0x9251C",0x0,0x27F6C0,0x27F1F0,0x1,0xA,0x13,0x27F1A0,0x27F764,"producer"
692,0x9251C,0x1251C,0xE2833001,"w=0xE2833001",0x0,0x27F6C0,0x27F1F0,0x1,0xA,0x13,0x27F1A0,0x27F764,"producer"
693,0x92520,0x12520,0xE1530005,"w=0xE1530005",0x0,0x27F6C0,0x27F1F0,0x2,0xA,0x13,0x27F1A0,0x27F764,"producer"
694,0x92524,0x12524,0x3AFFFFF4,"Bcond 0x924FC",0x0,0x27F6C0,0x27F1F0,0x2,0xA,0x13,0x27F1A0,0x27F764,"producer"
695,0x924FC,0x124FC,0xE49EC004,"w=0xE49EC004",0x0,0x27F6C0,0x27F1F0,0x2,0xA,0x13,0x27F1A0,0x27F764,"producer"
696,0x92500,0x12500,0xE35C0000,"w=0xE35C0000",0x0,0x27F6C0,0x27F1F0,0x2,0xA,0x13,0x27F1A0,0x27F768,"producer"
697,0x92504,0x12504,0x0A000004,"Bcond 0x9251C",0x0,0x27F6C0,0x27F1F0,0x2,0xA,0x13,0x27F1A0,0x27F768,"producer"
698,0x9251C,0x1251C,0xE2833001,"w=0xE2833001",0x0,0x27F6C0,0x27F1F0,0x2,0xA,0x13,0x27F1A0,0x27F768,"producer"
699,0x92520,0x12520,0xE1530005,"w=0xE1530005",0x0,0x27F6C0,0x27F1F0,0x3,0xA,0x13,0x27F1A0,0x27F768,"producer"
700,0x92524,0x12524,0x3AFFFFF4,"Bcond 0x924FC",0x0,0x27F6C0,0x27F1F0,0x3,0xA,0x13,0x27F1A0,0x27F768,"producer"
701,0x924FC,0x124FC,0xE49EC004,"w=0xE49EC004",0x0,0x27F6C0,0x27F1F0,0x3,0xA,0x13,0x27F1A0,0x27F768,"producer"
702,0x92500,0x12500,0xE35C0000,"w=0xE35C0000",0x0,0x27F6C0,0x27F1F0,0x3,0xA,0x13,0x27F1A0,0x27F76C,"producer"
703,0x92504,0x12504,0x0A000004,"Bcond 0x9251C",0x0,0x27F6C0,0x27F1F0,0x3,0xA,0x13,0x27F1A0,0x27F76C,"producer"
704,0x9251C,0x1251C,0xE2833001,"w=0xE2833001",0x0,0x27F6C0,0x27F1F0,0x3,0xA,0x13,0x27F1A0,0x27F76C,"producer"
705,0x92520,0x12520,0xE1530005,"w=0xE1530005",0x0,0x27F6C0,0x27F1F0,0x4,0xA,0x13,0x27F1A0,0x27F76C,"producer"
706,0x92524,0x12524,0x3AFFFFF4,"Bcond 0x924FC",0x0,0x27F6C0,0x27F1F0,0x4,0xA,0x13,0x27F1A0,0x27F76C,"producer"
707,0x924FC,0x124FC,0xE49EC004,"w=0xE49EC004",0x0,0x27F6C0,0x27F1F0,0x4,0xA,0x13,0x27F1A0,0x27F76C,"producer"
708,0x92500,0x12500,0xE35C0000,"w=0xE35C0000",0x0,0x27F6C0,0x27F1F0,0x4,0xA,0x13,0x27F1A0,0x27F770,"producer"
709,0x92504,0x12504,0x0A000004,"Bcond 0x9251C",0x0,0x27F6C0,0x27F1F0,0x4,0xA,0x13,0x27F1A0,0x27F770,"producer"
710,0x92508,0x12508,0xE28D800C,"w=0xE28D800C",0x0,0x27F6C0,0x27F1F0,0x4,0xA,0x13,0x27F1A0,0x27F770,"producer"
711,0x9250C,0x1250C,0xE798410C,"w=0xE798410C",0x0,0x27F6C0,0x27F1F0,0x4,0xA,0x13,0x27F1A0,0x27F770,"producer"
712,0x92510,0x12510,0xE2846001,"w=0xE2846001",0x0,0x27F6C0,0x27F1F0,0x4,0x7,0x13,0x27F1A0,0x27F770,"producer"
713,0x92514,0x12514,0xE788610C,"w=0xE788610C",0x0,0x27F6C0,0x27F1F0,0x4,0x7,0x13,0x27F1A0,0x27F770,"producer"
714,0x92518,0x12518,0xE7823104,"w=0xE7823104",0x0,0x27F6C0,0x27F1F0,0x4,0x7,0x13,0x27F1A0,0x27F770,"producer"
715,0x9251C,0x1251C,0xE2833001,"w=0xE2833001",0x0,0x27F6C0,0x27F1F0,0x4,0x7,0x13,0x27F1A0,0x27F770,"producer"
716,0x92520,0x12520,0xE1530005,"w=0xE1530005",0x0,0x27F6C0,0x27F1F0,0x5,0x7,0x13,0x27F1A0,0x27F770,"producer"
717,0x92524,0x12524,0x3AFFFFF4,"Bcond 0x924FC",0x0,0x27F6C0,0x27F1F0,0x5,0x7,0x13,0x27F1A0,0x27F770,"producer"
718,0x924FC,0x124FC,0xE49EC004,"w=0xE49EC004",0x0,0x27F6C0,0x27F1F0,0x5,0x7,0x13,0x27F1A0,0x27F770,"producer"
719,0x92500,0x12500,0xE35C0000,"w=0xE35C0000",0x0,0x27F6C0,0x27F1F0,0x5,0x7,0x13,0x27F1A0,0x27F774,"producer"
720,0x92504,0x12504,0x0A000004,"Bcond 0x9251C",0x0,0x27F6C0,0x27F1F0,0x5,0x7,0x13,0x27F1A0,0x27F774,"producer"
721,0x92508,0x12508,0xE28D800C,"w=0xE28D800C",0x0,0x27F6C0,0x27F1F0,0x5,0x7,0x13,0x27F1A0,0x27F774,"producer"
722,0x9250C,0x1250C,0xE798410C,"w=0xE798410C",0x0,0x27F6C0,0x27F1F0,0x5,0x7,0x13,0x27F1A0,0x27F774,"producer"
723,0x92510,0x12510,0xE2846001,"w=0xE2846001",0x0,0x27F6C0,0x27F1F0,0x5,0x8,0x13,0x27F1A0,0x27F774,"producer"
724,0x92514,0x12514,0xE788610C,"w=0xE788610C",0x0,0x27F6C0,0x27F1F0,0x5,0x8,0x13,0x27F1A0,0x27F774,"producer"
725,0x92518,0x12518,0xE7823104,"w=0xE7823104",0x0,0x27F6C0,0x27F1F0,0x5,0x8,0x13,0x27F1A0,0x27F774,"producer"
726,0x9251C,0x1251C,0xE2833001,"w=0xE2833001",0x0,0x27F6C0,0x27F1F0,0x5,0x8,0x13,0x27F1A0,0x27F774,"producer"
727,0x92520,0x12520,0xE1530005,"w=0xE1530005",0x0,0x27F6C0,0x27F1F0,0x6,0x8,0x13,0x27F1A0,0x27F774,"producer"
728,0x92524,0x12524,0x3AFFFFF4,"Bcond 0x924FC",0x0,0x27F6C0,0x27F1F0,0x6,0x8,0x13,0x27F1A0,0x27F774,"producer"
729,0x924FC,0x124FC,0xE49EC004,"w=0xE49EC004",0x0,0x27F6C0,0x27F1F0,0x6,0x8,0x13,0x27F1A0,0x27F774,"producer"
730,0x92500,0x12500,0xE35C0000,"w=0xE35C0000",0x0,0x27F6C0,0x27F1F0,0x6,0x8,0x13,0x27F1A0,0x27F778,"producer"
731,0x92504,0x12504,0x0A000004,"Bcond 0x9251C",0x0,0x27F6C0,0x27F1F0,0x6,0x8,0x13,0x27F1A0,0x27F778,"producer"
732,0x92508,0x12508,0xE28D800C,"w=0xE28D800C",0x0,0x27F6C0,0x27F1F0,0x6,0x8,0x13,0x27F1A0,0x27F778,"producer"
733,0x9250C,0x1250C,0xE798410C,"w=0xE798410C",0x0,0x27F6C0,0x27F1F0,0x6,0x8,0x13,0x27F1A0,0x27F778,"producer"
734,0x92510,0x12510,0xE2846001,"w=0xE2846001",0x0,0x27F6C0,0x27F1F0,0x6,0x5,0x13,0x27F1A0,0x27F778,"producer"
735,0x92514,0x12514,0xE788610C,"w=0xE788610C",0x0,0x27F6C0,0x27F1F0,0x6,0x5,0x13,0x27F1A0,0x27F778,"producer"
736,0x92518,0x12518,0xE7823104,"w=0xE7823104",0x0,0x27F6C0,0x27F1F0,0x6,0x5,0x13,0x27F1A0,0x27F778,"producer"
737,0x9251C,0x1251C,0xE2833001,"w=0xE2833001",0x0,0x27F6C0,0x27F1F0,0x6,0x5,0x13,0x27F1A0,0x27F778,"producer"
738,0x92520,0x12520,0xE1530005,"w=0xE1530005",0x0,0x27F6C0,0x27F1F0,0x7,0x5,0x13,0x27F1A0,0x27F778,"producer"
739,0x92524,0x12524,0x3AFFFFF4,"Bcond 0x924FC",0x0,0x27F6C0,0x27F1F0,0x7,0x5,0x13,0x27F1A0,0x27F778,"producer"
740,0x924FC,0x124FC,0xE49EC004,"w=0xE49EC004",0x0,0x27F6C0,0x27F1F0,0x7,0x5,0x13,0x27F1A0,0x27F778,"producer"
741,0x92500,0x12500,0xE35C0000,"w=0xE35C0000",0x0,0x27F6C0,0x27F1F0,0x7,0x5,0x13,0x27F1A0,0x27F77C,"producer"
742,0x92504,0x12504,0x0A000004,"Bcond 0x9251C",0x0,0x27F6C0,0x27F1F0,0x7,0x5,0x13,0x27F1A0,0x27F77C,"producer"
743,0x92508,0x12508,0xE28D800C,"w=0xE28D800C",0x0,0x27F6C0,0x27F1F0,0x7,0x5,0x13,0x27F1A0,0x27F77C,"producer"
744,0x9250C,0x1250C,0xE798410C,"w=0xE798410C",0x0,0x27F6C0,0x27F1F0,0x7,0x5,0x13,0x27F1A0,0x27F77C,"producer"
745,0x92510,0x12510,0xE2846001,"w=0xE2846001",0x0,0x27F6C0,0x27F1F0,0x7,0x1,0x13,0x27F1A0,0x27F77C,"producer"
746,0x92514,0x12514,0xE788610C,"w=0xE788610C",0x0,0x27F6C0,0x27F1F0,0x7,0x1,0x13,0x27F1A0,0x27F77C,"producer"
747,0x92518,0x12518,0xE7823104,"w=0xE7823104",0x0,0x27F6C0,0x27F1F0,0x7,0x1,0x13,0x27F1A0,0x27F77C,"producer"
748,0x9251C,0x1251C,0xE2833001,"w=0xE2833001",0x0,0x27F6C0,0x27F1F0,0x7,0x1,0x13,0x27F1A0,0x27F77C,"producer"
749,0x92520,0x12520,0xE1530005,"w=0xE1530005",0x0,0x27F6C0,0x27F1F0,0x8,0x1,0x13,0x27F1A0,0x27F77C,"producer"
750,0x92524,0x12524,0x3AFFFFF4,"Bcond 0x924FC",0x0,0x27F6C0,0x27F1F0,0x8,0x1,0x13,0x27F1A0,0x27F77C,"producer"
751,0x924FC,0x124FC,0xE49EC004,"w=0xE49EC004",0x0,0x27F6C0,0x27F1F0,0x8,0x1,0x13,0x27F1A0,0x27F77C,"producer"
752,0x92500,0x12500,0xE35C0000,"w=0xE35C0000",0x0,0x27F6C0,0x27F1F0,0x8,0x1,0x13,0x27F1A0,0x27F780,"producer"
753,0x92504,0x12504,0x0A000004,"Bcond 0x9251C",0x0,0x27F6C0,0x27F1F0,0x8,0x1,0x13,0x27F1A0,0x27F780,"producer"
754,0x92508,0x12508,0xE28D800C,"w=0xE28D800C",0x0,0x27F6C0,0x27F1F0,0x8,0x1,0x13,0x27F1A0,0x27F780,"producer"
755,0x9250C,0x1250C,0xE798410C,"w=0xE798410C",0x0,0x27F6C0,0x27F1F0,0x8,0x1,0x13,0x27F1A0,0x27F780,"producer"
756,0x92510,0x12510,0xE2846001,"w=0xE2846001",0x0,0x27F6C0,0x27F1F0,0x8,0x2,0x13,0x27F1A0,0x27F780,"producer"
757,0x92514,0x12514,0xE788610C,"w=0xE788610C",0x0,0x27F6C0,0x27F1F0,0x8,0x2,0x13,0x27F1A0,0x27F780,"producer"
758,0x92518,0x12518,0xE7823104,"w=0xE7823104",0x0,0x27F6C0,0x27F1F0,0x8,0x2,0x13,0x27F1A0,0x27F780,"producer"
759,0x9251C,0x1251C,0xE2833001,"w=0xE2833001",0x0,0x27F6C0,0x27F1F0,0x8,0x2,0x13,0x27F1A0,0x27F780,"producer"
760,0x92520,0x12520,0xE1530005,"w=0xE1530005",0x0,0x27F6C0,0x27F1F0,0x9,0x2,0x13,0x27F1A0,0x27F780,"producer"
761,0x92524,0x12524,0x3AFFFFF4,"Bcond 0x924FC",0x0,0x27F6C0,0x27F1F0,0x9,0x2,0x13,0x27F1A0,0x27F780,"producer"
762,0x924FC,0x124FC,0xE49EC004,"w=0xE49EC004",0x0,0x27F6C0,0x27F1F0,0x9,0x2,0x13,0x27F1A0,0x27F780,"producer"
763,0x92500,0x12500,0xE35C0000,"w=0xE35C0000",0x0,0x27F6C0,0x27F1F0,0x9,0x2,0x13,0x27F1A0,0x27F784,"producer"
764,0x92504,0x12504,0x0A000004,"Bcond 0x9251C",0x0,0x27F6C0,0x27F1F0,0x9,0x2,0x13,0x27F1A0,0x27F784,"producer"
765,0x92508,0x12508,0xE28D800C,"w=0xE28D800C",0x0,0x27F6C0,0x27F1F0,0x9,0x2,0x13,0x27F1A0,0x27F784,"producer"
766,0x9250C,0x1250C,0xE798410C,"w=0xE798410C",0x0,0x27F6C0,0x27F1F0,0x9,0x2,0x13,0x27F1A0,0x27F784,"producer"
767,0x92510,0x12510,0xE2846001,"w=0xE2846001",0x0,0x27F6C0,0x27F1F0,0x9,0x3,0x13,0x27F1A0,0x27F784,"producer"
768,0x92514,0x12514,0xE788610C,"w=0xE788610C",0x0,0x27F6C0,0x27F1F0,0x9,0x3,0x13,0x27F1A0,0x27F784,"producer"
769,0x92518,0x12518,0xE7823104,"w=0xE7823104",0x0,0x27F6C0,0x27F1F0,0x9,0x3,0x13,0x27F1A0,0x27F784,"producer"
770,0x9251C,0x1251C,0xE2833001,"w=0xE2833001",0x0,0x27F6C0,0x27F1F0,0x9,0x3,0x13,0x27F1A0,0x27F784,"producer"
771,0x92520,0x12520,0xE1530005,"w=0xE1530005",0x0,0x27F6C0,0x27F1F0,0xA,0x3,0x13,0x27F1A0,0x27F784,"producer"
772,0x92524,0x12524,0x3AFFFFF4,"Bcond 0x924FC",0x0,0x27F6C0,0x27F1F0,0xA,0x3,0x13,0x27F1A0,0x27F784,"producer"
773,0x924FC,0x124FC,0xE49EC004,"w=0xE49EC004",0x0,0x27F6C0,0x27F1F0,0xA,0x3,0x13,0x27F1A0,0x27F784,"producer"
774,0x92500,0x12500,0xE35C0000,"w=0xE35C0000",0x0,0x27F6C0,0x27F1F0,0xA,0x3,0x13,0x27F1A0,0x27F788,"producer"
775,0x92504,0x12504,0x0A000004,"Bcond 0x9251C",0x0,0x27F6C0,0x27F1F0,0xA,0x3,0x13,0x27F1A0,0x27F788,"producer"
776,0x92508,0x12508,0xE28D800C,"w=0xE28D800C",0x0,0x27F6C0,0x27F1F0,0xA,0x3,0x13,0x27F1A0,0x27F788,"producer"
777,0x9250C,0x1250C,0xE798410C,"w=0xE798410C",0x0,0x27F6C0,0x27F1F0,0xA,0x3,0x13,0x27F1A0,0x27F788,"producer"
778,0x92510,0x12510,0xE2846001,"w=0xE2846001",0x0,0x27F6C0,0x27F1F0,0xA,0x0,0x13,0x27F1A0,0x27F788,"producer"
779,0x92514,0x12514,0xE788610C,"w=0xE788610C",0x0,0x27F6C0,0x27F1F0,0xA,0x0,0x13,0x27F1A0,0x27F788,"producer"
780,0x92518,0x12518,0xE7823104,"w=0xE7823104",0x0,0x27F6C0,0x27F1F0,0xA,0x0,0x13,0x27F1A0,0x27F788,"producer"
781,0x9251C,0x1251C,0xE2833001,"w=0xE2833001",0x0,0x27F6C0,0x27F1F0,0xA,0x0,0x13,0x27F1A0,0x27F788,"producer"
782,0x92520,0x12520,0xE1530005,"w=0xE1530005",0x0,0x27F6C0,0x27F1F0,0xB,0x0,0x13,0x27F1A0,0x27F788,"producer"
783,0x92524,0x12524,0x3AFFFFF4,"Bcond 0x924FC",0x0,0x27F6C0,0x27F1F0,0xB,0x0,0x13,0x27F1A0,0x27F788,"producer"
784,0x924FC,0x124FC,0xE49EC004,"w=0xE49EC004",0x0,0x27F6C0,0x27F1F0,0xB,0x0,0x13,0x27F1A0,0x27F788,"producer"
785,0x92500,0x12500,0xE35C0000,"w=0xE35C0000",0x0,0x27F6C0,0x27F1F0,0xB,0x0,0x13,0x27F1A0,0x27F78C,"producer"
786,0x92504,0x12504,0x0A000004,"Bcond 0x9251C",0x0,0x27F6C0,0x27F1F0,0xB,0x0,0x13,0x27F1A0,0x27F78C,"producer"
787,0x92508,0x12508,0xE28D800C,"w=0xE28D800C",0x0,0x27F6C0,0x27F1F0,0xB,0x0,0x13,0x27F1A0,0x27F78C,"producer"
788,0x9250C,0x1250C,0xE798410C,"w=0xE798410C",0x0,0x27F6C0,0x27F1F0,0xB,0x0,0x13,0x27F1A0,0x27F78C,"producer"
789,0x92510,0x12510,0xE2846001,"w=0xE2846001",0x0,0x27F6C0,0x27F1F0,0xB,0x4,0x13,0x27F1A0,0x27F78C,"producer"
790,0x92514,0x12514,0xE788610C,"w=0xE788610C",0x0,0x27F6C0,0x27F1F0,0xB,0x4,0x13,0x27F1A0,0x27F78C,"producer"
791,0x92518,0x12518,0xE7823104,"w=0xE7823104",0x0,0x27F6C0,0x27F1F0,0xB,0x4,0x13,0x27F1A0,0x27F78C,"producer"
792,0x9251C,0x1251C,0xE2833001,"w=0xE2833001",0x0,0x27F6C0,0x27F1F0,0xB,0x4,0x13,0x27F1A0,0x27F78C,"producer"
793,0x92520,0x12520,0xE1530005,"w=0xE1530005",0x0,0x27F6C0,0x27F1F0,0xC,0x4,0x13,0x27F1A0,0x27F78C,"producer"
794,0x92524,0x12524,0x3AFFFFF4,"Bcond 0x924FC",0x0,0x27F6C0,0x27F1F0,0xC,0x4,0x13,0x27F1A0,0x27F78C,"producer"
795,0x924FC,0x124FC,0xE49EC004,"w=0xE49EC004",0x0,0x27F6C0,0x27F1F0,0xC,0x4,0x13,0x27F1A0,0x27F78C,"producer"
796,0x92500,0x12500,0xE35C0000,"w=0xE35C0000",0x0,0x27F6C0,0x27F1F0,0xC,0x4,0x13,0x27F1A0,0x27F790,"producer"
797,0x92504,0x12504,0x0A000004,"Bcond 0x9251C",0x0,0x27F6C0,0x27F1F0,0xC,0x4,0x13,0x27F1A0,0x27F790,"producer"
798,0x92508,0x12508,0xE28D800C,"w=0xE28D800C",0x0,0x27F6C0,0x27F1F0,0xC,0x4,0x13,0x27F1A0,0x27F790,"producer"
799,0x9250C,0x1250C,0xE798410C,"w=0xE798410C",0x0,0x27F6C0,0x27F1F0,0xC,0x4,0x13,0x27F1A0,0x27F790,"producer"
800,0x92510,0x12510,0xE2846001,"w=0xE2846001",0x0,0x27F6C0,0x27F1F0,0xC,0x9,0x13,0x27F1A0,0x27F790,"producer"
801,0x92514,0x12514,0xE788610C,"w=0xE788610C",0x0,0x27F6C0,0x27F1F0,0xC,0x9,0x13,0x27F1A0,0x27F790,"producer"
802,0x92518,0x12518,0xE7823104,"w=0xE7823104",0x0,0x27F6C0,0x27F1F0,0xC,0x9,0x13,0x27F1A0,0x27F790,"producer"
803,0x9251C,0x1251C,0xE2833001,"w=0xE2833001",0x0,0x27F6C0,0x27F1F0,0xC,0x9,0x13,0x27F1A0,0x27F790,"producer"
804,0x92520,0x12520,0xE1530005,"w=0xE1530005",0x0,0x27F6C0,0x27F1F0,0xD,0x9,0x13,0x27F1A0,0x27F790,"producer"
805,0x92524,0x12524,0x3AFFFFF4,"Bcond 0x924FC",0x0,0x27F6C0,0x27F1F0,0xD,0x9,0x13,0x27F1A0,0x27F790,"producer"
806,0x924FC,0x124FC,0xE49EC004,"w=0xE49EC004",0x0,0x27F6C0,0x27F1F0,0xD,0x9,0x13,0x27F1A0,0x27F790,"producer"
807,0x92500,0x12500,0xE35C0000,"w=0xE35C0000",0x0,0x27F6C0,0x27F1F0,0xD,0x9,0x13,0x27F1A0,0x27F794,"producer"
808,0x92504,0x12504,0x0A000004,"Bcond 0x9251C",0x0,0x27F6C0,0x27F1F0,0xD,0x9,0x13,0x27F1A0,0x27F794,"producer"
809,0x9251C,0x1251C,0xE2833001,"w=0xE2833001",0x0,0x27F6C0,0x27F1F0,0xD,0x9,0x13,0x27F1A0,0x27F794,"producer"
810,0x92520,0x12520,0xE1530005,"w=0xE1530005",0x0,0x27F6C0,0x27F1F0,0xE,0x9,0x13,0x27F1A0,0x27F794,"producer"
811,0x92524,0x12524,0x3AFFFFF4,"Bcond 0x924FC",0x0,0x27F6C0,0x27F1F0,0xE,0x9,0x13,0x27F1A0,0x27F794,"producer"
812,0x924FC,0x124FC,0xE49EC004,"w=0xE49EC004",0x0,0x27F6C0,0x27F1F0,0xE,0x9,0x13,0x27F1A0,0x27F794,"producer"
813,0x92500,0x12500,0xE35C0000,"w=0xE35C0000",0x0,0x27F6C0,0x27F1F0,0xE,0x9,0x13,0x27F1A0,0x27F798,"producer"
814,0x92504,0x12504,0x0A000004,"Bcond 0x9251C",0x0,0x27F6C0,0x27F1F0,0xE,0x9,0x13,0x27F1A0,0x27F798,"producer"
815,0x92508,0x12508,0xE28D800C,"w=0xE28D800C",0x0,0x27F6C0,0x27F1F0,0xE,0x9,0x13,0x27F1A0,0x27F798,"producer"
816,0x9250C,0x1250C,0xE798410C,"w=0xE798410C",0x0,0x27F6C0,0x27F1F0,0xE,0x9,0x13,0x27F1A0,0x27F798,"producer"
817,0x92510,0x12510,0xE2846001,"w=0xE2846001",0x0,0x27F6C0,0x27F1F0,0xE,0xB,0x13,0x27F1A0,0x27F798,"producer"
818,0x92514,0x12514,0xE788610C,"w=0xE788610C",0x0,0x27F6C0,0x27F1F0,0xE,0xB,0x13,0x27F1A0,0x27F798,"producer"
819,0x92518,0x12518,0xE7823104,"w=0xE7823104",0x0,0x27F6C0,0x27F1F0,0xE,0xB,0x13,0x27F1A0,0x27F798,"producer"
820,0x9251C,0x1251C,0xE2833001,"w=0xE2833001",0x0,0x27F6C0,0x27F1F0,0xE,0xB,0x13,0x27F1A0,0x27F798,"producer"
821,0x92520,0x12520,0xE1530005,"w=0xE1530005",0x0,0x27F6C0,0x27F1F0,0xF,0xB,0x13,0x27F1A0,0x27F798,"producer"
822,0x92524,0x12524,0x3AFFFFF4,"Bcond 0x924FC",0x0,0x27F6C0,0x27F1F0,0xF,0xB,0x13,0x27F1A0,0x27F798,"producer"
823,0x924FC,0x124FC,0xE49EC004,"w=0xE49EC004",0x0,0x27F6C0,0x27F1F0,0xF,0xB,0x13,0x27F1A0,0x27F798,"producer"
824,0x92500,0x12500,0xE35C0000,"w=0xE35C0000",0x0,0x27F6C0,0x27F1F0,0xF,0xB,0x13,0x27F1A0,0x27F79C,"producer"
825,0x92504,0x12504,0x0A000004,"Bcond 0x9251C",0x0,0x27F6C0,0x27F1F0,0xF,0xB,0x13,0x27F1A0,0x27F79C,"producer"
826,0x92508,0x12508,0xE28D800C,"w=0xE28D800C",0x0,0x27F6C0,0x27F1F0,0xF,0xB,0x13,0x27F1A0,0x27F79C,"producer"
827,0x9250C,0x1250C,0xE798410C,"w=0xE798410C",0x0,0x27F6C0,0x27F1F0,0xF,0xB,0x13,0x27F1A0,0x27F79C,"producer"
828,0x92510,0x12510,0xE2846001,"w=0xE2846001",0x0,0x27F6C0,0x27F1F0,0xF,0xC,0x13,0x27F1A0,0x27F79C,"producer"
829,0x92514,0x12514,0xE788610C,"w=0xE788610C",0x0,0x27F6C0,0x27F1F0,0xF,0xC,0x13,0x27F1A0,0x27F79C,"producer"
830,0x92518,0x12518,0xE7823104,"w=0xE7823104",0x0,0x27F6C0,0x27F1F0,0xF,0xC,0x13,0x27F1A0,0x27F79C,"producer"
831,0x9251C,0x1251C,0xE2833001,"w=0xE2833001",0x0,0x27F6C0,0x27F1F0,0xF,0xC,0x13,0x27F1A0,0x27F79C,"producer"
832,0x92520,0x12520,0xE1530005,"w=0xE1530005",0x0,0x27F6C0,0x27F1F0,0x10,0xC,0x13,0x27F1A0,0x27F79C,"producer"
833,0x92524,0x12524,0x3AFFFFF4,"Bcond 0x924FC",0x0,0x27F6C0,0x27F1F0,0x10,0xC,0x13,0x27F1A0,0x27F79C,"producer"
834,0x924FC,0x124FC,0xE49EC004,"w=0xE49EC004",0x0,0x27F6C0,0x27F1F0,0x10,0xC,0x13,0x27F1A0,0x27F79C,"producer"
835,0x92500,0x12500,0xE35C0000,"w=0xE35C0000",0x0,0x27F6C0,0x27F1F0,0x10,0xC,0x13,0x27F1A0,0x27F7A0,"producer"
836,0x92504,0x12504,0x0A000004,"Bcond 0x9251C",0x0,0x27F6C0,0x27F1F0,0x10,0xC,0x13,0x27F1A0,0x27F7A0,"producer"
837,0x92508,0x12508,0xE28D800C,"w=0xE28D800C",0x0,0x27F6C0,0x27F1F0,0x10,0xC,0x13,0x27F1A0,0x27F7A0,"producer"
838,0x9250C,0x1250C,0xE798410C,"w=0xE798410C",0x0,0x27F6C0,0x27F1F0,0x10,0xC,0x13,0x27F1A0,0x27F7A0,"producer"
839,0x92510,0x12510,0xE2846001,"w=0xE2846001",0x0,0x27F6C0,0x27F1F0,0x10,0x6,0x13,0x27F1A0,0x27F7A0,"producer"
840,0x92514,0x12514,0xE788610C,"w=0xE788610C",0x0,0x27F6C0,0x27F1F0,0x10,0x6,0x13,0x27F1A0,0x27F7A0,"producer"
841,0x92518,0x12518,0xE7823104,"w=0xE7823104",0x0,0x27F6C0,0x27F1F0,0x10,0x6,0x13,0x27F1A0,0x27F7A0,"producer"
842,0x9251C,0x1251C,0xE2833001,"w=0xE2833001",0x0,0x27F6C0,0x27F1F0,0x10,0x6,0x13,0x27F1A0,0x27F7A0,"producer"
843,0x92520,0x12520,0xE1530005,"w=0xE1530005",0x0,0x27F6C0,0x27F1F0,0x11,0x6,0x13,0x27F1A0,0x27F7A0,"producer"
844,0x92524,0x12524,0x3AFFFFF4,"Bcond 0x924FC",0x0,0x27F6C0,0x27F1F0,0x11,0x6,0x13,0x27F1A0,0x27F7A0,"producer"
845,0x924FC,0x124FC,0xE49EC004,"w=0xE49EC004",0x0,0x27F6C0,0x27F1F0,0x11,0x6,0x13,0x27F1A0,0x27F7A0,"producer"
846,0x92500,0x12500,0xE35C0000,"w=0xE35C0000",0x0,0x27F6C0,0x27F1F0,0x11,0x6,0x13,0x27F1A0,0x27F7A4,"producer"
847,0x92504,0x12504,0x0A000004,"Bcond 0x9251C",0x0,0x27F6C0,0x27F1F0,0x11,0x6,0x13,0x27F1A0,0x27F7A4,"producer"
848,0x9251C,0x1251C,0xE2833001,"w=0xE2833001",0x0,0x27F6C0,0x27F1F0,0x11,0x6,0x13,0x27F1A0,0x27F7A4,"producer"
849,0x92520,0x12520,0xE1530005,"w=0xE1530005",0x0,0x27F6C0,0x27F1F0,0x12,0x6,0x13,0x27F1A0,0x27F7A4,"producer"
850,0x92524,0x12524,0x3AFFFFF4,"Bcond 0x924FC",0x0,0x27F6C0,0x27F1F0,0x12,0x6,0x13,0x27F1A0,0x27F7A4,"producer"
851,0x924FC,0x124FC,0xE49EC004,"w=0xE49EC004",0x0,0x27F6C0,0x27F1F0,0x12,0x6,0x13,0x27F1A0,0x27F7A4,"producer"
852,0x92500,0x12500,0xE35C0000,"w=0xE35C0000",0x0,0x27F6C0,0x27F1F0,0x12,0x6,0x13,0x27F1A0,0x27F7A8,"producer"
853,0x92504,0x12504,0x0A000004,"Bcond 0x9251C",0x0,0x27F6C0,0x27F1F0,0x12,0x6,0x13,0x27F1A0,0x27F7A8,"producer"
854,0x9251C,0x1251C,0xE2833001,"w=0xE2833001",0x0,0x27F6C0,0x27F1F0,0x12,0x6,0x13,0x27F1A0,0x27F7A8,"producer"
855,0x92520,0x12520,0xE1530005,"w=0xE1530005",0x0,0x27F6C0,0x27F1F0,0x13,0x6,0x13,0x27F1A0,0x27F7A8,"producer"
856,0x92524,0x12524,0x3AFFFFF4,"Bcond 0x924FC",0x0,0x27F6C0,0x27F1F0,0x13,0x6,0x13,0x27F1A0,0x27F7A8,"producer"
857,0x92528,0x12528,0xE1A08002,"w=0xE1A08002",0x0,0x27F6C0,0x27F1F0,0x13,0x6,0x13,0x27F1A0,0x27F7A8,"producer"
858,0x9252C,0x1252C,0xE1A02000,"w=0xE1A02000",0x0,0x27F6C0,0x27F1F0,0x13,0x6,0x13,0x27F1A0,0x27F7A8,"producer"
859,0x92530,0x12530,0xE58D04D0,"w=0xE58D04D0",0x0,0x27F6C0,0x0,0x13,0x6,0x13,0x27F1A0,0x27F7A8,"producer"
860,0x92534,0x12534,0xE59D351C,"w=0xE59D351C",0x0,0x27F6C0,0x0,0x13,0x6,0x13,0x27F1A0,0x27F7A8,"producer"
861,0x92538,0x12538,0xE3A00000,"w=0xE3A00000",0x0,0x27F6C0,0x0,0x7,0x6,0x13,0x27F1A0,0x27F7A8,"producer"
862,0x9253C,0x1253C,0xE3A06000,"w=0xE3A06000",0x0,0x27F6C0,0x0,0x7,0x6,0x13,0x27F1A0,0x27F7A8,"producer"
863,0x92540,0x12540,0xE58D600C,"w=0xE58D600C",0x0,0x27F6C0,0x0,0x7,0x6,0x13,0x27F1A0,0x27F7A8,"producer"
864,0x92544,0x12544,0xE58D0004,"w=0xE58D0004",0x0,0x27F6C0,0x0,0x7,0x6,0x13,0x27F1A0,0x27F7A8,"producer"
865,0x92548,0x12548,0xE3E0A000,"w=0xE3E0A000",0x0,0x27F6C0,0x0,0x7,0x6,0x13,0x27F1A0,0x27F7A8,"producer"
866,0x9254C,0x1254C,0xE26B4000,"w=0xE26B4000",0x0,0x27F6C0,0x0,0x7,0x6,0x13,0x27F1A0,0x27F7A8,"producer"
867,0x92550,0x12550,0xE1570003,"w=0xE1570003",0x0,0x27F6C0,0x0,0x7,0xFFFFFFF9,0x13,0x27F1A0,0x27F7A8,"producer"
868,0x92554,0x12554,0xCA0000B9,"Bcond 0x92840",0x0,0x27F6C0,0x0,0x7,0xFFFFFFF9,0x13,0x27F1A0,0x27F7A8,"producer"
869,0x92558,0x12558,0xE20B20FF,"w=0xE20B20FF",0x0,0x27F6C0,0x0,0x7,0xFFFFFFF9,0x13,0x27F1A0,0x27F7A8,"producer"
870,0x9255C,0x1255C,0xE58D257C,"w=0xE58D257C",0x0,0x27F6C0,0x7,0x7,0xFFFFFFF9,0x13,0x27F1A0,0x27F7A8,"producer"
871,0x92560,0x12560,0xE28D1050,"w=0xE28D1050",0x0,0x27F6C0,0x7,0x7,0xFFFFFFF9,0x13,0x27F1A0,0x27F7A8,"producer"
872,0x92564,0x12564,0xE0812105,"w=0xE0812105",0x0,0x27F1F0,0x7,0x7,0xFFFFFFF9,0x13,0x27F1A0,0x27F7A8,"producer"
873,0x92568,0x12568,0xE58D2578,"w=0xE58D2578",0x0,0x27F1F0,0x27F23C,0x7,0xFFFFFFF9,0x13,0x27F1A0,0x27F7A8,"producer"
874,0x9256C,0x1256C,0xE28D1E52,"w=0xE28D1E52",0x0,0x27F1F0,0x27F23C,0x7,0xFFFFFFF9,0x13,0x27F1A0,0x27F7A8,"producer"
875,0x92570,0x12570,0xE7911107,"w=0xE7911107",0x0,0x27F6C0,0x27F23C,0x7,0xFFFFFFF9,0x13,0x27F1A0,0x27F7A8,"producer"
876,0x92574,0x12574,0xE2411001,"w=0xE2411001",0x0,0x1,0x27F23C,0x7,0xFFFFFFF9,0x13,0x27F1A0,0x27F7A8,"producer"
877,0x92578,0x12578,0xE58D1564,"w=0xE58D1564",0x0,0x0,0x27F23C,0x7,0xFFFFFFF9,0x13,0x27F1A0,0x27F7A8,"producer"
878,0x9257C,0x1257C,0xE3710001,"w=0xE3710001",0x0,0x0,0x27F23C,0x7,0xFFFFFFF9,0x13,0x27F1A0,0x27F7A8,"producer"
879,0x92580,0x12580,0x0A0000AA,"Bcond 0x92830",0x0,0x0,0x27F23C,0x7,0xFFFFFFF9,0x13,0x27F1A0,0x27F7A8,"producer"
880,0x92584,0x12584,0xE28D1E52,"w=0xE28D1E52",0x0,0x0,0x27F23C,0x7,0xFFFFFFF9,0x13,0x27F1A0,0x27F7A8,"producer"
881,0x92588,0x12588,0xE0812107,"w=0xE0812107",0x0,0x27F6C0,0x27F23C,0x7,0xFFFFFFF9,0x13,0x27F1A0,0x27F7A8,"producer"
882,0x9258C,0x1258C,0xE58D2574,"w=0xE58D2574",0x0,0x27F6C0,0x27F6C8,0x7,0xFFFFFFF9,0x13,0x27F1A0,0x27F7A8,"producer"
883,0x92590,0x12590,0xE3A02001,"w=0xE3A02001",0x0,0x27F6C0,0x27F6C8,0x7,0xFFFFFFF9,0x13,0x27F1A0,0x27F7A8,"producer"
884,0x92594,0x12594,0xE2471001,"w=0xE2471001",0x0,0x27F6C0,0x1,0x7,0xFFFFFFF9,0x13,0x27F1A0,0x27F7A8,"producer"
885,0x92598,0x12598,0xE1A01112,"w=0xE1A01112",0x0,0x1,0x1,0x7,0xFFFFFFF9,0x13,0x27F1A0,0x27F7A8,"producer"
886,0x9259C,0x1259C,0xE58D1570,"w=0xE58D1570",0x0,0x2,0x1,0x7,0xFFFFFFF9,0x13,0x27F1A0,0x27F7A8,"producer"
887,0x925A0,0x125A0,0xE084100B,"w=0xE084100B",0x0,0x2,0x1,0x7,0xFFFFFFF9,0x13,0x27F1A0,0x27F7A8,"producer"
888,0x925A4,0x125A4,0xE1510007,"w=0xE1510007",0x0,0x0,0x1,0x7,0xFFFFFFF9,0x13,0x27F1A0,0x27F7A8,"producer"
889,0x925A8,0x125A8,0xAA000053,"Bcond 0x926FC",0x0,0x0,0x1,0x7,0xFFFFFFF9,0x13,0x27F1A0,0x27F7A8,"producer"
890,0x925AC,0x125AC,0xE59D1564,"w=0xE59D1564",0x0,0x0,0x1,0x7,0xFFFFFFF9,0x13,0x27F1A0,0x27F7A8,"producer"
891,0x925B0,0x125B0,0xE2811001,"w=0xE2811001",0x0,0x0,0x1,0x7,0xFFFFFFF9,0x13,0x27F1A0,0x27F7A8,"producer"
892,0x925B4,0x125B4,0xE58D156C,"w=0xE58D156C",0x0,0x1,0x1,0x7,0xFFFFFFF9,0x13,0x27F1A0,0x27F7A8,"producer"
893,0x925B8,0x125B8,0xE084400B,"w=0xE084400B",0x0,0x1,0x1,0x7,0xFFFFFFF9,0x13,0x27F1A0,0x27F7A8,"producer"
894,0x925BC,0x125BC,0xE59D051C,"w=0xE59D051C",0x0,0x1,0x1,0x7,0x0,0x13,0x27F1A0,0x27F7A8,"producer"
895,0x925C0,0x125C0,0xE0475004,"w=0xE0475004",0x7,0x1,0x1,0x7,0x0,0x13,0x27F1A0,0x27F7A8,"producer"
896,0x925C4,0x125C4,0xE0400004,"w=0xE0400004",0x7,0x1,0x1,0x7,0x0,0x2,0x27F1A0,0x27F7A8,"producer"
897,0x925C8,0x125C8,0xE150000B,"w=0xE150000B",0x7,0x1,0x1,0x7,0x0,0x2,0x27F1A0,0x27F7A8,"producer"
898,0x925CC,0x125CC,0x81A0000B,"w=0x81A0000B",0x7,0x1,0x1,0x7,0x0,0x2,0x27F1A0,0x27F7A8,"producer"
899,0x925D0,0x125D0,0xE1A03000,"w=0xE1A03000",0x7,0x1,0x1,0x7,0x0,0x2,0x27F1A0,0x27F7A8,"producer"
900,0x925D4,0x125D4,0xE3A0C001,"w=0xE3A0C001",0x7,0x1,0x1,0x7,0x0,0x2,0x27F1A0,0x27F7A8,"producer"
901,0x925D8,0x125D8,0xE59D156C,"w=0xE59D156C",0x7,0x1,0x1,0x7,0x0,0x2,0x27F1A0,0x27F7A8,"producer"
902,0x925DC,0x125DC,0xE1A0051C,"w=0xE1A0051C",0x7,0x1,0x1,0x7,0x0,0x2,0x27F1A0,0x27F7A8,"producer"
903,0x925E0,0x125E0,0xE1500001,"w=0xE1500001",0x4,0x1,0x1,0x7,0x0,0x2,0x27F1A0,0x27F7A8,"producer"
904,0x925E4,0x125E4,0xE28AA001,"w=0xE28AA001",0x4,0x1,0x1,0x7,0x0,0x2,0x27F1A0,0x27F7A8,"producer"
905,0x925E8,0x125E8,0x9A00000D,"Bcond 0x92624",0x4,0x1,0x1,0x7,0x0,0x2,0x27F1A0,0x27F7A8,"producer"
906,0x925EC,0x125EC,0xE59D156C,"w=0xE59D156C",0x4,0x1,0x1,0x7,0x0,0x2,0x27F1A0,0x27F7A8,"producer"
907,0x925F0,0x125F0,0xE2855001,"w=0xE2855001",0x4,0x1,0x1,0x7,0x0,0x2,0x27F1A0,0x27F7A8,"producer"
908,0x925F4,0x125F4,0xE1550003,"w=0xE1550003",0x4,0x1,0x1,0x7,0x0,0x3,0x27F1A0,0x27F7A8,"producer"
909,0x925F8,0x125F8,0xE59D2574,"w=0xE59D2574",0x4,0x1,0x1,0x7,0x0,0x3,0x27F1A0,0x27F7A8,"producer"
910,0x925FC,0x125FC,0xE0400001,"w=0xE0400001",0x4,0x1,0x27F6C8,0x7,0x0,0x3,0x27F1A0,0x27F7A8,"producer"
911,0x92600,0x12600,0x2A000007,"Bcond 0x92624",0x3,0x1,0x27F6C8,0x7,0x0,0x3,0x27F1A0,0x27F7A8,"producer"
912,0x92604,0x12604,0xE5B21004,"w=0xE5B21004",0x3,0x1,0x27F6C8,0x7,0x0,0x3,0x27F1A0,0x27F7A8,"producer"
913,0x92608,0x12608,0xE1A00080,"w=0xE1A00080",0x3,0x4,0x27F6CC,0x7,0x0,0x3,0x27F1A0,0x27F7A8,"producer"
914,0x9260C,0x1260C,0xE1500001,"w=0xE1500001",0x6,0x4,0x27F6CC,0x7,0x0,0x3,0x27F1A0,0x27F7A8,"producer"
915,0x92610,0x12610,0x9A000003,"Bcond 0x92624",0x6,0x4,0x27F6CC,0x7,0x0,0x3,0x27F1A0,0x27F7A8,"producer"
916,0x92614,0x12614,0xE2855001,"w=0xE2855001",0x6,0x4,0x27F6CC,0x7,0x0,0x3,0x27F1A0,0x27F7A8,"producer"
917,0x92618,0x12618,0xE1550003,"w=0xE1550003",0x6,0x4,0x27F6CC,0x7,0x0,0x4,0x27F1A0,0x27F7A8,"producer"
918,0x9261C,0x1261C,0xE0400001,"w=0xE0400001",0x6,0x4,0x27F6CC,0x7,0x0,0x4,0x27F1A0,0x27F7A8,"producer"
919,0x92620,0x12620,0x3AFFFFF7,"Bcond 0x92604",0x2,0x4,0x27F6CC,0x7,0x0,0x4,0x27F1A0,0x27F7A8,"producer"
920,0x92604,0x12604,0xE5B21004,"w=0xE5B21004",0x2,0x4,0x27F6CC,0x7,0x0,0x4,0x27F1A0,0x27F7A8,"producer"
921,0x92608,0x12608,0xE1A00080,"w=0xE1A00080",0x2,0x2,0x27F6D0,0x7,0x0,0x4,0x27F1A0,0x27F7A8,"producer"
922,0x9260C,0x1260C,0xE1500001,"w=0xE1500001",0x4,0x2,0x27F6D0,0x7,0x0,0x4,0x27F1A0,0x27F7A8,"producer"
923,0x92610,0x12610,0x9A000003,"Bcond 0x92624",0x4,0x2,0x27F6D0,0x7,0x0,0x4,0x27F1A0,0x27F7A8,"producer"
924,0x92614,0x12614,0xE2855001,"w=0xE2855001",0x4,0x2,0x27F6D0,0x7,0x0,0x4,0x27F1A0,0x27F7A8,"producer"
925,0x92618,0x12618,0xE1550003,"w=0xE1550003",0x4,0x2,0x27F6D0,0x7,0x0,0x5,0x27F1A0,0x27F7A8,"producer"
926,0x9261C,0x1261C,0xE0400001,"w=0xE0400001",0x4,0x2,0x27F6D0,0x7,0x0,0x5,0x27F1A0,0x27F7A8,"producer"
927,0x92620,0x12620,0x3AFFFFF7,"Bcond 0x92604",0x2,0x2,0x27F6D0,0x7,0x0,0x5,0x27F1A0,0x27F7A8,"producer"
928,0x92604,0x12604,0xE5B21004,"w=0xE5B21004",0x2,0x2,0x27F6D0,0x7,0x0,0x5,0x27F1A0,0x27F7A8,"producer"
929,0x92608,0x12608,0xE1A00080,"w=0xE1A00080",0x2,0x3,0x27F6D4,0x7,0x0,0x5,0x27F1A0,0x27F7A8,"producer"
930,0x9260C,0x1260C,0xE1500001,"w=0xE1500001",0x4,0x3,0x27F6D4,0x7,0x0,0x5,0x27F1A0,0x27F7A8,"producer"
931,0x92610,0x12610,0x9A000003,"Bcond 0x92624",0x4,0x3,0x27F6D4,0x7,0x0,0x5,0x27F1A0,0x27F7A8,"producer"
932,0x92614,0x12614,0xE2855001,"w=0xE2855001",0x4,0x3,0x27F6D4,0x7,0x0,0x5,0x27F1A0,0x27F7A8,"producer"
933,0x92618,0x12618,0xE1550003,"w=0xE1550003",0x4,0x3,0x27F6D4,0x7,0x0,0x6,0x27F1A0,0x27F7A8,"producer"
934,0x9261C,0x1261C,0xE0400001,"w=0xE0400001",0x4,0x3,0x27F6D4,0x7,0x0,0x6,0x27F1A0,0x27F7A8,"producer"
935,0x92620,0x12620,0x3AFFFFF7,"Bcond 0x92604",0x1,0x3,0x27F6D4,0x7,0x0,0x6,0x27F1A0,0x27F7A8,"producer"
936,0x92604,0x12604,0xE5B21004,"w=0xE5B21004",0x1,0x3,0x27F6D4,0x7,0x0,0x6,0x27F1A0,0x27F7A8,"producer"
937,0x92608,0x12608,0xE1A00080,"w=0xE1A00080",0x1,0x1,0x27F6D8,0x7,0x0,0x6,0x27F1A0,0x27F7A8,"producer"
938,0x9260C,0x1260C,0xE1500001,"w=0xE1500001",0x2,0x1,0x27F6D8,0x7,0x0,0x6,0x27F1A0,0x27F7A8,"producer"
939,0x92610,0x12610,0x9A000003,"Bcond 0x92624",0x2,0x1,0x27F6D8,0x7,0x0,0x6,0x27F1A0,0x27F7A8,"producer"
940,0x92614,0x12614,0xE2855001,"w=0xE2855001",0x2,0x1,0x27F6D8,0x7,0x0,0x6,0x27F1A0,0x27F7A8,"producer"
941,0x92618,0x12618,0xE1550003,"w=0xE1550003",0x2,0x1,0x27F6D8,0x7,0x0,0x7,0x27F1A0,0x27F7A8,"producer"
942,0x9261C,0x1261C,0xE0400001,"w=0xE0400001",0x2,0x1,0x27F6D8,0x7,0x0,0x7,0x27F1A0,0x27F7A8,"producer"
943,0x92620,0x12620,0x3AFFFFF7,"Bcond 0x92604",0x1,0x1,0x27F6D8,0x7,0x0,0x7,0x27F1A0,0x27F7A8,"producer"
944,0x92624,0x12624,0xE1A0251C,"w=0xE1A0251C",0x1,0x1,0x27F6D8,0x7,0x0,0x7,0x27F1A0,0x27F7A8,"producer"
945,0x92628,0x12628,0xE0820082,"w=0xE0820082",0x1,0x1,0x80,0x7,0x0,0x7,0x27F1A0,0x27F7A8,"producer"
946,0x9262C,0x1262C,0xE3A0100C,"w=0xE3A0100C",0x180,0x1,0x80,0x7,0x0,0x7,0x27F1A0,0x27F7A8,"producer"
947,0x92630,0x12630,0xE0810100,"w=0xE0810100",0x180,0xC,0x80,0x7,0x0,0x7,0x27F1A0,0x27F7A8,"producer"
948,0x92634,0x12634,0xE58D0568,"w=0xE58D0568",0x60C,0xC,0x80,0x7,0x0,0x7,0x27F1A0,0x27F7A8,"producer"
949,0x92638,0x12638,0xE58D2004,"w=0xE58D2004",0x60C,0xC,0x80,0x7,0x0,0x7,0x27F1A0,0x27F7A8,"producer"
950,0x9263C,0x1263C,0xEB003C63,"BL 0xA17D0",0x60C,0xC,0x80,0x7,0x0,0x7,0x27F1A0,0x27F7A8,"producer"
951,0x92640,0x12640,0xE1B01000,"w=0xE1B01000",0x2AE7E4,0x2C390,0x68D98,0x7,0x0,0x7,0x27F1A0,0x282A64,"producer"
952,0x92644,0x12644,0x1A000005,"Bcond 0x92660",0x2AE7E4,0x2AE7E4,0x68D98,0x7,0x0,0x7,0x27F1A0,0x282A64,"producer"
953,0x92660,0x12660,0xE59D0568,"w=0xE59D0568",0x2AE7E4,0x2AE7E4,0x68D98,0x7,0x0,0x7,0x27F1A0,0x282A64,"producer"
954,0x92664,0x12664,0xE59F31F4,"w=0xE59F31F4",0x60C,0x2AE7E4,0x68D98,0x7,0x0,0x7,0x27F1A0,0x282A64,"producer"
955,0x92668,0x12668,0xE5810000,"w=0xE5810000",0x60C,0x2AE7E4,0x68D98,0x23A0,0x0,0x7,0x27F1A0,0x282A64,"producer"
956,0x9266C,0x1266C,0xE0833009,"w=0xE0833009",0x60C,0x2AE7E4,0x68D98,0x23A0,0x0,0x7,0x27F1A0,0x282A64,"producer"
957,0x92670,0x12670,0xE5930008,"w=0xE5930008",0x60C,0x2AE7E4,0x68D98,0x2827A0,0x0,0x7,0x27F1A0,0x282A64,"producer"
958,0x92674,0x12674,0xE59D2004,"w=0xE59D2004",0x0,0x2AE7E4,0x68D98,0x2827A0,0x0,0x7,0x27F1A0,0x282A64,"producer"
959,0x92678,0x12678,0xE35A0000,"w=0xE35A0000",0x0,0x2AE7E4,0x80,0x2827A0,0x0,0x7,0x27F1A0,0x282A64,"producer"
960,0x9267C,0x1267C,0xE0800002,"w=0xE0800002",0x0,0x2AE7E4,0x80,0x2827A0,0x0,0x7,0x27F1A0,0x282A64,"producer"
961,0x92680,0x12680,0xE2800001,"w=0xE2800001",0x80,0x2AE7E4,0x80,0x2827A0,0x0,0x7,0x27F1A0,0x282A64,"producer"
962,0x92684,0x12684,0xE5830008,"w=0xE5830008",0x81,0x2AE7E4,0x80,0x2827A0,0x0,0x7,0x27F1A0,0x282A64,"producer"
963,0x92688,0x12688,0xE59D25B4,"w=0xE59D25B4",0x81,0x2AE7E4,0x80,0x2827A0,0x0,0x7,0x27F1A0,0x282A64,"producer"
964,0x9268C,0x1268C,0xE281000C,"w=0xE281000C",0x81,0x2AE7E4,0x27FC58,0x2827A0,0x0,0x7,0x27F1A0,0x282A64,"producer"
965,0x92690,0x12690,0xE5820000,"w=0xE5820000",0x2AE7F0,0x2AE7E4,0x27FC58,0x2827A0,0x0,0x7,0x27F1A0,0x282A64,"producer"
966,0x92694,0x12694,0xE2811008,"w=0xE2811008",0x2AE7F0,0x2AE7E4,0x27FC58,0x2827A0,0x0,0x7,0x27F1A0,0x282A64,"producer"
967,0x92698,0x12698,0xE58D15B4,"w=0xE58D15B4",0x2AE7F0,0x2AE7EC,0x27FC58,0x2827A0,0x0,0x7,0x27F1A0,0x282A64,"producer"
968,0x9269C,0x1269C,0xE3A02000,"w=0xE3A02000",0x2AE7F0,0x2AE7EC,0x27FC58,0x2827A0,0x0,0x7,0x27F1A0,0x282A64,"producer"
969,0x926A0,0x126A0,0xE5812000,"w=0xE5812000",0x2AE7F0,0x2AE7EC,0x0,0x2827A0,0x0,0x7,0x27F1A0,0x282A64,"producer"
970,0x926A4,0x126A4,0xE28D1E4D,"w=0xE28D1E4D",0x2AE7F0,0x2AE7EC,0x0,0x2827A0,0x0,0x7,0x27F1A0,0x282A64,"producer"
971,0x926A8,0x126A8,0xE781010A,"w=0xE781010A",0x2AE7F0,0x27F670,0x0,0x2827A0,0x0,0x7,0x27F1A0,0x282A64,"producer"
972,0x926AC,0x126AC,0x0A00000F,"Bcond 0x926F0",0x2AE7F0,0x27F670,0x0,0x2827A0,0x0,0x7,0x27F1A0,0x282A64,"producer"
973,0x926F0,0x126F0,0xE084100B,"w=0xE084100B",0x2AE7F0,0x27F670,0x0,0x2827A0,0x0,0x7,0x27F1A0,0x282A64,"producer"
974,0x926F4,0x126F4,0xE1510007,"w=0xE1510007",0x2AE7F0,0x7,0x0,0x2827A0,0x0,0x7,0x27F1A0,0x282A64,"producer"
975,0x926F8,0x126F8,0xBAFFFFAE,"Bcond 0x925B8",0x2AE7F0,0x7,0x0,0x2827A0,0x0,0x7,0x27F1A0,0x282A64,"producer"
976,0x926FC,0x126FC,0xE0471004,"w=0xE0471004",0x2AE7F0,0x7,0x0,0x2827A0,0x0,0x7,0x27F1A0,0x282A64,"producer"
977,0x92700,0x12700,0xE5CD1515,"w=0xE5CD1515",0x2AE7F0,0x2,0x0,0x2827A0,0x0,0x7,0x27F1A0,0x282A64,"producer"
978,0x92704,0x12704,0xE59D2578,"w=0xE59D2578",0x2AE7F0,0x2,0x0,0x2827A0,0x0,0x7,0x27F1A0,0x282A64,"producer"
979,0x92708,0x12708,0xE1520008,"w=0xE1520008",0x2AE7F0,0x2,0x27F23C,0x2827A0,0x0,0x7,0x27F1A0,0x282A64,"producer"
980,0x9270C,0x1270C,0x93A02063,"w=0x93A02063",0x2AE7F0,0x2,0x27F23C,0x2827A0,0x0,0x7,0x27F1A0,0x282A64,"producer"
981,0x92710,0x12710,0x95CD2514,"w=0x95CD2514",0x2AE7F0,0x2,0x27F23C,0x2827A0,0x0,0x7,0x27F1A0,0x282A64,"producer"
982,0x92714,0x12714,0x9A000019,"Bcond 0x92780",0x2AE7F0,0x2,0x27F23C,0x2827A0,0x0,0x7,0x27F1A0,0x282A64,"producer"
983,0x92718,0x12718,0xE5982000,"w=0xE5982000",0x2AE7F0,0x2,0x27F23C,0x2827A0,0x0,0x7,0x27F1A0,0x282A64,"producer"
984,0x9271C,0x1271C,0xE59D3588,"w=0xE59D3588",0x2AE7F0,0x2,0xA,0x2827A0,0x0,0x7,0x27F1A0,0x282A64,"producer"
985,0x92720,0x12720,0xE1520003,"w=0xE1520003",0x2AE7F0,0x2,0xA,0x13,0x0,0x7,0x27F1A0,0x282A64,"producer"
986,0x92724,0x12724,0x2A000007,"Bcond 0x92748",0x2AE7F0,0x2,0xA,0x13,0x0,0x7,0x27F1A0,0x282A64,"producer"
987,0x92728,0x12728,0xE3520F40,"w=0xE3520F40",0x2AE7F0,0x2,0xA,0x13,0x0,0x7,0x27F1A0,0x282A64,"producer"
988,0x9272C,0x1272C,0x23A0300F,"w=0x23A0300F",0x2AE7F0,0x2,0xA,0x13,0x0,0x7,0x27F1A0,0x282A64,"producer"
989,0x92730,0x12730,0x33A03010,"w=0x33A03010",0x2AE7F0,0x2,0xA,0x13,0x0,0x7,0x27F1A0,0x282A64,"producer"
990,0x92734,0x12734,0xE5CD3514,"w=0xE5CD3514",0x2AE7F0,0x2,0xA,0x10,0x0,0x7,0x27F1A0,0x282A64,"producer"
991,0x92738,0x12738,0xE28DCE50,"w=0xE28DCE50",0x2AE7F0,0x2,0xA,0x10,0x0,0x7,0x27F1A0,0x282A64,"producer"
992,0x9273C,0x1273C,0xE1CC21B8,"w=0xE1CC21B8",0x2AE7F0,0x2,0xA,0x10,0x0,0x7,0x27F1A0,0x282A64,"producer"
993,0x92740,0x12740,0xE2888004,"w=0xE2888004",0x2AE7F0,0x2,0xA,0x10,0x0,0x7,0x27F1A0,0x282A64,"producer"
994,0x92744,0x12744,0xEA00000D,"Bcond 0x92780",0x2AE7F0,0x2,0xA,0x10,0x0,0x7,0x27F1A0,0x282A64,"producer"
995,0x92780,0x12780,0xE3A03001,"w=0xE3A03001",0x2AE7F0,0x2,0xA,0x10,0x0,0x7,0x27F1A0,0x282A64,"producer"
996,0x92784,0x12784,0xE1A05113,"w=0xE1A05113",0x2AE7F0,0x2,0xA,0x1,0x0,0x7,0x27F1A0,0x282A64,"producer"
997,0x92788,0x12788,0xE59D2004,"w=0xE59D2004",0x2AE7F0,0x2,0xA,0x1,0x0,0x4,0x27F1A0,0x282A64,"producer"
998,0x9278C,0x1278C,0xE1A01436,"w=0xE1A01436",0x2AE7F0,0x2,0x80,0x1,0x0,0x4,0x27F1A0,0x282A64,"producer"
999,0x92790,0x12790,0xE1510002,"w=0xE1510002",0x2AE7F0,0x0,0x80,0x1,0x0,0x4,0x27F1A0,0x282A64,"producer"
1000,0x92794,0x12794,0x2A000008,"Bcond 0x927BC",0x2AE7F0,0x0,0x80,0x1,0x0,0x4,0x27F1A0,0x282A64,"producer"
1001,0x92798,0x12798,0xE0812081,"w=0xE0812081",0x2AE7F0,0x0,0x80,0x1,0x0,0x4,0x27F1A0,0x282A64,"producer"
1002,0x9279C,0x1279C,0xE080E102,"w=0xE080E102",0x2AE7F0,0x0,0x0,0x1,0x0,0x4,0x27F1A0,0x282A64,"producer"
1003,0x927A0,0x127A0,0xE28D2E51,"w=0xE28D2E51",0x2AE7F0,0x0,0x0,0x1,0x0,0x4,0x27F1A0,0x2AE7F0,"producer"
1004,0x927A4,0x127A4,0xE892100C,"w=0xE892100C",0x2AE7F0,0x0,0x27F6B0,0x1,0x0,0x4,0x27F1A0,0x2AE7F0,"producer"
1005,0x927A8,0x127A8,0xE88E100C,"w=0xE88E100C",0x2AE7F0,0x0,0x0,0x210,0x0,0x4,0x27F1A0,0x2AE7F0,"producer"
1006,0x927AC,0x127AC,0xE59D2004,"w=0xE59D2004",0x2AE7F0,0x0,0x0,0x210,0x0,0x4,0x27F1A0,0x2AE7F0,"producer"
1007,0x927B0,0x127B0,0xE0811005,"w=0xE0811005",0x2AE7F0,0x0,0x80,0x210,0x0,0x4,0x27F1A0,0x2AE7F0,"producer"
1008,0x927B4,0x127B4,0xE1510002,"w=0xE1510002",0x2AE7F0,0x4,0x80,0x210,0x0,0x4,0x27F1A0,0x2AE7F0,"producer"
1009,0x927B8,0x127B8,0x3AFFFFF6,"Bcond 0x92798",0x2AE7F0,0x4,0x80,0x210,0x0,0x4,0x27F1A0,0x2AE7F0,"producer"
1010,0x92798,0x12798,0xE0812081,"w=0xE0812081",0x2AE7F0,0x4,0x80,0x210,0x0,0x4,0x27F1A0,0x2AE7F0,"producer"
1011,0x9279C,0x1279C,0xE080E102,"w=0xE080E102",0x2AE7F0,0x4,0xC,0x210,0x0,0x4,0x27F1A0,0x2AE7F0,"producer"
1012,0x927A0,0x127A0,0xE28D2E51,"w=0xE28D2E51",0x2AE7F0,0x4,0xC,0x210,0x0,0x4,0x27F1A0,0x2AE820,"producer"
1013,0x927A4,0x127A4,0xE892100C,"w=0xE892100C",0x2AE7F0,0x4,0x27F6B0,0x210,0x0,0x4,0x27F1A0,0x2AE820,"producer"
1014,0x927A8,0x127A8,0xE88E100C,"w=0xE88E100C",0x2AE7F0,0x4,0x0,0x210,0x0,0x4,0x27F1A0,0x2AE820,"producer"
1015,0x927AC,0x127AC,0xE59D2004,"w=0xE59D2004",0x2AE7F0,0x4,0x0,0x210,0x0,0x4,0x27F1A0,0x2AE820,"producer"
1016,0x927B0,0x127B0,0xE0811005,"w=0xE0811005",0x2AE7F0,0x4,0x80,0x210,0x0,0x4,0x27F1A0,0x2AE820,"producer"
1017,0x927B4,0x127B4,0xE1510002,"w=0xE1510002",0x2AE7F0,0x8,0x80,0x210,0x0,0x4,0x27F1A0,0x2AE820,"producer"
1018,0x927B8,0x127B8,0x3AFFFFF6,"Bcond 0x92798",0x2AE7F0,0x8,0x80,0x210,0x0,0x4,0x27F1A0,0x2AE820,"producer"
1019,0x92798,0x12798,0xE0812081,"w=0xE0812081",0x2AE7F0,0x8,0x80,0x210,0x0,0x4,0x27F1A0,0x2AE820,"producer"
1020,0x9279C,0x1279C,0xE080E102,"w=0xE080E102",0x2AE7F0,0x8,0x18,0x210,0x0,0x4,0x27F1A0,0x2AE820,"producer"
1021,0x927A0,0x127A0,0xE28D2E51,"w=0xE28D2E51",0x2AE7F0,0x8,0x18,0x210,0x0,0x4,0x27F1A0,0x2AE850,"producer"
1022,0x927A4,0x127A4,0xE892100C,"w=0xE892100C",0x2AE7F0,0x8,0x27F6B0,0x210,0x0,0x4,0x27F1A0,0x2AE850,"producer"
1023,0x927A8,0x127A8,0xE88E100C,"w=0xE88E100C",0x2AE7F0,0x8,0x0,0x210,0x0,0x4,0x27F1A0,0x2AE850,"producer"
1024,0x927AC,0x127AC,0xE59D2004,"w=0xE59D2004",0x2AE7F0,0x8,0x0,0x210,0x0,0x4,0x27F1A0,0x2AE850,"producer"
